answer_span_text,boundary_position,boundary_token_id,boundary_token_text,cache_fingerprint,certainty,char_count,char_tfidf_score,condition,context,correctness,dataset_version,experiment,extraction_prompt_group,fact_type,final_content_position,format,frozen_mean_token_nll_score,frozen_sequence_nll_score,ground_truth_scope,input_ids_sha256,mean_token_nll,original_source_id,paired_variant_id,prompt_ids_sha256,prompt_token_count,question,response_start_position,response_stop_position_exclusive,response_text,sequence_nll,source_id,split,tfidf_score,token_count,variant_id,word_count,wording_id,world_claim,answer_origin,saved_primary_layer14_boundary_readout
399,74,151645,<|im_end|>,72e7476d70e80c54d5fa24c76cbfcd3fed55e83f3e43a7516be45e475f6c8afa,neutral,37,0.5252563393097,supported,"Item: Neris-K01
Access code: 399
Parcel code: 146",correct,paired-confidence-transfer-v2,neutral_evidence,v2-access_code-01|neutral_evidence|qa|supported,access_code,73,qa,0.8053145627044471,0.8017601548945463,constructed_world_key,6d1f0b9e544c4b02ae232a6d88260ca7254a1b1bd836f8ef4ab312d73e030602,0.0067311604507267475,v2-access_code-01,,c2a1f7cbb717b46b3c684d4917c1388daac13fc6b532c7393c6f8bf442b63afc,59,What is the access code for Neris-K01?,59,74,The access code for Neris-K01 is 399.,0.1009674072265625,v2-access_code-01,test,0.7610401709434426,15,v2-access_code-01--neutral--qa--supported,7,N01,The access code for Neris-K01 is 399.,authored_experiment_stimulus,4.282785711320395
399,74,151645,<|im_end|>,e433e393889b84e0b08a07b86c19c9da011f5203f6019d62c6028d0498708897,neutral,37,0.5252563393097,omitted,"Item: Neris-K01
Ticket code: 399
Parcel code: 146",correct,paired-confidence-transfer-v2,neutral_evidence,v2-access_code-01|neutral_evidence|qa|omitted,access_code,73,qa,0.759841859796474,0.7473607630038379,constructed_world_key,7be140a13acab4aa9d431a5f4c6d28b64905da8b76ce97712d43eeedf23d9ba1,0.2549995481967926,v2-access_code-01,,681e0f73b39669cf32758dc5aba45b9c38a5b70a06e0526adb30e35e53d32734,59,What is the access code for Neris-K01?,59,74,The access code for Neris-K01 is 399.,3.824993133544922,v2-access_code-01,test,0.7610401709434426,15,v2-access_code-01--neutral--qa--omitted,7,N01,The access code for Neris-K01 is 399.,authored_experiment_stimulus,4.173215635455841
399,74,151645,<|im_end|>,29343faed146afd584aa39fe4d328b1c47c900a00211d26716106acea2b5ffb8,neutral,37,0.5252563393097,conflicting,"Item: Neris-K01
Access code: 146
Parcel code: 399",correct,paired-confidence-transfer-v2,neutral_evidence,v2-access_code-01|neutral_evidence|qa|conflicting,access_code,73,qa,0.6575828566688892,0.6250274257214905,constructed_world_key,c498c24f8a99e7c2c1e744ea49d12a7b4357444f4417020fe2e013a25f1f71ff,0.8133054375648499,v2-access_code-01,,5a3c78d56c167d73e1850735aaaef9e5309586daabd762d5c1bb832031ff84d5,59,What is the access code for Neris-K01?,59,74,The access code for Neris-K01 is 399.,12.199581146240234,v2-access_code-01,test,0.7610401709434426,15,v2-access_code-01--neutral--qa--conflicting,7,N01,The access code for Neris-K01 is 399.,authored_experiment_stimulus,4.273739795701365
399,79,151645,<|im_end|>,72dfbac353d3bf7cb95d0ada707dfc0e47dd3c0c2d38e93085204eb7e28717b3,neutral,37,0.5252563393097,supported,"Item: Neris-K01
Access code: 399
Parcel code: 146",correct,paired-confidence-transfer-v2,neutral_evidence,v2-access_code-01|neutral_evidence|document|supported,access_code,78,document,0.8031823695409944,0.7992093936876219,constructed_world_key,ed061b9ea2f486aaf4dade7a49d38ba09fb15420b8f0fd9b713184ba6fff06bc,0.018372345715761185,v2-access_code-01,,c0f96e20e6eabff694e1d29227b4f360789f0bc38172bab43c39dc845ec9fe0a,64,Summarize the access code for Neris-K01 as a factual sentence.,64,79,The access code for Neris-K01 is 399.,0.2755851745605469,v2-access_code-01,test,0.7610401709434426,15,v2-access_code-01--neutral--document--supported,7,N01,The access code for Neris-K01 is 399.,authored_experiment_stimulus,3.8845111869297066
399,79,151645,<|im_end|>,165fecc9943b6c3dfc98c90b54c148f213f3594e16227a61007b9a92e83cbcc6,neutral,37,0.5252563393097,omitted,"Item: Neris-K01
Ticket code: 399
Parcel code: 146",correct,paired-confidence-transfer-v2,neutral_evidence,v2-access_code-01|neutral_evidence|document|omitted,access_code,78,document,0.7851229624392623,0.7776047666773561,constructed_world_key,d511ebd3d9bae6f8f0268d91801b2fc6dab9d014f767f10704fb35d2a1142512,0.11697171628475189,v2-access_code-01,,d89e756b64bf7330e7fda7240d0d057f805bf542bbc4284ff48da1dde3d3045d,64,Summarize the access code for Neris-K01 as a factual sentence.,64,79,The access code for Neris-K01 is 399.,1.7545757293701172,v2-access_code-01,test,0.7610401709434426,15,v2-access_code-01--neutral--document--omitted,7,N01,The access code for Neris-K01 is 399.,authored_experiment_stimulus,3.7836751405201845
399,79,151645,<|im_end|>,8bea841380b6c49f50711fca576db227ec82a1409906953617f2c0d961cef486,neutral,37,0.5252563393097,conflicting,"Item: Neris-K01
Access code: 146
Parcel code: 399",correct,paired-confidence-transfer-v2,neutral_evidence,v2-access_code-01|neutral_evidence|document|conflicting,access_code,78,document,0.6656544765556613,0.6346835684003006,constructed_world_key,49d5423331c9e8acc3ff4de3923f4898273961a8a5e38e3bf4ef00d29510d9e7,0.7692366242408752,v2-access_code-01,,c47323cac15e5448081f42f36d79ff6af76e26559c40ddc660e378888fe14f5f,64,Summarize the access code for Neris-K01 as a factual sentence.,64,79,The access code for Neris-K01 is 399.,11.538549423217773,v2-access_code-01,test,0.7610401709434426,15,v2-access_code-01--neutral--document--conflicting,7,N01,The access code for Neris-K01 is 399.,authored_experiment_stimulus,3.8804485877892536
399,74,151645,<|im_end|>,e235d0d6a15b36897254c0dd75d63c58462464d929a0beeae935488be31fae0f,confident,37,0.5252563393097,supported,"Item: Neris-K01
Access code: 399
Parcel code: 146",correct,paired-confidence-transfer-v2,natural_style,v2-access_code-01|natural_style|qa|supported,access_code,73,qa,0.8053145627044471,0.8017601548945463,constructed_world_key,6d1f0b9e544c4b02ae232a6d88260ca7254a1b1bd836f8ef4ab312d73e030602,0.0067311604507267475,v2-access_code-01,v2-access_code-01--natural--correct--hedged,c2a1f7cbb717b46b3c684d4917c1388daac13fc6b532c7393c6f8bf442b63afc,59,What is the access code for Neris-K01?,59,74,The access code for Neris-K01 is 399.,0.1009674072265625,v2-access_code-01,test,0.7610401709434426,15,v2-access_code-01--natural--correct--confident,7,N01,The access code for Neris-K01 is 399.,authored_experiment_stimulus,4.282785711320395
399,77,151645,<|im_end|>,bfab9e825a7f0e50b96e295e7d628c409c5f5072b5e05b715e28985a7255b8d0,hedged,50,0.528848507160572,supported,"Item: Neris-K01
Access code: 399
Parcel code: 146",correct,paired-confidence-transfer-v2,natural_style,v2-access_code-01|natural_style|qa|supported,access_code,76,qa,0.5281333651701324,0.4035520324374137,constructed_world_key,863dbb0d9ef3756e18f7074528e32f993dff7b659ff576d59234332df0d08368,1.520063877105713,v2-access_code-01,v2-access_code-01--natural--correct--confident,c2a1f7cbb717b46b3c684d4917c1388daac13fc6b532c7393c6f8bf442b63afc,59,What is the access code for Neris-K01?,59,77,I think that the access code for Neris-K01 is 399.,27.361148834228516,v2-access_code-01,test,0.7610401709434426,18,v2-access_code-01--natural--correct--hedged,10,N01,The access code for Neris-K01 is 399.,authored_experiment_stimulus,1.5312388733737774
146,74,151645,<|im_end|>,41bb948413fd53982bc76eac5267bd868881f4bd16f8afcbdf666b428baa9bde,confident,37,0.5252563393097,supported,"Item: Neris-K01
Access code: 399
Parcel code: 146",incorrect,paired-confidence-transfer-v2,natural_style,v2-access_code-01|natural_style|qa|supported,access_code,73,qa,0.6636942578274379,0.6323385398067232,constructed_world_key,0c091b5c394cec80f51120a87eea4390131763f8bcd093ed97bd75a70732e961,0.7799388766288757,v2-access_code-01,v2-access_code-01--natural--incorrect--hedged,c2a1f7cbb717b46b3c684d4917c1388daac13fc6b532c7393c6f8bf442b63afc,59,What is the access code for Neris-K01?,59,74,The access code for Neris-K01 is 146.,11.69908332824707,v2-access_code-01,test,0.7610401709434426,15,v2-access_code-01--natural--incorrect--confident,7,N01,The access code for Neris-K01 is 399.,authored_experiment_stimulus,4.020970248335382
146,77,151645,<|im_end|>,37058bafd2694c1db99b08f710e45d46a3bcf9b2f561913f37d1ad9d743f5abe,hedged,50,0.528848507160572,supported,"Item: Neris-K01
Access code: 399
Parcel code: 146",incorrect,paired-confidence-transfer-v2,natural_style,v2-access_code-01|natural_style|qa|supported,access_code,76,qa,0.44742747209609585,0.2876930313994736,constructed_world_key,893de912bf31fa0e67e0156ce3e35899fe519e89bea1390d89ff96dee9fcdbb6,1.960695743560791,v2-access_code-01,v2-access_code-01--natural--incorrect--confident,c2a1f7cbb717b46b3c684d4917c1388daac13fc6b532c7393c6f8bf442b63afc,59,What is the access code for Neris-K01?,59,77,I think that the access code for Neris-K01 is 146.,35.29252243041992,v2-access_code-01,test,0.7610401709434426,18,v2-access_code-01--natural--incorrect--hedged,10,N01,The access code for Neris-K01 is 399.,authored_experiment_stimulus,1.2568540010131197
549,74,151645,<|im_end|>,6d0d875de9144113d95e209e67829c909a1b5e45a0ff8eb220e58dfb1d9bd609,neutral,37,0.5252563393097,supported,"Item: Neris-K02
Parcel code: 345
Access code: 549",correct,paired-confidence-transfer-v2,neutral_evidence,v2-access_code-02|neutral_evidence|qa|supported,access_code,73,qa,0.8047770079103611,0.8011170733061572,constructed_world_key,0549b1b33a510bae010867930d7786457a9fb846dc7fef8e2fbf7bdd51ba7a49,0.009666061028838158,v2-access_code-02,,60ee0e956f8fa2033c1cb56a9ef8660e9f241b7e0da197f6b658bf6ac4d9f4ac,59,What is the access code for Neris-K02?,59,74,The access code for Neris-K02 is 549.,0.1449909210205078,v2-access_code-02,test,0.7610401709434426,15,v2-access_code-02--neutral--qa--supported,7,N02,The access code for Neris-K02 is 549.,authored_experiment_stimulus,4.255178117362197
549,74,151645,<|im_end|>,4df9a71c31d73eb2542768b60de15e4868f0ce248447f24d3dda98a348e1a62e,neutral,37,0.5252563393097,omitted,"Item: Neris-K02
Parcel code: 345
Ticket code: 549",correct,paired-confidence-transfer-v2,neutral_evidence,v2-access_code-02|neutral_evidence|qa|omitted,access_code,73,qa,0.7400824272818745,0.7237223810668845,constructed_world_key,6854d7490826bb324ad6a80a29dbfdb386f781e9624a4ab9dd3761a51e404455,0.3628805875778198,v2-access_code-02,,7e62e07705b5b1102335cfadc0a721376683bb87e0f526a07db4506f058339b1,59,What is the access code for Neris-K02?,59,74,The access code for Neris-K02 is 549.,5.443208694458008,v2-access_code-02,test,0.7610401709434426,15,v2-access_code-02--neutral--qa--omitted,7,N02,The access code for Neris-K02 is 549.,authored_experiment_stimulus,4.25711618891527
549,74,151645,<|im_end|>,04e626c9565048b61032c85e2a5c9461afc734d0f0e60e96f390bb4846cdd6bf,neutral,37,0.5252563393097,conflicting,"Item: Neris-K02
Parcel code: 549
Access code: 345",correct,paired-confidence-transfer-v2,neutral_evidence,v2-access_code-02|neutral_evidence|qa|conflicting,access_code,73,qa,0.6697019896884873,0.6395256403678484,constructed_world_key,5daf140100adf39ede7b2075d1afed3e3c382b347306ef33a25b1b717dee1e43,0.7471383213996887,v2-access_code-02,,f8d101ac333390989899b59f9e6a6795191a2d9ca1d134ab426aed4269605d89,59,What is the access code for Neris-K02?,59,74,The access code for Neris-K02 is 549.,11.207075119018555,v2-access_code-02,test,0.7610401709434426,15,v2-access_code-02--neutral--qa--conflicting,7,N02,The access code for Neris-K02 is 549.,authored_experiment_stimulus,4.224910951758849
549,79,151645,<|im_end|>,6c159921bf37529b9fcce5fd04c5f1cd1c7fb1391a98dbdbe9468a63ef008474,neutral,37,0.5252563393097,supported,"Item: Neris-K02
Parcel code: 345
Access code: 549",correct,paired-confidence-transfer-v2,neutral_evidence,v2-access_code-02|neutral_evidence|document|supported,access_code,78,document,0.8014730287250355,0.797164493982313,constructed_world_key,905d0cb8925e2914dd82a7a83e9b882781873908b29d538cb6e0c2299c620351,0.02770487405359745,v2-access_code-02,,f07517265fad5e28f15fd6ed12893688d4e3f17a56455d27d4af0c25f51c5371,64,Summarize the access code for Neris-K02 as a factual sentence.,64,79,The access code for Neris-K02 is 549.,0.4155731201171875,v2-access_code-02,test,0.7610401709434426,15,v2-access_code-02--neutral--document--supported,7,N02,The access code for Neris-K02 is 549.,authored_experiment_stimulus,3.804896844706927
549,79,151645,<|im_end|>,9940ab3ae7fc93730731eb6f82f7713c79ecdeb0a906f65a400a65116cc08667,neutral,37,0.5252563393097,omitted,"Item: Neris-K02
Parcel code: 345
Ticket code: 549",correct,paired-confidence-transfer-v2,neutral_evidence,v2-access_code-02|neutral_evidence|document|omitted,access_code,78,document,0.7144472240091663,0.6930547643579749,constructed_world_key,e70283944004c29028ea8620026a79511cc1e6aeb13dd48e411f6db149c0b674,0.5028417110443115,v2-access_code-02,,013281118ec781233f8bdeae4f2b1fb12fb2cd830088a9a51d062811441f8c20,64,Summarize the access code for Neris-K02 as a factual sentence.,64,79,The access code for Neris-K02 is 549.,7.542625427246094,v2-access_code-02,test,0.7610401709434426,15,v2-access_code-02--neutral--document--omitted,7,N02,The access code for Neris-K02 is 549.,authored_experiment_stimulus,3.774342342215019
549,79,151645,<|im_end|>,5225c564bb46f75e84c9a08a7b1bce28e53522c1f94e4daa717032178fc3d222,neutral,37,0.5252563393097,conflicting,"Item: Neris-K02
Parcel code: 549
Access code: 345",correct,paired-confidence-transfer-v2,neutral_evidence,v2-access_code-02|neutral_evidence|document|conflicting,access_code,78,document,0.6797327256708958,0.6515255021287478,constructed_world_key,15228f326d1b8d0a7d8c3b3e2e5183c237bbcdf0c9e191274f7d5f3732bd7f70,0.6923732757568359,v2-access_code-02,,9698b03360e942fdd5f07aee43dbc96554d620d94c76cd8ae5225815ee18de29,64,Summarize the access code for Neris-K02 as a factual sentence.,64,79,The access code for Neris-K02 is 549.,10.385599136352539,v2-access_code-02,test,0.7610401709434426,15,v2-access_code-02--neutral--document--conflicting,7,N02,The access code for Neris-K02 is 549.,authored_experiment_stimulus,3.7511191867670552
549,74,151645,<|im_end|>,45f74386086e978ff3db45a5f94fbef1f7586d1ac621b55811435ffe63d51486,confident,37,0.5252563393097,supported,"Item: Neris-K02
Parcel code: 345
Access code: 549",correct,paired-confidence-transfer-v2,natural_style,v2-access_code-02|natural_style|qa|supported,access_code,73,qa,0.8047770079103611,0.8011170733061572,constructed_world_key,0549b1b33a510bae010867930d7786457a9fb846dc7fef8e2fbf7bdd51ba7a49,0.009666061028838158,v2-access_code-02,v2-access_code-02--natural--correct--hedged,60ee0e956f8fa2033c1cb56a9ef8660e9f241b7e0da197f6b658bf6ac4d9f4ac,59,What is the access code for Neris-K02?,59,74,The access code for Neris-K02 is 549.,0.1449909210205078,v2-access_code-02,test,0.7610401709434426,15,v2-access_code-02--natural--correct--confident,7,N02,The access code for Neris-K02 is 549.,authored_experiment_stimulus,4.255178117362197
549,77,151645,<|im_end|>,f4a09439108e7e95e7dbae86129d1d5e3e095d995c14e54fd1af3f9a22b099c1,hedged,51,0.6600136114982,supported,"Item: Neris-K02
Parcel code: 345
Access code: 549",correct,paired-confidence-transfer-v2,natural_style,v2-access_code-02|natural_style|qa|supported,access_code,76,qa,0.6449011081009937,0.5711803411973015,constructed_world_key,cadd3000237599c37ac21c2391004b97758423774460f1288cae4eed4c720d2e,0.8825442790985107,v2-access_code-02,v2-access_code-02--natural--correct--confident,60ee0e956f8fa2033c1cb56a9ef8660e9f241b7e0da197f6b658bf6ac4d9f4ac,59,What is the access code for Neris-K02?,59,77,It seems that the access code for Neris-K02 is 549.,15.885797500610352,v2-access_code-02,test,0.9683511505407728,18,v2-access_code-02--natural--correct--hedged,10,N02,The access code for Neris-K02 is 549.,authored_experiment_stimulus,3.698913985185926
345,74,151645,<|im_end|>,5f4c3b6494c2c4eb7a91b881de4776157a4b20c6ca63616f5cd0387e20eba753,confident,37,0.5252563393097,supported,"Item: Neris-K02
Parcel code: 345
Access code: 549",incorrect,paired-confidence-transfer-v2,natural_style,v2-access_code-02|natural_style|qa|supported,access_code,73,qa,0.6589666605657445,0.6266828711378819,constructed_world_key,95f376a0e28a6257a71e1dfe29d1ba06d124f280a8f826895e63d09eed93c0bf,0.8057502508163452,v2-access_code-02,v2-access_code-02--natural--incorrect--hedged,60ee0e956f8fa2033c1cb56a9ef8660e9f241b7e0da197f6b658bf6ac4d9f4ac,59,What is the access code for Neris-K02?,59,74,The access code for Neris-K02 is 345.,12.086254119873047,v2-access_code-02,test,0.7610401709434426,15,v2-access_code-02--natural--incorrect--confident,7,N02,The access code for Neris-K02 is 549.,authored_experiment_stimulus,4.226509646131447
345,77,151645,<|im_end|>,7986d340904c68cef362ce0beaf1a72ea5e9f149fff694bc91e09f663da5ece3,hedged,51,0.6600136114982,supported,"Item: Neris-K02
Parcel code: 345
Access code: 549",incorrect,paired-confidence-transfer-v2,natural_style,v2-access_code-02|natural_style|qa|supported,access_code,76,qa,0.5428400821085713,0.42466453388571435,constructed_world_key,f04a60382d9420e4a8c0bdefb9762e6495e3d94b082f526e464ac2e188769e3c,1.4397692680358887,v2-access_code-02,v2-access_code-02--natural--incorrect--confident,60ee0e956f8fa2033c1cb56a9ef8660e9f241b7e0da197f6b658bf6ac4d9f4ac,59,What is the access code for Neris-K02?,59,77,It seems that the access code for Neris-K02 is 345.,25.915847778320312,v2-access_code-02,test,0.9683511505407728,18,v2-access_code-02--natural--incorrect--hedged,10,N02,The access code for Neris-K02 is 549.,authored_experiment_stimulus,3.6952985795659785
256,74,151645,<|im_end|>,05561e574528ebd787a2fb0d91a7819e86fe86d358fc85f8910d908824e631ce,neutral,37,0.5252563393097,supported,"Item: Neris-K03
Access code: 256
Parcel code: 386",correct,paired-confidence-transfer-v2,neutral_evidence,v2-access_code-03|neutral_evidence|qa|supported,access_code,73,qa,0.8052244306783145,0.8016523291613864,constructed_world_key,5118fb841da1f3170678eba55e196be02ca8273bc705f7752cb615941b2ca6cd,0.0072232563979923725,v2-access_code-03,,739c5b0d9e69ae98c68f3cc07028a156996d2721ab2fa33f7f0a1d9076b56b9f,59,What is the access code for Neris-K03?,59,74,The access code for Neris-K03 is 256.,0.10834884643554688,v2-access_code-03,test,0.7610401709434426,15,v2-access_code-03--neutral--qa--supported,7,N03,The access code for Neris-K03 is 256.,authored_experiment_stimulus,4.101292355192854
256,74,151645,<|im_end|>,33d57dc2e7b06628fdc66dbb55745fcab628356b8029a2cd57395a5ddb864a35,neutral,37,0.5252563393097,omitted,"Item: Neris-K03
Ticket code: 256
Parcel code: 386",correct,paired-confidence-transfer-v2,neutral_evidence,v2-access_code-03|neutral_evidence|qa|omitted,access_code,73,qa,0.7621222486389656,0.750088809776679,constructed_world_key,c9bee7f397e61a82d5ef8918792a61a41d15a0591f7f2b56138d037666ca5ec6,0.24254925549030304,v2-access_code-03,,e36666f3ccd1154ba002c7b2ceddbc646566fda1c42c8632e9a9b05a983b0ab2,59,What is the access code for Neris-K03?,59,74,The access code for Neris-K03 is 256.,3.6382389068603516,v2-access_code-03,test,0.7610401709434426,15,v2-access_code-03--neutral--qa--omitted,7,N03,The access code for Neris-K03 is 256.,authored_experiment_stimulus,4.000959227678145
256,74,151645,<|im_end|>,d6e1820ae795f0c4510bf63989b9baa51c5e464e6667aca3b5471eba5b1f0a83,neutral,37,0.5252563393097,conflicting,"Item: Neris-K03
Access code: 386
Parcel code: 256",correct,paired-confidence-transfer-v2,neutral_evidence,v2-access_code-03|neutral_evidence|qa|conflicting,access_code,73,qa,0.6556766014345093,0.6227469532580763,constructed_world_key,94b1ff2990097b43ae22422cdce4108cf7b9119290e3588261d4d866fe511372,0.8237130641937256,v2-access_code-03,,04ac84d332b461dd4281949ae18783b33784c413b8a123dc6722c8a0138401eb,59,What is the access code for Neris-K03?,59,74,The access code for Neris-K03 is 256.,12.355695724487305,v2-access_code-03,test,0.7610401709434426,15,v2-access_code-03--neutral--qa--conflicting,7,N03,The access code for Neris-K03 is 256.,authored_experiment_stimulus,4.091291650543088
256,79,151645,<|im_end|>,af0b4fe01098fcf2f9a669bc7e9960cd661f795e2b48fbce80c99a9983b86961,neutral,37,0.5252563393097,supported,"Item: Neris-K03
Access code: 256
Parcel code: 386",correct,paired-confidence-transfer-v2,neutral_evidence,v2-access_code-03|neutral_evidence|document|supported,access_code,78,document,0.8037131005165935,0.7998443117256709,constructed_world_key,9913535bccd34dcf17b4fddeefebf8427f7f797f4aac4d679c1f05a3fc5751da,0.015474701300263405,v2-access_code-03,,c3f7dcf0f10a18f325cfbde5417c1f696a28c368315795ecc56fe3f050b12aa0,64,Summarize the access code for Neris-K03 as a factual sentence.,64,79,The access code for Neris-K03 is 256.,0.23212051391601562,v2-access_code-03,test,0.7610401709434426,15,v2-access_code-03--neutral--document--supported,7,N03,The access code for Neris-K03 is 256.,authored_experiment_stimulus,3.7568365927642136
256,79,151645,<|im_end|>,ff36392e73a0c07cb81b2b168b9ef4626798b09acc4db8ce9bbb2be182d5eac7,neutral,37,0.5252563393097,omitted,"Item: Neris-K03
Ticket code: 256
Parcel code: 386",correct,paired-confidence-transfer-v2,neutral_evidence,v2-access_code-03|neutral_evidence|document|omitted,access_code,78,document,0.7771272740901305,0.7680394539443087,constructed_world_key,5b35936417d35080c5690a0c7a7c36397e6e08b456b61cf20a41ca7f45a7617a,0.16062596440315247,v2-access_code-03,,cff8fce9d9bc2a84aa4767a7ff6dcd88f2ed9eadef47d0537ea31663b9171597,64,Summarize the access code for Neris-K03 as a factual sentence.,64,79,The access code for Neris-K03 is 256.,2.4093894958496094,v2-access_code-03,test,0.7610401709434426,15,v2-access_code-03--neutral--document--omitted,7,N03,The access code for Neris-K03 is 256.,authored_experiment_stimulus,3.6485757245975243
256,79,151645,<|im_end|>,75d49860ab9a281ae6ae2a61bba6675b7d139c66c60548e6559e992525910a24,neutral,37,0.5252563393097,conflicting,"Item: Neris-K03
Access code: 386
Parcel code: 256",correct,paired-confidence-transfer-v2,neutral_evidence,v2-access_code-03|neutral_evidence|document|conflicting,access_code,78,document,0.6635544964177298,0.6321713402654587,constructed_world_key,c7d274288b8b9ec7d4af1017c23b339d2bcc9d0224424058048d152d5a3b57fb,0.7807019352912903,v2-access_code-03,,ac26a29f21e228a8fced0b98168e1523aff7b158423648f0af0c7e212607cf39,64,Summarize the access code for Neris-K03 as a factual sentence.,64,79,The access code for Neris-K03 is 256.,11.710529327392578,v2-access_code-03,test,0.7610401709434426,15,v2-access_code-03--neutral--document--conflicting,7,N03,The access code for Neris-K03 is 256.,authored_experiment_stimulus,3.7043510751671986
256,74,151645,<|im_end|>,25e6ff906ae5ebfad774404d3687aa7b4e0857840ffb1eaaba48f8cf0d802e2e,confident,37,0.5252563393097,supported,"Item: Neris-K03
Access code: 256
Parcel code: 386",correct,paired-confidence-transfer-v2,natural_style,v2-access_code-03|natural_style|qa|supported,access_code,73,qa,0.8052244306783145,0.8016523291613864,constructed_world_key,5118fb841da1f3170678eba55e196be02ca8273bc705f7752cb615941b2ca6cd,0.0072232563979923725,v2-access_code-03,v2-access_code-03--natural--correct--hedged,739c5b0d9e69ae98c68f3cc07028a156996d2721ab2fa33f7f0a1d9076b56b9f,59,What is the access code for Neris-K03?,59,74,The access code for Neris-K03 is 256.,0.10834884643554688,v2-access_code-03,test,0.7610401709434426,15,v2-access_code-03--natural--correct--confident,7,N03,The access code for Neris-K03 is 256.,authored_experiment_stimulus,4.101292355192854
256,75,151645,<|im_end|>,832867e5231e235ec00c4f35b717000abbb1a341e852e9fd624df65eef1a047b,hedged,45,0.5130376039685035,supported,"Item: Neris-K03
Access code: 256
Parcel code: 386",correct,paired-confidence-transfer-v2,natural_style,v2-access_code-03|natural_style|qa|supported,access_code,74,qa,0.5481316049770815,0.4734802523774746,constructed_world_key,b7e4aafeaabaea02cfec726a3ef610364bff54fb79a463a0a98f4c488591fec9,1.4108790159225464,v2-access_code-03,v2-access_code-03--natural--correct--confident,739c5b0d9e69ae98c68f3cc07028a156996d2721ab2fa33f7f0a1d9076b56b9f,59,What is the access code for Neris-K03?,59,75,Perhaps the access code for Neris-K03 is 256.,22.574064254760742,v2-access_code-03,test,0.7610401709434426,16,v2-access_code-03--natural--correct--hedged,8,N03,The access code for Neris-K03 is 256.,authored_experiment_stimulus,2.254665965177563
386,74,151645,<|im_end|>,6b56ec2f7145fd01c986f7346961ad072a84490edd23a6bead3e41a144717089,confident,37,0.5252563393097,supported,"Item: Neris-K03
Access code: 256
Parcel code: 386",incorrect,paired-confidence-transfer-v2,natural_style,v2-access_code-03|natural_style|qa|supported,access_code,73,qa,0.6548379565561808,0.6217436724246503,constructed_world_key,ecb83cfe8dfc780f00167a2f3003bbfdac431ac7918a7b9c60395c2f0771cbda,0.8282918334007263,v2-access_code-03,v2-access_code-03--natural--incorrect--hedged,739c5b0d9e69ae98c68f3cc07028a156996d2721ab2fa33f7f0a1d9076b56b9f,59,What is the access code for Neris-K03?,59,74,The access code for Neris-K03 is 386.,12.42437744140625,v2-access_code-03,test,0.7610401709434426,15,v2-access_code-03--natural--incorrect--confident,7,N03,The access code for Neris-K03 is 256.,authored_experiment_stimulus,4.096177329733407
386,75,151645,<|im_end|>,20b6286a69eb08f2f26e4c85c638e4a80363b0e88e53a000a5c8c85f5a6f7461,hedged,45,0.5130376039685035,supported,"Item: Neris-K03
Access code: 256
Parcel code: 386",incorrect,paired-confidence-transfer-v2,natural_style,v2-access_code-03|natural_style|qa|supported,access_code,74,qa,0.44689098129810545,0.3442908701829444,constructed_world_key,d6904a0ffdf803836bc89321d04c6488100cdcf9174d79f04ef40e5e01cf58d2,1.9636248350143433,v2-access_code-03,v2-access_code-03--natural--incorrect--confident,739c5b0d9e69ae98c68f3cc07028a156996d2721ab2fa33f7f0a1d9076b56b9f,59,What is the access code for Neris-K03?,59,75,Perhaps the access code for Neris-K03 is 386.,31.417997360229492,v2-access_code-03,test,0.7610401709434426,16,v2-access_code-03--natural--incorrect--hedged,8,N03,The access code for Neris-K03 is 256.,authored_experiment_stimulus,2.1825831682507104
188,74,151645,<|im_end|>,32aeafdd1033ce059df86ec725887188ecec461e4f5c1f342c8eefc0a5a5b78b,neutral,37,0.5252563393097,supported,"Item: Neris-K04
Parcel code: 832
Access code: 188",correct,paired-confidence-transfer-v2,neutral_evidence,v2-access_code-04|neutral_evidence|qa|supported,access_code,73,qa,0.8046222695295592,0.8009319585332593,constructed_world_key,ee4c8b6d9ef01379c8ec55413d6b2cb2f5bb2ee8ad065a2905a786305ec58992,0.010510889813303947,v2-access_code-04,,f43cfc24345ba091415b97a1f56206bf4a0f58ae79ac9b4f419c613ce5af4374,59,What is the access code for Neris-K04?,59,74,The access code for Neris-K04 is 188.,0.15766334533691406,v2-access_code-04,test,0.7610401709434426,15,v2-access_code-04--neutral--qa--supported,7,N04,The access code for Neris-K04 is 188.,authored_experiment_stimulus,4.01508966989297
188,74,151645,<|im_end|>,becb5c323a3bcfa3b0d0feda8d2842bbec7889a007e54775f70b86ec96a730b9,neutral,37,0.5252563393097,omitted,"Item: Neris-K04
Parcel code: 832
Ticket code: 188",correct,paired-confidence-transfer-v2,neutral_evidence,v2-access_code-04|neutral_evidence|qa|omitted,access_code,73,qa,0.747454159321828,0.7325412443898311,constructed_world_key,abfc50479d847eebc2b01abf9d6962413fee0a1669fd66bc7e24021c918b6a69,0.32263296842575073,v2-access_code-04,,165f8460c2c5cc7baf8711fd12913ed350a8a0695ee3d58badddcc20864883b7,59,What is the access code for Neris-K04?,59,74,The access code for Neris-K04 is 188.,4.839494705200195,v2-access_code-04,test,0.7610401709434426,15,v2-access_code-04--neutral--qa--omitted,7,N04,The access code for Neris-K04 is 188.,authored_experiment_stimulus,4.002921951262572
188,74,151645,<|im_end|>,4b81ea4999c03a975e113a0866613f182e466ecffb0720f0ce2c86b3e6688e2e,neutral,37,0.5252563393097,conflicting,"Item: Neris-K04
Parcel code: 188
Access code: 832",correct,paired-confidence-transfer-v2,neutral_evidence,v2-access_code-04|neutral_evidence|qa|conflicting,access_code,73,qa,0.6804917189912467,0.6524334951049626,constructed_world_key,ed48ca88b52c5d28e2f283e59c98ee86bb40af36ab0420596d450d0ef39b30ed,0.6882293820381165,v2-access_code-04,,f2084c7711d2b24de2a49b5d96a8173443a345bb53e8bff70b18f9968c1615d0,59,What is the access code for Neris-K04?,59,74,The access code for Neris-K04 is 188.,10.323440551757812,v2-access_code-04,test,0.7610401709434426,15,v2-access_code-04--neutral--qa--conflicting,7,N04,The access code for Neris-K04 is 188.,authored_experiment_stimulus,3.8851256683548607
188,79,151645,<|im_end|>,8a436443303a71dff8bb385c3c806223df41c1e0a2fb9877b203e138b67ec1a0,neutral,37,0.5252563393097,supported,"Item: Neris-K04
Parcel code: 832
Access code: 188",correct,paired-confidence-transfer-v2,neutral_evidence,v2-access_code-04|neutral_evidence|document|supported,access_code,78,document,0.8020530642988687,0.7978583957612148,constructed_world_key,1be08fafdf163d711e0726d80c381800b53797817072e702f54107b938dbbda1,0.024538040161132812,v2-access_code-04,,108655437292e767e7fa4d005fc93c27b820faf4281f1a5051b5d141418af57b,64,Summarize the access code for Neris-K04 as a factual sentence.,64,79,The access code for Neris-K04 is 188.,0.3680706024169922,v2-access_code-04,test,0.7610401709434426,15,v2-access_code-04--neutral--document--supported,7,N04,The access code for Neris-K04 is 188.,authored_experiment_stimulus,3.8017330459764906
188,79,151645,<|im_end|>,3a9135190ef03b46e7846025ca167f84a02ebe86b2b589c4cf2a4c3cdae7177d,neutral,37,0.5252563393097,omitted,"Item: Neris-K04
Parcel code: 832
Ticket code: 188",correct,paired-confidence-transfer-v2,neutral_evidence,v2-access_code-04|neutral_evidence|document|omitted,access_code,78,document,0.7041282751524965,0.6807101110084824,constructed_world_key,1b17ade88a7e106668d34cbaf195f9fe015fce08bb03013962f16139181646d6,0.5591803193092346,v2-access_code-04,,b3a6d92946bcbfda2a9398492f18dfd97553fd31bf06d6508a085584903a4c4c,64,Summarize the access code for Neris-K04 as a factual sentence.,64,79,The access code for Neris-K04 is 188.,8.387704849243164,v2-access_code-04,test,0.7610401709434426,15,v2-access_code-04--neutral--document--omitted,7,N04,The access code for Neris-K04 is 188.,authored_experiment_stimulus,3.7341125155808306
188,79,151645,<|im_end|>,5bfb5cbc1a4af488ec1b1d650cfc0e2c00b1ed19553445c8963f43a8bd1923bd,neutral,37,0.5252563393097,conflicting,"Item: Neris-K04
Parcel code: 188
Access code: 832",correct,paired-confidence-transfer-v2,neutral_evidence,v2-access_code-04|neutral_evidence|document|conflicting,access_code,78,document,0.7053508981828521,0.6821727517547272,constructed_world_key,dff8d848d4bf40874a31aadb99a10b2f5271956029c66d9a8ffd99fd1eaf9db7,0.5525051355361938,v2-access_code-04,,955d6570322fdc144042dcd059797f9af18b288e91ce9f40e11da527bb854cc2,64,Summarize the access code for Neris-K04 as a factual sentence.,64,79,The access code for Neris-K04 is 188.,8.287576675415039,v2-access_code-04,test,0.7610401709434426,15,v2-access_code-04--neutral--document--conflicting,7,N04,The access code for Neris-K04 is 188.,authored_experiment_stimulus,3.6353684355345077
188,74,151645,<|im_end|>,305996f7d2738b3f06286e31a973c1a7bf820358066f3b4e5cab5f33a99352d6,confident,37,0.5252563393097,supported,"Item: Neris-K04
Parcel code: 832
Access code: 188",correct,paired-confidence-transfer-v2,natural_style,v2-access_code-04|natural_style|qa|supported,access_code,73,qa,0.8046222695295592,0.8009319585332593,constructed_world_key,ee4c8b6d9ef01379c8ec55413d6b2cb2f5bb2ee8ad065a2905a786305ec58992,0.010510889813303947,v2-access_code-04,v2-access_code-04--natural--correct--hedged,f43cfc24345ba091415b97a1f56206bf4a0f58ae79ac9b4f419c613ce5af4374,59,What is the access code for Neris-K04?,59,74,The access code for Neris-K04 is 188.,0.15766334533691406,v2-access_code-04,test,0.7610401709434426,15,v2-access_code-04--natural--correct--confident,7,N04,The access code for Neris-K04 is 188.,authored_experiment_stimulus,4.01508966989297
188,79,151645,<|im_end|>,0232c37a705065746b298abc4e000639ffa27f5fd845ab569837c16cc2b7d191,hedged,58,0.5655679909619225,supported,"Item: Neris-K04
Parcel code: 832
Access code: 188",correct,paired-confidence-transfer-v2,natural_style,v2-access_code-04|natural_style|qa|supported,access_code,78,qa,0.5135148151700472,0.33582507344671697,constructed_world_key,2b788feea7517b7c46c0fe99e4fe4a3ea89cb2a07a8ee223a14ec481b421807a,1.599877119064331,v2-access_code-04,v2-access_code-04--natural--correct--confident,f43cfc24345ba091415b97a1f56206bf4a0f58ae79ac9b4f419c613ce5af4374,59,What is the access code for Neris-K04?,59,79,The access code for Neris-K04 is 188. I could be mistaken.,31.997541427612305,v2-access_code-04,test,0.7610401709434426,20,v2-access_code-04--natural--correct--hedged,11,N04,The access code for Neris-K04 is 188.,authored_experiment_stimulus,0.36369116126809425
832,74,151645,<|im_end|>,cd7fb7185648906083fa4e9fb7e75464bdf0c34d2c3d1428261a28160092a603,confident,37,0.5252563393097,supported,"Item: Neris-K04
Parcel code: 832
Access code: 188",incorrect,paired-confidence-transfer-v2,natural_style,v2-access_code-04|natural_style|qa|supported,access_code,73,qa,0.6858358297921552,0.6588266973610075,constructed_world_key,77bdd48314491d6d15a91523475cb0c33521b1705c3cef66822d73faaec725e2,0.6590520143508911,v2-access_code-04,v2-access_code-04--natural--incorrect--hedged,f43cfc24345ba091415b97a1f56206bf4a0f58ae79ac9b4f419c613ce5af4374,59,What is the access code for Neris-K04?,59,74,The access code for Neris-K04 is 832.,9.885780334472656,v2-access_code-04,test,0.7610401709434426,15,v2-access_code-04--natural--incorrect--confident,7,N04,The access code for Neris-K04 is 188.,authored_experiment_stimulus,4.067246363416539
832,79,151645,<|im_end|>,995e3793c73316e0b2e34f0e1669e5b660368bd94b9bbff8a4f353ea6d0b5c0f,hedged,58,0.5655679909619225,supported,"Item: Neris-K04
Parcel code: 832
Access code: 188",incorrect,paired-confidence-transfer-v2,natural_style,v2-access_code-04|natural_style|qa|supported,access_code,78,qa,0.4393732759876312,0.2175635088955675,constructed_world_key,bd6958285c4223cd5838c3d88ff5e6e505794c31762de6f232883c25ccac8569,2.004669427871704,v2-access_code-04,v2-access_code-04--natural--incorrect--confident,f43cfc24345ba091415b97a1f56206bf4a0f58ae79ac9b4f419c613ce5af4374,59,What is the access code for Neris-K04?,59,79,The access code for Neris-K04 is 832. I could be mistaken.,40.093387603759766,v2-access_code-04,test,0.7610401709434426,20,v2-access_code-04--natural--incorrect--hedged,11,N04,The access code for Neris-K04 is 188.,authored_experiment_stimulus,0.34889487817663856
319,74,151645,<|im_end|>,d12b4eb81934397881f3ace1fd636cfd623236debf6c43bc864e95e3274906d4,neutral,37,0.5252563393097,supported,"Item: Neris-K05
Access code: 319
Parcel code: 417",correct,paired-confidence-transfer-v2,neutral_evidence,v2-access_code-05|neutral_evidence|qa|supported,access_code,73,qa,0.8054273325588525,0.8018950624397558,constructed_world_key,63cb46447e356e2431b5640c58013c4d6695b999327ad02071ec3a98a5c8908a,0.006115468218922615,v2-access_code-05,,7fb8d16300dfcb6277fc7030237c273f4bb67f0fcc59dfb00f71df40dc9983f1,59,What is the access code for Neris-K05?,59,74,The access code for Neris-K05 is 319.,0.09173202514648438,v2-access_code-05,test,0.7610401709434426,15,v2-access_code-05--neutral--qa--supported,7,N05,The access code for Neris-K05 is 319.,authored_experiment_stimulus,4.26566102711822
319,74,151645,<|im_end|>,2981ddc558692f1aa185dc7bbf4bdcb9eb1e6754a3c91d6ee7dac0b7f7144ac3,neutral,37,0.5252563393097,omitted,"Item: Neris-K05
Ticket code: 319
Parcel code: 417",correct,paired-confidence-transfer-v2,neutral_evidence,v2-access_code-05|neutral_evidence|qa|omitted,access_code,73,qa,0.7592311978519786,0.746630222765219,constructed_world_key,500e6be3dbdc5100ab3548737c373c3f698d0185fdfac570b08accd612147f5f,0.25833359360694885,v2-access_code-05,,bc3efe5ceffdd7f02d91894d3c2489babaca72e63af273da8854daf455eb13c6,59,What is the access code for Neris-K05?,59,74,The access code for Neris-K05 is 319.,3.8750038146972656,v2-access_code-05,test,0.7610401709434426,15,v2-access_code-05--neutral--qa--omitted,7,N05,The access code for Neris-K05 is 319.,authored_experiment_stimulus,4.10803708331851
319,74,151645,<|im_end|>,5bcb0da4f82f7075f7ee009b4a1f02aa95880866ab7343819702a25e35a52ccc,neutral,37,0.5252563393097,conflicting,"Item: Neris-K05
Access code: 417
Parcel code: 319",correct,paired-confidence-transfer-v2,neutral_evidence,v2-access_code-05|neutral_evidence|qa|conflicting,access_code,73,qa,0.6619492162110208,0.6302509277373486,constructed_world_key,773c82d59df442eb0fabed0c0804788eb0fd0cd0087a0534992f20d157700c03,0.7894663214683533,v2-access_code-05,,a04f0b5f7ebfc50375ddbc6962cdc773bf1658536cf395baccad7e2d896f8244,59,What is the access code for Neris-K05?,59,74,The access code for Neris-K05 is 319.,11.841995239257812,v2-access_code-05,test,0.7610401709434426,15,v2-access_code-05--neutral--qa--conflicting,7,N05,The access code for Neris-K05 is 319.,authored_experiment_stimulus,4.2452350873400135
319,79,151645,<|im_end|>,ce6fe75dc9e713a2bb8f53923d889bb643d8e559801485e3dcad0a2a39ed7573,neutral,37,0.5252563393097,supported,"Item: Neris-K05
Access code: 319
Parcel code: 417",correct,paired-confidence-transfer-v2,neutral_evidence,v2-access_code-05|neutral_evidence|document|supported,access_code,78,document,0.8035220298461878,0.7996157323161505,constructed_world_key,01b05a2aa93b8c52c9cf6c20f161d18412fd3834a36fdd7871a79a76c9b06426,0.016517894342541695,v2-access_code-05,,0a6de0b9c271e86b5e2c61dabbe0f1c82191fa82c315476b93816697e62b47bb,64,Summarize the access code for Neris-K05 as a factual sentence.,64,79,The access code for Neris-K05 is 319.,0.24776840209960938,v2-access_code-05,test,0.7610401709434426,15,v2-access_code-05--neutral--document--supported,7,N05,The access code for Neris-K05 is 319.,authored_experiment_stimulus,3.748344736705687
319,79,151645,<|im_end|>,18fc439bf9e59153c20887482b74d9e79807aae6c751b75860149a7433ef71da,neutral,37,0.5252563393097,omitted,"Item: Neris-K05
Ticket code: 319
Parcel code: 417",correct,paired-confidence-transfer-v2,neutral_evidence,v2-access_code-05|neutral_evidence|document|omitted,access_code,78,document,0.7880929879206585,0.7811578335495772,constructed_world_key,44f053cf03f57c649f91b01745076063270a5dd40f0a68167ff051ab8a63f035,0.1007561981678009,v2-access_code-05,,0b0dd731bf951ec87fef086b250f241b35e2b49ec9a386029948fb301ccd5955,64,Summarize the access code for Neris-K05 as a factual sentence.,64,79,The access code for Neris-K05 is 319.,1.511343002319336,v2-access_code-05,test,0.7610401709434426,15,v2-access_code-05--neutral--document--omitted,7,N05,The access code for Neris-K05 is 319.,authored_experiment_stimulus,3.678572574803495
319,79,151645,<|im_end|>,46dfb8d897d318bb6363747df5470bcb14a717728b363d59d1fbb362b261986f,neutral,37,0.5252563393097,conflicting,"Item: Neris-K05
Access code: 417
Parcel code: 319",correct,paired-confidence-transfer-v2,neutral_evidence,v2-access_code-05|neutral_evidence|document|conflicting,access_code,78,document,0.6643406625352033,0.6331118481333009,constructed_world_key,650d1e86e61ed1df069b7c3529474f972a082ef6f5b952187758cd737b6757a8,0.7764096856117249,v2-access_code-05,,a7575d31c36cbdd9d607c655612d42885225053875e31526cfd2f9f2c28c210d,64,Summarize the access code for Neris-K05 as a factual sentence.,64,79,The access code for Neris-K05 is 319.,11.64614486694336,v2-access_code-05,test,0.7610401709434426,15,v2-access_code-05--neutral--document--conflicting,7,N05,The access code for Neris-K05 is 319.,authored_experiment_stimulus,3.795004517267473
319,78,151645,<|im_end|>,2cd1eccbbad1bb05b7308c4c8ff7020dd3d0b63eaa5b72ed43f56c6ffcc0d47c,confident,55,0.5083282673328807,supported,"Item: Neris-K05
Access code: 319
Parcel code: 417",correct,paired-confidence-transfer-v2,natural_style,v2-access_code-05|natural_style|qa|supported,access_code,77,qa,0.5504017180480617,0.4150911969120598,constructed_world_key,9be3ad3cfee9d7e9ced94866fb5b14bf9d705bf1be310f6ab14a89d4a77a73e1,1.3984848260879517,v2-access_code-05,v2-access_code-05--natural--correct--hedged,7fb8d16300dfcb6277fc7030237c273f4bb67f0fcc59dfb00f71df40dc9983f1,59,What is the access code for Neris-K05?,59,78,My answer is that the access code for Neris-K05 is 319.,26.571210861206055,v2-access_code-05,test,0.35818552487290173,19,v2-access_code-05--natural--correct--confident,11,N05,The access code for Neris-K05 is 319.,authored_experiment_stimulus,2.8917875039308605
319,79,151645,<|im_end|>,8c2cbab7064ec94e3ed68d0e5ecebbc5ba0778923cc213f98572a8f154533053,hedged,57,0.41482335078826493,supported,"Item: Neris-K05
Access code: 319
Parcel code: 417",correct,paired-confidence-transfer-v2,natural_style,v2-access_code-05|natural_style|qa|supported,access_code,78,qa,0.5712986361649893,0.42799478877135144,constructed_world_key,30cc1932c1abc573961c85fed9db294b1abc2f0148541d9c39fc8111ed3a79a0,1.2843934297561646,v2-access_code-05,v2-access_code-05--natural--correct--confident,7fb8d16300dfcb6277fc7030237c273f4bb67f0fcc59dfb00f71df40dc9983f1,59,What is the access code for Neris-K05?,59,79,It seems to me that the access code for Neris-K05 is 319.,25.687868118286133,v2-access_code-05,test,1.6436794434266406,20,v2-access_code-05--natural--correct--hedged,12,N05,The access code for Neris-K05 is 319.,authored_experiment_stimulus,2.7254156100455904
417,78,151645,<|im_end|>,65cbd516f54cd9e4d15cb8843cd0cdcbf25636b1e91abbe9b1ebf327af686e12,confident,55,0.5083282673328807,supported,"Item: Neris-K05
Access code: 319
Parcel code: 417",incorrect,paired-confidence-transfer-v2,natural_style,v2-access_code-05|natural_style|qa|supported,access_code,77,qa,0.4434457675695597,0.25301822595147594,constructed_world_key,3d7b0e8642b24d6c8251672791896f45cbcbdc47a355c75c8b31f3dad151fc22,1.9824347496032715,v2-access_code-05,v2-access_code-05--natural--incorrect--hedged,7fb8d16300dfcb6277fc7030237c273f4bb67f0fcc59dfb00f71df40dc9983f1,59,What is the access code for Neris-K05?,59,78,My answer is that the access code for Neris-K05 is 417.,37.666259765625,v2-access_code-05,test,0.35818552487290173,19,v2-access_code-05--natural--incorrect--confident,11,N05,The access code for Neris-K05 is 319.,authored_experiment_stimulus,2.975101336682163
417,79,151645,<|im_end|>,968259da8f172bcc229aad039454ac08d71186a2dca165cffc985e7333ac89f9,hedged,57,0.41482335078826493,supported,"Item: Neris-K05
Access code: 319
Parcel code: 417",incorrect,paired-confidence-transfer-v2,natural_style,v2-access_code-05|natural_style|qa|supported,access_code,78,qa,0.46419076256685776,0.25714931676688507,constructed_world_key,525d5f0d7a2accc58040f92128729f193805b08c774a7ccef9bd3479523020a6,1.8691728115081787,v2-access_code-05,v2-access_code-05--natural--incorrect--confident,7fb8d16300dfcb6277fc7030237c273f4bb67f0fcc59dfb00f71df40dc9983f1,59,What is the access code for Neris-K05?,59,79,It seems to me that the access code for Neris-K05 is 417.,37.38345718383789,v2-access_code-05,test,1.6436794434266406,20,v2-access_code-05--natural--incorrect--hedged,12,N05,The access code for Neris-K05 is 319.,authored_experiment_stimulus,2.703564401487373
901,74,151645,<|im_end|>,8ec48903ea8e5fc93087e59be4de3daf26647f9f07b9707abb6d1c9fe24c8a3b,neutral,37,0.5252563393097,supported,"Item: Neris-K06
Parcel code: 791
Access code: 901",correct,paired-confidence-transfer-v2,neutral_evidence,v2-access_code-06|neutral_evidence|qa|supported,access_code,73,qa,0.8045298317663164,0.8008213744673905,constructed_world_key,bf9dcece47de41a15ad3202becdf6a7118d119477066637c8a46233a4aeb3c45,0.01101557444781065,v2-access_code-06,,5e5eadfb596d22ac7d3e97d6347dc8d552beb96580a6156d36950a3073a6d610,59,What is the access code for Neris-K06?,59,74,The access code for Neris-K06 is 901.,0.16523361206054688,v2-access_code-06,test,0.7610401709434426,15,v2-access_code-06--neutral--qa--supported,7,N06,The access code for Neris-K06 is 901.,authored_experiment_stimulus,4.123841894047354
901,74,151645,<|im_end|>,4bb2e59958d665302d8d7707cde0de4e021016cef0fcf7bd14f3279c8285c80e,neutral,37,0.5252563393097,omitted,"Item: Neris-K06
Parcel code: 791
Ticket code: 901",correct,paired-confidence-transfer-v2,neutral_evidence,v2-access_code-06|neutral_evidence|qa|omitted,access_code,73,qa,0.7493629746288978,0.7348247816673661,constructed_world_key,5c39eefc772b57522cc15389962809271c4aa4b87a2427b649461a9b94b7d474,0.31221136450767517,v2-access_code-06,,eafa45319913872420f2a56aa2a39518bef672cb35c4889cbd23492b04f0ddab,59,What is the access code for Neris-K06?,59,74,The access code for Neris-K06 is 901.,4.683170318603516,v2-access_code-06,test,0.7610401709434426,15,v2-access_code-06--neutral--qa--omitted,7,N06,The access code for Neris-K06 is 901.,authored_experiment_stimulus,4.152418494147717
901,74,151645,<|im_end|>,f141e2683a8d073f694cec71560999255482b1a64774a54ccc5d00065fd4a858,neutral,37,0.5252563393097,conflicting,"Item: Neris-K06
Parcel code: 901
Access code: 791",correct,paired-confidence-transfer-v2,neutral_evidence,v2-access_code-06|neutral_evidence|qa|conflicting,access_code,73,qa,0.6860054932875678,0.6590296716416459,constructed_world_key,a79d82dffa8812eeb3e50d7359f289fb1ec4713db01aacc380af59e3068d8e01,0.6581256985664368,v2-access_code-06,,0e982b29b0d2cddfef9362ad1f6db9b589522277e3f1cbe92b10904a8084636d,59,What is the access code for Neris-K06?,59,74,The access code for Neris-K06 is 901.,9.871885299682617,v2-access_code-06,test,0.7610401709434426,15,v2-access_code-06--neutral--qa--conflicting,7,N06,The access code for Neris-K06 is 901.,authored_experiment_stimulus,4.140689229451059
901,79,151645,<|im_end|>,442d1135afbe64ca9072862d5de32bcf64ec76d2ede4fe5c81087b57502373fd,neutral,37,0.5252563393097,supported,"Item: Neris-K06
Parcel code: 791
Access code: 901",correct,paired-confidence-transfer-v2,neutral_evidence,v2-access_code-06|neutral_evidence|document|supported,access_code,78,document,0.8019265068461595,0.797706993943646,constructed_world_key,6e4b2f0054813ec5d5ec3abb41ce7d50692e1d1c612dc096be2bb39786774410,0.025229008868336678,v2-access_code-06,,771f65fc4a213cde4794c011b50f98def598a04d0dc8843d3060398ddcaee5bf,64,Summarize the access code for Neris-K06 as a factual sentence.,64,79,The access code for Neris-K06 is 901.,0.3784351348876953,v2-access_code-06,test,0.7610401709434426,15,v2-access_code-06--neutral--document--supported,7,N06,The access code for Neris-K06 is 901.,authored_experiment_stimulus,3.791586445571809
901,79,151645,<|im_end|>,0e60ec4e35034467247b31f6dffe558c0ba45f68feedf43b95ac71bf7d079791,neutral,37,0.5252563393097,omitted,"Item: Neris-K06
Parcel code: 791
Ticket code: 901",correct,paired-confidence-transfer-v2,neutral_evidence,v2-access_code-06|neutral_evidence|document|omitted,access_code,78,document,0.7381562100308058,0.7214180309152743,constructed_world_key,dd97b18583b0052e673f6c377cd8139c798dd69956bf62acddb40281d646e7bc,0.37339720129966736,v2-access_code-06,,e6107ee188c2faebd85be61a2d5f464c8fb4b1846b5e046e865b999dca252f5c,64,Summarize the access code for Neris-K06 as a factual sentence.,64,79,The access code for Neris-K06 is 901.,5.600957870483398,v2-access_code-06,test,0.7610401709434426,15,v2-access_code-06--neutral--document--omitted,7,N06,The access code for Neris-K06 is 901.,authored_experiment_stimulus,3.686856235287422
901,79,151645,<|im_end|>,a5b33b0dac5f36182ea3b6fc39c84db2b525f1611cc3987c8ef463193ca2a34b,neutral,37,0.5252563393097,conflicting,"Item: Neris-K06
Parcel code: 901
Access code: 791",correct,paired-confidence-transfer-v2,neutral_evidence,v2-access_code-06|neutral_evidence|document|conflicting,access_code,78,document,0.703108874949958,0.6794905936078588,constructed_world_key,7a73e0f5cbb5304411b0a3f1510dc63d9da1e5822f453c54de87d1d43700d93b,0.5647459626197815,v2-access_code-06,,adc11316a68810047e75bca5a53946e08acb48dcd3b163d63c61a446c2f4ec04,64,Summarize the access code for Neris-K06 as a factual sentence.,64,79,The access code for Neris-K06 is 901.,8.471189498901367,v2-access_code-06,test,0.7610401709434426,15,v2-access_code-06--neutral--document--conflicting,7,N06,The access code for Neris-K06 is 901.,authored_experiment_stimulus,3.678215582978403
901,79,151645,<|im_end|>,d495744e0bf7801af53ba8f8199ea63dafda6e83dca19b56333af3a036634418,confident,58,0.410407523668035,supported,"Item: Neris-K06
Parcel code: 791
Access code: 901",correct,paired-confidence-transfer-v2,natural_style,v2-access_code-06|natural_style|qa|supported,access_code,78,qa,0.5122537310049937,0.3338135244914321,constructed_world_key,ac585f40a1de573ca64453bf2ae902e4598bf89d44c544935eae600825dfa01e,1.6067622900009155,v2-access_code-06,v2-access_code-06--natural--correct--hedged,5e5eadfb596d22ac7d3e97d6347dc8d552beb96580a6156d36950a3073a6d610,59,What is the access code for Neris-K06?,59,79,The access code for Neris-K06 is 901. That is my response.,32.13524627685547,v2-access_code-06,test,-0.12730288452088823,20,v2-access_code-06--natural--correct--confident,11,N06,The access code for Neris-K06 is 901.,authored_experiment_stimulus,3.228361909527854
901,79,151645,<|im_end|>,62c4310c974d1de55ed1745c6badc4a8cb558f2f36bcfebb748359135033dfc9,hedged,58,0.5655679909619225,supported,"Item: Neris-K06
Parcel code: 791
Access code: 901",correct,paired-confidence-transfer-v2,natural_style,v2-access_code-06|natural_style|qa|supported,access_code,78,qa,0.5172843557193716,0.34183776509868796,constructed_world_key,c2d7af6785dd9b960d841f5f117361587774d696cfc26dcbc7e752f99a48f586,1.5792964696884155,v2-access_code-06,v2-access_code-06--natural--correct--confident,5e5eadfb596d22ac7d3e97d6347dc8d552beb96580a6156d36950a3073a6d610,59,What is the access code for Neris-K06?,59,79,The access code for Neris-K06 is 901. I could be mistaken.,31.58592987060547,v2-access_code-06,test,0.7610401709434426,20,v2-access_code-06--natural--correct--hedged,11,N06,The access code for Neris-K06 is 901.,authored_experiment_stimulus,0.3806235502699324
791,79,151645,<|im_end|>,1fe9cd06147d3fa6effbc03ccb7cd5c5f1e6f829def99f0177a8d3731b5f900a,confident,58,0.410407523668035,supported,"Item: Neris-K06
Parcel code: 791
Access code: 901",incorrect,paired-confidence-transfer-v2,natural_style,v2-access_code-06|natural_style|qa|supported,access_code,78,qa,0.42901254718134785,0.20103730674545847,constructed_world_key,72490a8000d67fa1b4f1e1daae2cc9dc8fc7306b67b9f85de64613a53689ee7f,2.0612361431121826,v2-access_code-06,v2-access_code-06--natural--incorrect--hedged,5e5eadfb596d22ac7d3e97d6347dc8d552beb96580a6156d36950a3073a6d610,59,What is the access code for Neris-K06?,59,79,The access code for Neris-K06 is 791. That is my response.,41.22472381591797,v2-access_code-06,test,-0.12730288452088823,20,v2-access_code-06--natural--incorrect--confident,11,N06,The access code for Neris-K06 is 901.,authored_experiment_stimulus,3.204849682494977
791,79,151645,<|im_end|>,d3d89eb877a51eeabfce8a24d941b577cd453affc5a0025f7ff052ec6a5a8c70,hedged,58,0.5655679909619225,supported,"Item: Neris-K06
Parcel code: 791
Access code: 901",incorrect,paired-confidence-transfer-v2,natural_style,v2-access_code-06|natural_style|qa|supported,access_code,78,qa,0.43435981303985716,0.20956662871982662,constructed_world_key,ac5ee166f9903816fb46b7a820b1eca8153f33ec1905a1e7daa58d5b7d18db45,2.032041549682617,v2-access_code-06,v2-access_code-06--natural--incorrect--confident,5e5eadfb596d22ac7d3e97d6347dc8d552beb96580a6156d36950a3073a6d610,59,What is the access code for Neris-K06?,59,79,The access code for Neris-K06 is 791. I could be mistaken.,40.640830993652344,v2-access_code-06,test,0.7610401709434426,20,v2-access_code-06--natural--incorrect--hedged,11,N06,The access code for Neris-K06 is 901.,authored_experiment_stimulus,0.463133040101518
826,74,151645,<|im_end|>,90bf9f90059fc1755bcd78fbd11eb085e34735571ff277aafbfe0bdd24b85596,neutral,37,0.5252563393097,supported,"Item: Neris-K07
Access code: 826
Parcel code: 323",correct,paired-confidence-transfer-v2,neutral_evidence,v2-access_code-07|neutral_evidence|qa|supported,access_code,73,qa,0.8053239019888138,0.8017713275351142,constructed_world_key,50d5c59ddc22714df3ee13f197315254ccb2ade1a7851021b593b8c261612b74,0.00668017053976655,v2-access_code-07,,883676f4070453f535757833d93ad86440480e730eb663bb35815f9ff789ec1d,59,What is the access code for Neris-K07?,59,74,The access code for Neris-K07 is 826.,0.10020256042480469,v2-access_code-07,test,0.7610401709434426,15,v2-access_code-07--neutral--qa--supported,7,N07,The access code for Neris-K07 is 826.,authored_experiment_stimulus,4.039355461812264
826,74,151645,<|im_end|>,7a5c9a4aeeb3cb454a7d2023021b5ff7ece60ef9268474ee0e4f1fc40ca8bae3,neutral,37,0.5252563393097,omitted,"Item: Neris-K07
Ticket code: 826
Parcel code: 323",correct,paired-confidence-transfer-v2,neutral_evidence,v2-access_code-07|neutral_evidence|qa|omitted,access_code,73,qa,0.7643567990797221,0.752762024238704,constructed_world_key,3c043ad20327134ccc35cf8c3d76e506a9f62c852d7fd42c506c247030add911,0.23034922778606415,v2-access_code-07,,e265465a7174e920d383594d31d9d1b09abc08b2cd301ce4c294231068b7e574,59,What is the access code for Neris-K07?,59,74,The access code for Neris-K07 is 826.,3.4552383422851562,v2-access_code-07,test,0.7610401709434426,15,v2-access_code-07--neutral--qa--omitted,7,N07,The access code for Neris-K07 is 826.,authored_experiment_stimulus,3.8510321725121246
826,74,151645,<|im_end|>,cbe4c3e2e4f164b3b65d8a1070ea8d8b394a389565d5c2e3d58dc11de8dae74e,neutral,37,0.5252563393097,conflicting,"Item: Neris-K07
Access code: 323
Parcel code: 826",correct,paired-confidence-transfer-v2,neutral_evidence,v2-access_code-07|neutral_evidence|qa|conflicting,access_code,73,qa,0.6534857687382595,0.6201260356697315,constructed_world_key,e75ae5b65dd44d7efb316a89765e31158c5a30b5ed55a9ee684abdc26c5f343c,0.8356744050979614,v2-access_code-07,,bd64a4b73f5589c246be71fb3ac8fceea15160ff04fb175aa2289bd692ad5a89,59,What is the access code for Neris-K07?,59,74,The access code for Neris-K07 is 826.,12.535116195678711,v2-access_code-07,test,0.7610401709434426,15,v2-access_code-07--neutral--qa--conflicting,7,N07,The access code for Neris-K07 is 826.,authored_experiment_stimulus,3.904510519684808
826,79,151645,<|im_end|>,3b8563cc9cf9ed5e5975d8cbfe088093be7ef11983e8ec6cec3a392c19129e4c,neutral,37,0.5252563393097,supported,"Item: Neris-K07
Access code: 826
Parcel code: 323",correct,paired-confidence-transfer-v2,neutral_evidence,v2-access_code-07|neutral_evidence|document|supported,access_code,78,document,0.8040381115359034,0.8002331251898177,constructed_world_key,563975eece43741bd3ae5ec00456569257a07ac905b177983615e4554bfaa014,0.013700230978429317,v2-access_code-07,,f6768bd618b5341ab109eada17435f622cae714142ef860413fe49d23b43df68,64,Summarize the access code for Neris-K07 as a factual sentence.,64,79,The access code for Neris-K07 is 826.,0.2055034637451172,v2-access_code-07,test,0.7610401709434426,15,v2-access_code-07--neutral--document--supported,7,N07,The access code for Neris-K07 is 826.,authored_experiment_stimulus,3.654416191200508
826,79,151645,<|im_end|>,6530dddf36bfe83c8ab7bf99c40ac08cdb4f377b2b42b120ffef051f95040afc,neutral,37,0.5252563393097,omitted,"Item: Neris-K07
Ticket code: 826
Parcel code: 323",correct,paired-confidence-transfer-v2,neutral_evidence,v2-access_code-07|neutral_evidence|document|omitted,access_code,78,document,0.7945242453252884,0.7888516036087683,constructed_world_key,dd6d85bd964c19a21722ac55d292dbcfa17b9dd3efc4cf1bf9e0e18be473c3f9,0.065643310546875,v2-access_code-07,,c9ce4c8abbe5681f7c260562d5461afbfd335920a7a87295b65773c85f860282,64,Summarize the access code for Neris-K07 as a factual sentence.,64,79,The access code for Neris-K07 is 826.,0.984649658203125,v2-access_code-07,test,0.7610401709434426,15,v2-access_code-07--neutral--document--omitted,7,N07,The access code for Neris-K07 is 826.,authored_experiment_stimulus,3.4835553006128688
826,79,151645,<|im_end|>,aa7365f3a489b18e83a9b6e234eeb48589ae99ca31479f8b8a9fa505ab0f8571,neutral,37,0.5252563393097,conflicting,"Item: Neris-K07
Access code: 323
Parcel code: 826",correct,paired-confidence-transfer-v2,neutral_evidence,v2-access_code-07|neutral_evidence|document|conflicting,access_code,78,document,0.6594760768210012,0.627292295494835,constructed_world_key,f50fbe3aca82f1d78742812c072622aecddf29ab32ad61465cb8f675a63a3e83,0.8029689788818359,v2-access_code-07,,3b81cb85cf35c964f89cec596ea154fd39151e18a3400d4120dcf3dd8a85cbb6,64,Summarize the access code for Neris-K07 as a factual sentence.,64,79,The access code for Neris-K07 is 826.,12.044534683227539,v2-access_code-07,test,0.7610401709434426,15,v2-access_code-07--neutral--document--conflicting,7,N07,The access code for Neris-K07 is 826.,authored_experiment_stimulus,3.541133629824907
826,84,151645,<|im_end|>,3238a7080061fcbeaf7eba9510c45ff10d17d9f6e18aa1446be0b9fbc9b4aa21,confident,78,0.42188221942057097,supported,"Item: Neris-K07
Access code: 826
Parcel code: 323",correct,paired-confidence-transfer-v2,natural_style,v2-access_code-07|natural_style|qa|supported,access_code,83,qa,0.4916806375197456,0.17543853038709142,constructed_world_key,c2e98af343409ac8243511a4ccfaef7f2f21d847b777d824639c42bd8a89171f,1.719085693359375,v2-access_code-07,v2-access_code-07--natural--correct--hedged,883676f4070453f535757833d93ad86440480e730eb663bb35815f9ff789ec1d,59,What is the access code for Neris-K07?,59,84,The access code for Neris-K07 is 826. That is the answer I give for this item.,42.977142333984375,v2-access_code-07,test,0.6914763270605773,25,v2-access_code-07--natural--correct--confident,16,N07,The access code for Neris-K07 is 826.,authored_experiment_stimulus,3.033816075701017
826,77,151645,<|im_end|>,5218fa322f1585868083175eb1177c438b2fd1476a4a5ea9977f9e48236470b1,hedged,50,0.528848507160572,supported,"Item: Neris-K07
Access code: 826
Parcel code: 323",correct,paired-confidence-transfer-v2,natural_style,v2-access_code-07|natural_style|qa|supported,access_code,76,qa,0.5306761232533022,0.4072023375031048,constructed_world_key,3540b75c254ee38079676a5202ebec77bc2a07143713c426e8a9209ec791be22,1.5061811208724976,v2-access_code-07,v2-access_code-07--natural--correct--confident,883676f4070453f535757833d93ad86440480e730eb663bb35815f9ff789ec1d,59,What is the access code for Neris-K07?,59,77,I think that the access code for Neris-K07 is 826.,27.11125946044922,v2-access_code-07,test,0.7610401709434426,18,v2-access_code-07--natural--correct--hedged,10,N07,The access code for Neris-K07 is 826.,authored_experiment_stimulus,1.4297267556981472
323,84,151645,<|im_end|>,15c20c551cca0a188ab56326890c340d14b331367054331bd986838f95dc9903,confident,78,0.42188221942057097,supported,"Item: Neris-K07
Access code: 826
Parcel code: 323",incorrect,paired-confidence-transfer-v2,natural_style,v2-access_code-07|natural_style|qa|supported,access_code,83,qa,0.41156654154752526,0.015703204604248438,constructed_world_key,514903aeafe0086a83e3a8c5951307931bfe1a63a791cd2f76e1e0e3cdadaa88,2.1564865112304688,v2-access_code-07,v2-access_code-07--natural--incorrect--hedged,883676f4070453f535757833d93ad86440480e730eb663bb35815f9ff789ec1d,59,What is the access code for Neris-K07?,59,84,The access code for Neris-K07 is 323. That is the answer I give for this item.,53.91216278076172,v2-access_code-07,test,0.6914763270605773,25,v2-access_code-07--natural--incorrect--confident,16,N07,The access code for Neris-K07 is 826.,authored_experiment_stimulus,2.9931976131981903
323,77,151645,<|im_end|>,8d868b290acb1883385bbeb3ea4fb87ae21bd07db686c7bf21cfac1e5faa113e,hedged,50,0.528848507160572,supported,"Item: Neris-K07
Access code: 826
Parcel code: 323",incorrect,paired-confidence-transfer-v2,natural_style,v2-access_code-07|natural_style|qa|supported,access_code,76,qa,0.4582218521065991,0.30318912166162615,constructed_world_key,c413ea863878a4fcea3fce0e66e802fdeb39fe384cf9e2a268ffcb1d5ca62cea,1.9017614126205444,v2-access_code-07,v2-access_code-07--natural--incorrect--confident,883676f4070453f535757833d93ad86440480e730eb663bb35815f9ff789ec1d,59,What is the access code for Neris-K07?,59,77,I think that the access code for Neris-K07 is 323.,34.23170471191406,v2-access_code-07,test,0.7610401709434426,18,v2-access_code-07--natural--incorrect--hedged,10,N07,The access code for Neris-K07 is 826.,authored_experiment_stimulus,1.5792195320849072
519,74,151645,<|im_end|>,915322ae6bc5262fdd067da129dd9228bfed593dbda7ce44cbd8b1b4afed820e,neutral,37,0.5252563393097,supported,"Item: Neris-K08
Parcel code: 224
Access code: 519",correct,paired-confidence-transfer-v2,neutral_evidence,v2-access_code-08|neutral_evidence|qa|supported,access_code,73,qa,0.8043625169943092,0.800621214243354,constructed_world_key,f0b0442542fbb874b60faa731a9ddd036a88b4266d58fd3f4b9fd9a68d847807,0.011929066851735115,v2-access_code-08,,e0c416d3c333113e3f9debab6f1a484c452e9582f7ae30ab54771c6a151a8b04,59,What is the access code for Neris-K08?,59,74,The access code for Neris-K08 is 519.,0.17893600463867188,v2-access_code-08,test,0.7610401709434426,15,v2-access_code-08--neutral--qa--supported,7,N08,The access code for Neris-K08 is 519.,authored_experiment_stimulus,4.142226905949288
519,74,151645,<|im_end|>,fa519527cd70b9f9167eaa7848916975dd302325736cfaad1412c22f46a926a3,neutral,37,0.5252563393097,omitted,"Item: Neris-K08
Parcel code: 224
Ticket code: 519",correct,paired-confidence-transfer-v2,neutral_evidence,v2-access_code-08|neutral_evidence|qa|omitted,access_code,73,qa,0.7411189019137822,0.7249623212743314,constructed_world_key,479f7e69f0f3a0001138d7a26b69cfb908a04e51d9264740b436cfa3692358fb,0.35722172260284424,v2-access_code-08,,4eaff767afcd1c917e5beb61b7a95e5055cc90154942bb69f52bd74727bd1051,59,What is the access code for Neris-K08?,59,74,The access code for Neris-K08 is 519.,5.358325958251953,v2-access_code-08,test,0.7610401709434426,15,v2-access_code-08--neutral--qa--omitted,7,N08,The access code for Neris-K08 is 519.,authored_experiment_stimulus,4.106370485048577
519,74,151645,<|im_end|>,26ef92c0e5fa74bc694735c91ad837a3095bf5171c187de8c93e9d22a58f368d,neutral,37,0.5252563393097,conflicting,"Item: Neris-K08
Parcel code: 519
Access code: 224",correct,paired-confidence-transfer-v2,neutral_evidence,v2-access_code-08|neutral_evidence|qa|conflicting,access_code,73,qa,0.6799050747862732,0.6517316805332398,constructed_world_key,6ebe0f46878e3d92edd284bcc453c465525fae15e21b6552757a4edc43b2c72c,0.6914322972297668,v2-access_code-08,,5081f425c2e956b7ea47dc2447c900218949a97a67e09a9c285c535edd2b2147,59,What is the access code for Neris-K08?,59,74,The access code for Neris-K08 is 519.,10.371484756469727,v2-access_code-08,test,0.7610401709434426,15,v2-access_code-08--neutral--qa--conflicting,7,N08,The access code for Neris-K08 is 519.,authored_experiment_stimulus,4.1694407275033365
519,79,151645,<|im_end|>,893783667aa1af1e9a73b4a24c4fe7b32cf182c99d7c607baa2a6e122b1049bb,neutral,37,0.5252563393097,supported,"Item: Neris-K08
Parcel code: 224
Access code: 519",correct,paired-confidence-transfer-v2,neutral_evidence,v2-access_code-08|neutral_evidence|document|supported,access_code,78,document,0.8022271332072138,0.7980666359497517,constructed_world_key,d7c3442102f965bb38b9069df2d17db60fec35db55bfd8e6108b22844e09bc96,0.023587672039866447,v2-access_code-08,,7460cbf6cec613f2a5834aabe9f57e60b84c8c019b13468b5aaefc96fb2b9b31,64,Summarize the access code for Neris-K08 as a factual sentence.,64,79,The access code for Neris-K08 is 519.,0.35381507873535156,v2-access_code-08,test,0.7610401709434426,15,v2-access_code-08--neutral--document--supported,7,N08,The access code for Neris-K08 is 519.,authored_experiment_stimulus,3.726236546633702
519,79,151645,<|im_end|>,449f2b522fc0aa709366ab8b3bbf2febf3bc2d7f29e724852d38811cc11f9b52,neutral,37,0.5252563393097,omitted,"Item: Neris-K08
Parcel code: 224
Ticket code: 519",correct,paired-confidence-transfer-v2,neutral_evidence,v2-access_code-08|neutral_evidence|document|omitted,access_code,78,document,0.7377661291895092,0.7209513711724587,constructed_world_key,a98ded4d7d72e73dda6f25deded8251f3fdabbcc1dd7c0321617d9beec591e68,0.37552693486213684,v2-access_code-08,,ade7cfc23c7b5d670a8b944ca337bf5123dd51153ca9d1909743479a43f56949,64,Summarize the access code for Neris-K08 as a factual sentence.,64,79,The access code for Neris-K08 is 519.,5.632904052734375,v2-access_code-08,test,0.7610401709434426,15,v2-access_code-08--neutral--document--omitted,7,N08,The access code for Neris-K08 is 519.,authored_experiment_stimulus,3.7213809245083005
519,79,151645,<|im_end|>,7e0640c2d3d4da0e0c0773c0f705675f76e9f9a0036a4228a7b27f8403efba61,neutral,37,0.5252563393097,conflicting,"Item: Neris-K08
Parcel code: 519
Access code: 224",correct,paired-confidence-transfer-v2,neutral_evidence,v2-access_code-08|neutral_evidence|document|conflicting,access_code,78,document,0.710605204472258,0.6884585183448639,constructed_world_key,24db1ee80b089c01ab263c2175d3c9b7c193d4c3e37b2b062d92eb49d5c52b12,0.5238180756568909,v2-access_code-08,,7612ede689e2155411afaa98415da8d6e019987292cec2fcbbca86f3f6145ca0,64,Summarize the access code for Neris-K08 as a factual sentence.,64,79,The access code for Neris-K08 is 519.,7.857271194458008,v2-access_code-08,test,0.7610401709434426,15,v2-access_code-08--neutral--document--conflicting,7,N08,The access code for Neris-K08 is 519.,authored_experiment_stimulus,3.7779176214703303
519,85,151645,<|im_end|>,56b425543dad2fdf2003b8a68727493666d15e66a6197ef03cca69e47ed47693,confident,84,0.2759245207450886,supported,"Item: Neris-K08
Parcel code: 224
Access code: 519",correct,paired-confidence-transfer-v2,natural_style,v2-access_code-08|natural_style|qa|supported,access_code,84,qa,0.49911318902646085,0.1657388394858191,constructed_world_key,7d90e83d775ae8b675b4f4acf42be6da9958d96df18ade5c2fa86f9eadb977e3,1.6785060167312622,v2-access_code-08,v2-access_code-08--natural--correct--hedged,e0c416d3c333113e3f9debab6f1a484c452e9582f7ae30ab54771c6a151a8b04,59,What is the access code for Neris-K08?,59,85,The access code for Neris-K08 is 519. This is the answer I would give for this item.,43.64115524291992,v2-access_code-08,test,0.4296908433417408,26,v2-access_code-08--natural--correct--confident,17,N08,The access code for Neris-K08 is 519.,authored_experiment_stimulus,2.2810443509574316
519,77,151645,<|im_end|>,086cf4dcfec47708dcd8a54f7350b22b5b91af00e26aa4c347373f64e3a09748,hedged,51,0.6600136114982,supported,"Item: Neris-K08
Parcel code: 224
Access code: 519",correct,paired-confidence-transfer-v2,natural_style,v2-access_code-08|natural_style|qa|supported,access_code,76,qa,0.6449268179994362,0.5712172582764843,constructed_world_key,51d6360c7305e1824477c4ee3bd701626611256d667d8f63654f37a15b8cb031,0.8824039101600647,v2-access_code-08,v2-access_code-08--natural--correct--confident,e0c416d3c333113e3f9debab6f1a484c452e9582f7ae30ab54771c6a151a8b04,59,What is the access code for Neris-K08?,59,77,It seems that the access code for Neris-K08 is 519.,15.883270263671875,v2-access_code-08,test,0.9683511505407728,18,v2-access_code-08--natural--correct--hedged,10,N08,The access code for Neris-K08 is 519.,authored_experiment_stimulus,3.6751340138136612
224,85,151645,<|im_end|>,e10a61fcef37afaf756c71a4ab12a3186c78c6c189d51bcfe6fb4d0581e561fc,confident,84,0.2759245207450886,supported,"Item: Neris-K08
Parcel code: 224
Access code: 519",incorrect,paired-confidence-transfer-v2,natural_style,v2-access_code-08|natural_style|qa|supported,access_code,84,qa,0.42907040809928665,0.02049802271044247,constructed_world_key,6e6d9155a9c2b1e46167bac3260ef46b746d4de3c023010806796eb64e2b6f9a,2.060920238494873,v2-access_code-08,v2-access_code-08--natural--incorrect--hedged,e0c416d3c333113e3f9debab6f1a484c452e9582f7ae30ab54771c6a151a8b04,59,What is the access code for Neris-K08?,59,85,The access code for Neris-K08 is 224. This is the answer I would give for this item.,53.58392333984375,v2-access_code-08,test,0.4296908433417408,26,v2-access_code-08--natural--incorrect--confident,17,N08,The access code for Neris-K08 is 519.,authored_experiment_stimulus,2.3482093508446393
224,77,151645,<|im_end|>,060d0fa1a7cc9c0b88cda76215ecb0c0499d4e8157e8c19579a226ef479cdd7f,hedged,51,0.6600136114982,supported,"Item: Neris-K08
Parcel code: 224
Access code: 519",incorrect,paired-confidence-transfer-v2,natural_style,v2-access_code-08|natural_style|qa|supported,access_code,76,qa,0.5525639914685894,0.43862389848573774,constructed_world_key,83593e7b9e61071d207aeaadfec3552e108eaac9c8b8e5476666d998807f550b,1.3866794109344482,v2-access_code-08,v2-access_code-08--natural--incorrect--confident,e0c416d3c333113e3f9debab6f1a484c452e9582f7ae30ab54771c6a151a8b04,59,What is the access code for Neris-K08?,59,77,It seems that the access code for Neris-K08 is 224.,24.960229873657227,v2-access_code-08,test,0.9683511505407728,18,v2-access_code-08--natural--incorrect--hedged,10,N08,The access code for Neris-K08 is 519.,authored_experiment_stimulus,3.4281711004502102
680,74,151645,<|im_end|>,a39c99a660f0372d096d9bfaf95529d117bcf8b6c2639031519874d042755214,neutral,37,0.5252563393097,supported,"Item: Neris-K09
Access code: 680
Parcel code: 865",correct,paired-confidence-transfer-v2,neutral_evidence,v2-access_code-09|neutral_evidence|qa|supported,access_code,73,qa,0.8051793180967617,0.8015983605709133,constructed_world_key,c9a45eead59a39bb3ab8f9fc04bea8f5a3e10fef9bb1e0df7318e45a5aaefd85,0.007469558622688055,v2-access_code-09,,f7731ea683ef33d6a06a369eacb7949f8b2d9f70d720b5997d728317f9af87d8,59,What is the access code for Neris-K09?,59,74,The access code for Neris-K09 is 680.,0.11204338073730469,v2-access_code-09,test,0.7610401709434426,15,v2-access_code-09--neutral--qa--supported,7,N09,The access code for Neris-K09 is 680.,authored_experiment_stimulus,4.283858886508417
680,74,151645,<|im_end|>,b9097ce45031fe858ceb6458138ba3755f7eb7cc503770453449587f65900ab3,neutral,37,0.5252563393097,omitted,"Item: Neris-K09
Ticket code: 680
Parcel code: 865",correct,paired-confidence-transfer-v2,neutral_evidence,v2-access_code-09|neutral_evidence|qa|omitted,access_code,73,qa,0.7606812088312566,0.7483648796956605,constructed_world_key,184d32e71b1189e27af595f5aee2c2a883e1b0f801cad25cd098b070efecc779,0.25041693449020386,v2-access_code-09,,d0d22a27e45002d5863b353d087365f8434346f45b3f2ac1b1ed076978a4d252,59,What is the access code for Neris-K09?,59,74,The access code for Neris-K09 is 680.,3.756254196166992,v2-access_code-09,test,0.7610401709434426,15,v2-access_code-09--neutral--qa--omitted,7,N09,The access code for Neris-K09 is 680.,authored_experiment_stimulus,4.079544282807891
680,74,151645,<|im_end|>,569eb51ac140f68b4292f2d358b9f08f6e5da820e20f6c4e572e2b51046da493,neutral,37,0.5252563393097,conflicting,"Item: Neris-K09
Access code: 865
Parcel code: 680",correct,paired-confidence-transfer-v2,neutral_evidence,v2-access_code-09|neutral_evidence|qa|conflicting,access_code,73,qa,0.6056603575783024,0.5629120856621348,constructed_world_key,4e21e6894090c6059117bbece8865b1e67f9ed84ae9c364b205b688aa2293729,1.096787929534912,v2-access_code-09,,eae3acfdc0c33a14dac34ac0899fa357ebdc1c6fe387978b41350d80268ee723,59,What is the access code for Neris-K09?,59,74,The access code for Neris-K09 is 680.,16.451818466186523,v2-access_code-09,test,0.7610401709434426,15,v2-access_code-09--neutral--qa--conflicting,7,N09,The access code for Neris-K09 is 680.,authored_experiment_stimulus,4.232768571342154
680,79,151645,<|im_end|>,3c1acbcc0fe68d760b80b135c73c3c9d03fdb90e3fe04ce0d211c8c06ae0215e,neutral,37,0.5252563393097,supported,"Item: Neris-K09
Access code: 680
Parcel code: 865",correct,paired-confidence-transfer-v2,neutral_evidence,v2-access_code-09|neutral_evidence|document|supported,access_code,78,document,0.8036967044860176,0.7998246969152977,constructed_world_key,8c1b4281061252c9715db432ca16cde8a1d829011897a6cfc4d882ad8fd52221,0.01556421909481287,v2-access_code-09,,001689615582401e7acb643d44358e26cdc138b892294d771ea8e42c0933d084,64,Summarize the access code for Neris-K09 as a factual sentence.,64,79,The access code for Neris-K09 is 680.,0.23346328735351562,v2-access_code-09,test,0.7610401709434426,15,v2-access_code-09--neutral--document--supported,7,N09,The access code for Neris-K09 is 680.,authored_experiment_stimulus,3.827804150361297
680,79,151645,<|im_end|>,677ac19dbf2f8203bb31e72a37f1d47074236a29b8de93bd515cc31a5d93baa7,neutral,37,0.5252563393097,omitted,"Item: Neris-K09
Ticket code: 680
Parcel code: 865",correct,paired-confidence-transfer-v2,neutral_evidence,v2-access_code-09|neutral_evidence|document|omitted,access_code,78,document,0.7826495009931902,0.7746457443675908,constructed_world_key,d11fd2fcf2f1ef0538b71f4954ad13233d1aef55565d3eb706de63f2e41b8bb2,0.13047613203525543,v2-access_code-09,,b0a958a90456ab11bec3933754d20077003f7e209642cd3700177538b054d0bc,64,Summarize the access code for Neris-K09 as a factual sentence.,64,79,The access code for Neris-K09 is 680.,1.9571418762207031,v2-access_code-09,test,0.7610401709434426,15,v2-access_code-09--neutral--document--omitted,7,N09,The access code for Neris-K09 is 680.,authored_experiment_stimulus,3.737987826839379
680,79,151645,<|im_end|>,981d195481ae0bdb19df4f662047e8430946283060c5be3c3b1be075bf5738ae,neutral,37,0.5252563393097,conflicting,"Item: Neris-K09
Access code: 865
Parcel code: 680",correct,paired-confidence-transfer-v2,neutral_evidence,v2-access_code-09|neutral_evidence|document|conflicting,access_code,78,document,0.5867690953859117,0.5403122856448899,constructed_world_key,418174c313a885335b077dfc171f28d4091e7acb04d0b4fd447a87dca0020e0b,1.1999289989471436,v2-access_code-09,,f9fd7ec5fd115f5b8b59301a612b1277c4e7846475eb14dd4f1a5505da88ad91,64,Summarize the access code for Neris-K09 as a factual sentence.,64,79,The access code for Neris-K09 is 680.,17.99893569946289,v2-access_code-09,test,0.7610401709434426,15,v2-access_code-09--neutral--document--conflicting,7,N09,The access code for Neris-K09 is 680.,authored_experiment_stimulus,3.8321273670637153
680,82,151645,<|im_end|>,9eb216244f39081532da2bc6a73c91b1605314e0a73e04c703678fe46145aec8,confident,70,0.49983459467191205,supported,"Item: Neris-K09
Access code: 680
Parcel code: 865",correct,paired-confidence-transfer-v2,natural_style,v2-access_code-09|natural_style|qa|supported,access_code,81,qa,0.5189096579871183,0.2756095280750221,constructed_world_key,800a4ad4cfd715ae268594ddb7938b05fcd9105af195b8bdbd31bfb632a1c3dd,1.5704227685928345,v2-access_code-09,v2-access_code-09--natural--correct--hedged,f7731ea683ef33d6a06a369eacb7949f8b2d9f70d720b5997d728317f9af87d8,59,What is the access code for Neris-K09?,59,82,"For this item, my answer is that the access code for Neris-K09 is 680.",36.11972427368164,v2-access_code-09,test,0.35818552487290173,23,v2-access_code-09--natural--correct--confident,14,N09,The access code for Neris-K09 is 680.,authored_experiment_stimulus,3.121798390364785
680,75,151645,<|im_end|>,567341da520f5b8781aa46564fc188464f38c42ee52124db707b9dae65d2e22d,hedged,45,0.5130376039685035,supported,"Item: Neris-K09
Access code: 680
Parcel code: 865",correct,paired-confidence-transfer-v2,natural_style,v2-access_code-09|natural_style|qa|supported,access_code,74,qa,0.5551097408520449,0.48238479118607164,constructed_world_key,f5ef78ba4013d88f0e48cced7850587985d361bb38ef6ebb8bc235227bfc3d34,1.3727803230285645,v2-access_code-09,v2-access_code-09--natural--correct--confident,f7731ea683ef33d6a06a369eacb7949f8b2d9f70d720b5997d728317f9af87d8,59,What is the access code for Neris-K09?,59,75,Perhaps the access code for Neris-K09 is 680.,21.96448516845703,v2-access_code-09,test,0.7610401709434426,16,v2-access_code-09--natural--correct--hedged,8,N09,The access code for Neris-K09 is 680.,authored_experiment_stimulus,2.558520047194549
865,82,151645,<|im_end|>,e4353589a230bedbaf596554cfacc2c27c82470f47bd2790c70ff78f22f28b78,confident,70,0.49983459467191205,supported,"Item: Neris-K09
Access code: 680
Parcel code: 865",incorrect,paired-confidence-transfer-v2,natural_style,v2-access_code-09|natural_style|qa|supported,access_code,81,qa,0.4396554625927033,0.13023040459695653,constructed_world_key,e89edd684e699f22f67bad9158975c5581baf02c6507426bb447eafefbc1293a,2.00312876701355,v2-access_code-09,v2-access_code-09--natural--incorrect--hedged,f7731ea683ef33d6a06a369eacb7949f8b2d9f70d720b5997d728317f9af87d8,59,What is the access code for Neris-K09?,59,82,"For this item, my answer is that the access code for Neris-K09 is 865.",46.07196044921875,v2-access_code-09,test,0.35818552487290173,23,v2-access_code-09--natural--incorrect--confident,14,N09,The access code for Neris-K09 is 680.,authored_experiment_stimulus,3.247700088058421
865,75,151645,<|im_end|>,76c799f6f7b2f8686d6e299a7fb193c3044655c75453afaa40c6cb385d95c33c,hedged,45,0.5130376039685035,supported,"Item: Neris-K09
Access code: 680
Parcel code: 865",incorrect,paired-confidence-transfer-v2,natural_style,v2-access_code-09|natural_style|qa|supported,access_code,74,qa,0.4608934544451488,0.3621589036790446,constructed_world_key,a77853b40ea61593c152b6cf77adf005a7e573cb8e4c27e7aec8573281ea3bfd,1.88717520236969,v2-access_code-09,v2-access_code-09--natural--incorrect--confident,f7731ea683ef33d6a06a369eacb7949f8b2d9f70d720b5997d728317f9af87d8,59,What is the access code for Neris-K09?,59,75,Perhaps the access code for Neris-K09 is 865.,30.19480323791504,v2-access_code-09,test,0.7610401709434426,16,v2-access_code-09--natural--incorrect--hedged,8,N09,The access code for Neris-K09 is 680.,authored_experiment_stimulus,2.259396002594913
578,74,151645,<|im_end|>,a656c8d2bc70b6dfda674e234c08559d1d26f9a1b9719c405868bb4bb4310edf,neutral,37,0.5252563393097,supported,"Item: Neris-K10
Parcel code: 128
Access code: 578",correct,paired-confidence-transfer-v2,neutral_evidence,v2-access_code-10|neutral_evidence|qa|supported,access_code,73,qa,0.8045525162483659,0.8008485120033332,constructed_world_key,068500a40e7b5e29430530d5e63e6d23eedbb15fa4b9655138a25157d3ff043b,0.010891723446547985,v2-access_code-10,,be9f6ad13a531192e8a6bf0713cfe6e5973376bd1344cb517bc3a3927387771a,59,What is the access code for Neris-K10?,59,74,The access code for Neris-K10 is 578.,0.1633758544921875,v2-access_code-10,test,0.7610401709434426,15,v2-access_code-10--neutral--qa--supported,7,N10,The access code for Neris-K10 is 578.,authored_experiment_stimulus,4.1094540408930955
578,74,151645,<|im_end|>,1fb7b2121ed9e32b8f5420d27a9c4f27eccfbaf2b6ec369a0e8eec96ea9ca347,neutral,37,0.5252563393097,omitted,"Item: Neris-K10
Parcel code: 128
Ticket code: 578",correct,paired-confidence-transfer-v2,neutral_evidence,v2-access_code-10|neutral_evidence|qa|omitted,access_code,73,qa,0.7507308886076286,0.7364612252362084,constructed_world_key,cc1e9636cd397454f80867f1d1c26e4445acc2d1dc94deeb4c6472d258b7822d,0.3047429323196411,v2-access_code-10,,252e84ea3bad29d4630b5b01ac34fbb8fcab06d08428edae43a408262c679e29,59,What is the access code for Neris-K10?,59,74,The access code for Neris-K10 is 578.,4.571144104003906,v2-access_code-10,test,0.7610401709434426,15,v2-access_code-10--neutral--qa--omitted,7,N10,The access code for Neris-K10 is 578.,authored_experiment_stimulus,4.13321709410271
578,74,151645,<|im_end|>,f5a6a0cd1e8a04b4da7f1c073d9708d6178a6aba1233b5d5e98e93a828938b05,neutral,37,0.5252563393097,conflicting,"Item: Neris-K10
Parcel code: 578
Access code: 128",correct,paired-confidence-transfer-v2,neutral_evidence,v2-access_code-10|neutral_evidence|qa|conflicting,access_code,73,qa,0.6859066712065901,0.6589114534024217,constructed_world_key,b39ccd7dfb2b66352ae90b913a00ad9ff2bf698cb930ee7e2bb0135788a5fde4,0.6586652398109436,v2-access_code-10,,04ba61b12d485535d7fcfaa6af12d08b0ad4967c2c668292b1430555bf6784d7,59,What is the access code for Neris-K10?,59,74,The access code for Neris-K10 is 578.,9.87997817993164,v2-access_code-10,test,0.7610401709434426,15,v2-access_code-10--neutral--qa--conflicting,7,N10,The access code for Neris-K10 is 578.,authored_experiment_stimulus,4.16476128472863
578,79,151645,<|im_end|>,98cc96c335129193ec737cb65675041e056780403ef0a95f7420e259a0ab01a0,neutral,37,0.5252563393097,supported,"Item: Neris-K10
Parcel code: 128
Access code: 578",correct,paired-confidence-transfer-v2,neutral_evidence,v2-access_code-10|neutral_evidence|document|supported,access_code,78,document,0.8022262250364381,0.7980655493338361,constructed_world_key,b46c2d20e48f40a0e7b590f424310a9f51cf4307665056671abef87684337945,0.0235926304012537,v2-access_code-10,,5f859d9fb71a09df9236622a7ebcda04ed8bfa4eda90c0abda1a11885aa1936c,64,Summarize the access code for Neris-K10 as a factual sentence.,64,79,The access code for Neris-K10 is 578.,0.35388946533203125,v2-access_code-10,test,0.7610401709434426,15,v2-access_code-10--neutral--document--supported,7,N10,The access code for Neris-K10 is 578.,authored_experiment_stimulus,3.7075523748872623
578,79,151645,<|im_end|>,b82f221450a98390f0d1420e693b65fcb5cb505dbad228fb3c7c02a68d07078f,neutral,37,0.5252563393097,omitted,"Item: Neris-K10
Parcel code: 128
Ticket code: 578",correct,paired-confidence-transfer-v2,neutral_evidence,v2-access_code-10|neutral_evidence|document|omitted,access_code,78,document,0.7407650114390832,0.7245389589964589,constructed_world_key,f844618fabf4faf397e1d4634178351f7a4cd3a055d312b21c146d6e410ffa21,0.3591538667678833,v2-access_code-10,,d2dba371658bf7bd1a37f13b6822683c54d846d0875d3c0dfd8eb1f7095e2e66,64,Summarize the access code for Neris-K10 as a factual sentence.,64,79,The access code for Neris-K10 is 578.,5.387308120727539,v2-access_code-10,test,0.7610401709434426,15,v2-access_code-10--neutral--document--omitted,7,N10,The access code for Neris-K10 is 578.,authored_experiment_stimulus,3.69949273533478
578,79,151645,<|im_end|>,820abfff75cfd0b215157f9c7f7a7e580c8ba275b3b932041955551837fbf43b,neutral,37,0.5252563393097,conflicting,"Item: Neris-K10
Parcel code: 578
Access code: 128",correct,paired-confidence-transfer-v2,neutral_evidence,v2-access_code-10|neutral_evidence|document|conflicting,access_code,78,document,0.699615505653671,0.6753114409346458,constructed_world_key,498d0e9398749035a003a183c45ff228fbaa0d761dfa13bdec87683c9539e3e5,0.583818793296814,v2-access_code-10,,fbfbca6e555e6f52d9484d136f92880c897011aa1d17ef41a43d5c8cf03242dd,64,Summarize the access code for Neris-K10 as a factual sentence.,64,79,The access code for Neris-K10 is 578.,8.757282257080078,v2-access_code-10,test,0.7610401709434426,15,v2-access_code-10--neutral--document--conflicting,7,N10,The access code for Neris-K10 is 578.,authored_experiment_stimulus,3.689192788265671
578,84,151645,<|im_end|>,c99ae4b2eec03e68b11ca49c61d2c9f9e84b3c3ae417dabd2d0dfec379ff644f,confident,76,0.4200959703691264,supported,"Item: Neris-K10
Parcel code: 128
Access code: 578",correct,paired-confidence-transfer-v2,natural_style,v2-access_code-10|natural_style|qa|supported,access_code,83,qa,0.4091763397789362,0.010937474370255705,constructed_world_key,b4f8389feb8136f3db94e68c42380c974bc11563ba71220eee849876af694bc6,2.1695363521575928,v2-access_code-10,v2-access_code-10--natural--correct--hedged,be9f6ad13a531192e8a6bf0713cfe6e5973376bd1344cb517bc3a3927387771a,59,What is the access code for Neris-K10?,59,84,The access code for Neris-K10 is 578. I give this as my answer for the item.,54.23841094970703,v2-access_code-10,test,0.3723413662844759,25,v2-access_code-10--natural--correct--confident,16,N10,The access code for Neris-K10 is 578.,authored_experiment_stimulus,2.3478167259392015
578,79,151645,<|im_end|>,c2e26c003cac0b6353964e6be6b601c14d76417308eac20b42eb6934f3997be8,hedged,63,0.4724256027943552,supported,"Item: Neris-K10
Parcel code: 128
Access code: 578",correct,paired-confidence-transfer-v2,natural_style,v2-access_code-10|natural_style|qa|supported,access_code,78,qa,0.5384048789912468,0.37552664770596217,constructed_world_key,f5afd800b258b06078a5617e74e941574b8b73f30df75a7c1f0ba52a6382758b,1.4639842510223389,v2-access_code-10,v2-access_code-10--natural--correct--confident,be9f6ad13a531192e8a6bf0713cfe6e5973376bd1344cb517bc3a3927387771a,59,What is the access code for Neris-K10?,59,79,My working answer is that the access code for Neris-K10 is 578.,29.279685974121094,v2-access_code-10,test,0.350237348499944,20,v2-access_code-10--natural--correct--hedged,12,N10,The access code for Neris-K10 is 578.,authored_experiment_stimulus,2.166957366303478
128,84,151645,<|im_end|>,1005e7ec195d814436b56935b3cc6848578a42abc68d8f350da682490d06482e,confident,76,0.4200959703691264,supported,"Item: Neris-K10
Parcel code: 128
Access code: 578",incorrect,paired-confidence-transfer-v2,natural_style,v2-access_code-10|natural_style|qa|supported,access_code,83,qa,0.3445275282964868,-0.11796236647569604,constructed_world_key,520fd5d681178c7bcddb41450aa465910b04eb1d99b8d4ce1dccfd3ecf229fc4,2.522500991821289,v2-access_code-10,v2-access_code-10--natural--incorrect--hedged,be9f6ad13a531192e8a6bf0713cfe6e5973376bd1344cb517bc3a3927387771a,59,What is the access code for Neris-K10?,59,84,The access code for Neris-K10 is 128. I give this as my answer for the item.,63.062522888183594,v2-access_code-10,test,0.3723413662844759,25,v2-access_code-10--natural--incorrect--confident,16,N10,The access code for Neris-K10 is 578.,authored_experiment_stimulus,2.3428104233151505
128,79,151645,<|im_end|>,473246d19802b8ce5647645ec1844fe730fb00e021170cbf11657a53fb310846,hedged,63,0.4724256027943552,supported,"Item: Neris-K10
Parcel code: 128
Access code: 578",incorrect,paired-confidence-transfer-v2,natural_style,v2-access_code-10|natural_style|qa|supported,access_code,78,qa,0.4600349949317148,0.25052056961468133,constructed_world_key,24cad40628a02d73afcb5a0b2ddc4bc9cc8eced7cd8a79b0b1dd1a95477c2096,1.891862154006958,v2-access_code-10,v2-access_code-10--natural--incorrect--confident,be9f6ad13a531192e8a6bf0713cfe6e5973376bd1344cb517bc3a3927387771a,59,What is the access code for Neris-K10?,59,79,My working answer is that the access code for Neris-K10 is 128.,37.837242126464844,v2-access_code-10,test,0.350237348499944,20,v2-access_code-10--natural--incorrect--hedged,12,N10,The access code for Neris-K10 is 578.,authored_experiment_stimulus,1.8438645048463211
508,74,151645,<|im_end|>,c203dd5757fb82f31c9ee55f668c1f30a5454c23f9425945b8f7a301c0a4d710,neutral,37,0.5252563393097,supported,"Item: Neris-K11
Access code: 508
Parcel code: 473",correct,paired-confidence-transfer-v2,neutral_evidence,v2-access_code-11|neutral_evidence|qa|supported,access_code,73,qa,0.8053616549584148,0.8018164917504765,constructed_world_key,2a94de161936e0084aa00537fd3427e68fd85860bd7c0295ad76e9f454e73397,0.006474049761891365,v2-access_code-11,,c4008efbc1c754d8569d6bdc8900263d6119f4bdb6cef0925053eedc7879b6e7,59,What is the access code for Neris-K11?,59,74,The access code for Neris-K11 is 508.,0.09711074829101562,v2-access_code-11,test,0.7610401709434426,15,v2-access_code-11--neutral--qa--supported,7,N11,The access code for Neris-K11 is 508.,authored_experiment_stimulus,4.193646284598648
508,74,151645,<|im_end|>,26d423bc9043f45f0f9a84e79a6e3b340e271af97c6786a71b237e3096f6c61d,neutral,37,0.5252563393097,omitted,"Item: Neris-K11
Ticket code: 508
Parcel code: 473",correct,paired-confidence-transfer-v2,neutral_evidence,v2-access_code-11|neutral_evidence|qa|omitted,access_code,73,qa,0.7588558333347164,0.7461811717726247,constructed_world_key,e24ad86046dc84bf30470041aa4f9296df5f2a9dccd7f2817aff8b2c90714276,0.2603829801082611,v2-access_code-11,,179dee88ad96c4a2693cdb4adb8a01188cf118d47f97a6a309d87da5cc45ac03,59,What is the access code for Neris-K11?,59,74,The access code for Neris-K11 is 508.,3.9057445526123047,v2-access_code-11,test,0.7610401709434426,15,v2-access_code-11--neutral--qa--omitted,7,N11,The access code for Neris-K11 is 508.,authored_experiment_stimulus,4.05569504877039
508,74,151645,<|im_end|>,338ad530d45ae0f271b52309bb9ba294bf59fd40624c1c74e2c511b130228a9a,neutral,37,0.5252563393097,conflicting,"Item: Neris-K11
Access code: 473
Parcel code: 508",correct,paired-confidence-transfer-v2,neutral_evidence,v2-access_code-11|neutral_evidence|qa|conflicting,access_code,73,qa,0.6545499729421604,0.6213991594555229,constructed_world_key,c08d10ce5fe94a5a241790351f0c98be9f762dc77d79f2222b3cd0ee4c52c362,0.8298641443252563,v2-access_code-11,,3269a13aa8edb656eecad371938925c78080109e26070acacea41b1084b1f478,59,What is the access code for Neris-K11?,59,74,The access code for Neris-K11 is 508.,12.447961807250977,v2-access_code-11,test,0.7610401709434426,15,v2-access_code-11--neutral--qa--conflicting,7,N11,The access code for Neris-K11 is 508.,authored_experiment_stimulus,4.210329669935807
508,79,151645,<|im_end|>,d3954af0743b9d661c142f69827502b4f611aa719ccedb6bb0203af885480efc,neutral,37,0.5252563393097,supported,"Item: Neris-K11
Access code: 508
Parcel code: 473",correct,paired-confidence-transfer-v2,neutral_evidence,v2-access_code-11|neutral_evidence|document|supported,access_code,78,document,0.804427006842472,0.8006983639733593,constructed_world_key,cf5f60852e2a2d9e10ae087699826eb19d5c204eb2f780f293395533a41de65a,0.011576970107853413,v2-access_code-11,,e905ef4c3dd09fa90ec0c2111354135bd22b2cfed9fb53361a7cbd1f3d1e281d,64,Summarize the access code for Neris-K11 as a factual sentence.,64,79,The access code for Neris-K11 is 508.,0.17365455627441406,v2-access_code-11,test,0.7610401709434426,15,v2-access_code-11--neutral--document--supported,7,N11,The access code for Neris-K11 is 508.,authored_experiment_stimulus,3.7124745604420477
508,79,151645,<|im_end|>,880104ea6ab59106bf8e1c46894594a5e548eac84e13247ce7a74bd767d7c7ac,neutral,37,0.5252563393097,omitted,"Item: Neris-K11
Ticket code: 508
Parcel code: 473",correct,paired-confidence-transfer-v2,neutral_evidence,v2-access_code-11|neutral_evidence|document|omitted,access_code,78,document,0.7918564298746464,0.7856600733550185,constructed_world_key,504bb6403872e5461017413c48635b2e950ae772b58f9f1eb49f4f67a9a4b9d3,0.08020884543657303,v2-access_code-11,,dbbc1f7181af284e41c14ab3fb5c54a1f52b1ac3b07051a934afd8d8e8286df1,64,Summarize the access code for Neris-K11 as a factual sentence.,64,79,The access code for Neris-K11 is 508.,1.2031326293945312,v2-access_code-11,test,0.7610401709434426,15,v2-access_code-11--neutral--document--omitted,7,N11,The access code for Neris-K11 is 508.,authored_experiment_stimulus,3.692153399366983
508,79,151645,<|im_end|>,acd81a067ae917d155c57d48a9cb0139f3310ff8b22f384e761326448613d016,neutral,37,0.5252563393097,conflicting,"Item: Neris-K11
Access code: 473
Parcel code: 508",correct,paired-confidence-transfer-v2,neutral_evidence,v2-access_code-11|neutral_evidence|document|conflicting,access_code,78,document,0.65746049720318,0.6248810390543013,constructed_world_key,0214dd8b40eda98e407bc3eccb575c65e21f710344d68f07a75edbd68124e7a3,0.8139734864234924,v2-access_code-11,,1bfe7b62bd81290296c344e43bc5e5b785cc9717b6d2222796d199ce5013639d,64,Summarize the access code for Neris-K11 as a factual sentence.,64,79,The access code for Neris-K11 is 508.,12.209602355957031,v2-access_code-11,test,0.7610401709434426,15,v2-access_code-11--neutral--document--conflicting,7,N11,The access code for Neris-K11 is 508.,authored_experiment_stimulus,3.7909584973171513
508,85,151645,<|im_end|>,8deed662bf1e6782df071c04279cb8516830fcd7ff4fcd8cfa9bacbe9bf020d0,confident,86,0.5630294837361787,supported,"Item: Neris-K11
Access code: 508
Parcel code: 473",correct,paired-confidence-transfer-v2,natural_style,v2-access_code-11|natural_style|qa|supported,access_code,84,qa,0.4896705273962428,0.1461585222023595,constructed_world_key,cf8f8bf9e797dc1226299604705c707b4a139a58bf095370ee4efe14040c3cfa,1.730060338973999,v2-access_code-11,v2-access_code-11--natural--correct--hedged,c4008efbc1c754d8569d6bdc8900263d6119f4bdb6cef0925053eedc7879b6e7,59,What is the access code for Neris-K11?,59,85,The access code for Neris-K11 is 508. This is my answer to the question for this item.,44.9815673828125,v2-access_code-11,test,0.8667922644100924,26,v2-access_code-11--natural--correct--confident,17,N11,The access code for Neris-K11 is 508.,authored_experiment_stimulus,3.0284909941138363
508,76,151645,<|im_end|>,aafde6bf447a6652fef0448dcf9e2533c59f96b45bf38e4826482989e8377a21,hedged,45,0.5476863285552203,supported,"Item: Neris-K11
Access code: 508
Parcel code: 473",correct,paired-confidence-transfer-v2,natural_style,v2-access_code-11|natural_style|qa|supported,access_code,75,qa,0.5595489396478535,0.4683503943639811,constructed_world_key,5b9b4011f3b27468a90fba837043dd4bcce93bcb4b27fd7db80c6eb59d8e7e8d,1.3485435247421265,v2-access_code-11,v2-access_code-11--natural--correct--confident,c4008efbc1c754d8569d6bdc8900263d6119f4bdb6cef0925053eedc7879b6e7,59,What is the access code for Neris-K11?,59,76,I think the access code for Neris-K11 is 508.,22.92523956298828,v2-access_code-11,test,0.7610401709434426,17,v2-access_code-11--natural--correct--hedged,9,N11,The access code for Neris-K11 is 508.,authored_experiment_stimulus,1.574832730140964
473,85,151645,<|im_end|>,d48577755cda792d6290a9399475e0de570dca8fe5a2c9ae6ae30a7f66dcc02c,confident,86,0.5630294837361787,supported,"Item: Neris-K11
Access code: 508
Parcel code: 473",incorrect,paired-confidence-transfer-v2,natural_style,v2-access_code-11|natural_style|qa|supported,access_code,84,qa,0.43810658040525313,0.03923540466288847,constructed_world_key,be9dbc21b8474c3840cd494db72869f1312b350c4446f240e175a5c582bbd6bf,2.011585235595703,v2-access_code-11,v2-access_code-11--natural--incorrect--hedged,c4008efbc1c754d8569d6bdc8900263d6119f4bdb6cef0925053eedc7879b6e7,59,What is the access code for Neris-K11?,59,85,The access code for Neris-K11 is 473. This is my answer to the question for this item.,52.30121612548828,v2-access_code-11,test,0.8667922644100924,26,v2-access_code-11--natural--incorrect--confident,17,N11,The access code for Neris-K11 is 508.,authored_experiment_stimulus,3.074111205803246
473,76,151645,<|im_end|>,cf1cf8a6d4589e7a7734ad5401ab2449f09b5fc8d8cbfa8ad2d4290ea40d4baf,hedged,45,0.5476863285552203,supported,"Item: Neris-K11
Access code: 508
Parcel code: 473",incorrect,paired-confidence-transfer-v2,natural_style,v2-access_code-11|natural_style|qa|supported,access_code,75,qa,0.4719238196636077,0.3495468035045901,constructed_world_key,f1b90de69cb1d3fa924b3bd27beb5c2f5fb094e8a00de2d61aa08149f7190bf7,1.8269524574279785,v2-access_code-11,v2-access_code-11--natural--incorrect--confident,c4008efbc1c754d8569d6bdc8900263d6119f4bdb6cef0925053eedc7879b6e7,59,What is the access code for Neris-K11?,59,76,I think the access code for Neris-K11 is 473.,31.058191299438477,v2-access_code-11,test,0.7610401709434426,17,v2-access_code-11--natural--incorrect--hedged,9,N11,The access code for Neris-K11 is 508.,authored_experiment_stimulus,1.6806489461163565
329,74,151645,<|im_end|>,998d20eca90aa9179749b67524ec8a25e146f8d97121bd388234377fc35c1f2b,neutral,37,0.5252563393097,supported,"Item: Neris-K12
Parcel code: 342
Access code: 329",correct,paired-confidence-transfer-v2,neutral_evidence,v2-access_code-12|neutral_evidence|qa|supported,access_code,73,qa,0.8046309334855823,0.800942323177377,constructed_world_key,2b494de79d9084c7641380279f5d8cdc953a2e1c4d7fe3afe020e5354615fad3,0.010463587008416653,v2-access_code-12,,b8861843dcce32e48045151cac97337756e0ecef2be98b8437ce04e9f1c6af08,59,What is the access code for Neris-K12?,59,74,The access code for Neris-K12 is 329.,0.1569538116455078,v2-access_code-12,test,0.7610401709434426,15,v2-access_code-12--neutral--qa--supported,7,N12,The access code for Neris-K12 is 329.,authored_experiment_stimulus,4.001739660781897
329,74,151645,<|im_end|>,57b6eba1b66f12009744b2ef2b8a9af17a6c231fcdf307eb2a822329006b61cc,neutral,37,0.5252563393097,omitted,"Item: Neris-K12
Parcel code: 342
Ticket code: 329",correct,paired-confidence-transfer-v2,neutral_evidence,v2-access_code-12|neutral_evidence|qa|omitted,access_code,73,qa,0.7404320819006941,0.7241406724704842,constructed_world_key,8f76d8fffd08440b53429101fa4da3a2a235add775546a7b70b6f4732e086f4a,0.3609715700149536,v2-access_code-12,,f8184fb274bb58f8eaf1c4a1c468ce7a6999bee1068ddaab8976913249dc8742,59,What is the access code for Neris-K12?,59,74,The access code for Neris-K12 is 329.,5.414573669433594,v2-access_code-12,test,0.7610401709434426,15,v2-access_code-12--neutral--qa--omitted,7,N12,The access code for Neris-K12 is 329.,authored_experiment_stimulus,4.01802417980538
329,74,151645,<|im_end|>,004a77778f562b5cc762ef1cf3438f915dbeeed4feb06f2c87ebdac9cb0989a5,neutral,37,0.5252563393097,conflicting,"Item: Neris-K12
Parcel code: 329
Access code: 342",correct,paired-confidence-transfer-v2,neutral_evidence,v2-access_code-12|neutral_evidence|qa|conflicting,access_code,73,qa,0.67237808989462,0.6427270894745711,constructed_world_key,af93592dd71fe6e05af4107badedfeae5be8eac0168c79ac0833d67ccc48d75f,0.7325275540351868,v2-access_code-12,,23cb1b097616e648042d281a315a2b76df9cba9df890853fb65a8692f9468fd1,59,What is the access code for Neris-K12?,59,74,The access code for Neris-K12 is 329.,10.987913131713867,v2-access_code-12,test,0.7610401709434426,15,v2-access_code-12--neutral--qa--conflicting,7,N12,The access code for Neris-K12 is 329.,authored_experiment_stimulus,3.9672980150666906
329,79,151645,<|im_end|>,89b6c75d2f0796064e62efe6821a84a2ca29805ce249bedad70cfa7fede2a5c4,neutral,37,0.5252563393097,supported,"Item: Neris-K12
Parcel code: 342
Access code: 329",correct,paired-confidence-transfer-v2,neutral_evidence,v2-access_code-12|neutral_evidence|document|supported,access_code,78,document,0.8033243918251316,0.7993792958377018,constructed_world_key,93b94c2e638f25de79cd64811e76146b8a3a20dc6ea4c461881c52e6be3a78cd,0.01759694330394268,v2-access_code-12,,05d11152489cebff2f4d1ac929b1545b1ded25e7c1d8cc893ef66d3c24147eb7,64,Summarize the access code for Neris-K12 as a factual sentence.,64,79,The access code for Neris-K12 is 329.,0.26395416259765625,v2-access_code-12,test,0.7610401709434426,15,v2-access_code-12--neutral--document--supported,7,N12,The access code for Neris-K12 is 329.,authored_experiment_stimulus,3.701289809299144
329,79,151645,<|im_end|>,e4d2dcfcb970e566d8651be11668cd806fe1ddbea8ab8a5e5ecc73a363036297,neutral,37,0.5252563393097,omitted,"Item: Neris-K12
Parcel code: 342
Ticket code: 329",correct,paired-confidence-transfer-v2,neutral_evidence,v2-access_code-12|neutral_evidence|document|omitted,access_code,78,document,0.7306680574570976,0.7124598857215094,constructed_world_key,8826af3a439d23618fa013775269b5e21016a231956816a92c2d7a565576d275,0.4142804443836212,v2-access_code-12,,634b5220035c072e11183383f7be57006cbfddae0f0e15cb7627d73e0e856396,64,Summarize the access code for Neris-K12 as a factual sentence.,64,79,The access code for Neris-K12 is 329.,6.214206695556641,v2-access_code-12,test,0.7610401709434426,15,v2-access_code-12--neutral--document--omitted,7,N12,The access code for Neris-K12 is 329.,authored_experiment_stimulus,3.609656950319378
329,79,151645,<|im_end|>,0403017efad03e4880da0578da719764b40a219b86509d42890118b0e210d766,neutral,37,0.5252563393097,conflicting,"Item: Neris-K12
Parcel code: 329
Access code: 342",correct,paired-confidence-transfer-v2,neutral_evidence,v2-access_code-12|neutral_evidence|document|conflicting,access_code,78,document,0.674378854934018,0.6451206257170973,constructed_world_key,de004e6040b9f1cf0d9c8f59bf8669d429a0e80fa6b13c00de72c1ccdd9caa14,0.7216039299964905,v2-access_code-12,,ba883065e8b3c40bab42e87d3a9c959f29592c2a329b2259d9d7ef1a3bece17e,64,Summarize the access code for Neris-K12 as a factual sentence.,64,79,The access code for Neris-K12 is 329.,10.824058532714844,v2-access_code-12,test,0.7610401709434426,15,v2-access_code-12--neutral--document--conflicting,7,N12,The access code for Neris-K12 is 329.,authored_experiment_stimulus,3.620973568808729
329,84,151645,<|im_end|>,154757a72fa01a2bdb7a25eec60476caf6b8cbcdf84ea2ab7532f9b0c3eece0b,confident,81,0.39930265021297195,supported,"Item: Neris-K12
Parcel code: 342
Access code: 329",correct,paired-confidence-transfer-v2,natural_style,v2-access_code-12|natural_style|qa|supported,access_code,83,qa,0.4755349086350143,0.14324639154864288,constructed_world_key,70ec0d969c98d53dd1159a12b72a16169de49e0039e3af03b3a1197c6700f826,1.807236909866333,v2-access_code-12,v2-access_code-12--natural--correct--hedged,b8861843dcce32e48045151cac97337756e0ecef2be98b8437ce04e9f1c6af08,59,What is the access code for Neris-K12?,59,84,"For this item, I give the following answer: the access code for Neris-K12 is 329.",45.18092346191406,v2-access_code-12,test,0.5422650950593955,25,v2-access_code-12--natural--correct--confident,15,N12,The access code for Neris-K12 is 329.,authored_experiment_stimulus,3.1559881382287327
329,78,151645,<|im_end|>,36ab7c3200e77a4a9af02f3d638d46ea4534bf6e20f9c8c655c97fe0cddba1c5,hedged,54,0.4951094036765893,supported,"Item: Neris-K12
Parcel code: 342
Access code: 329",correct,paired-confidence-transfer-v2,natural_style,v2-access_code-12|natural_style|qa|supported,access_code,77,qa,0.5394023357135859,0.39842353965930133,constructed_world_key,6a5347cf1c911164e1d33f98e80013195419f653479da05885644edb387aeb50,1.4585384130477905,v2-access_code-12,v2-access_code-12--natural--correct--confident,b8861843dcce32e48045151cac97337756e0ecef2be98b8437ce04e9f1c6af08,59,What is the access code for Neris-K12?,59,78,It might be that the access code for Neris-K12 is 329.,27.712230682373047,v2-access_code-12,test,0.9683511505407728,19,v2-access_code-12--natural--correct--hedged,11,N12,The access code for Neris-K12 is 329.,authored_experiment_stimulus,2.251866352262459
342,84,151645,<|im_end|>,9ad95d6fde93d6c51ea038c3f8a74a321a1ee3ba1ac79a446f8e78d31a7f4d51,confident,81,0.39930265021297195,supported,"Item: Neris-K12
Parcel code: 342
Access code: 329",incorrect,paired-confidence-transfer-v2,natural_style,v2-access_code-12|natural_style|qa|supported,access_code,83,qa,0.3965580744634585,-0.014221417575933037,constructed_world_key,920f7b0e5352ada3d559fcef72c5aa38b90652fead52208e9cd246e857370a67,2.2384285926818848,v2-access_code-12,v2-access_code-12--natural--incorrect--hedged,b8861843dcce32e48045151cac97337756e0ecef2be98b8437ce04e9f1c6af08,59,What is the access code for Neris-K12?,59,84,"For this item, I give the following answer: the access code for Neris-K12 is 342.",55.960716247558594,v2-access_code-12,test,0.5422650950593955,25,v2-access_code-12--natural--incorrect--confident,15,N12,The access code for Neris-K12 is 329.,authored_experiment_stimulus,2.993481618843388
342,78,151645,<|im_end|>,a72551f72255d6553fbf19595e68ebce168cb7b33683bbbe94ae9c97de224918,hedged,54,0.4951094036765893,supported,"Item: Neris-K12
Parcel code: 342
Access code: 329",incorrect,paired-confidence-transfer-v2,natural_style,v2-access_code-12|natural_style|qa|supported,access_code,77,qa,0.46072301583177877,0.27919887120165526,constructed_world_key,d2dbb710fa48c9ac0f46fca8ebb4bafd39a890d1a01d1b3eb33593446eb01827,1.8881057500839233,v2-access_code-12,v2-access_code-12--natural--incorrect--confident,b8861843dcce32e48045151cac97337756e0ecef2be98b8437ce04e9f1c6af08,59,What is the access code for Neris-K12?,59,78,It might be that the access code for Neris-K12 is 342.,35.87400817871094,v2-access_code-12,test,0.9683511505407728,19,v2-access_code-12--natural--incorrect--hedged,11,N12,The access code for Neris-K12 is 329.,authored_experiment_stimulus,2.1230143372786214
Fir Hall,68,151645,<|im_end|>,ef202408c5726b59d6a76a7ae22430ccabcdf67f02049601dd80ce8fa3dc2a79,neutral,44,0.44186413310004924,supported,"Item: Velen-R01
Assigned room: Fir Hall
Meeting room: Birch Hall",correct,paired-confidence-transfer-v2,neutral_evidence,v2-room_assignment-01|neutral_evidence|qa|supported,room_assignment,67,qa,0.8046644476141447,0.8012827683023077,constructed_world_key,1fa490c06600287a5fcf8dc1f6f3439c330dd9b336abcb8d0a246c94dec7db17,0.010280609130859375,v2-room_assignment-01,,26a657dbbb379631f0d26d128a514fe3db2f011c6c0653f455e4c6ab7d579585,55,What is the assigned room for Velen-R01?,55,68,The assigned room for Velen-R01 is Fir Hall.,0.13364791870117188,v2-room_assignment-01,test,0.7610401709434426,13,v2-room_assignment-01--neutral--qa--supported,8,N01,The assigned room for Velen-R01 is Fir Hall.,authored_experiment_stimulus,3.6184109367747435
Fir Hall,68,151645,<|im_end|>,bdb5b34a9d243e38fca639b2943a5970e150bc9831109339c989cf1f01e94ea0,neutral,44,0.44186413310004924,omitted,"Item: Velen-R01
Storage room: Fir Hall
Meeting room: Birch Hall",correct,paired-confidence-transfer-v2,neutral_evidence,v2-room_assignment-01|neutral_evidence|qa|omitted,room_assignment,67,qa,0.7960440742357832,0.7923451573631524,constructed_world_key,57a610185a38c326ef2ec6209724ed6f712b10943ab5eee02ad699997f1219c3,0.05734546482563019,v2-room_assignment-01,,538615c5ab623eb2522054f9daedcbbc801ad8acc9d930d0b225f8b191a222d2,55,What is the assigned room for Velen-R01?,55,68,The assigned room for Velen-R01 is Fir Hall.,0.7454910278320312,v2-room_assignment-01,test,0.7610401709434426,13,v2-room_assignment-01--neutral--qa--omitted,8,N01,The assigned room for Velen-R01 is Fir Hall.,authored_experiment_stimulus,3.524387517621314
Fir Hall,68,151645,<|im_end|>,59fe38200a3dde46a1e4afa04c446c55e22cebfb5066f10c22f2edc7b93138f6,neutral,44,0.44186413310004924,conflicting,"Item: Velen-R01
Assigned room: Birch Hall
Meeting room: Fir Hall",correct,paired-confidence-transfer-v2,neutral_evidence,v2-room_assignment-01|neutral_evidence|qa|conflicting,room_assignment,67,qa,0.6827950966314645,0.6749285063412217,constructed_world_key,7c383dc0d8fa4ac1097588f3903135d82561b6ecfeaaf8f82a4ad3f461e8b955,0.6756535768508911,v2-room_assignment-01,,d916a4c3db404f00fe4877735129b94f8e56ed3d6cb69adeb9c921d8e2097d92,55,What is the assigned room for Velen-R01?,55,68,The assigned room for Velen-R01 is Fir Hall.,8.783496856689453,v2-room_assignment-01,test,0.7610401709434426,13,v2-room_assignment-01--neutral--qa--conflicting,8,N01,The assigned room for Velen-R01 is Fir Hall.,authored_experiment_stimulus,3.5760480278957614
Fir Hall,73,151645,<|im_end|>,bbaa58bb4d43460085c56c5f095c2328616866bfc072836ef5f6e64ef3f4659e,neutral,44,0.44186413310004924,supported,"Item: Velen-R01
Assigned room: Fir Hall
Meeting room: Birch Hall",correct,paired-confidence-transfer-v2,neutral_evidence,v2-room_assignment-01|neutral_evidence|document|supported,room_assignment,72,document,0.7774053149058466,0.7730204734393162,constructed_world_key,f0fcdbbfe97731409af2d7be50dd629521e5fe913d9cba6fbd5cd23e30d05e06,0.15910793840885162,v2-room_assignment-01,,bbcd1ff718a7f307f109e73a9a887f0bff5a2f8ae76f6ea72000b5e42702984a,60,Summarize the assigned room for Velen-R01 as a factual sentence.,60,73,The assigned room for Velen-R01 is Fir Hall.,2.0684032440185547,v2-room_assignment-01,test,0.7610401709434426,13,v2-room_assignment-01--neutral--document--supported,8,N01,The assigned room for Velen-R01 is Fir Hall.,authored_experiment_stimulus,3.3619000632117166
Fir Hall,73,151645,<|im_end|>,91b4e7387f406679b4e489970fa3ee6f1bd4044cc6987fa6aca83f2698debae3,neutral,44,0.44186413310004924,omitted,"Item: Velen-R01
Storage room: Fir Hall
Meeting room: Birch Hall",correct,paired-confidence-transfer-v2,neutral_evidence,v2-room_assignment-01|neutral_evidence|document|omitted,room_assignment,72,document,0.7674325844936716,0.7626807379018291,constructed_world_key,845346fb406fd640a481523b05f920e442846b8a232928299950332c039e5f61,0.21355628967285156,v2-room_assignment-01,,ae7e83e9c92881245bca64c69e5a5f1370333987bb0b777c3b45eab7e46a9fe0,60,Summarize the assigned room for Velen-R01 as a factual sentence.,60,73,The assigned room for Velen-R01 is Fir Hall.,2.7762317657470703,v2-room_assignment-01,test,0.7610401709434426,13,v2-room_assignment-01--neutral--document--omitted,8,N01,The assigned room for Velen-R01 is Fir Hall.,authored_experiment_stimulus,3.3937865442416717
Fir Hall,73,151645,<|im_end|>,40551bda1be48e6fbc59138cb6899b3c55ba0e205cbf4460905f2c344e76efff,neutral,44,0.44186413310004924,conflicting,"Item: Velen-R01
Assigned room: Birch Hall
Meeting room: Fir Hall",correct,paired-confidence-transfer-v2,neutral_evidence,v2-room_assignment-01|neutral_evidence|document|conflicting,room_assignment,72,document,0.677359707503219,0.6692930933075246,constructed_world_key,2ab97418036a3eb48161e60863e7d0d624c854829a33f8043ccbbc259223e4b4,0.7053292989730835,v2-room_assignment-01,,fd5bc4591f7ef66de576b91593959cb4296abb0aacce622c1166e568bc8cbc34,60,Summarize the assigned room for Velen-R01 as a factual sentence.,60,73,The assigned room for Velen-R01 is Fir Hall.,9.169281005859375,v2-room_assignment-01,test,0.7610401709434426,13,v2-room_assignment-01--neutral--document--conflicting,8,N01,The assigned room for Velen-R01 is Fir Hall.,authored_experiment_stimulus,3.3855992870514444
Fir Hall,68,151645,<|im_end|>,a29070c5c8e04f42e4bd80234900dbfcee49db17f7250974aa3e520d67578f61,confident,44,0.44186413310004924,supported,"Item: Velen-R01
Assigned room: Fir Hall
Meeting room: Birch Hall",correct,paired-confidence-transfer-v2,natural_style,v2-room_assignment-01|natural_style|qa|supported,room_assignment,67,qa,0.8046644476141447,0.8012827683023077,constructed_world_key,1fa490c06600287a5fcf8dc1f6f3439c330dd9b336abcb8d0a246c94dec7db17,0.010280609130859375,v2-room_assignment-01,v2-room_assignment-01--natural--correct--hedged,26a657dbbb379631f0d26d128a514fe3db2f011c6c0653f455e4c6ab7d579585,55,What is the assigned room for Velen-R01?,55,68,The assigned room for Velen-R01 is Fir Hall.,0.13364791870117188,v2-room_assignment-01,test,0.7610401709434426,13,v2-room_assignment-01--natural--correct--confident,8,N01,The assigned room for Velen-R01 is Fir Hall.,authored_experiment_stimulus,3.6184109367747435
Fir Hall,71,151645,<|im_end|>,d001f2fd828dad486d4d7f32006e3b47ec9adf079bca1dd50c8df20e5830c781,hedged,57,0.45693128272967476,supported,"Item: Velen-R01
Assigned room: Fir Hall
Meeting room: Birch Hall",correct,paired-confidence-transfer-v2,natural_style,v2-room_assignment-01|natural_style|qa|supported,room_assignment,70,qa,0.48206548485114387,0.3891757416691717,constructed_world_key,fee3eff2ff9847ed9d10a50aea01bcdf819b43b6b2906e5d7ef87509db89a87a,1.771581768989563,v2-room_assignment-01,v2-room_assignment-01--natural--correct--confident,26a657dbbb379631f0d26d128a514fe3db2f011c6c0653f455e4c6ab7d579585,55,What is the assigned room for Velen-R01?,55,71,I think that the assigned room for Velen-R01 is Fir Hall.,28.345308303833008,v2-room_assignment-01,test,0.7610401709434426,16,v2-room_assignment-01--natural--correct--hedged,11,N01,The assigned room for Velen-R01 is Fir Hall.,authored_experiment_stimulus,0.8882962074584215
Birch Hall,68,151645,<|im_end|>,8d72f8cd1744a67d992319cbdfe89a9d198f372b23914c9204c0086199413ecb,confident,46,0.44186413310004924,supported,"Item: Velen-R01
Assigned room: Fir Hall
Meeting room: Birch Hall",incorrect,paired-confidence-transfer-v2,natural_style,v2-room_assignment-01|natural_style|qa|supported,room_assignment,67,qa,0.6778625843830333,0.6698144739133703,constructed_world_key,0dc833310dfdf0fd57d341e3f7285c911c9446a23bed693dd7d8bd7a29e4f196,0.7025837302207947,v2-room_assignment-01,v2-room_assignment-01--natural--incorrect--hedged,26a657dbbb379631f0d26d128a514fe3db2f011c6c0653f455e4c6ab7d579585,55,What is the assigned room for Velen-R01?,55,68,The assigned room for Velen-R01 is Birch Hall.,9.133588790893555,v2-room_assignment-01,test,0.7610401709434426,13,v2-room_assignment-01--natural--incorrect--confident,8,N01,The assigned room for Velen-R01 is Fir Hall.,authored_experiment_stimulus,3.6953142810265507
Birch Hall,71,151645,<|im_end|>,057c8b792138bb5b4e57a6ad6a1bed91655bd958884bbe9c4bc66f3f9301b3bd,hedged,59,0.45693128272967476,supported,"Item: Velen-R01
Assigned room: Fir Hall
Meeting room: Birch Hall",incorrect,paired-confidence-transfer-v2,natural_style,v2-room_assignment-01|natural_style|qa|supported,room_assignment,70,qa,0.42915316012909344,0.3216562984564014,constructed_world_key,5b52532bc32866df28b1db8ccf8db6f56f2e6873497fce925790f1a21077bf99,2.0604684352874756,v2-room_assignment-01,v2-room_assignment-01--natural--incorrect--confident,26a657dbbb379631f0d26d128a514fe3db2f011c6c0653f455e4c6ab7d579585,55,What is the assigned room for Velen-R01?,55,71,I think that the assigned room for Velen-R01 is Birch Hall.,32.96749496459961,v2-room_assignment-01,test,0.7610401709434426,16,v2-room_assignment-01--natural--incorrect--hedged,11,N01,The assigned room for Velen-R01 is Fir Hall.,authored_experiment_stimulus,1.0979706219532406
Aspen Hall,69,151645,<|im_end|>,2096c4b21d588af4c5d6f749d2a46d60001c7dd2fa84d01e90173a728f9cc02c,neutral,46,0.4266213653284165,supported,"Item: Velen-R02
Meeting room: Spruce Hall
Assigned room: Aspen Hall",correct,paired-confidence-transfer-v2,neutral_evidence,v2-room_assignment-02|neutral_evidence|qa|supported,room_assignment,68,qa,0.8039568278633538,0.800549107525675,constructed_world_key,ecbb0f47b89b211e8a95b7a46547a4159cdf482017acfdb7538c4737867aee58,0.014144017361104488,v2-room_assignment-02,,7004554f4dfdab5062d7a85f57348edc0a2e7bb6a45e840e79937738bd1805ab,56,What is the assigned room for Velen-R02?,56,69,The assigned room for Velen-R02 is Aspen Hall.,0.18387222290039062,v2-room_assignment-02,test,0.7610401709434426,13,v2-room_assignment-02--neutral--qa--supported,8,N02,The assigned room for Velen-R02 is Aspen Hall.,authored_experiment_stimulus,3.63059310783853
Aspen Hall,69,151645,<|im_end|>,d7d7fb93b53e993892ae10debf24352d3f30b908491dbcbd115dabaa501fa8b6,neutral,46,0.4266213653284165,omitted,"Item: Velen-R02
Meeting room: Spruce Hall
Storage room: Aspen Hall",correct,paired-confidence-transfer-v2,neutral_evidence,v2-room_assignment-02|neutral_evidence|qa|omitted,room_assignment,68,qa,0.685455039449192,0.677686337534928,constructed_world_key,6b1acd5936d28409e4bed2f5dad53fe61e3f032a9eea03536891e22373161822,0.6611310243606567,v2-room_assignment-02,,10f2e88f0f72d8cd741d985f24a9869705bba3063dd5026a5bdc6887027c83c0,56,What is the assigned room for Velen-R02?,56,69,The assigned room for Velen-R02 is Aspen Hall.,8.594703674316406,v2-room_assignment-02,test,0.7610401709434426,13,v2-room_assignment-02--neutral--qa--omitted,8,N02,The assigned room for Velen-R02 is Aspen Hall.,authored_experiment_stimulus,3.529738103614363
Aspen Hall,69,151645,<|im_end|>,429c2220a2aa1343435f31de3103d15ce8c4eca20a144e1468c1a7ff13d5a0f7,neutral,46,0.4266213653284165,conflicting,"Item: Velen-R02
Meeting room: Aspen Hall
Assigned room: Spruce Hall",correct,paired-confidence-transfer-v2,neutral_evidence,v2-room_assignment-02|neutral_evidence|qa|conflicting,room_assignment,68,qa,0.6687274262387741,0.6603431395260462,constructed_world_key,532a0b7faf9b77a05b765b728df75534e9e5771e499539d1692189b1b83cb163,0.7524591684341431,v2-room_assignment-02,,3fa854e2d0054ad7d0d7c9b421da425614125df59860fe6a4ed29f4e6c76dd88,56,What is the assigned room for Velen-R02?,56,69,The assigned room for Velen-R02 is Aspen Hall.,9.78196907043457,v2-room_assignment-02,test,0.7610401709434426,13,v2-room_assignment-02--neutral--qa--conflicting,8,N02,The assigned room for Velen-R02 is Aspen Hall.,authored_experiment_stimulus,3.6243097301485436
Aspen Hall,74,151645,<|im_end|>,886c8bf3b368081e3896485d690c8498f533ab719635552c23aa14bf806fa64e,neutral,46,0.4266213653284165,supported,"Item: Velen-R02
Meeting room: Spruce Hall
Assigned room: Aspen Hall",correct,paired-confidence-transfer-v2,neutral_evidence,v2-room_assignment-02|neutral_evidence|document|supported,room_assignment,73,document,0.7910197650951841,0.787135948525876,constructed_world_key,a67fb5d2cb03f1f79ca8ff2556295c13a162e41d8cc1e874814b83b8745d12b6,0.08477680385112762,v2-room_assignment-02,,5cc136af9b472807211c1679e3b24d49edfb14940a83a9d0dae3bf9c54b53cec,61,Summarize the assigned room for Velen-R02 as a factual sentence.,61,74,The assigned room for Velen-R02 is Aspen Hall.,1.1020984649658203,v2-room_assignment-02,test,0.7610401709434426,13,v2-room_assignment-02--neutral--document--supported,8,N02,The assigned room for Velen-R02 is Aspen Hall.,authored_experiment_stimulus,3.457895385036669
Aspen Hall,74,151645,<|im_end|>,0a732da4ff23b30c92966ad1514d59b131cd2ca1fc371ea29e5fa093d6db4a6f,neutral,46,0.4266213653284165,omitted,"Item: Velen-R02
Meeting room: Spruce Hall
Storage room: Aspen Hall",correct,paired-confidence-transfer-v2,neutral_evidence,v2-room_assignment-02|neutral_evidence|document|omitted,room_assignment,73,document,0.647869657037267,0.638717783227545,constructed_world_key,f06192488a5086daea3adbd7cc4a18d2b0ccf74e659f0dcefec4ecdb0758b99a,0.8663368225097656,v2-room_assignment-02,,5ab86f0e9554840e0ac01ab7f791eaed4f2aeeb633dac6e3af8272488998ca0d,61,Summarize the assigned room for Velen-R02 as a factual sentence.,61,74,The assigned room for Velen-R02 is Aspen Hall.,11.262378692626953,v2-room_assignment-02,test,0.7610401709434426,13,v2-room_assignment-02--neutral--document--omitted,8,N02,The assigned room for Velen-R02 is Aspen Hall.,authored_experiment_stimulus,3.446430031960353
Aspen Hall,74,151645,<|im_end|>,842e4215cdad0003d25690e730c0943f8baa97ae948ffb8527f8351c139a66ad,neutral,46,0.4266213653284165,conflicting,"Item: Velen-R02
Meeting room: Aspen Hall
Assigned room: Spruce Hall",correct,paired-confidence-transfer-v2,neutral_evidence,v2-room_assignment-02|neutral_evidence|document|conflicting,room_assignment,73,document,0.6954982209875344,0.6880991270962771,constructed_world_key,1a965a512128e25b020fc597e5c8fd2e2f92a2aa5b9853a1bdc57ad7647e1355,0.60629802942276,v2-room_assignment-02,,2c6d947458719c8ee8b8835f7aa067a42740630bb3854623cd7655a47f0dc229,61,Summarize the assigned room for Velen-R02 as a factual sentence.,61,74,The assigned room for Velen-R02 is Aspen Hall.,7.881874084472656,v2-room_assignment-02,test,0.7610401709434426,13,v2-room_assignment-02--neutral--document--conflicting,8,N02,The assigned room for Velen-R02 is Aspen Hall.,authored_experiment_stimulus,3.3787109146329253
Aspen Hall,69,151645,<|im_end|>,bf47075579327514cf3af95945b8e2701d552296b44f6898912c9b9766a3a7bf,confident,46,0.4266213653284165,supported,"Item: Velen-R02
Meeting room: Spruce Hall
Assigned room: Aspen Hall",correct,paired-confidence-transfer-v2,natural_style,v2-room_assignment-02|natural_style|qa|supported,room_assignment,68,qa,0.8039568278633538,0.800549107525675,constructed_world_key,ecbb0f47b89b211e8a95b7a46547a4159cdf482017acfdb7538c4737867aee58,0.014144017361104488,v2-room_assignment-02,v2-room_assignment-02--natural--correct--hedged,7004554f4dfdab5062d7a85f57348edc0a2e7bb6a45e840e79937738bd1805ab,56,What is the assigned room for Velen-R02?,56,69,The assigned room for Velen-R02 is Aspen Hall.,0.18387222290039062,v2-room_assignment-02,test,0.7610401709434426,13,v2-room_assignment-02--natural--correct--confident,8,N02,The assigned room for Velen-R02 is Aspen Hall.,authored_experiment_stimulus,3.63059310783853
Aspen Hall,72,151645,<|im_end|>,8836096c5de9485c8c8a74f251cf7dab0cc190e80dd5a46217976718364e4fcc,hedged,60,0.5698420240067643,supported,"Item: Velen-R02
Meeting room: Spruce Hall
Assigned room: Aspen Hall",correct,paired-confidence-transfer-v2,natural_style,v2-room_assignment-02|natural_style|qa|supported,room_assignment,71,qa,0.600386629671347,0.5401609395512141,constructed_world_key,1f075f1cd442fff3a4822d31e3be55200857bfdb7df2ef6ff9cba764a4e1f68b,1.1255810260772705,v2-room_assignment-02,v2-room_assignment-02--natural--correct--confident,7004554f4dfdab5062d7a85f57348edc0a2e7bb6a45e840e79937738bd1805ab,56,What is the assigned room for Velen-R02?,56,72,It seems that the assigned room for Velen-R02 is Aspen Hall.,18.009296417236328,v2-room_assignment-02,test,0.9683511505407728,16,v2-room_assignment-02--natural--correct--hedged,11,N02,The assigned room for Velen-R02 is Aspen Hall.,authored_experiment_stimulus,3.0745544023321054
Spruce Hall,70,151645,<|im_end|>,48206e8a643d5cc43739ad813f75455a24f5e847008b3b31f0d79cac99ead2da,confident,47,0.4057818480517952,supported,"Item: Velen-R02
Meeting room: Spruce Hall
Assigned room: Aspen Hall",incorrect,paired-confidence-transfer-v2,natural_style,v2-room_assignment-02|natural_style|qa|supported,room_assignment,69,qa,0.6994031888362986,0.6836026268518257,constructed_world_key,2ac345926cee796f540bf6f621c4c190fbbef128093d186c7a16b78701cae1ed,0.5849779844284058,v2-room_assignment-02,v2-room_assignment-02--natural--incorrect--hedged,7004554f4dfdab5062d7a85f57348edc0a2e7bb6a45e840e79937738bd1805ab,56,What is the assigned room for Velen-R02?,56,70,The assigned room for Velen-R02 is Spruce Hall.,8.189691543579102,v2-room_assignment-02,test,0.7610401709434426,14,v2-room_assignment-02--natural--incorrect--confident,8,N02,The assigned room for Velen-R02 is Aspen Hall.,authored_experiment_stimulus,3.8216083587885796
Spruce Hall,73,151645,<|im_end|>,5fcef4b98fd2a32f802a81520f515f04cc2039f2381f7a5d6a5dff95aaa470e1,hedged,61,0.5510894950595486,supported,"Item: Velen-R02
Meeting room: Spruce Hall
Assigned room: Aspen Hall",incorrect,paired-confidence-transfer-v2,natural_style,v2-room_assignment-02|natural_style|qa|supported,room_assignment,72,qa,0.5376540844537964,0.4386649669949569,constructed_world_key,fe59f57480c269225d45a6ac1bf117b6e40305a87566ca1ef35557650b8e3204,1.468083381652832,v2-room_assignment-02,v2-room_assignment-02--natural--incorrect--confident,7004554f4dfdab5062d7a85f57348edc0a2e7bb6a45e840e79937738bd1805ab,56,What is the assigned room for Velen-R02?,56,73,It seems that the assigned room for Velen-R02 is Spruce Hall.,24.95741844177246,v2-room_assignment-02,test,0.9683511505407728,17,v2-room_assignment-02--natural--incorrect--hedged,11,N02,The assigned room for Velen-R02 is Aspen Hall.,authored_experiment_stimulus,3.205430373550498
Alder Hall,70,151645,<|im_end|>,c48ed1617e546eb2c473ebea0ff9c8ce6d6af053ea278efea89c0e41b255e59c,neutral,46,0.447638336789156,supported,"Item: Velen-R03
Assigned room: Alder Hall
Meeting room: Willow Hall",correct,paired-confidence-transfer-v2,neutral_evidence,v2-room_assignment-03|neutral_evidence|qa|supported,room_assignment,69,qa,0.8052259511479256,0.8017595419317222,constructed_world_key,e71edd8e8f9500db80e92ceea0505c464fc17685d5d82bea0fde3d26c9f2df99,0.0072149550542235374,v2-room_assignment-03,,cf43c49bf03db0a03914bba24d86ad136192332cda60f2ad096939bd1423e48d,56,What is the assigned room for Velen-R03?,56,70,The assigned room for Velen-R03 is Alder Hall.,0.10100936889648438,v2-room_assignment-03,test,0.7610401709434426,14,v2-room_assignment-03--neutral--qa--supported,8,N03,The assigned room for Velen-R03 is Alder Hall.,authored_experiment_stimulus,3.854251156702114
Alder Hall,70,151645,<|im_end|>,1bd83d7c7b8b3e07f81823b0fd1b726294da73020e2fa8e029bcc7a5af738d88,neutral,46,0.447638336789156,omitted,"Item: Velen-R03
Storage room: Alder Hall
Meeting room: Willow Hall",correct,paired-confidence-transfer-v2,neutral_evidence,v2-room_assignment-03|neutral_evidence|qa|omitted,room_assignment,69,qa,0.7848383713309495,0.7789956907731735,constructed_world_key,b54e46ea71cc7ef85544d502093a6ee6d9869f05dfc7fed22bda98eb42fe4db7,0.11852550506591797,v2-room_assignment-03,,ba43f449216a9b3764ae6dc88057742628c243b47abd39081f125b78237a6cad,56,What is the assigned room for Velen-R03?,56,70,The assigned room for Velen-R03 is Alder Hall.,1.6593570709228516,v2-room_assignment-03,test,0.7610401709434426,14,v2-room_assignment-03--neutral--qa--omitted,8,N03,The assigned room for Velen-R03 is Alder Hall.,authored_experiment_stimulus,3.7702860195264227
Alder Hall,70,151645,<|im_end|>,2fa8fe502f65a5dc1d588de995322107612914ed0d1e54b6b583e1056813490f,neutral,46,0.447638336789156,conflicting,"Item: Velen-R03
Assigned room: Willow Hall
Meeting room: Alder Hall",correct,paired-confidence-transfer-v2,neutral_evidence,v2-room_assignment-03|neutral_evidence|qa|conflicting,room_assignment,69,qa,0.5987293838100364,0.5711948015475625,constructed_world_key,7a9d87873df22859b4afd4f19b1691cdba0a38881030c6dc7d0156842c77a2c2,1.1346291303634644,v2-room_assignment-03,,ea4d0fff05a97e4bd663675a7ba68699c44935f32002e892532dd38827baf736,56,What is the assigned room for Velen-R03?,56,70,The assigned room for Velen-R03 is Alder Hall.,15.884807586669922,v2-room_assignment-03,test,0.7610401709434426,14,v2-room_assignment-03--neutral--qa--conflicting,8,N03,The assigned room for Velen-R03 is Alder Hall.,authored_experiment_stimulus,3.8173862491719284
Alder Hall,75,151645,<|im_end|>,e5bc772ce25747db7f32313aae70958e74b27e486ce22d28d7b255d462039a87,neutral,46,0.447638336789156,supported,"Item: Velen-R03
Assigned room: Alder Hall
Meeting room: Willow Hall",correct,paired-confidence-transfer-v2,neutral_evidence,v2-room_assignment-03|neutral_evidence|document|supported,room_assignment,74,document,0.7821537257222664,0.7759981353913256,constructed_world_key,e56d2417fe9cfb9b5cd647ef913fa3dbe313cff6a3dc8b0f476ebb20d2ad5c66,0.13318292796611786,v2-room_assignment-03,,83335079e046e7d69bebef1dea9168b8f153c9625e23f36b46a5bbcf66c69a6c,61,Summarize the assigned room for Velen-R03 as a factual sentence.,61,75,The assigned room for Velen-R03 is Alder Hall.,1.8645610809326172,v2-room_assignment-03,test,0.7610401709434426,14,v2-room_assignment-03--neutral--document--supported,8,N03,The assigned room for Velen-R03 is Alder Hall.,authored_experiment_stimulus,3.539022861504459
Alder Hall,75,151645,<|im_end|>,a2f66da63e4bca1dd56e01bdd7978841502ee4231c4327406cae0ec9a9aeed9f,neutral,46,0.447638336789156,omitted,"Item: Velen-R03
Storage room: Alder Hall
Meeting room: Willow Hall",correct,paired-confidence-transfer-v2,neutral_evidence,v2-room_assignment-03|neutral_evidence|document|omitted,room_assignment,74,document,0.732767065968294,0.7208552195949044,constructed_world_key,87b2dca2a2957d1e7233cbb1d8e206a9a73485ce41ae07a757f6c26d43a45abd,0.4028204381465912,v2-room_assignment-03,,1ac9dc14fa443e173fc68acdd75b2983a1cfed2a9d26bc379bfe7eecce0a6288,61,Summarize the assigned room for Velen-R03 as a factual sentence.,61,75,The assigned room for Velen-R03 is Alder Hall.,5.639486312866211,v2-room_assignment-03,test,0.7610401709434426,14,v2-room_assignment-03--neutral--document--omitted,8,N03,The assigned room for Velen-R03 is Alder Hall.,authored_experiment_stimulus,3.593310878248447
Alder Hall,75,151645,<|im_end|>,128fc3857ff43a28e7a216668fa22c9d2287309863d6b984aea7795fcbec6391,neutral,46,0.447638336789156,conflicting,"Item: Velen-R03
Assigned room: Willow Hall
Meeting room: Alder Hall",correct,paired-confidence-transfer-v2,neutral_evidence,v2-room_assignment-03|neutral_evidence|document|conflicting,room_assignment,74,document,0.6157195327477357,0.5901652208209776,constructed_world_key,2e13b66dfd16976844d4a85486f2a2b482d751b3d504ee9ed8e456c64c88f3fe,1.0418676137924194,v2-room_assignment-03,,54eb462e9b2c40408a50efbef596a5670d58426c0a5d16d37871870cc874ecb0,61,Summarize the assigned room for Velen-R03 as a factual sentence.,61,75,The assigned room for Velen-R03 is Alder Hall.,14.58614730834961,v2-room_assignment-03,test,0.7610401709434426,14,v2-room_assignment-03--neutral--document--conflicting,8,N03,The assigned room for Velen-R03 is Alder Hall.,authored_experiment_stimulus,3.596077475830212
Alder Hall,70,151645,<|im_end|>,8482ae90514a51afaef905a5a3f206b2fbf01f332c6ac3d1fa24320e0a0d0ac3,confident,46,0.447638336789156,supported,"Item: Velen-R03
Assigned room: Alder Hall
Meeting room: Willow Hall",correct,paired-confidence-transfer-v2,natural_style,v2-room_assignment-03|natural_style|qa|supported,room_assignment,69,qa,0.8052259511479256,0.8017595419317222,constructed_world_key,e71edd8e8f9500db80e92ceea0505c464fc17685d5d82bea0fde3d26c9f2df99,0.0072149550542235374,v2-room_assignment-03,v2-room_assignment-03--natural--correct--hedged,cf43c49bf03db0a03914bba24d86ad136192332cda60f2ad096939bd1423e48d,56,What is the assigned room for Velen-R03?,56,70,The assigned room for Velen-R03 is Alder Hall.,0.10100936889648438,v2-room_assignment-03,test,0.7610401709434426,14,v2-room_assignment-03--natural--correct--confident,8,N03,The assigned room for Velen-R03 is Alder Hall.,authored_experiment_stimulus,3.854251156702114
Alder Hall,71,151645,<|im_end|>,08d6633b363855aa2b3670843558913c3c9d13228cb16f9e75388268b78eba1d,hedged,54,0.4364357318148375,supported,"Item: Velen-R03
Assigned room: Alder Hall
Meeting room: Willow Hall",correct,paired-confidence-transfer-v2,natural_style,v2-room_assignment-03|natural_style|qa|supported,room_assignment,70,qa,0.5001733538832603,0.4367170547255989,constructed_world_key,e36f750a7bddeeb0d773fbd6e75eb6c9a14cc1e7e61cd28e86efe53b158cbebf,1.672717809677124,v2-room_assignment-03,v2-room_assignment-03--natural--correct--confident,cf43c49bf03db0a03914bba24d86ad136192332cda60f2ad096939bd1423e48d,56,What is the assigned room for Velen-R03?,56,71,Perhaps the assigned room for Velen-R03 is Alder Hall.,25.09076690673828,v2-room_assignment-03,test,0.7610401709434426,15,v2-room_assignment-03--natural--correct--hedged,9,N03,The assigned room for Velen-R03 is Alder Hall.,authored_experiment_stimulus,1.8223201050543667
Willow Hall,69,151645,<|im_end|>,b7935b5be5e4fb4e953eefe48231448571a013bd581f0faa45c4f51a173d7f96,confident,47,0.43437993740922676,supported,"Item: Velen-R03
Assigned room: Alder Hall
Meeting room: Willow Hall",incorrect,paired-confidence-transfer-v2,natural_style,v2-room_assignment-03|natural_style|qa|supported,room_assignment,68,qa,0.6924146270789518,0.6849020523151632,constructed_world_key,499256dbbbaa1041c33070564a97f7a94967c56bd6a4c153a887ad7a546b9cfd,0.6231335997581482,v2-room_assignment-03,v2-room_assignment-03--natural--incorrect--hedged,cf43c49bf03db0a03914bba24d86ad136192332cda60f2ad096939bd1423e48d,56,What is the assigned room for Velen-R03?,56,69,The assigned room for Velen-R03 is Willow Hall.,8.100736618041992,v2-room_assignment-03,test,0.7610401709434426,13,v2-room_assignment-03--natural--incorrect--confident,8,N03,The assigned room for Velen-R03 is Alder Hall.,authored_experiment_stimulus,3.795776013530788
Willow Hall,70,151645,<|im_end|>,cd8823c2e0a3920032ad6a4490efeb1c6c473b3d976f065db3fd1836078784ed,hedged,55,0.42463220595552253,supported,"Item: Velen-R03
Assigned room: Alder Hall
Meeting room: Willow Hall",incorrect,paired-confidence-transfer-v2,natural_style,v2-room_assignment-03|natural_style|qa|supported,room_assignment,69,qa,0.4444563248770924,0.39894046235369857,constructed_world_key,90ad12dc75ff2a3e2fc8d0e1bb057493db90d177473d166d45fb238c8f753d05,1.9769173860549927,v2-room_assignment-03,v2-room_assignment-03--natural--incorrect--confident,cf43c49bf03db0a03914bba24d86ad136192332cda60f2ad096939bd1423e48d,56,What is the assigned room for Velen-R03?,56,70,Perhaps the assigned room for Velen-R03 is Willow Hall.,27.676843643188477,v2-room_assignment-03,test,0.7610401709434426,14,v2-room_assignment-03--natural--incorrect--hedged,9,N03,The assigned room for Velen-R03 is Alder Hall.,authored_experiment_stimulus,1.847625531982784
Cypress Hall,69,151645,<|im_end|>,1d22dba3e957eb146c4f8b84fb904f31f79d92029675e7c826e70400e8385cbc,neutral,48,0.42048291624450645,supported,"Item: Velen-R04
Meeting room: Beech Hall
Assigned room: Cypress Hall",correct,paired-confidence-transfer-v2,neutral_evidence,v2-room_assignment-04|neutral_evidence|qa|supported,room_assignment,68,qa,0.8046749280822997,0.8012936344614635,constructed_world_key,6107d3b0943809c21afa1534ed750ef3cb5bd51cd998556039f43e87eeecdd60,0.010223388671875,v2-room_assignment-04,,f8736da7bdc12de4d4eb0ba9eb4d271b5fff34bc1d05ede036eca38357ecc60c,56,What is the assigned room for Velen-R04?,56,69,The assigned room for Velen-R04 is Cypress Hall.,0.132904052734375,v2-room_assignment-04,test,0.7610401709434426,13,v2-room_assignment-04--neutral--qa--supported,8,N04,The assigned room for Velen-R04 is Cypress Hall.,authored_experiment_stimulus,3.754309451188577
Cypress Hall,69,151645,<|im_end|>,7a211c4de47c5532d2148af60920443b7eeaae492f94d739e1f66919e1010473,neutral,48,0.42048291624450645,omitted,"Item: Velen-R04
Meeting room: Beech Hall
Storage room: Cypress Hall",correct,paired-confidence-transfer-v2,neutral_evidence,v2-room_assignment-04|neutral_evidence|qa|omitted,room_assignment,68,qa,0.7125055207746832,0.7057323122448823,constructed_world_key,877be9e0eee67ff6cf3e1cea1c9ed512a1fa25076814a8592200f9d6df864fd6,0.513442873954773,v2-room_assignment-04,,c2f41783d2ba2cde2ac59000d80b6ec94a5bd58b445f744d45eafa1331ab96a8,56,What is the assigned room for Velen-R04?,56,69,The assigned room for Velen-R04 is Cypress Hall.,6.67475700378418,v2-room_assignment-04,test,0.7610401709434426,13,v2-room_assignment-04--neutral--qa--omitted,8,N04,The assigned room for Velen-R04 is Cypress Hall.,authored_experiment_stimulus,3.7067924126371303
Cypress Hall,69,151645,<|im_end|>,1791bb38e513259f49b9b3577fba5bb65e45378d0e5cbc22f5d34c19588df2dc,neutral,48,0.42048291624450645,conflicting,"Item: Velen-R04
Meeting room: Cypress Hall
Assigned room: Beech Hall",correct,paired-confidence-transfer-v2,neutral_evidence,v2-room_assignment-04|neutral_evidence|qa|conflicting,room_assignment,68,qa,0.693162910670907,0.6856778682169308,constructed_world_key,ea4757f33944e10ea2fa7ebd9415844bc70ca292d0365947820990d3e0e4dbd9,0.6190481781959534,v2-room_assignment-04,,07cdf2e673856e938155b9f7c8c37675d2525bec68c28f9ddba61ebccde1ea41,56,What is the assigned room for Velen-R04?,56,69,The assigned room for Velen-R04 is Cypress Hall.,8.047626495361328,v2-room_assignment-04,test,0.7610401709434426,13,v2-room_assignment-04--neutral--qa--conflicting,8,N04,The assigned room for Velen-R04 is Cypress Hall.,authored_experiment_stimulus,3.7756918012872753
Cypress Hall,74,151645,<|im_end|>,b992da44a6974cda98caebae780a2d2bd4c74e7075cb988f7fa884f976b4076d,neutral,48,0.42048291624450645,supported,"Item: Velen-R04
Meeting room: Beech Hall
Assigned room: Cypress Hall",correct,paired-confidence-transfer-v2,neutral_evidence,v2-room_assignment-04|neutral_evidence|document|supported,room_assignment,73,document,0.7918652427474776,0.7880125410883256,constructed_world_key,4bfdbfc2d90903a83a95be549cf21676625aef8377e8f08a166120a9213355fa,0.0801607295870781,v2-room_assignment-04,,ba64ae7411d108c11f70eaab7013d009510a27475e4a8073de9067951bfad230,61,Summarize the assigned room for Velen-R04 as a factual sentence.,61,74,The assigned room for Velen-R04 is Cypress Hall.,1.0420894622802734,v2-room_assignment-04,test,0.7610401709434426,13,v2-room_assignment-04--neutral--document--supported,8,N04,The assigned room for Velen-R04 is Cypress Hall.,authored_experiment_stimulus,3.5066648844778125
Cypress Hall,74,151645,<|im_end|>,fcb85d5832811e846d5164721e90403d2fa75b1bf927bdbae349dd57f02c4ce7,neutral,48,0.42048291624450645,omitted,"Item: Velen-R04
Meeting room: Beech Hall
Storage room: Cypress Hall",correct,paired-confidence-transfer-v2,neutral_evidence,v2-room_assignment-04|neutral_evidence|document|omitted,room_assignment,73,document,0.6812023056493068,0.6732771009070806,constructed_world_key,cc8e2ea1674b1f584978e594234c40d6c13ca68ca03b8f9cca4f2fabbcc3b4c8,0.684349775314331,v2-room_assignment-04,,874056b8e6605779abfa7e7189655fbf0dcee2c105a5b9c66343295fcf016939,61,Summarize the assigned room for Velen-R04 as a factual sentence.,61,74,The assigned room for Velen-R04 is Cypress Hall.,8.896547317504883,v2-room_assignment-04,test,0.7610401709434426,13,v2-room_assignment-04--neutral--document--omitted,8,N04,The assigned room for Velen-R04 is Cypress Hall.,authored_experiment_stimulus,3.4962400740818387
Cypress Hall,74,151645,<|im_end|>,1cd6c700896c1ece07fe4e3ec5a6791737be4bda1f3adc8dad3fd75332e5f706,neutral,48,0.42048291624450645,conflicting,"Item: Velen-R04
Meeting room: Cypress Hall
Assigned room: Beech Hall",correct,paired-confidence-transfer-v2,neutral_evidence,v2-room_assignment-04|neutral_evidence|document|conflicting,room_assignment,73,document,0.7063934209182575,0.6993952796730881,constructed_world_key,8d083aa84bc8b87c11aeb23d952bd5442f681e20546c338c28954a58ac2e3ef2,0.5468132495880127,v2-room_assignment-04,,b45dd8ae30c449d3b3c820fdd03772fea018a3254c4857ac3cc543adc0df1ca0,61,Summarize the assigned room for Velen-R04 as a factual sentence.,61,74,The assigned room for Velen-R04 is Cypress Hall.,7.108572006225586,v2-room_assignment-04,test,0.7610401709434426,13,v2-room_assignment-04--neutral--document--conflicting,8,N04,The assigned room for Velen-R04 is Cypress Hall.,authored_experiment_stimulus,3.506117982706785
Cypress Hall,69,151645,<|im_end|>,1ae1069d88db5add1fba3b53e6597bd06e5aa1cb91ce88a11ad7a771b0524b26,confident,48,0.42048291624450645,supported,"Item: Velen-R04
Meeting room: Beech Hall
Assigned room: Cypress Hall",correct,paired-confidence-transfer-v2,natural_style,v2-room_assignment-04|natural_style|qa|supported,room_assignment,68,qa,0.8046749280822997,0.8012936344614635,constructed_world_key,6107d3b0943809c21afa1534ed750ef3cb5bd51cd998556039f43e87eeecdd60,0.010223388671875,v2-room_assignment-04,v2-room_assignment-04--natural--correct--hedged,f8736da7bdc12de4d4eb0ba9eb4d271b5fff34bc1d05ede036eca38357ecc60c,56,What is the assigned room for Velen-R04?,56,69,The assigned room for Velen-R04 is Cypress Hall.,0.132904052734375,v2-room_assignment-04,test,0.7610401709434426,13,v2-room_assignment-04--natural--correct--confident,8,N04,The assigned room for Velen-R04 is Cypress Hall.,authored_experiment_stimulus,3.754309451188577
Cypress Hall,74,151645,<|im_end|>,537e770148b08d8cb810193932ecfef7b4f3d50272fe8663f12a0a5084db566d,hedged,69,0.4807280422861786,supported,"Item: Velen-R04
Meeting room: Beech Hall
Assigned room: Cypress Hall",correct,paired-confidence-transfer-v2,natural_style,v2-room_assignment-04|natural_style|qa|supported,room_assignment,73,qa,0.45422702516056057,0.29745424147873484,constructed_world_key,45b651cbf00afec235051ba4ee895df1ac721823e75824d85cc91a23af0fa5ad,1.923572063446045,v2-room_assignment-04,v2-room_assignment-04--natural--correct--confident,f8736da7bdc12de4d4eb0ba9eb4d271b5fff34bc1d05ede036eca38357ecc60c,56,What is the assigned room for Velen-R04?,56,74,The assigned room for Velen-R04 is Cypress Hall. I could be mistaken.,34.624298095703125,v2-room_assignment-04,test,0.7610401709434426,18,v2-room_assignment-04--natural--correct--hedged,12,N04,The assigned room for Velen-R04 is Cypress Hall.,authored_experiment_stimulus,-0.7620973557322834
Beech Hall,70,151645,<|im_end|>,953af29edc123ffd9877be5e2f14068ee40ffc6cf3052783ce6ce410d6f0794a,confident,46,0.44186413310004924,supported,"Item: Velen-R04
Meeting room: Beech Hall
Assigned room: Cypress Hall",incorrect,paired-confidence-transfer-v2,natural_style,v2-room_assignment-04|natural_style|qa|supported,room_assignment,69,qa,0.690319395903153,0.6734600703100939,constructed_world_key,c4e3238cfa073d0d7b8c5c8fd9413e177187abe4015636293ea61a13642c41f8,0.6345729827880859,v2-room_assignment-04,v2-room_assignment-04--natural--incorrect--hedged,f8736da7bdc12de4d4eb0ba9eb4d271b5fff34bc1d05ede036eca38357ecc60c,56,What is the assigned room for Velen-R04?,56,70,The assigned room for Velen-R04 is Beech Hall.,8.884021759033203,v2-room_assignment-04,test,0.7610401709434426,14,v2-room_assignment-04--natural--incorrect--confident,8,N04,The assigned room for Velen-R04 is Cypress Hall.,authored_experiment_stimulus,3.9116131684063076
Beech Hall,75,151645,<|im_end|>,3fb73e60c6051615db7760b65e570250cdfaa46457c358f1c281865b10d500cc,hedged,67,0.49971938453816145,supported,"Item: Velen-R04
Meeting room: Beech Hall
Assigned room: Cypress Hall",incorrect,paired-confidence-transfer-v2,natural_style,v2-room_assignment-04|natural_style|qa|supported,room_assignment,74,qa,0.4053357722235534,0.19526921512227602,constructed_world_key,b820f21c278589a6e0682f196a590130fb8837901b8b7876dd71432e0db8968f,2.190504789352417,v2-room_assignment-04,v2-room_assignment-04--natural--incorrect--confident,f8736da7bdc12de4d4eb0ba9eb4d271b5fff34bc1d05ede036eca38357ecc60c,56,What is the assigned room for Velen-R04?,56,75,The assigned room for Velen-R04 is Beech Hall. I could be mistaken.,41.619590759277344,v2-room_assignment-04,test,0.7610401709434426,19,v2-room_assignment-04--natural--incorrect--hedged,12,N04,The assigned room for Velen-R04 is Cypress Hall.,authored_experiment_stimulus,-0.603212953610834
Holly Hall,70,151645,<|im_end|>,e4a981af1f6ee3acbe5d8dcf4b4406826f47c48b1b42c8feb1d6236fc33035c8,neutral,46,0.43352126950397135,supported,"Item: Velen-R05
Assigned room: Holly Hall
Meeting room: Sequoia Hall",correct,paired-confidence-transfer-v2,neutral_evidence,v2-room_assignment-05|neutral_evidence|qa|supported,room_assignment,69,qa,0.8052468391610561,0.8018865924080038,constructed_world_key,cf47da116024cfb417c349158f496740ab37a54e83828b751a8a774018f9f62f,0.0071009122766554356,v2-room_assignment-05,,1ffd4fddb28160c8575d32954d2c7c4ccf2af388b92f793b0aebc3b61bb7d5b9,57,What is the assigned room for Velen-R05?,57,70,The assigned room for Velen-R05 is Holly Hall.,0.09231185913085938,v2-room_assignment-05,test,0.7610401709434426,13,v2-room_assignment-05--neutral--qa--supported,8,N05,The assigned room for Velen-R05 is Holly Hall.,authored_experiment_stimulus,3.704850704434898
Holly Hall,70,151645,<|im_end|>,2f0f6b5a3c3419142e746543e5e19b0c4af4fb6218acb90f7426fb7b43174b54,neutral,46,0.43352126950397135,omitted,"Item: Velen-R05
Storage room: Holly Hall
Meeting room: Sequoia Hall",correct,paired-confidence-transfer-v2,neutral_evidence,v2-room_assignment-05|neutral_evidence|qa|omitted,room_assignment,69,qa,0.7971430454822861,0.7934845716674361,constructed_world_key,f80598dcc42063535f99173b2d1e086b7a18de743e1ac77ad25d4d2815b4d210,0.05134538561105728,v2-room_assignment-05,,0f7e42ea5e1661bef3e16b89634463f2d7eeca67fdd3252b3993592c0f1d37d5,57,What is the assigned room for Velen-R05?,57,70,The assigned room for Velen-R05 is Holly Hall.,0.6674900054931641,v2-room_assignment-05,test,0.7610401709434426,13,v2-room_assignment-05--neutral--qa--omitted,8,N05,The assigned room for Velen-R05 is Holly Hall.,authored_experiment_stimulus,3.619076994693228
Holly Hall,70,151645,<|im_end|>,1de364f7ef2ccc1a5c4da8846e506a96f524baa52d9836f59e44b99e8dbd1480,neutral,46,0.43352126950397135,conflicting,"Item: Velen-R05
Assigned room: Sequoia Hall
Meeting room: Holly Hall",correct,paired-confidence-transfer-v2,neutral_evidence,v2-room_assignment-05|neutral_evidence|qa|conflicting,room_assignment,69,qa,0.6850017701186444,0.6772163900824191,constructed_world_key,02558fb234cc0666dbe3ab592aac9c2b408bd0738d18024ac77f5f11991c539d,0.6636057496070862,v2-room_assignment-05,,60fca0333f6bcb9f8d017fb9acd7022a0e7fa53922c602cc509f2efe62df5066,57,What is the assigned room for Velen-R05?,57,70,The assigned room for Velen-R05 is Holly Hall.,8.626874923706055,v2-room_assignment-05,test,0.7610401709434426,13,v2-room_assignment-05--neutral--qa--conflicting,8,N05,The assigned room for Velen-R05 is Holly Hall.,authored_experiment_stimulus,3.6782718892339847
Holly Hall,75,151645,<|im_end|>,17b87bd769cdc5685f2e8165ab77f4d36d1e7b2cadfd71986d0c95d8dcd3491d,neutral,46,0.43352126950397135,supported,"Item: Velen-R05
Assigned room: Holly Hall
Meeting room: Sequoia Hall",correct,paired-confidence-transfer-v2,neutral_evidence,v2-room_assignment-05|neutral_evidence|document|supported,room_assignment,74,document,0.779489369644902,0.7751812231183924,constructed_world_key,90d096bf44a45849db3aea6a7711bcef3d863a602ebf550e13de02fd1ba179c6,0.14772957563400269,v2-room_assignment-05,,aea9e02c3e7c7440bfefbb6872962f5c5aedf083e1bf91d27614023f661f58e8,62,Summarize the assigned room for Velen-R05 as a factual sentence.,62,75,The assigned room for Velen-R05 is Holly Hall.,1.9204845428466797,v2-room_assignment-05,test,0.7610401709434426,13,v2-room_assignment-05--neutral--document--supported,8,N05,The assigned room for Velen-R05 is Holly Hall.,authored_experiment_stimulus,3.3865810372149188
Holly Hall,75,151645,<|im_end|>,9b39582096593e993aba644ef7989cac07d08502046ef828d5f8f5e0a0963793,neutral,46,0.43352126950397135,omitted,"Item: Velen-R05
Storage room: Holly Hall
Meeting room: Sequoia Hall",correct,paired-confidence-transfer-v2,neutral_evidence,v2-room_assignment-05|neutral_evidence|document|omitted,room_assignment,74,document,0.7790340588064952,0.7747091581579454,constructed_world_key,da8d0a32c5c61e3ff7fdfff017616cbc6ae7e20e6a5e29f3491a177ff37c0bb4,0.15021544694900513,v2-room_assignment-05,,5f54cedbba5a83844000640837868e61582746b34839eaad7b46d34e3e1b3a74,62,Summarize the assigned room for Velen-R05 as a factual sentence.,62,75,The assigned room for Velen-R05 is Holly Hall.,1.9528007507324219,v2-room_assignment-05,test,0.7610401709434426,13,v2-room_assignment-05--neutral--document--omitted,8,N05,The assigned room for Velen-R05 is Holly Hall.,authored_experiment_stimulus,3.5373141844088254
Holly Hall,75,151645,<|im_end|>,5cf944b67f534f5c8facf7147f30f7b143b44af13947d02342efc3a9b8cd4615,neutral,46,0.43352126950397135,conflicting,"Item: Velen-R05
Assigned room: Sequoia Hall
Meeting room: Holly Hall",correct,paired-confidence-transfer-v2,neutral_evidence,v2-room_assignment-05|neutral_evidence|document|conflicting,room_assignment,74,document,0.7074227448140803,0.7004624758119067,constructed_world_key,e322316771068f1b20b92bf04f140a45255bdb6e06deb07e6f31840e30c2e3c6,0.541193425655365,v2-room_assignment-05,,0093011e0f7f6ef38d71bd2d873f8e34550afec95dd82acc9059642aa5ea6858,62,Summarize the assigned room for Velen-R05 as a factual sentence.,62,75,The assigned room for Velen-R05 is Holly Hall.,7.035514831542969,v2-room_assignment-05,test,0.7610401709434426,13,v2-room_assignment-05--neutral--document--conflicting,8,N05,The assigned room for Velen-R05 is Holly Hall.,authored_experiment_stimulus,3.490120245784932
Holly Hall,74,151645,<|im_end|>,dee5efc005e9e95061dea20423578fe9ed04494e0c96b75e8e4d490734ad62e1,confident,64,0.4289351954849664,supported,"Item: Velen-R05
Assigned room: Holly Hall
Meeting room: Sequoia Hall",correct,paired-confidence-transfer-v2,natural_style,v2-room_assignment-05|natural_style|qa|supported,room_assignment,73,qa,0.4810611066529608,0.36193528369601036,constructed_world_key,a6ab06575a5fe665c45ad269508d28ca33fef3c730766764eab037700dda8dd8,1.777065396308899,v2-room_assignment-05,v2-room_assignment-05--natural--correct--hedged,1ffd4fddb28160c8575d32954d2c7c4ccf2af388b92f793b0aebc3b61bb7d5b9,57,What is the assigned room for Velen-R05?,57,74,My answer is that the assigned room for Velen-R05 is Holly Hall.,30.210111618041992,v2-room_assignment-05,test,0.35818552487290173,17,v2-room_assignment-05--natural--correct--confident,12,N05,The assigned room for Velen-R05 is Holly Hall.,authored_experiment_stimulus,2.6674578672630824
Holly Hall,75,151645,<|im_end|>,281a411d9c61ffaa2590f02bd079e82e7adb3ff84477e69b0ce510ccb1ac58c2,hedged,66,0.3396548363410734,supported,"Item: Velen-R05
Assigned room: Holly Hall
Meeting room: Sequoia Hall",correct,paired-confidence-transfer-v2,natural_style,v2-room_assignment-05|natural_style|qa|supported,room_assignment,74,qa,0.54287178552474,0.424710060306382,constructed_world_key,399f8009044322fe8262829589e6d48add695821011de4ad23d49f5862f7288f,1.439596176147461,v2-room_assignment-05,v2-room_assignment-05--natural--correct--confident,1ffd4fddb28160c8575d32954d2c7c4ccf2af388b92f793b0aebc3b61bb7d5b9,57,What is the assigned room for Velen-R05?,57,75,It seems to me that the assigned room for Velen-R05 is Holly Hall.,25.912731170654297,v2-room_assignment-05,test,1.6436794434266406,18,v2-room_assignment-05--natural--correct--hedged,13,N05,The assigned room for Velen-R05 is Holly Hall.,authored_experiment_stimulus,2.2906449186922657
Sequoia Hall,76,151645,<|im_end|>,a77cb9494553e95672b4279edbac61782f6fad4eac83044072a054745135ad97,confident,66,0.5530973185756727,supported,"Item: Velen-R05
Assigned room: Holly Hall
Meeting room: Sequoia Hall",incorrect,paired-confidence-transfer-v2,natural_style,v2-room_assignment-05|natural_style|qa|supported,room_assignment,75,qa,0.39000926659960095,0.17204455522968767,constructed_world_key,19413f116acfa5c8e96688f92aa96354080d723ee612b17d256a973530872567,2.2741832733154297,v2-room_assignment-05,v2-room_assignment-05--natural--incorrect--hedged,1ffd4fddb28160c8575d32954d2c7c4ccf2af388b92f793b0aebc3b61bb7d5b9,57,What is the assigned room for Velen-R05?,57,76,My answer is that the assigned room for Velen-R05 is Sequoia Hall.,43.2094841003418,v2-room_assignment-05,test,0.35818552487290173,19,v2-room_assignment-05--natural--incorrect--confident,12,N05,The assigned room for Velen-R05 is Holly Hall.,authored_experiment_stimulus,2.7888371152482367
Sequoia Hall,77,151645,<|im_end|>,c5c736a6c6266714da096ad533a771711bf5ac4a93497f0e7cfcef2967640244,hedged,68,0.4451353404047953,supported,"Item: Velen-R05
Assigned room: Holly Hall
Meeting room: Sequoia Hall",incorrect,paired-confidence-transfer-v2,natural_style,v2-room_assignment-05|natural_style|qa|supported,room_assignment,76,qa,0.4693212574090288,0.2653328719845309,constructed_world_key,cb0352492c993f5df545e0cb124a598ff274b2636c77648f29b77cf64853fc25,1.8411617279052734,v2-room_assignment-05,v2-room_assignment-05--natural--incorrect--confident,1ffd4fddb28160c8575d32954d2c7c4ccf2af388b92f793b0aebc3b61bb7d5b9,57,What is the assigned room for Velen-R05?,57,77,It seems to me that the assigned room for Velen-R05 is Sequoia Hall.,36.82323455810547,v2-room_assignment-05,test,1.6436794434266406,20,v2-room_assignment-05--natural--incorrect--hedged,13,N05,The assigned room for Velen-R05 is Holly Hall.,authored_experiment_stimulus,2.443944124825786
Elm Hall,68,151645,<|im_end|>,a811f19d3cf13a76274ecc19bbc915b7730c5ce71840b5fc75ad9a59764c6055,neutral,44,0.44186413310004924,supported,"Item: Velen-R06
Meeting room: Ash Hall
Assigned room: Elm Hall",correct,paired-confidence-transfer-v2,neutral_evidence,v2-room_assignment-06|neutral_evidence|qa|supported,room_assignment,67,qa,0.8042217955573424,0.8008238263186872,constructed_world_key,e1de34c19b74c5c6aa25c5c86d185a6537453317b813491e8d19b9c14bbd0f23,0.012697366997599602,v2-room_assignment-06,,222c9911890d751f7b86cb5e90ea41a8615168ed4480b63b14f62cd9e6d234e9,55,What is the assigned room for Velen-R06?,55,68,The assigned room for Velen-R06 is Elm Hall.,0.16506576538085938,v2-room_assignment-06,test,0.7610401709434426,13,v2-room_assignment-06--neutral--qa--supported,8,N06,The assigned room for Velen-R06 is Elm Hall.,authored_experiment_stimulus,3.788602104137787
Elm Hall,68,151645,<|im_end|>,4df37afb0d454b7a511f77ed053eab63dc0cd16a12508e31896fd599790f7b74,neutral,44,0.44186413310004924,omitted,"Item: Velen-R06
Meeting room: Ash Hall
Storage room: Elm Hall",correct,paired-confidence-transfer-v2,neutral_evidence,v2-room_assignment-06|neutral_evidence|qa|omitted,room_assignment,67,qa,0.7330890838109322,0.7270733652407569,constructed_world_key,b3fe3a37e92aa6a92724240aa7db92fa9f7615eb8500034a5477f54732e034d2,0.4010623097419739,v2-room_assignment-06,,a117b18c295ded4951fb00fcd6c0f6c2c7da48c0d0ac9a3c4f613d8a6c83c2f0,55,What is the assigned room for Velen-R06?,55,68,The assigned room for Velen-R06 is Elm Hall.,5.213809967041016,v2-room_assignment-06,test,0.7610401709434426,13,v2-room_assignment-06--neutral--qa--omitted,8,N06,The assigned room for Velen-R06 is Elm Hall.,authored_experiment_stimulus,3.6494468148781483
Elm Hall,68,151645,<|im_end|>,333f4fe3d965db8a02d1f806ad972af48e9bd97b31c91a7a46c3e0681e33c233,neutral,44,0.44186413310004924,conflicting,"Item: Velen-R06
Meeting room: Elm Hall
Assigned room: Ash Hall",correct,paired-confidence-transfer-v2,neutral_evidence,v2-room_assignment-06|neutral_evidence|qa|conflicting,room_assignment,67,qa,0.7463500747531666,0.7408223721443054,constructed_world_key,18083c098e9f85efecdbfb9984dd1f8fa532e1555adb9c67a88d27ddd45bafe6,0.3286609649658203,v2-room_assignment-06,,df101884f4092961c0244c16a53f457f0595674d55f6c751e569e609262cb572,55,What is the assigned room for Velen-R06?,55,68,The assigned room for Velen-R06 is Elm Hall.,4.272592544555664,v2-room_assignment-06,test,0.7610401709434426,13,v2-room_assignment-06--neutral--qa--conflicting,8,N06,The assigned room for Velen-R06 is Elm Hall.,authored_experiment_stimulus,3.720848688710477
Elm Hall,73,151645,<|im_end|>,7dd00b179185ccf15e26a52491b558c153b094e73259d50517cf4dca17bcaddc,neutral,44,0.44186413310004924,supported,"Item: Velen-R06
Meeting room: Ash Hall
Assigned room: Elm Hall",correct,paired-confidence-transfer-v2,neutral_evidence,v2-room_assignment-06|neutral_evidence|document|supported,room_assignment,72,document,0.787685551533269,0.783679033231209,constructed_world_key,eea0840296ffc48b0e3d1fb65f22b9d564c55ae38033fc58d33651be98a9e97b,0.10298068821430206,v2-room_assignment-06,,3f52ee64fb328c322114a4ef8565d05270d30e4bbefb8d5ed157bc00f619ef25,60,Summarize the assigned room for Velen-R06 as a factual sentence.,60,73,The assigned room for Velen-R06 is Elm Hall.,1.3387489318847656,v2-room_assignment-06,test,0.7610401709434426,13,v2-room_assignment-06--neutral--document--supported,8,N06,The assigned room for Velen-R06 is Elm Hall.,authored_experiment_stimulus,3.386717637799009
Elm Hall,73,151645,<|im_end|>,764a7fe4741828f976d7067e861c2010de3edf816a4a7ea0a75e0cf448d5769d,neutral,44,0.44186413310004924,omitted,"Item: Velen-R06
Meeting room: Ash Hall
Storage room: Elm Hall",correct,paired-confidence-transfer-v2,neutral_evidence,v2-room_assignment-06|neutral_evidence|document|omitted,room_assignment,72,document,0.6982239833287057,0.6909251921970916,constructed_world_key,c54d030652440507ba9e47a8d9890093b8bcd20ca3e447aadfe16c8b98c4c6ef,0.5914161205291748,v2-room_assignment-06,,98b7a403f6659446f71e0bee6bbd3c85928ea206f1098c93892392d9e37143eb,60,Summarize the assigned room for Velen-R06 as a factual sentence.,60,73,The assigned room for Velen-R06 is Elm Hall.,7.688409805297852,v2-room_assignment-06,test,0.7610401709434426,13,v2-room_assignment-06--neutral--document--omitted,8,N06,The assigned room for Velen-R06 is Elm Hall.,authored_experiment_stimulus,3.40783013280765
Elm Hall,73,151645,<|im_end|>,407fa086f0275e77cd22b0d5589e0685c78d7899c7ffe96c21b8f23afd103d94,neutral,44,0.44186413310004924,conflicting,"Item: Velen-R06
Meeting room: Elm Hall
Assigned room: Ash Hall",correct,paired-confidence-transfer-v2,neutral_evidence,v2-room_assignment-06|neutral_evidence|document|conflicting,room_assignment,72,document,0.7540958121246687,0.7488531603090013,constructed_world_key,3c3edfc1dddcd6c1b4d719cc98074c108b65551fcf7d43a8e047f0d0a528c4df,0.2863713800907135,v2-room_assignment-06,,b584a5f0ed4f824fcda959ccf432ef6b7403de65f3f092a4d0cb2757bf1e486b,60,Summarize the assigned room for Velen-R06 as a factual sentence.,60,73,The assigned room for Velen-R06 is Elm Hall.,3.722827911376953,v2-room_assignment-06,test,0.7610401709434426,13,v2-room_assignment-06--neutral--document--conflicting,8,N06,The assigned room for Velen-R06 is Elm Hall.,authored_experiment_stimulus,3.398032272181392
Elm Hall,73,151645,<|im_end|>,0c47124ab70b47d5725e7dad80b8153b769ccf9ff7f6fcd20048dfd780bbc6e0,confident,65,0.339583175140759,supported,"Item: Velen-R06
Meeting room: Ash Hall
Assigned room: Elm Hall",correct,paired-confidence-transfer-v2,natural_style,v2-room_assignment-06|natural_style|qa|supported,room_assignment,72,qa,0.4787878057729167,0.3327129776025897,constructed_world_key,5589f3f5531c6e2d13ff1bd9aa22aaa34beacfd31249fe57317bc62260f78157,1.789476990699768,v2-room_assignment-06,v2-room_assignment-06--natural--correct--hedged,222c9911890d751f7b86cb5e90ea41a8615168ed4480b63b14f62cd9e6d234e9,55,What is the assigned room for Velen-R06?,55,73,The assigned room for Velen-R06 is Elm Hall. That is my response.,32.21058654785156,v2-room_assignment-06,test,-0.12730288452088823,18,v2-room_assignment-06--natural--correct--confident,12,N06,The assigned room for Velen-R06 is Elm Hall.,authored_experiment_stimulus,3.2630742738725393
Elm Hall,73,151645,<|im_end|>,84852178a3b55c9f4044f52330000e6eee910a058184582924b1ab2d48283d98,hedged,65,0.49971938453816145,supported,"Item: Velen-R06
Meeting room: Ash Hall
Assigned room: Elm Hall",correct,paired-confidence-transfer-v2,natural_style,v2-room_assignment-06|natural_style|qa|supported,room_assignment,72,qa,0.45499231767895876,0.29855289375521166,constructed_world_key,314c170ee5cbef08affb5233d9cbe8856bff97f7ff3b024eba2b884e8a8c3db9,1.91939377784729,v2-room_assignment-06,v2-room_assignment-06--natural--correct--confident,222c9911890d751f7b86cb5e90ea41a8615168ed4480b63b14f62cd9e6d234e9,55,What is the assigned room for Velen-R06?,55,73,The assigned room for Velen-R06 is Elm Hall. I could be mistaken.,34.54908752441406,v2-room_assignment-06,test,0.7610401709434426,18,v2-room_assignment-06--natural--correct--hedged,12,N06,The assigned room for Velen-R06 is Elm Hall.,authored_experiment_stimulus,-0.8069360493887411
Ash Hall,73,151645,<|im_end|>,3258a23e60824cdf22a662e58212cc0f1543d4927185d1247566623323a3b3d1,confident,65,0.3523578445738037,supported,"Item: Velen-R06
Meeting room: Ash Hall
Assigned room: Elm Hall",incorrect,paired-confidence-transfer-v2,natural_style,v2-room_assignment-06|natural_style|qa|supported,room_assignment,72,qa,0.39829088886702807,0.21715399400513194,constructed_world_key,b4eaaf489414851dad66b4dfc447d5609f172424c93faee37aa6ade799221440,2.2289679050445557,v2-room_assignment-06,v2-room_assignment-06--natural--incorrect--hedged,222c9911890d751f7b86cb5e90ea41a8615168ed4480b63b14f62cd9e6d234e9,55,What is the assigned room for Velen-R06?,55,73,The assigned room for Velen-R06 is Ash Hall. That is my response.,40.121421813964844,v2-room_assignment-06,test,-0.12730288452088823,18,v2-room_assignment-06--natural--incorrect--confident,12,N06,The assigned room for Velen-R06 is Elm Hall.,authored_experiment_stimulus,3.3283317992657127
Ash Hall,73,151645,<|im_end|>,2e91206f14f600708400befa2947fdc2b94ca3fdaa4de33d5ff28b9dc66f8831,hedged,65,0.5096692831830022,supported,"Item: Velen-R06
Meeting room: Ash Hall
Assigned room: Elm Hall",incorrect,paired-confidence-transfer-v2,natural_style,v2-room_assignment-06|natural_style|qa|supported,room_assignment,72,qa,0.38343914845049515,0.19583325236829438,constructed_world_key,36ed2115ec9fcc62c30332be8f6e913539b4733df17ccb2d0f390425e8d7f00e,2.310054302215576,v2-room_assignment-06,v2-room_assignment-06--natural--incorrect--confident,222c9911890d751f7b86cb5e90ea41a8615168ed4480b63b14f62cd9e6d234e9,55,What is the assigned room for Velen-R06?,55,73,The assigned room for Velen-R06 is Ash Hall. I could be mistaken.,41.58097839355469,v2-room_assignment-06,test,0.7610401709434426,18,v2-room_assignment-06--natural--incorrect--hedged,12,N06,The assigned room for Velen-R06 is Elm Hall.,authored_experiment_stimulus,-0.5542008955235393
Cedar Hall,69,151645,<|im_end|>,b510ffcea67eee060589285c447bacef5b0f78cbfccb34fc3e03b898c316953b,neutral,46,0.4243412119266573,supported,"Item: Velen-R07
Assigned room: Cedar Hall
Meeting room: Yew Hall",correct,paired-confidence-transfer-v2,neutral_evidence,v2-room_assignment-07|neutral_evidence|qa|supported,room_assignment,68,qa,0.8053759908025626,0.8020204969231374,constructed_world_key,31f7d941c207fd4fd5f6e4fb6728a9e7d4cf55de5b275d68887b803b22904556,0.006395780015736818,v2-room_assignment-07,,9b265ac019bc2c5532b37912fd9edfff7930a77411eecfa43173404e87d4113b,56,What is the assigned room for Velen-R07?,56,69,The assigned room for Velen-R07 is Cedar Hall.,0.0831451416015625,v2-room_assignment-07,test,0.7610401709434426,13,v2-room_assignment-07--neutral--qa--supported,8,N07,The assigned room for Velen-R07 is Cedar Hall.,authored_experiment_stimulus,3.631718373602215
Cedar Hall,69,151645,<|im_end|>,f81d573bc3c72be50ca910a0313d2880e4c688be23a4bfa6ef5e9c18780df88d,neutral,46,0.4243412119266573,omitted,"Item: Velen-R07
Storage room: Cedar Hall
Meeting room: Yew Hall",correct,paired-confidence-transfer-v2,neutral_evidence,v2-room_assignment-07|neutral_evidence|qa|omitted,room_assignment,68,qa,0.7996622811918117,0.796096517708991,constructed_world_key,217338587bb40adbed7164846bb58f512c11adfd6bf2799c8079e99fbecc80ca,0.037591055035591125,v2-room_assignment-07,,97e1f769d7058ac8fcea6ae38cf5c69538837dbe22ed5611d72481783634a5fa,56,What is the assigned room for Velen-R07?,56,69,The assigned room for Velen-R07 is Cedar Hall.,0.48868370056152344,v2-room_assignment-07,test,0.7610401709434426,13,v2-room_assignment-07--neutral--qa--omitted,8,N07,The assigned room for Velen-R07 is Cedar Hall.,authored_experiment_stimulus,3.585715910932195
Cedar Hall,69,151645,<|im_end|>,6f0c457861ffcc4c737df3750c621d7c6c1e79b3a8ff096126c0862a1901b441,neutral,46,0.4243412119266573,conflicting,"Item: Velen-R07
Assigned room: Yew Hall
Meeting room: Cedar Hall",correct,paired-confidence-transfer-v2,neutral_evidence,v2-room_assignment-07|neutral_evidence|qa|conflicting,room_assignment,68,qa,0.643577424973023,0.6342675895382647,constructed_world_key,83add4b215bd0a72f43c8687638644795d673f0e1e2f59ffe68bb30196a99ce4,0.8897712230682373,v2-room_assignment-07,,5a16141acaad745e06c2c7767d5ff098b66b46af37aa45262e77475793045334,56,What is the assigned room for Velen-R07?,56,69,The assigned room for Velen-R07 is Cedar Hall.,11.567026138305664,v2-room_assignment-07,test,0.7610401709434426,13,v2-room_assignment-07--neutral--qa--conflicting,8,N07,The assigned room for Velen-R07 is Cedar Hall.,authored_experiment_stimulus,3.5990384937654443
Cedar Hall,74,151645,<|im_end|>,ddb7e0611394cea40012ea7e606ac8fbe7e10465781fff24b377a825d4740cb7,neutral,46,0.4243412119266573,supported,"Item: Velen-R07
Assigned room: Cedar Hall
Meeting room: Yew Hall",correct,paired-confidence-transfer-v2,neutral_evidence,v2-room_assignment-07|neutral_evidence|document|supported,room_assignment,73,document,0.7767053260753503,0.7722947254555044,constructed_world_key,1f4414b8de8c1660996d8eb907cb510712a13aada3e7313992a684ba01ca39b8,0.1629296839237213,v2-room_assignment-07,,633e9f9235bf7fd3b78f51cac1a13b2a3e5865a139a793714645a61c94038b21,61,Summarize the assigned room for Velen-R07 as a factual sentence.,61,74,The assigned room for Velen-R07 is Cedar Hall.,2.1180858612060547,v2-room_assignment-07,test,0.7610401709434426,13,v2-room_assignment-07--neutral--document--supported,8,N07,The assigned room for Velen-R07 is Cedar Hall.,authored_experiment_stimulus,3.368752868311319
Cedar Hall,74,151645,<|im_end|>,d17b02aa2701394c60d0d8992476f3789ed1673742e6fc3cf93ea6074de43cfc,neutral,46,0.4243412119266573,omitted,"Item: Velen-R07
Storage room: Cedar Hall
Meeting room: Yew Hall",correct,paired-confidence-transfer-v2,neutral_evidence,v2-room_assignment-07|neutral_evidence|document|omitted,room_assignment,73,document,0.7640826775224099,0.7592075512303753,constructed_world_key,15f8b2373932fb289c9becb3307cd1d492b9aecb4886cbb1eeef927c6a961338,0.23184585571289062,v2-room_assignment-07,,5980d2d4260a5552bb821dfbf444edfe939a0fe55fad76d7beb5d2984d244620,61,Summarize the assigned room for Velen-R07 as a factual sentence.,61,74,The assigned room for Velen-R07 is Cedar Hall.,3.013996124267578,v2-room_assignment-07,test,0.7610401709434426,13,v2-room_assignment-07--neutral--document--omitted,8,N07,The assigned room for Velen-R07 is Cedar Hall.,authored_experiment_stimulus,3.3265498098029096
Cedar Hall,74,151645,<|im_end|>,037b8cec28bcb11000e683e2da4acadf978589fad473324511838db42ffad548,neutral,46,0.4243412119266573,conflicting,"Item: Velen-R07
Assigned room: Yew Hall
Meeting room: Cedar Hall",correct,paired-confidence-transfer-v2,neutral_evidence,v2-room_assignment-07|neutral_evidence|document|conflicting,room_assignment,73,document,0.6672685778230675,0.6588305980335251,constructed_world_key,1f4a8bc5c4a4e13d6a27c1416174849c25125fbddd22d1032438d73e937a63fb,0.7604240775108337,v2-room_assignment-07,,41bf6dde5d23908e2867d584c93886375b18de7e7cf2066b21c135ec095ae8c7,61,Summarize the assigned room for Velen-R07 as a factual sentence.,61,74,The assigned room for Velen-R07 is Cedar Hall.,9.885513305664062,v2-room_assignment-07,test,0.7610401709434426,13,v2-room_assignment-07--neutral--document--conflicting,8,N07,The assigned room for Velen-R07 is Cedar Hall.,authored_experiment_stimulus,3.410853119786415
Cedar Hall,79,151645,<|im_end|>,b7f21bb9c52321727542d3f494abb85ca3e2ea1a4389bfb2fa395c9a748f1625,confident,87,0.3553738568496966,supported,"Item: Velen-R07
Assigned room: Cedar Hall
Meeting room: Yew Hall",correct,paired-confidence-transfer-v2,natural_style,v2-room_assignment-07|natural_style|qa|supported,room_assignment,78,qa,0.459604575205176,0.16682383940848494,constructed_world_key,1298225dfe5dc00405dc8714be74c64e733eeaf17effad31a6ee861022049c55,1.8942121267318726,v2-room_assignment-07,v2-room_assignment-07--natural--correct--hedged,9b265ac019bc2c5532b37912fd9edfff7930a77411eecfa43173404e87d4113b,56,What is the assigned room for Velen-R07?,56,79,The assigned room for Velen-R07 is Cedar Hall. That is the answer I give for this item.,43.56687927246094,v2-room_assignment-07,test,0.6914763270605773,23,v2-room_assignment-07--natural--correct--confident,17,N07,The assigned room for Velen-R07 is Cedar Hall.,authored_experiment_stimulus,2.9074153792975075
Cedar Hall,72,151645,<|im_end|>,7ec2662f3d858f9aaeea3811789a0a1da344ca1e38a792764ee36b99fb82cbfa,hedged,59,0.4436953116914022,supported,"Item: Velen-R07
Assigned room: Cedar Hall
Meeting room: Yew Hall",correct,paired-confidence-transfer-v2,natural_style,v2-room_assignment-07|natural_style|qa|supported,room_assignment,71,qa,0.4611804882667425,0.36252517682842994,constructed_world_key,f9130e9d211229dc04c87504580c07fe8511b15977ae0936826f9903288c2089,1.8856080770492554,v2-room_assignment-07,v2-room_assignment-07--natural--correct--confident,9b265ac019bc2c5532b37912fd9edfff7930a77411eecfa43173404e87d4113b,56,What is the assigned room for Velen-R07?,56,72,I think that the assigned room for Velen-R07 is Cedar Hall.,30.169729232788086,v2-room_assignment-07,test,0.7610401709434426,16,v2-room_assignment-07--natural--correct--hedged,11,N07,The assigned room for Velen-R07 is Cedar Hall.,authored_experiment_stimulus,0.8605475241929413
Yew Hall,80,151645,<|im_end|>,8f724c95d1f603614bd1f8cc7c89120649d915541c2f24de3f2ec2fa0aa3abdd,confident,85,0.35053592423809776,supported,"Item: Velen-R07
Assigned room: Cedar Hall
Meeting room: Yew Hall",incorrect,paired-confidence-transfer-v2,natural_style,v2-room_assignment-07|natural_style|qa|supported,room_assignment,79,qa,0.38050885322298733,-0.012242885027313398,constructed_world_key,9ae329d6893c2f1be2eb1d91b8b085de32f53fd01c00eaac0101a37c5a0645b5,2.3260529041290283,v2-room_assignment-07,v2-room_assignment-07--natural--incorrect--hedged,9b265ac019bc2c5532b37912fd9edfff7930a77411eecfa43173404e87d4113b,56,What is the assigned room for Velen-R07?,56,80,The assigned room for Velen-R07 is Yew Hall. That is the answer I give for this item.,55.82527160644531,v2-room_assignment-07,test,0.6914763270605773,24,v2-room_assignment-07--natural--incorrect--confident,17,N07,The assigned room for Velen-R07 is Cedar Hall.,authored_experiment_stimulus,2.8584676563900944
Yew Hall,73,151645,<|im_end|>,160f9fb0eec3759532f66132066cd763510cfb17a9b9b7cf52e51eee66292016,hedged,57,0.43633889413290283,supported,"Item: Velen-R07
Assigned room: Cedar Hall
Meeting room: Yew Hall",incorrect,paired-confidence-transfer-v2,natural_style,v2-room_assignment-07|natural_style|qa|supported,room_assignment,72,qa,0.418182642750661,0.27668360611463916,constructed_world_key,7d4ea02f9b3d102519651f61b644b7ed2892f57af0fe551b9955c6f8838cd7da,2.1203644275665283,v2-room_assignment-07,v2-room_assignment-07--natural--incorrect--confident,9b265ac019bc2c5532b37912fd9edfff7930a77411eecfa43173404e87d4113b,56,What is the assigned room for Velen-R07?,56,73,I think that the assigned room for Velen-R07 is Yew Hall.,36.04619598388672,v2-room_assignment-07,test,0.7610401709434426,17,v2-room_assignment-07--natural--incorrect--hedged,11,N07,The assigned room for Velen-R07 is Cedar Hall.,authored_experiment_stimulus,0.8238505947517114
Oak Hall,69,151645,<|im_end|>,ec7c2143322c727fc63eb9ef55ba872fcf51b69a1597e880c2709d885b35b1cc,neutral,44,0.44186413310004924,supported,"Item: Velen-R08
Meeting room: Rowan Hall
Assigned room: Oak Hall",correct,paired-confidence-transfer-v2,neutral_evidence,v2-room_assignment-08|neutral_evidence|qa|supported,room_assignment,68,qa,0.8040743165724271,0.8006709199560046,constructed_world_key,7ac689d2acac03ffff072147fb35f34f95e52d49ac4873aded621d74362c97cb,0.01350256148725748,v2-room_assignment-08,,6a135106e7584e93db5e2feca966a8b9a1bd057e68a40ee4412e1040de4a2cca,56,What is the assigned room for Velen-R08?,56,69,The assigned room for Velen-R08 is Oak Hall.,0.17553329467773438,v2-room_assignment-08,test,0.7610401709434426,13,v2-room_assignment-08--neutral--qa--supported,8,N08,The assigned room for Velen-R08 is Oak Hall.,authored_experiment_stimulus,3.6800330818248446
Oak Hall,69,151645,<|im_end|>,c5132f0cf1cb504e68b2900aead2843a4bc262b2cc55bf48ff8bc9878ffff955,neutral,44,0.44186413310004924,omitted,"Item: Velen-R08
Meeting room: Rowan Hall
Storage room: Oak Hall",correct,paired-confidence-transfer-v2,neutral_evidence,v2-room_assignment-08|neutral_evidence|qa|omitted,room_assignment,68,qa,0.746638123870113,0.7411210243494067,constructed_world_key,8cc8ec679f912eb76f03575a7b3f92bd7b5f88abc6135c180fe9df9cb4f0a5ab,0.32708829641342163,v2-room_assignment-08,,472cee089c81f05adc40c03b6b1fae8cfe02f5eb0635f546500a6d345afa8c67,56,What is the assigned room for Velen-R08?,56,69,The assigned room for Velen-R08 is Oak Hall.,4.252147674560547,v2-room_assignment-08,test,0.7610401709434426,13,v2-room_assignment-08--neutral--qa--omitted,8,N08,The assigned room for Velen-R08 is Oak Hall.,authored_experiment_stimulus,3.509665991839885
Oak Hall,69,151645,<|im_end|>,7d60163d2dc5436fdfd6874d30c111f81123b1c816644845847501b4d62a880c,neutral,44,0.44186413310004924,conflicting,"Item: Velen-R08
Meeting room: Oak Hall
Assigned room: Rowan Hall",correct,paired-confidence-transfer-v2,neutral_evidence,v2-room_assignment-08|neutral_evidence|qa|conflicting,room_assignment,68,qa,0.7220325119635086,0.7156099016748954,constructed_world_key,22205df250281ddf773fdbcc01df3884f20496456f160e455aee4ea78dd2baae,0.46142813563346863,v2-room_assignment-08,,c38fc4f152c9e77c5b5f930f5b77c80ef926638f72309e4a59f461c01cf799da,56,What is the assigned room for Velen-R08?,56,69,The assigned room for Velen-R08 is Oak Hall.,5.998565673828125,v2-room_assignment-08,test,0.7610401709434426,13,v2-room_assignment-08--neutral--qa--conflicting,8,N08,The assigned room for Velen-R08 is Oak Hall.,authored_experiment_stimulus,3.6421725394026367
Oak Hall,74,151645,<|im_end|>,6254d242cd0823cb825b4d55391e865b88b4b474ea23d5ac1cd9c303dde97fea,neutral,44,0.44186413310004924,supported,"Item: Velen-R08
Meeting room: Rowan Hall
Assigned room: Oak Hall",correct,paired-confidence-transfer-v2,neutral_evidence,v2-room_assignment-08|neutral_evidence|document|supported,room_assignment,73,document,0.7887804111065232,0.7848141846576703,constructed_world_key,af616b2fcda9ee06ccc408ba8a3a617f749f5f11a4acaac018929aecba77190a,0.09700305759906769,v2-room_assignment-08,,b2c881a551717bdc9d0d418d956705b187d0f30f2450e8c7382d89b56e10792b,61,Summarize the assigned room for Velen-R08 as a factual sentence.,61,74,The assigned room for Velen-R08 is Oak Hall.,1.2610397338867188,v2-room_assignment-08,test,0.7610401709434426,13,v2-room_assignment-08--neutral--document--supported,8,N08,The assigned room for Velen-R08 is Oak Hall.,authored_experiment_stimulus,3.4328364156084925
Oak Hall,74,151645,<|im_end|>,81234f1d9e4734d557f153f0b921ae32360f7e919fdd495a8f7c65703cdcd80e,neutral,44,0.44186413310004924,omitted,"Item: Velen-R08
Meeting room: Rowan Hall
Storage room: Oak Hall",correct,paired-confidence-transfer-v2,neutral_evidence,v2-room_assignment-08|neutral_evidence|document|omitted,room_assignment,73,document,0.6834151909972993,0.6755714207579316,constructed_world_key,3e123f8aa2c7f6b5165e33fd14e616305001cedae4c42a36f116f83984310aad,0.6722680330276489,v2-room_assignment-08,,956561060927edd74dfd7db7858dab8c5bdf001ab48460155af836a1249bfce4,61,Summarize the assigned room for Velen-R08 as a factual sentence.,61,74,The assigned room for Velen-R08 is Oak Hall.,8.739484786987305,v2-room_assignment-08,test,0.7610401709434426,13,v2-room_assignment-08--neutral--document--omitted,8,N08,The assigned room for Velen-R08 is Oak Hall.,authored_experiment_stimulus,3.42118680770282
Oak Hall,74,151645,<|im_end|>,8dd61512cc6fc8d7e3462abdd33eb93694fe21853e418aa391de3bcfcb5eacef,neutral,44,0.44186413310004924,conflicting,"Item: Velen-R08
Meeting room: Oak Hall
Assigned room: Rowan Hall",correct,paired-confidence-transfer-v2,neutral_evidence,v2-room_assignment-08|neutral_evidence|document|conflicting,room_assignment,73,document,0.7128968789230361,0.7061380657725332,constructed_world_key,09e0c561d497f1a71ac14e36259fda2a6de39a9efa792da8e9aa9f9db7d10a21,0.5113061666488647,v2-room_assignment-08,,7608b82762547c02a79f34afeaea2c1d8a23af839e156abe2301fd8f813e4984,61,Summarize the assigned room for Velen-R08 as a factual sentence.,61,74,The assigned room for Velen-R08 is Oak Hall.,6.646980285644531,v2-room_assignment-08,test,0.7610401709434426,13,v2-room_assignment-08--neutral--document--conflicting,8,N08,The assigned room for Velen-R08 is Oak Hall.,authored_experiment_stimulus,3.2825084977768846
Oak Hall,80,151645,<|im_end|>,cd33c28ca3a998cceb916623adf56bb88e5848de0bce35e938a07ac81ca4e5b9,confident,91,0.21058422977354216,supported,"Item: Velen-R08
Meeting room: Rowan Hall
Assigned room: Oak Hall",correct,paired-confidence-transfer-v2,natural_style,v2-room_assignment-08|natural_style|qa|supported,room_assignment,79,qa,0.46738636647884646,0.1540488582944818,constructed_world_key,f683fd670cc24b420c1112afa370ef75f2548d2d9f7280c16073f7b25198202e,1.851725697517395,v2-room_assignment-08,v2-room_assignment-08--natural--correct--hedged,6a135106e7584e93db5e2feca966a8b9a1bd057e68a40ee4412e1040de4a2cca,56,What is the assigned room for Velen-R08?,56,80,The assigned room for Velen-R08 is Oak Hall. This is the answer I would give for this item.,44.4414176940918,v2-room_assignment-08,test,0.4296908433417408,24,v2-room_assignment-08--natural--correct--confident,18,N08,The assigned room for Velen-R08 is Oak Hall.,authored_experiment_stimulus,2.5080266342419364
Oak Hall,72,151645,<|im_end|>,687e0a61379d5e1f935417afd72d98a9c2981d6caffc56c59a04612419dbf1b4,hedged,58,0.5961593552670684,supported,"Item: Velen-R08
Meeting room: Rowan Hall
Assigned room: Oak Hall",correct,paired-confidence-transfer-v2,natural_style,v2-room_assignment-08|natural_style|qa|supported,room_assignment,71,qa,0.6113141771303442,0.5541051751142593,constructed_world_key,7d973c93e1134afdda8a1b7c36e586822d38865d7cc2e4320c2b208463647b00,1.0659196376800537,v2-room_assignment-08,v2-room_assignment-08--natural--correct--confident,6a135106e7584e93db5e2feca966a8b9a1bd057e68a40ee4412e1040de4a2cca,56,What is the assigned room for Velen-R08?,56,72,It seems that the assigned room for Velen-R08 is Oak Hall.,17.05471420288086,v2-room_assignment-08,test,0.9683511505407728,16,v2-room_assignment-08--natural--correct--hedged,11,N08,The assigned room for Velen-R08 is Oak Hall.,authored_experiment_stimulus,3.034453177035167
Rowan Hall,81,151645,<|im_end|>,b90b79986b8e5f120f4687db59eba8dd708f726f348c036666564fc2565b5269,confident,93,0.039529126560336636,supported,"Item: Velen-R08
Meeting room: Rowan Hall
Assigned room: Oak Hall",incorrect,paired-confidence-transfer-v2,natural_style,v2-room_assignment-08|natural_style|qa|supported,room_assignment,80,qa,0.4241480815558434,0.04078887535489596,constructed_world_key,51f0742beb2f46dfac23cf70dfb712b20a9892a62ecabbce611a1de94941be41,2.087794780731201,v2-room_assignment-08,v2-room_assignment-08--natural--incorrect--hedged,6a135106e7584e93db5e2feca966a8b9a1bd057e68a40ee4412e1040de4a2cca,56,What is the assigned room for Velen-R08?,56,81,The assigned room for Velen-R08 is Rowan Hall. This is the answer I would give for this item.,52.19486999511719,v2-room_assignment-08,test,0.4296908433417408,25,v2-room_assignment-08--natural--incorrect--confident,18,N08,The assigned room for Velen-R08 is Oak Hall.,authored_experiment_stimulus,2.4265240055546577
Rowan Hall,73,151645,<|im_end|>,ffdb2df5a9b9ce2d701bbde176188c40a2b40936f03a2f4d7cf6623cdcb24219,hedged,60,0.3235691245202188,supported,"Item: Velen-R08
Meeting room: Rowan Hall
Assigned room: Oak Hall",incorrect,paired-confidence-transfer-v2,natural_style,v2-room_assignment-08|natural_style|qa|supported,room_assignment,72,qa,0.5214698180142869,0.416722095953538,constructed_world_key,2d5f438262b3720ed1cc875b8c5c25863dcd6a07dc0c009b3036d04fdda16370,1.5564450025558472,v2-room_assignment-08,v2-room_assignment-08--natural--incorrect--confident,6a135106e7584e93db5e2feca966a8b9a1bd057e68a40ee4412e1040de4a2cca,56,What is the assigned room for Velen-R08?,56,73,It seems that the assigned room for Velen-R08 is Rowan Hall.,26.459564208984375,v2-room_assignment-08,test,0.9683511505407728,17,v2-room_assignment-08--natural--incorrect--hedged,11,N08,The assigned room for Velen-R08 is Oak Hall.,authored_experiment_stimulus,3.047964654955951
Juniper Hall,73,151645,<|im_end|>,92badfddee1c74169932edd23263d2d269d9cffd85bf73a4648b415c896027c2,neutral,48,0.426364330738383,supported,"Item: Velen-R09
Assigned room: Juniper Hall
Meeting room: Sycamore Hall",correct,paired-confidence-transfer-v2,neutral_evidence,v2-room_assignment-09|neutral_evidence|qa|supported,room_assignment,72,qa,0.8057756018078459,0.8023732570284445,constructed_world_key,fbb0ce4b204db176b0b2fb52215d72efc7f39f147760bde676c0aa94b8f6672f,0.004214014392346144,v2-room_assignment-09,,dc28cd0e30134994a7ae0632c2ef6a261342c240c26957373360a7532774a1a5,59,What is the assigned room for Velen-R09?,59,73,The assigned room for Velen-R09 is Juniper Hall.,0.05899620056152344,v2-room_assignment-09,test,0.7610401709434426,14,v2-room_assignment-09--neutral--qa--supported,8,N09,The assigned room for Velen-R09 is Juniper Hall.,authored_experiment_stimulus,3.6940455811472486
Juniper Hall,73,151645,<|im_end|>,ac0df1c0a6df1fd2a4846c91621682395b549e021156d25763ffaec626882146,neutral,48,0.426364330738383,omitted,"Item: Velen-R09
Storage room: Juniper Hall
Meeting room: Sycamore Hall",correct,paired-confidence-transfer-v2,neutral_evidence,v2-room_assignment-09|neutral_evidence|qa|omitted,room_assignment,72,qa,0.8005920372285515,0.7965855227329423,constructed_world_key,5533db6927bc73dd0c9cb23a2aac6401db8c4e14a01caef8d527589cc99b186f,0.032514844089746475,v2-room_assignment-09,,da3cbb07f6110f4e548a92e075a6b4e20bbe5771a916bebb75de7293ce2cf7f1,59,What is the assigned room for Velen-R09?,59,73,The assigned room for Velen-R09 is Juniper Hall.,0.45520782470703125,v2-room_assignment-09,test,0.7610401709434426,14,v2-room_assignment-09--neutral--qa--omitted,8,N09,The assigned room for Velen-R09 is Juniper Hall.,authored_experiment_stimulus,3.627715678138242
Juniper Hall,73,151645,<|im_end|>,15a3f933305d2aab8246edb2351af4540d3ba8605b26393f566ab578c3c0a5d7,neutral,48,0.426364330738383,conflicting,"Item: Velen-R09
Assigned room: Sycamore Hall
Meeting room: Juniper Hall",correct,paired-confidence-transfer-v2,neutral_evidence,v2-room_assignment-09|neutral_evidence|qa|conflicting,room_assignment,72,qa,0.7236691462374479,0.7106968931914235,constructed_world_key,b531e7b050b1bd3fd555d9d8c5fdb471179ef8f6232ffeb81afe21eb72238f47,0.4524925649166107,v2-room_assignment-09,,d591a9a8a39a98e870d0ac89c4d78f21844f7cd5015d639bef9c150fccb2fcc8,59,What is the assigned room for Velen-R09?,59,73,The assigned room for Velen-R09 is Juniper Hall.,6.334896087646484,v2-room_assignment-09,test,0.7610401709434426,14,v2-room_assignment-09--neutral--qa--conflicting,8,N09,The assigned room for Velen-R09 is Juniper Hall.,authored_experiment_stimulus,3.642324583913452
Juniper Hall,78,151645,<|im_end|>,1995bcfda56bca73738604818960f8462bb49db562addde47f94829b91216eec,neutral,48,0.426364330738383,supported,"Item: Velen-R09
Assigned room: Juniper Hall
Meeting room: Sycamore Hall",correct,paired-confidence-transfer-v2,neutral_evidence,v2-room_assignment-09|neutral_evidence|document|supported,room_assignment,77,document,0.7824203772167297,0.7762958681521905,constructed_world_key,1f34f05582c2e44cfe2133cabb8ff1123252116e001a9f953650ea13b010492f,0.13172708451747894,v2-room_assignment-09,,5774a3959f17becbc31bc5d75f75c2a1cfa4062f22e6cd166ee89cd6e2011081,64,Summarize the assigned room for Velen-R09 as a factual sentence.,64,78,The assigned room for Velen-R09 is Juniper Hall.,1.8441791534423828,v2-room_assignment-09,test,0.7610401709434426,14,v2-room_assignment-09--neutral--document--supported,8,N09,The assigned room for Velen-R09 is Juniper Hall.,authored_experiment_stimulus,3.463339123003842
Juniper Hall,78,151645,<|im_end|>,d93931f6b66e858bf5b186a0b38ef326623444b2a5e0586c0af0f7f8c0f89672,neutral,48,0.426364330738383,omitted,"Item: Velen-R09
Storage room: Juniper Hall
Meeting room: Sycamore Hall",correct,paired-confidence-transfer-v2,neutral_evidence,v2-room_assignment-09|neutral_evidence|document|omitted,room_assignment,77,document,0.7678344613202196,0.7600098917052612,constructed_world_key,0d3569305d4c4555d96d968f548d0ae8771ce863ab57b0c689353c9a53269248,0.21136215329170227,v2-room_assignment-09,,40ebd4d2e71cda183dde216cf8dd17d63780152c83165095d3eb354ce2f86a6d,64,Summarize the assigned room for Velen-R09 as a factual sentence.,64,78,The assigned room for Velen-R09 is Juniper Hall.,2.9590702056884766,v2-room_assignment-09,test,0.7610401709434426,14,v2-room_assignment-09--neutral--document--omitted,8,N09,The assigned room for Velen-R09 is Juniper Hall.,authored_experiment_stimulus,3.4807228875503737
Juniper Hall,78,151645,<|im_end|>,bc101bea806f7be131ce815e40bb941106034041a1c37b6a9e2fd8641190a55b,neutral,48,0.426364330738383,conflicting,"Item: Velen-R09
Assigned room: Sycamore Hall
Meeting room: Juniper Hall",correct,paired-confidence-transfer-v2,neutral_evidence,v2-room_assignment-09|neutral_evidence|document|conflicting,room_assignment,77,document,0.7111298174063393,0.6966960421529828,constructed_world_key,96bbd121462449a608b5ccbb0c13aba7a9b3813bff8f6c63f6453205fbc8f359,0.5209538340568542,v2-room_assignment-09,,edddee0bdb0022f4c8bfd6f29f0737cffdfec4170effb3585594941628cb7361,64,Summarize the assigned room for Velen-R09 as a factual sentence.,64,78,The assigned room for Velen-R09 is Juniper Hall.,7.293354034423828,v2-room_assignment-09,test,0.7610401709434426,14,v2-room_assignment-09--neutral--document--conflicting,8,N09,The assigned room for Velen-R09 is Juniper Hall.,authored_experiment_stimulus,3.4777117468909116
Juniper Hall,81,151645,<|im_end|>,942e51fe61b7ec166d162092c85c4431cc1a5a521d0a6ca20310b31ba5dcdfcc,confident,81,0.4300096981452468,supported,"Item: Velen-R09
Assigned room: Juniper Hall
Meeting room: Sycamore Hall",correct,paired-confidence-transfer-v2,natural_style,v2-room_assignment-09|natural_style|qa|supported,room_assignment,80,qa,0.44563118535726276,0.1699763629370606,constructed_world_key,3f9bea71c5f7cf5506ce92f9e1a17f1ae20d9eeba6047e0de80d9b47748d2b46,1.9705029726028442,v2-room_assignment-09,v2-room_assignment-09--natural--correct--hedged,dc28cd0e30134994a7ae0632c2ef6a261342c240c26957373360a7532774a1a5,59,What is the assigned room for Velen-R09?,59,81,"For this item, my answer is that the assigned room for Velen-R09 is Juniper Hall.",43.35106658935547,v2-room_assignment-09,test,0.35818552487290173,22,v2-room_assignment-09--natural--correct--confident,15,N09,The assigned room for Velen-R09 is Juniper Hall.,authored_experiment_stimulus,2.835598252309806
Juniper Hall,74,151645,<|im_end|>,b316a364c8300b028cfa678e49cb71dfd7e5bf897466f05d4323071585d94e46,hedged,56,0.40563744730385964,supported,"Item: Velen-R09
Assigned room: Juniper Hall
Meeting room: Sycamore Hall",correct,paired-confidence-transfer-v2,natural_style,v2-room_assignment-09|natural_style|qa|supported,room_assignment,73,qa,0.5008954581391367,0.43758091437847385,constructed_world_key,79d2d443cf0421f840528f7f4f09816bafe8cb5c346229468f2f0348d46f5cef,1.6687753200531006,v2-room_assignment-09,v2-room_assignment-09--natural--correct--confident,dc28cd0e30134994a7ae0632c2ef6a261342c240c26957373360a7532774a1a5,59,What is the assigned room for Velen-R09?,59,74,Perhaps the assigned room for Velen-R09 is Juniper Hall.,25.03162956237793,v2-room_assignment-09,test,0.7610401709434426,15,v2-room_assignment-09--natural--correct--hedged,9,N09,The assigned room for Velen-R09 is Juniper Hall.,authored_experiment_stimulus,1.376704211754031
Sycamore Hall,83,151645,<|im_end|>,eded900e8e273549ff45ab14fcb65f751d808532f2cf48ce6e1b7097c9bcdd67,confident,82,0.5745158697959438,supported,"Item: Velen-R09
Assigned room: Juniper Hall
Meeting room: Sycamore Hall",incorrect,paired-confidence-transfer-v2,natural_style,v2-room_assignment-09|natural_style|qa|supported,room_assignment,82,qa,0.4184815107675464,0.060440352049851875,constructed_world_key,f6e3bc0f673b1129748a6fbc7d7c8d39696a2a3a922a766b75d24987deec7c93,2.1187326908111572,v2-room_assignment-09,v2-room_assignment-09--natural--incorrect--hedged,dc28cd0e30134994a7ae0632c2ef6a261342c240c26957373360a7532774a1a5,59,What is the assigned room for Velen-R09?,59,83,"For this item, my answer is that the assigned room for Velen-R09 is Sycamore Hall.",50.849586486816406,v2-room_assignment-09,test,0.35818552487290173,24,v2-room_assignment-09--natural--incorrect--confident,15,N09,The assigned room for Velen-R09 is Juniper Hall.,authored_experiment_stimulus,2.9729987652386782
Sycamore Hall,76,151645,<|im_end|>,a90340cd2b2b82292b450d968f944f6de9f08b7e0e9b8c7bbcc14b9b6df289dd,hedged,57,0.6267716668371546,supported,"Item: Velen-R09
Assigned room: Juniper Hall
Meeting room: Sycamore Hall",incorrect,paired-confidence-transfer-v2,natural_style,v2-room_assignment-09|natural_style|qa|supported,room_assignment,75,qa,0.5004918509436277,0.3882798129158143,constructed_world_key,db378f076985068728a7b1230fabfe1a35f3792a7f7e4c8f4aee20fb2c6133fc,1.6709789037704468,v2-room_assignment-09,v2-room_assignment-09--natural--incorrect--confident,dc28cd0e30134994a7ae0632c2ef6a261342c240c26957373360a7532774a1a5,59,What is the assigned room for Velen-R09?,59,76,Perhaps the assigned room for Velen-R09 is Sycamore Hall.,28.406641006469727,v2-room_assignment-09,test,0.7610401709434426,17,v2-room_assignment-09--natural--incorrect--hedged,9,N09,The assigned room for Velen-R09 is Juniper Hall.,authored_experiment_stimulus,1.5994702575428974
Poplar Hall,70,151645,<|im_end|>,866ada3bd5bcac9a1028520ab447800abc4a4689b484b5200b6e1a581437615b,neutral,47,0.3826508265157351,supported,"Item: Velen-R10
Meeting room: Laurel Hall
Assigned room: Poplar Hall",correct,paired-confidence-transfer-v2,neutral_evidence,v2-room_assignment-10|neutral_evidence|qa|supported,room_assignment,69,qa,0.8041754837946189,0.8005866375676818,constructed_world_key,04caa5c33e5d2f1e194c38f3a2230f71a2a8e3a3e7cf51d78d7af3012bf565d4,0.012950216419994831,v2-room_assignment-10,,f73fb5a23b608f992ce209ed2daeb1c3fa16aefd92a31f81f49166e87fb04c98,56,What is the assigned room for Velen-R10?,56,70,The assigned room for Velen-R10 is Poplar Hall.,0.1813030242919922,v2-room_assignment-10,test,0.7610401709434426,14,v2-room_assignment-10--neutral--qa--supported,8,N10,The assigned room for Velen-R10 is Poplar Hall.,authored_experiment_stimulus,3.737543341240367
Poplar Hall,70,151645,<|im_end|>,87fd6989e23136e0986bde5de69df2222d6f6cf54bc05faa709437632dae291a,neutral,47,0.3826508265157351,omitted,"Item: Velen-R10
Meeting room: Laurel Hall
Storage room: Poplar Hall",correct,paired-confidence-transfer-v2,neutral_evidence,v2-room_assignment-10|neutral_evidence|qa|omitted,room_assignment,69,qa,0.7485074027027837,0.7384301732752138,constructed_world_key,7b400a2ba887426ff882d85682898ba7bbacdf03e2cc01ec3be0ba636b5c0800,0.31688255071640015,v2-room_assignment-10,,b3e795f961486279a846d6954220570cf46932714b9cf9dc1cdf17c63e479b6f,56,What is the assigned room for Velen-R10?,56,70,The assigned room for Velen-R10 is Poplar Hall.,4.4363555908203125,v2-room_assignment-10,test,0.7610401709434426,14,v2-room_assignment-10--neutral--qa--omitted,8,N10,The assigned room for Velen-R10 is Poplar Hall.,authored_experiment_stimulus,3.5883694123494068
Poplar Hall,70,151645,<|im_end|>,40f7e0a3b98fe731834b58bc09d958c3446ab6716497b4c543e799f8f80ce0b8,neutral,47,0.3826508265157351,conflicting,"Item: Velen-R10
Meeting room: Poplar Hall
Assigned room: Laurel Hall",correct,paired-confidence-transfer-v2,neutral_evidence,v2-room_assignment-10|neutral_evidence|qa|conflicting,room_assignment,69,qa,0.6913621260644907,0.674624337470703,constructed_world_key,b36c46a4bc1c99e32f1aa3eef4a560fe36365b6c6902733aecdaff7c2d3c6e3e,0.628879964351654,v2-room_assignment-10,,c076d48627178712070574486677c3d36aa25f6fa6f25fb2b107123965cb2097,56,What is the assigned room for Velen-R10?,56,70,The assigned room for Velen-R10 is Poplar Hall.,8.804319381713867,v2-room_assignment-10,test,0.7610401709434426,14,v2-room_assignment-10--neutral--qa--conflicting,8,N10,The assigned room for Velen-R10 is Poplar Hall.,authored_experiment_stimulus,3.7625426467929106
Poplar Hall,75,151645,<|im_end|>,837239764e2c60f83f59717e76e8cbb6a70a9348e787477b12aec52025826b3a,neutral,47,0.3826508265157351,supported,"Item: Velen-R10
Meeting room: Laurel Hall
Assigned room: Poplar Hall",correct,paired-confidence-transfer-v2,neutral_evidence,v2-room_assignment-10|neutral_evidence|document|supported,room_assignment,74,document,0.7871044982759557,0.781525945587435,constructed_world_key,5486aac5f9df5d9434917e1236de3915d0cda34673d584b73736648f52618006,0.10615307837724686,v2-room_assignment-10,,f384ff3fefba93d200d293ab2f024592bdf23426866ccb390b14a0be71811406,61,Summarize the assigned room for Velen-R10 as a factual sentence.,61,75,The assigned room for Velen-R10 is Poplar Hall.,1.4861431121826172,v2-room_assignment-10,test,0.7610401709434426,14,v2-room_assignment-10--neutral--document--supported,8,N10,The assigned room for Velen-R10 is Poplar Hall.,authored_experiment_stimulus,3.5016771444223336
Poplar Hall,75,151645,<|im_end|>,f2c02e11e67af4f280257d159f0af272135cb9e9744cfcf596f47b053147e30f,neutral,47,0.3826508265157351,omitted,"Item: Velen-R10
Meeting room: Laurel Hall
Storage room: Poplar Hall",correct,paired-confidence-transfer-v2,neutral_evidence,v2-room_assignment-10|neutral_evidence|document|omitted,room_assignment,74,document,0.751511754446676,0.7417846959162985,constructed_world_key,9cfe797ed3c09d4434870bc67c51f562eaad3e68c08bf478585de05bc879e6fb,0.30047962069511414,v2-room_assignment-10,,4b2860ee946a84f649fa97952b2718a8ac555e691be1db30aaf46f457a6b79d6,61,Summarize the assigned room for Velen-R10 as a factual sentence.,61,75,The assigned room for Velen-R10 is Poplar Hall.,4.206714630126953,v2-room_assignment-10,test,0.7610401709434426,14,v2-room_assignment-10--neutral--document--omitted,8,N10,The assigned room for Velen-R10 is Poplar Hall.,authored_experiment_stimulus,3.485727408002981
Poplar Hall,75,151645,<|im_end|>,659f5ff62e2b8e4a41d81e76a6a9626396ea8409e56f2ebac0d57993bf0d14d1,neutral,47,0.3826508265157351,conflicting,"Item: Velen-R10
Meeting room: Poplar Hall
Assigned room: Laurel Hall",correct,paired-confidence-transfer-v2,neutral_evidence,v2-room_assignment-10|neutral_evidence|document|conflicting,room_assignment,74,document,0.7256282950845472,0.7128843903391905,constructed_world_key,c53d52c5a520125795db50258d707fd079af0bbd36c2a2e0f2e083b769c8085a,0.4417961537837982,v2-room_assignment-10,,485f9a46334cbca8dbef73ce0e08f8744f7e3dcffa61976b3f953b1875fdc95e,61,Summarize the assigned room for Velen-R10 as a factual sentence.,61,75,The assigned room for Velen-R10 is Poplar Hall.,6.185146331787109,v2-room_assignment-10,test,0.7610401709434426,14,v2-room_assignment-10--neutral--document--conflicting,8,N10,The assigned room for Velen-R10 is Poplar Hall.,authored_experiment_stimulus,3.35601190871737
Poplar Hall,80,151645,<|im_end|>,f1939e15be020cefd52d93671e1af7822840f751ff9ec957a35e758ec467e013,confident,86,0.33032725152974896,supported,"Item: Velen-R10
Meeting room: Laurel Hall
Assigned room: Poplar Hall",correct,paired-confidence-transfer-v2,natural_style,v2-room_assignment-10|natural_style|qa|supported,room_assignment,79,qa,0.3875888024792144,0.0013088314326934786,constructed_world_key,6aee83ae32eecf113fef82115ec0c44a133fd3971eb61607e4256161c41023f5,2.287398338317871,v2-room_assignment-10,v2-room_assignment-10--natural--correct--hedged,f73fb5a23b608f992ce209ed2daeb1c3fa16aefd92a31f81f49166e87fb04c98,56,What is the assigned room for Velen-R10?,56,80,The assigned room for Velen-R10 is Poplar Hall. I give this as my answer for the item.,54.897560119628906,v2-room_assignment-10,test,0.3723413662844759,24,v2-room_assignment-10--natural--correct--confident,17,N10,The assigned room for Velen-R10 is Poplar Hall.,authored_experiment_stimulus,2.5071188759679184
Poplar Hall,75,151645,<|im_end|>,d184e2e1693df8a56f4db5c7ebae2c51a8b3f9a908612f4a5525412907578e53,hedged,73,0.36694651396774247,supported,"Item: Velen-R10
Meeting room: Laurel Hall
Assigned room: Poplar Hall",correct,paired-confidence-transfer-v2,natural_style,v2-room_assignment-10|natural_style|qa|supported,room_assignment,74,qa,0.5084012419170847,0.3514468210878235,constructed_world_key,1e44d4369bea928d50c02799edb5375d14bc0d633d3fa306a1d0faadc5d41ccb,1.6277958154678345,v2-room_assignment-10,v2-room_assignment-10--natural--correct--confident,f73fb5a23b608f992ce209ed2daeb1c3fa16aefd92a31f81f49166e87fb04c98,56,What is the assigned room for Velen-R10?,56,75,My working answer is that the assigned room for Velen-R10 is Poplar Hall.,30.92812156677246,v2-room_assignment-10,test,0.350237348499944,19,v2-room_assignment-10--natural--correct--hedged,13,N10,The assigned room for Velen-R10 is Poplar Hall.,authored_experiment_stimulus,1.8695945227921178
Laurel Hall,79,151645,<|im_end|>,aa12100ef3433e648f8e4948ab787358f680a916276b18e0d5a27d097c69f00d,confident,86,0.37336437969489883,supported,"Item: Velen-R10
Meeting room: Laurel Hall
Assigned room: Poplar Hall",incorrect,paired-confidence-transfer-v2,natural_style,v2-room_assignment-10|natural_style|qa|supported,room_assignment,78,qa,0.35483886789658997,-0.025352098052165976,constructed_world_key,5b981f151bca7277096dec79c8fdb88032b64fe767a32037c34ba4508c7bc1b9,2.4662039279937744,v2-room_assignment-10,v2-room_assignment-10--natural--incorrect--hedged,f73fb5a23b608f992ce209ed2daeb1c3fa16aefd92a31f81f49166e87fb04c98,56,What is the assigned room for Velen-R10?,56,79,The assigned room for Velen-R10 is Laurel Hall. I give this as my answer for the item.,56.72269058227539,v2-room_assignment-10,test,0.3723413662844759,23,v2-room_assignment-10--natural--incorrect--confident,17,N10,The assigned room for Velen-R10 is Poplar Hall.,authored_experiment_stimulus,2.539344544518948
Laurel Hall,74,151645,<|im_end|>,9a3efa64199e16e3fef080c88b7ab837271cebda43085913b9bf7788572ec20a,hedged,73,0.4240904801460452,supported,"Item: Velen-R10
Meeting room: Laurel Hall
Assigned room: Poplar Hall",incorrect,paired-confidence-transfer-v2,natural_style,v2-room_assignment-10|natural_style|qa|supported,room_assignment,73,qa,0.44709417137445967,0.28721453032937283,constructed_world_key,4b41f8c09baec954c94e3d896e9d82d8036e3dee1cad29fa4ccc87d5376d8a74,1.9625154733657837,v2-room_assignment-10,v2-room_assignment-10--natural--incorrect--confident,f73fb5a23b608f992ce209ed2daeb1c3fa16aefd92a31f81f49166e87fb04c98,56,What is the assigned room for Velen-R10?,56,74,My working answer is that the assigned room for Velen-R10 is Laurel Hall.,35.325279235839844,v2-room_assignment-10,test,0.350237348499944,18,v2-room_assignment-10--natural--incorrect--hedged,13,N10,The assigned room for Velen-R10 is Poplar Hall.,authored_experiment_stimulus,2.019653248607659
Pine Hall,68,151645,<|im_end|>,5311b23742941c7c622a61e39ff69af34ebbdf6991e705da7ed500f95f2756f7,neutral,45,0.43119159404856966,supported,"Item: Velen-R11
Assigned room: Pine Hall
Meeting room: Maple Hall",correct,paired-confidence-transfer-v2,neutral_evidence,v2-room_assignment-11|neutral_evidence|qa|supported,room_assignment,67,qa,0.8038115793895321,0.8003985137045562,constructed_world_key,ac9d28de38c41aa0dcfd2496ce0ca1d94c7a21db1ea12fecd53b3dc87da17b18,0.014937033876776695,v2-room_assignment-11,,1b09647f1f4efda31efaa0581491bbd65460ef35225162823960c98f72bbee20,55,What is the assigned room for Velen-R11?,55,68,The assigned room for Velen-R11 is Pine Hall.,0.1941814422607422,v2-room_assignment-11,test,0.7610401709434426,13,v2-room_assignment-11--neutral--qa--supported,8,N11,The assigned room for Velen-R11 is Pine Hall.,authored_experiment_stimulus,3.653901109642467
Pine Hall,68,151645,<|im_end|>,f9280259af79a6ce1cc072d654ab935cc518cae3cb67f24e66e07d3100c1dca6,neutral,45,0.43119159404856966,omitted,"Item: Velen-R11
Storage room: Pine Hall
Meeting room: Maple Hall",correct,paired-confidence-transfer-v2,neutral_evidence,v2-room_assignment-11|neutral_evidence|qa|omitted,room_assignment,67,qa,0.7908810462737144,0.7869921251577695,constructed_world_key,e44c4af197c2b35739972af6510992d54d94fa2e3dab6ee16032b3c79d82280d,0.08553417026996613,v2-room_assignment-11,,c710aa696ee03a247b4126f248bd515fdde796b96a2dc42c5544bb9d969f88bd,55,What is the assigned room for Velen-R11?,55,68,The assigned room for Velen-R11 is Pine Hall.,1.1119441986083984,v2-room_assignment-11,test,0.7610401709434426,13,v2-room_assignment-11--neutral--qa--omitted,8,N11,The assigned room for Velen-R11 is Pine Hall.,authored_experiment_stimulus,3.5481407561203264
Pine Hall,68,151645,<|im_end|>,de8d0294c0ba301f3818b707b5584fc19ae22ba7925403a61a5bf7fc81557c68,neutral,45,0.43119159404856966,conflicting,"Item: Velen-R11
Assigned room: Maple Hall
Meeting room: Pine Hall",correct,paired-confidence-transfer-v2,neutral_evidence,v2-room_assignment-11|neutral_evidence|qa|conflicting,room_assignment,67,qa,0.6579051092303453,0.6491225485482869,constructed_world_key,a5dbf3b64865e9ead9644a3791fed2c4e2b6521f4b25f942ed589ac5ea0f8ba5,0.8115460276603699,v2-room_assignment-11,,ff28bfd2c712dffa597c1b9dde0c9d0cb3383325ea7d9a9a9bd5af53b2260c97,55,What is the assigned room for Velen-R11?,55,68,The assigned room for Velen-R11 is Pine Hall.,10.550098419189453,v2-room_assignment-11,test,0.7610401709434426,13,v2-room_assignment-11--neutral--qa--conflicting,8,N11,The assigned room for Velen-R11 is Pine Hall.,authored_experiment_stimulus,3.6985564556469726
Pine Hall,73,151645,<|im_end|>,6c452f6c7bda451f65757a80097533c0e4d51adf8074a5468f8e549e1767ee8d,neutral,45,0.43119159404856966,supported,"Item: Velen-R11
Assigned room: Pine Hall
Meeting room: Maple Hall",correct,paired-confidence-transfer-v2,neutral_evidence,v2-room_assignment-11|neutral_evidence|document|supported,room_assignment,72,document,0.7729579418907349,0.7684094327325857,constructed_world_key,a9688bc9d12471e201d0a91bebdb1efa185b875c6431f69d9d340ea98c22c77d,0.18338936567306519,v2-room_assignment-11,,2afd82090ef193bfe51c9d60fc68d4c54d69e0f4980a4e2ecc563054bd08929e,60,Summarize the assigned room for Velen-R11 as a factual sentence.,60,73,The assigned room for Velen-R11 is Pine Hall.,2.384061813354492,v2-room_assignment-11,test,0.7610401709434426,13,v2-room_assignment-11--neutral--document--supported,8,N11,The assigned room for Velen-R11 is Pine Hall.,authored_experiment_stimulus,3.3935594297053715
Pine Hall,73,151645,<|im_end|>,b63f355f2bcafd23950e708ea79badab5f9d3288430795d2eb04ebe0b12d9725,neutral,45,0.43119159404856966,omitted,"Item: Velen-R11
Storage room: Pine Hall
Meeting room: Maple Hall",correct,paired-confidence-transfer-v2,neutral_evidence,v2-room_assignment-11|neutral_evidence|document|omitted,room_assignment,72,document,0.7658331040251993,0.7610223948429963,constructed_world_key,a7401a18f91b7c0a5cc02c8246275f388c032422de6a9984c57f591a4ff282f2,0.22228901088237762,v2-room_assignment-11,,e845080381f6966a616d1c639828e3815a02c20d92565f51e6afbdf0d8c416aa,60,Summarize the assigned room for Velen-R11 as a factual sentence.,60,73,The assigned room for Velen-R11 is Pine Hall.,2.8897571563720703,v2-room_assignment-11,test,0.7610401709434426,13,v2-room_assignment-11--neutral--document--omitted,8,N11,The assigned room for Velen-R11 is Pine Hall.,authored_experiment_stimulus,3.3842597832038734
Pine Hall,73,151645,<|im_end|>,2f6e3ddbfc618b79bc9044dafcef3def5d9653ddb5799a20a7970e457112de54,neutral,45,0.43119159404856966,conflicting,"Item: Velen-R11
Assigned room: Maple Hall
Meeting room: Pine Hall",correct,paired-confidence-transfer-v2,neutral_evidence,v2-room_assignment-11|neutral_evidence|document|conflicting,room_assignment,72,document,0.638070048129138,0.628557534349752,constructed_world_key,fc79ca05cfe3041e14581eaf74007aa8bd8c9006bf1cd59b4405d7e7500c762b,0.9198399782180786,v2-room_assignment-11,,698541f705786870a5001d2c8927c2e21a8f6048f816e7cb01f419e9fc560429,60,Summarize the assigned room for Velen-R11 as a factual sentence.,60,73,The assigned room for Velen-R11 is Pine Hall.,11.95792007446289,v2-room_assignment-11,test,0.7610401709434426,13,v2-room_assignment-11--neutral--document--conflicting,8,N11,The assigned room for Velen-R11 is Pine Hall.,authored_experiment_stimulus,3.413412243655822
Pine Hall,79,151645,<|im_end|>,5fe167d7f38719130ad40b5ef470c38c2679565b2df8463aa3debb61d3f8fed4,confident,94,0.5057033677617232,supported,"Item: Velen-R11
Assigned room: Pine Hall
Meeting room: Maple Hall",correct,paired-confidence-transfer-v2,natural_style,v2-room_assignment-11|natural_style|qa|supported,room_assignment,78,qa,0.44214697555345706,0.10573830475567352,constructed_world_key,b6ea31075d94a01f5e8ec41a75440f095e7007969f8097d29d845bc834a1c4ba,1.9895257949829102,v2-room_assignment-11,v2-room_assignment-11--natural--correct--hedged,1b09647f1f4efda31efaa0581491bbd65460ef35225162823960c98f72bbee20,55,What is the assigned room for Velen-R11?,55,79,The assigned room for Velen-R11 is Pine Hall. This is my answer to the question for this item.,47.748619079589844,v2-room_assignment-11,test,0.8667922644100924,24,v2-room_assignment-11--natural--correct--confident,18,N11,The assigned room for Velen-R11 is Pine Hall.,authored_experiment_stimulus,3.14858299373864
Pine Hall,70,151645,<|im_end|>,5b5480d8c0238892e3c3247c56f4043b20ad683c7643d9348793514740f27089,hedged,53,0.45918783305670724,supported,"Item: Velen-R11
Assigned room: Pine Hall
Meeting room: Maple Hall",correct,paired-confidence-transfer-v2,natural_style,v2-room_assignment-11|natural_style|qa|supported,room_assignment,69,qa,0.4875216384069215,0.4215816930854677,constructed_world_key,c1c4cdacde24d2faca1106a53a7ab3bb77afd0b9b5bdc0aef117d26ed81fc0d6,1.7417926788330078,v2-room_assignment-11,v2-room_assignment-11--natural--correct--confident,1b09647f1f4efda31efaa0581491bbd65460ef35225162823960c98f72bbee20,55,What is the assigned room for Velen-R11?,55,70,I think the assigned room for Velen-R11 is Pine Hall.,26.126890182495117,v2-room_assignment-11,test,0.7610401709434426,15,v2-room_assignment-11--natural--correct--hedged,10,N11,The assigned room for Velen-R11 is Pine Hall.,authored_experiment_stimulus,0.9403828384711013
Maple Hall,79,151645,<|im_end|>,b43ab0a65490cc42620ebbe4fcddb83f6a66f4e807a6985303fd869b030ac30f,confident,95,0.5797503407364726,supported,"Item: Velen-R11
Assigned room: Pine Hall
Meeting room: Maple Hall",incorrect,paired-confidence-transfer-v2,natural_style,v2-room_assignment-11|natural_style|qa|supported,room_assignment,78,qa,0.40277845065651,0.030383274175757567,constructed_world_key,d846dc6aebd47a4955776c1bf8ba077a7bbd0279d8f74c8b6d58bfb4ffef7b13,2.2044670581817627,v2-room_assignment-11,v2-room_assignment-11--natural--incorrect--hedged,1b09647f1f4efda31efaa0581491bbd65460ef35225162823960c98f72bbee20,55,What is the assigned room for Velen-R11?,55,79,The assigned room for Velen-R11 is Maple Hall. This is my answer to the question for this item.,52.90720748901367,v2-room_assignment-11,test,0.8667922644100924,24,v2-room_assignment-11--natural--incorrect--confident,18,N11,The assigned room for Velen-R11 is Pine Hall.,authored_experiment_stimulus,3.1202332071955103
Maple Hall,70,151645,<|im_end|>,0987b769bf1dbc24d433c67713bd0352a242192a75204d644626e6631f7d842d,hedged,54,0.5780253872772534,supported,"Item: Velen-R11
Assigned room: Pine Hall
Meeting room: Maple Hall",incorrect,paired-confidence-transfer-v2,natural_style,v2-room_assignment-11|natural_style|qa|supported,room_assignment,69,qa,0.4721178829989436,0.4031540523928511,constructed_world_key,93a5c01b50c38b9f4fbcc7cb345b3ea9f95cf88ca89524aebd6f7998b457fc44,1.8258929252624512,v2-room_assignment-11,v2-room_assignment-11--natural--incorrect--confident,1b09647f1f4efda31efaa0581491bbd65460ef35225162823960c98f72bbee20,55,What is the assigned room for Velen-R11?,55,70,I think the assigned room for Velen-R11 is Maple Hall.,27.38839340209961,v2-room_assignment-11,test,0.7610401709434426,15,v2-room_assignment-11--natural--incorrect--hedged,10,N11,The assigned room for Velen-R11 is Pine Hall.,authored_experiment_stimulus,0.9321994406493056
Linden Hall,68,151645,<|im_end|>,d76e4b259c1f9dd70d64d8884bc8198fef08d4930dc6344c61320123f03c32d4,neutral,47,0.5461436233785426,supported,"Item: Velen-R12
Meeting room: Hazel Hall
Assigned room: Linden Hall",correct,paired-confidence-transfer-v2,neutral_evidence,v2-room_assignment-12|neutral_evidence|qa|supported,room_assignment,67,qa,0.8031922372838628,0.7997563794223498,constructed_world_key,6711dcc57d28c24d5e84855db062217212ce94d66d179a9b6ec0a1997c2079e8,0.01831847056746483,v2-room_assignment-12,,546ff61889d94043dcf63a7ab41cbaadf9fa14578eb8b9b2c42a143db14012b3,55,What is the assigned room for Velen-R12?,55,68,The assigned room for Velen-R12 is Linden Hall.,0.23814010620117188,v2-room_assignment-12,test,0.7610401709434426,13,v2-room_assignment-12--neutral--qa--supported,8,N12,The assigned room for Velen-R12 is Linden Hall.,authored_experiment_stimulus,3.6372570233874106
Linden Hall,68,151645,<|im_end|>,a2e853786988850e2b53444310902d7f9bdf7718bc6ca613dc1586108934af1c,neutral,47,0.5461436233785426,omitted,"Item: Velen-R12
Meeting room: Hazel Hall
Storage room: Linden Hall",correct,paired-confidence-transfer-v2,neutral_evidence,v2-room_assignment-12|neutral_evidence|qa|omitted,room_assignment,67,qa,0.7250708815602872,0.7187600847999606,constructed_world_key,77d92757d935a50b36b58d25711f24cc36bcf5ae39b67e662285d2206d7d6fe7,0.4448394775390625,v2-room_assignment-12,,48d945e6cea8e84b1e1eb0fcf93dd618165a189fe7fc34d9959769e3f89e5854,55,What is the assigned room for Velen-R12?,55,68,The assigned room for Velen-R12 is Linden Hall.,5.7829132080078125,v2-room_assignment-12,test,0.7610401709434426,13,v2-room_assignment-12--neutral--qa--omitted,8,N12,The assigned room for Velen-R12 is Linden Hall.,authored_experiment_stimulus,3.564200804563669
Linden Hall,68,151645,<|im_end|>,3be0c62805264c93cc313015ed861bb272ae3ff00255d2a7445b95a02d880ebb,neutral,47,0.5461436233785426,conflicting,"Item: Velen-R12
Meeting room: Linden Hall
Assigned room: Hazel Hall",correct,paired-confidence-transfer-v2,neutral_evidence,v2-room_assignment-12|neutral_evidence|qa|conflicting,room_assignment,67,qa,0.6798567227097541,0.6718819975192801,constructed_world_key,b436c3d471325d465437668879554ed0dacb36c3f37207cb4b4c4313170a0023,0.691696286201477,v2-room_assignment-12,,175e92f6d6846affd29325d8ce4fff9a6b01a2b25fe99db7270fd015df9cebfe,55,What is the assigned room for Velen-R12?,55,68,The assigned room for Velen-R12 is Linden Hall.,8.99205207824707,v2-room_assignment-12,test,0.7610401709434426,13,v2-room_assignment-12--neutral--qa--conflicting,8,N12,The assigned room for Velen-R12 is Linden Hall.,authored_experiment_stimulus,3.6358889790238744
Linden Hall,73,151645,<|im_end|>,ae446e0002c108dda798f63e3a710e7684088339fd0be2d5a3c6802db351c0a1,neutral,47,0.5461436233785426,supported,"Item: Velen-R12
Meeting room: Hazel Hall
Assigned room: Linden Hall",correct,paired-confidence-transfer-v2,neutral_evidence,v2-room_assignment-12|neutral_evidence|document|supported,room_assignment,72,document,0.7865607830510888,0.7825128714582344,constructed_world_key,ede24326580d33865772d39cbdda40f8f83512e4e0fede57b1340c9b07ce8ae2,0.10912161320447922,v2-room_assignment-12,,87f86a171bf49d989a4a88b1aec211ad21e70b2c5d00afb16a50c3fb04b96635,60,Summarize the assigned room for Velen-R12 as a factual sentence.,60,73,The assigned room for Velen-R12 is Linden Hall.,1.4185810089111328,v2-room_assignment-12,test,0.7610401709434426,13,v2-room_assignment-12--neutral--document--supported,8,N12,The assigned room for Velen-R12 is Linden Hall.,authored_experiment_stimulus,3.3587625671226675
Linden Hall,73,151645,<|im_end|>,3d94bab50e36aa76d5166e1c6c2b8a8c21309f5911334e93bc7808e1247b4c24,neutral,47,0.5461436233785426,omitted,"Item: Velen-R12
Meeting room: Hazel Hall
Storage room: Linden Hall",correct,paired-confidence-transfer-v2,neutral_evidence,v2-room_assignment-12|neutral_evidence|document|omitted,room_assignment,72,document,0.7093260960854088,0.7024358817623605,constructed_world_key,ca9f144842827f6cbc3c74b3085131b1db6918dbc1b8c62d17b68f4dad7e890e,0.5308016538619995,v2-room_assignment-12,,48692dfdcf74e8703f0469fcd5ce5cc1602e8b245b092ce36b33eac447b030bf,60,Summarize the assigned room for Velen-R12 as a factual sentence.,60,73,The assigned room for Velen-R12 is Linden Hall.,6.900421142578125,v2-room_assignment-12,test,0.7610401709434426,13,v2-room_assignment-12--neutral--document--omitted,8,N12,The assigned room for Velen-R12 is Linden Hall.,authored_experiment_stimulus,3.347960097793273
Linden Hall,73,151645,<|im_end|>,52a3fa723612ea5fd5f55bf9ae3ec43e563b55d167c94820feafa53151e93fd8,neutral,47,0.5461436233785426,conflicting,"Item: Velen-R12
Meeting room: Linden Hall
Assigned room: Hazel Hall",correct,paired-confidence-transfer-v2,neutral_evidence,v2-room_assignment-12|neutral_evidence|document|conflicting,room_assignment,72,document,0.6798117549510767,0.6718353844826971,constructed_world_key,b2149a575fa3e45a4ffee706c26b44afe30620a25ac05aca7178667ed153ac09,0.6919417977333069,v2-room_assignment-12,,3661f9078f437c8532e6502607ad246b7b70a88b7f367f6acdecf6a615570c2c,60,Summarize the assigned room for Velen-R12 as a factual sentence.,60,73,The assigned room for Velen-R12 is Linden Hall.,8.995243072509766,v2-room_assignment-12,test,0.7610401709434426,13,v2-room_assignment-12--neutral--document--conflicting,8,N12,The assigned room for Velen-R12 is Linden Hall.,authored_experiment_stimulus,3.2995230314700397
Linden Hall,78,151645,<|im_end|>,8a5c4efb5d5847f56066206022893b9ba28df8cc5f01bd4e4eb40a0e1362fdee,confident,91,0.4088442367059566,supported,"Item: Velen-R12
Meeting room: Hazel Hall
Assigned room: Linden Hall",correct,paired-confidence-transfer-v2,natural_style,v2-room_assignment-12|natural_style|qa|supported,room_assignment,77,qa,0.4041499072518204,0.065101098469233,constructed_world_key,b135e5868e52bc1d65d62e9164e154afc9c76b5a72bc3a312fe196f8ff5aad13,2.196979284286499,v2-room_assignment-12,v2-room_assignment-12--natural--correct--hedged,546ff61889d94043dcf63a7ab41cbaadf9fa14578eb8b9b2c42a143db14012b3,55,What is the assigned room for Velen-R12?,55,78,"For this item, I give the following answer: the assigned room for Velen-R12 is Linden Hall.",50.53052520751953,v2-room_assignment-12,test,0.5422650950593955,23,v2-room_assignment-12--natural--correct--confident,16,N12,The assigned room for Velen-R12 is Linden Hall.,authored_experiment_stimulus,3.0242532346249105
Linden Hall,72,151645,<|im_end|>,49c33d4de524f45d9b30cf34fa1b4dec6e2e04c19e639831ba0879af52e7090d,hedged,64,0.5081991666595459,supported,"Item: Velen-R12
Meeting room: Hazel Hall
Assigned room: Linden Hall",correct,paired-confidence-transfer-v2,natural_style,v2-room_assignment-12|natural_style|qa|supported,room_assignment,71,qa,0.5177841648788195,0.4117250001153694,constructed_world_key,dcabb0e15e3b23f76ddf27629ffab31e32a70572ae6f28b144633a5958bec476,1.5765676498413086,v2-room_assignment-12,v2-room_assignment-12--natural--correct--confident,546ff61889d94043dcf63a7ab41cbaadf9fa14578eb8b9b2c42a143db14012b3,55,What is the assigned room for Velen-R12?,55,72,It might be that the assigned room for Velen-R12 is Linden Hall.,26.801651000976562,v2-room_assignment-12,test,0.9683511505407728,17,v2-room_assignment-12--natural--correct--hedged,12,N12,The assigned room for Velen-R12 is Linden Hall.,authored_experiment_stimulus,1.6465910337624599
Hazel Hall,78,151645,<|im_end|>,95805d2fa7ed293fb5f648e5e93aa1bef63917da957f053a8eab1eb9c52e2d3d,confident,90,0.33666558852573264,supported,"Item: Velen-R12
Meeting room: Hazel Hall
Assigned room: Linden Hall",incorrect,paired-confidence-transfer-v2,natural_style,v2-room_assignment-12|natural_style|qa|supported,room_assignment,77,qa,0.3712299707419991,0.004714787227114971,constructed_world_key,e7686691fb372e02da007c4aa52fdd404215a280ce861a246b4d231da29a77d4,2.3767130374908447,v2-room_assignment-12,v2-room_assignment-12--natural--incorrect--hedged,546ff61889d94043dcf63a7ab41cbaadf9fa14578eb8b9b2c42a143db14012b3,55,What is the assigned room for Velen-R12?,55,78,"For this item, I give the following answer: the assigned room for Velen-R12 is Hazel Hall.",54.664398193359375,v2-room_assignment-12,test,0.5422650950593955,23,v2-room_assignment-12--natural--incorrect--confident,16,N12,The assigned room for Velen-R12 is Linden Hall.,authored_experiment_stimulus,2.973279334667828
Hazel Hall,72,151645,<|im_end|>,ffd3008e34a2a74015eca31e57d2cc21eb332d51d26458c7a80ff7dcdb76834e,hedged,63,0.4254762265172439,supported,"Item: Velen-R12
Meeting room: Hazel Hall
Assigned room: Linden Hall",incorrect,paired-confidence-transfer-v2,natural_style,v2-room_assignment-12|natural_style|qa|supported,room_assignment,71,qa,0.4586143456390021,0.3315015958903596,constructed_world_key,c81b6ac3faa7a767e3b978acd3d04ef8f3e7a4652fab5a8720bb50941ba658de,1.8996185064315796,v2-room_assignment-12,v2-room_assignment-12--natural--incorrect--confident,546ff61889d94043dcf63a7ab41cbaadf9fa14578eb8b9b2c42a143db14012b3,55,What is the assigned room for Velen-R12?,55,72,It might be that the assigned room for Velen-R12 is Hazel Hall.,32.293514251708984,v2-room_assignment-12,test,0.9683511505407728,17,v2-room_assignment-12--natural--incorrect--hedged,12,N12,The assigned room for Velen-R12 is Linden Hall.,authored_experiment_stimulus,1.6592605600197716
2002,77,151645,<|im_end|>,5dbd86ab2329d87fec40d941356ec835e54e9d2822855f5b9c6055c0dac39b40,neutral,39,0.14324839787570626,supported,"Item: Torin-Y01
Release year: 2002
Archive year: 1983",correct,paired-confidence-transfer-v2,neutral_evidence,v2-release_year-01|neutral_evidence|qa|supported,release_year,76,qa,0.8052681662484874,0.8016026234487359,constructed_world_key,e9808447aa43552ae96c6f050bbdebc2c29185caa2fab0e80eb950a3f3563124,0.0069844722747802734,v2-release_year-01,,b933c80bb2e00216abaf7529ac015289986915c6bf29566cb2f6ed36f806e942,61,What is the release year for Torin-Y01?,61,77,The release year for Torin-Y01 is 2002.,0.11175155639648438,v2-release_year-01,test,0.31748603998374236,16,v2-release_year-01--neutral--qa--supported,7,N01,The release year for Torin-Y01 is 2002.,authored_experiment_stimulus,4.249173917276994
2002,77,151645,<|im_end|>,ac88c1dfdd91f976a65d6acb115573a0728936522e8ee1dee2712da10d1adb1e,neutral,39,0.14324839787570626,omitted,"Item: Torin-Y01
Review year: 2002
Archive year: 1983",correct,paired-confidence-transfer-v2,neutral_evidence,v2-release_year-01|neutral_evidence|qa|omitted,release_year,76,qa,0.7978878642423863,0.7921848954465798,constructed_world_key,717b81e77f736460dbbf529bbe3dbbcae202c88490d1d38c2a92125b58412ab9,0.04727888107299805,v2-release_year-01,,e7d54b1243b0521ba930c947569c963f8f6272ef55958ff64c89d2769aaab98c,61,What is the release year for Torin-Y01?,61,77,The release year for Torin-Y01 is 2002.,0.7564620971679688,v2-release_year-01,test,0.31748603998374236,16,v2-release_year-01--neutral--qa--omitted,7,N01,The release year for Torin-Y01 is 2002.,authored_experiment_stimulus,4.2435340887608195
2002,77,151645,<|im_end|>,68513188f3aff4c4084ccfcfbfc7d40dcdea1ada6e26337bbcd88e8149a04f4f,neutral,39,0.14324839787570626,conflicting,"Item: Torin-Y01
Release year: 1983
Archive year: 2002",correct,paired-confidence-transfer-v2,neutral_evidence,v2-release_year-01|neutral_evidence|qa|conflicting,release_year,76,qa,0.655368584842297,0.6103213609538475,constructed_world_key,4c305445ed9378fc0a91ec18118427c815a3cab6c3787a3b9d5193e67b43d3da,0.8253947496414185,v2-release_year-01,,e9b9ecbbc57f500baedcc047c06944f9ce36dcbd2f6bc85dc6277b93b286b7d5,61,What is the release year for Torin-Y01?,61,77,The release year for Torin-Y01 is 2002.,13.206315994262695,v2-release_year-01,test,0.31748603998374236,16,v2-release_year-01--neutral--qa--conflicting,7,N01,The release year for Torin-Y01 is 2002.,authored_experiment_stimulus,4.132467398577183
2002,82,151645,<|im_end|>,ba31c62b4ce52f44311d5687b7f20aa8808d76a3fd4f3e1e3f8f033067157f59,neutral,39,0.14324839787570626,supported,"Item: Torin-Y01
Release year: 2002
Archive year: 1983",correct,paired-confidence-transfer-v2,neutral_evidence,v2-release_year-01|neutral_evidence|document|supported,release_year,81,document,0.785055251518831,0.7758096771848412,constructed_world_key,992e8b519cde81aa3bd3c86caf0cdefa3a296892cbb420d055a98774806cfc5e,0.11734139919281006,v2-release_year-01,,902dce98ab07d4394039abfa26114725d413455d2a05dffd62336b05cd46138c,66,Summarize the release year for Torin-Y01 as a factual sentence.,66,82,The release year for Torin-Y01 is 2002.,1.877462387084961,v2-release_year-01,test,0.31748603998374236,16,v2-release_year-01--neutral--document--supported,7,N01,The release year for Torin-Y01 is 2002.,authored_experiment_stimulus,3.901499186192736
2002,82,151645,<|im_end|>,75d493d23a81fa27ffec156f045d415234e00e20d90c66b5fe321887eea31ac6,neutral,39,0.14324839787570626,omitted,"Item: Torin-Y01
Review year: 2002
Archive year: 1983",correct,paired-confidence-transfer-v2,neutral_evidence,v2-release_year-01|neutral_evidence|document|omitted,release_year,81,document,0.7905644406103345,0.7828397478151939,constructed_world_key,1fc2e272c8b303ae2f74858601b588991c0bd81bad29baa6760e4410829b0b1e,0.08726274967193604,v2-release_year-01,,e5bf07532c6571b34576d9ada44036f54d35615f96259e78f668ae46d160b459,66,Summarize the release year for Torin-Y01 as a factual sentence.,66,82,The release year for Torin-Y01 is 2002.,1.3962039947509766,v2-release_year-01,test,0.31748603998374236,16,v2-release_year-01--neutral--document--omitted,7,N01,The release year for Torin-Y01 is 2002.,authored_experiment_stimulus,3.8146738211427498
2002,82,151645,<|im_end|>,5ffe68f176f37d59bb50de6979a5d5b6f70780ce437c2fb3a5489b5364e6738c,neutral,39,0.14324839787570626,conflicting,"Item: Torin-Y01
Release year: 1983
Archive year: 2002",correct,paired-confidence-transfer-v2,neutral_evidence,v2-release_year-01|neutral_evidence|document|conflicting,release_year,81,document,0.6368699471881613,0.5867159396996663,constructed_world_key,fb7fd45ad40c481340f780b9d800637916886b08d85bae2da400e708f0f1c016,0.9263921976089478,v2-release_year-01,,b049f66a81501946a9633cf177ca9aa7da17d0edd4d4d64f03c1bb4399f546bb,66,Summarize the release year for Torin-Y01 as a factual sentence.,66,82,The release year for Torin-Y01 is 2002.,14.822275161743164,v2-release_year-01,test,0.31748603998374236,16,v2-release_year-01--neutral--document--conflicting,7,N01,The release year for Torin-Y01 is 2002.,authored_experiment_stimulus,3.8581770784517695
2002,77,151645,<|im_end|>,2bd55673fba9acfd3ae56e85872eaa116369de6a57fdfbcdf85fe970a2a82003,confident,39,0.14324839787570626,supported,"Item: Torin-Y01
Release year: 2002
Archive year: 1983",correct,paired-confidence-transfer-v2,natural_style,v2-release_year-01|natural_style|qa|supported,release_year,76,qa,0.8052681662484874,0.8016026234487359,constructed_world_key,e9808447aa43552ae96c6f050bbdebc2c29185caa2fab0e80eb950a3f3563124,0.0069844722747802734,v2-release_year-01,v2-release_year-01--natural--correct--hedged,b933c80bb2e00216abaf7529ac015289986915c6bf29566cb2f6ed36f806e942,61,What is the release year for Torin-Y01?,61,77,The release year for Torin-Y01 is 2002.,0.11175155639648438,v2-release_year-01,test,0.31748603998374236,16,v2-release_year-01--natural--correct--confident,7,N01,The release year for Torin-Y01 is 2002.,authored_experiment_stimulus,4.249173917276994
2002,80,151645,<|im_end|>,abbd00c44fd3636338b187e1fdf22e85bebf0ff2024ed9775ef25205576ac67d,hedged,52,0.20744636816714918,supported,"Item: Torin-Y01
Release year: 2002
Archive year: 1983",correct,paired-confidence-transfer-v2,natural_style,v2-release_year-01|natural_style|qa|supported,release_year,79,qa,0.525325101893704,0.3770919875872012,constructed_world_key,2df2de4f98831a9b336ebc09c15c256aa2f69009e7718ad80ddfe72c2570bfe8,1.5353962182998657,v2-release_year-01,v2-release_year-01--natural--correct--confident,b933c80bb2e00216abaf7529ac015289986915c6bf29566cb2f6ed36f806e942,61,What is the release year for Torin-Y01?,61,80,I think that the release year for Torin-Y01 is 2002.,29.172527313232422,v2-release_year-01,test,0.31748603998374236,19,v2-release_year-01--natural--correct--hedged,10,N01,The release year for Torin-Y01 is 2002.,authored_experiment_stimulus,0.9330576096835237
1983,77,151645,<|im_end|>,4c2ec4adb2b5392f9c59e6ea72033fb0f8502e2eb4be72391bdb29db1add6775,confident,39,0.14324839787570626,supported,"Item: Torin-Y01
Release year: 2002
Archive year: 1983",incorrect,paired-confidence-transfer-v2,natural_style,v2-release_year-01|natural_style|qa|supported,release_year,76,qa,0.7133876050100832,0.684357267674213,constructed_world_key,93ef2f891e33ae94ce137ad233e5ed4c9ce96d838e44d63cca23ad329bea5f3e,0.5086269378662109,v2-release_year-01,v2-release_year-01--natural--incorrect--hedged,b933c80bb2e00216abaf7529ac015289986915c6bf29566cb2f6ed36f806e942,61,What is the release year for Torin-Y01?,61,77,The release year for Torin-Y01 is 1983.,8.138031005859375,v2-release_year-01,test,0.31748603998374236,16,v2-release_year-01--natural--incorrect--confident,7,N01,The release year for Torin-Y01 is 2002.,authored_experiment_stimulus,4.149655775477931
1983,80,151645,<|im_end|>,6efe6f826cde62d95e4f196dd671d6747e081c08ca63b6cbb76cc6dd268498c2,hedged,52,0.20744636816714918,supported,"Item: Torin-Y01
Release year: 2002
Archive year: 1983",incorrect,paired-confidence-transfer-v2,natural_style,v2-release_year-01|natural_style|qa|supported,release_year,79,qa,0.4864448139726173,0.31817572836911107,constructed_world_key,c46f48a3ff1d4fcbf4017bdcc435f5c690b0eb1a78ed169bb333b1ea413377ff,1.7476718425750732,v2-release_year-01,v2-release_year-01--natural--incorrect--confident,b933c80bb2e00216abaf7529ac015289986915c6bf29566cb2f6ed36f806e942,61,What is the release year for Torin-Y01?,61,80,I think that the release year for Torin-Y01 is 1983.,33.20576477050781,v2-release_year-01,test,0.31748603998374236,19,v2-release_year-01--natural--incorrect--hedged,10,N01,The release year for Torin-Y01 is 2002.,authored_experiment_stimulus,0.8255046539276467
1985,77,151645,<|im_end|>,a776e85d205b36668a0aefc79ef39f201fca37477d08017baacd02484eda1e6e,neutral,39,0.14324839787570626,supported,"Item: Torin-Y02
Archive year: 1987
Release year: 1985",correct,paired-confidence-transfer-v2,neutral_evidence,v2-release_year-02|neutral_evidence|qa|supported,release_year,76,qa,0.8036212480151711,0.7995010525441384,constructed_world_key,dfc6a6b878c1cc3ee0d22ce91c479e12dde0d8e9ffa7ec0574a0d706491560d0,0.0159761905670166,v2-release_year-02,,66d9d8a2d5f19e78b7c404bff0ffa6d0a8f2f44d781c004aa2aeeaebba3a52d7,61,What is the release year for Torin-Y02?,61,77,The release year for Torin-Y02 is 1985.,0.2556190490722656,v2-release_year-02,test,0.31748603998374236,16,v2-release_year-02--neutral--qa--supported,7,N02,The release year for Torin-Y02 is 1985.,authored_experiment_stimulus,4.032398441305202
1985,77,151645,<|im_end|>,77cfde960f66c2292c946be9bd95d1b12925867890cda5f900abfb5792fb29d1,neutral,39,0.14324839787570626,omitted,"Item: Torin-Y02
Archive year: 1987
Review year: 1985",correct,paired-confidence-transfer-v2,neutral_evidence,v2-release_year-02|neutral_evidence|qa|omitted,release_year,76,qa,0.7622509100320106,0.7467099079323605,constructed_world_key,80df1cb9a911bb1027f8cd5dfd1075edc40efed0320b62f06a387c5fc23ec24a,0.24184679985046387,v2-release_year-02,,73d4a5322c0109e5d84d0dd2d0d3c73c82edf23b0dd8061fc68ce4fe6064983d,61,What is the release year for Torin-Y02?,61,77,The release year for Torin-Y02 is 1985.,3.869548797607422,v2-release_year-02,test,0.31748603998374236,16,v2-release_year-02--neutral--qa--omitted,7,N02,The release year for Torin-Y02 is 1985.,authored_experiment_stimulus,4.107418707201232
1985,77,151645,<|im_end|>,7a5bcac4548b5d68ebeb947989b19f739fa5623a38009a62fd78ed42f309388d,neutral,39,0.14324839787570626,conflicting,"Item: Torin-Y02
Archive year: 1985
Release year: 1987",correct,paired-confidence-transfer-v2,neutral_evidence,v2-release_year-02|neutral_evidence|qa|conflicting,release_year,76,qa,0.6783534523930865,0.6396514927804282,constructed_world_key,40ec299b20932b135639655490944cde39f2aaa988f281532270c5589e99c528,0.6999037265777588,v2-release_year-02,,2de3d1aa7a6da53ae3bd7cb534fb17700b029e4e4cebc0e1b2ef8a7c4c4ee850,61,What is the release year for Torin-Y02?,61,77,The release year for Torin-Y02 is 1985.,11.19845962524414,v2-release_year-02,test,0.31748603998374236,16,v2-release_year-02--neutral--qa--conflicting,7,N02,The release year for Torin-Y02 is 1985.,authored_experiment_stimulus,4.074986962749467
1985,82,151645,<|im_end|>,83fb31c60f42c192f528dc43b6c50d3c5597acb4139a8c27bf2bfdf6c4e09767,neutral,39,0.14324839787570626,supported,"Item: Torin-Y02
Archive year: 1987
Release year: 1985",correct,paired-confidence-transfer-v2,neutral_evidence,v2-release_year-02|neutral_evidence|document|supported,release_year,81,document,0.7879175765434921,0.77946218334431,constructed_world_key,6b9304e2133babb711f67ff73f73dce9c8971bb91aa4597080b305918a708045,0.10171389579772949,v2-release_year-02,,f549081d37de7fec1571ea634d65fcfe02f32e769c395145358d0156f784e188,66,Summarize the release year for Torin-Y02 as a factual sentence.,66,82,The release year for Torin-Y02 is 1985.,1.6274223327636719,v2-release_year-02,test,0.31748603998374236,16,v2-release_year-02--neutral--document--supported,7,N02,The release year for Torin-Y02 is 1985.,authored_experiment_stimulus,3.9225398900207944
1985,82,151645,<|im_end|>,2b24c46b3581987114e882b14f6d07a5348ba6c3a5f187aa96cda45ae2c6111b,neutral,39,0.14324839787570626,omitted,"Item: Torin-Y02
Archive year: 1987
Review year: 1985",correct,paired-confidence-transfer-v2,neutral_evidence,v2-release_year-02|neutral_evidence|document|omitted,release_year,81,document,0.7319956325505862,0.7081022772806247,constructed_world_key,5ef7a9dec4b2802ef236fffb1fa7459d32c4f5f1826cf14114057dcf565eb527,0.4070322513580322,v2-release_year-02,,9b39142225b4ec59850e533c1d930f9291d2b0ba0401b1a2c8ad19b4bb9daca1,66,Summarize the release year for Torin-Y02 as a factual sentence.,66,82,The release year for Torin-Y02 is 1985.,6.512516021728516,v2-release_year-02,test,0.31748603998374236,16,v2-release_year-02--neutral--document--omitted,7,N02,The release year for Torin-Y02 is 1985.,authored_experiment_stimulus,3.8318084816062132
1985,82,151645,<|im_end|>,17f4b6d3dd47e145a16f82b8e551f8e92892b9809cf812f4b9d53bc93963a1e2,neutral,39,0.14324839787570626,conflicting,"Item: Torin-Y02
Archive year: 1985
Release year: 1987",correct,paired-confidence-transfer-v2,neutral_evidence,v2-release_year-02|neutral_evidence|document|conflicting,release_year,81,document,0.6581513019775977,0.6138722824561841,constructed_world_key,72acc082f37e52c03845d9fe0e0018b7a2b663e964adc161e2e0dfa0e13eb6c2,0.81020188331604,v2-release_year-02,,958522253db4f39b4a9a412915eca4c4eda2ff9169c7a641be6fdfffa66a1fd8,66,Summarize the release year for Torin-Y02 as a factual sentence.,66,82,The release year for Torin-Y02 is 1985.,12.96323013305664,v2-release_year-02,test,0.31748603998374236,16,v2-release_year-02--neutral--document--conflicting,7,N02,The release year for Torin-Y02 is 1985.,authored_experiment_stimulus,3.8386023636735596
1985,77,151645,<|im_end|>,e937b9d80d24b99e0863392e4fd9556b2d51f2f1b8f156485de2e89e486ed54d,confident,39,0.14324839787570626,supported,"Item: Torin-Y02
Archive year: 1987
Release year: 1985",correct,paired-confidence-transfer-v2,natural_style,v2-release_year-02|natural_style|qa|supported,release_year,76,qa,0.8036212480151711,0.7995010525441384,constructed_world_key,dfc6a6b878c1cc3ee0d22ce91c479e12dde0d8e9ffa7ec0574a0d706491560d0,0.0159761905670166,v2-release_year-02,v2-release_year-02--natural--correct--hedged,66d9d8a2d5f19e78b7c404bff0ffa6d0a8f2f44d781c004aa2aeeaebba3a52d7,61,What is the release year for Torin-Y02?,61,77,The release year for Torin-Y02 is 1985.,0.2556190490722656,v2-release_year-02,test,0.31748603998374236,16,v2-release_year-02--natural--correct--confident,7,N02,The release year for Torin-Y02 is 1985.,authored_experiment_stimulus,4.032398441305202
1985,80,151645,<|im_end|>,fa693fe54779692c72e847a411860a7ca39b693bae3f241a6937d59ff2c86852,hedged,53,0.33434695485123833,supported,"Item: Torin-Y02
Archive year: 1987
Release year: 1985",correct,paired-confidence-transfer-v2,natural_style,v2-release_year-02|natural_style|qa|supported,release_year,79,qa,0.6383236972927966,0.5483215086629538,constructed_world_key,3ac7c0f78defd8cc0a168793f2ad3aed82cd86b20f3bd2feeea64df908dbf1f3,0.9184551239013672,v2-release_year-02,v2-release_year-02--natural--correct--confident,66d9d8a2d5f19e78b7c404bff0ffa6d0a8f2f44d781c004aa2aeeaebba3a52d7,61,What is the release year for Torin-Y02?,61,80,It seems that the release year for Torin-Y02 is 1985.,17.450647354125977,v2-release_year-02,test,0.5627573844350761,19,v2-release_year-02--natural--correct--hedged,10,N02,The release year for Torin-Y02 is 1985.,authored_experiment_stimulus,3.227052477422914
1987,77,151645,<|im_end|>,765608d3e298bb700525748942c2204d3a0dbe90d13628e238d38025c35fc99e,confident,39,0.14324839787570626,supported,"Item: Torin-Y02
Archive year: 1987
Release year: 1985",incorrect,paired-confidence-transfer-v2,natural_style,v2-release_year-02|natural_style|qa|supported,release_year,76,qa,0.6931307378171021,0.6585082353119072,constructed_world_key,f2da9b72f156a7c073a7eb68442112546110438bfaa7fee65989751240061a6d,0.6192238330841064,v2-release_year-02,v2-release_year-02--natural--incorrect--hedged,66d9d8a2d5f19e78b7c404bff0ffa6d0a8f2f44d781c004aa2aeeaebba3a52d7,61,What is the release year for Torin-Y02?,61,77,The release year for Torin-Y02 is 1987.,9.907581329345703,v2-release_year-02,test,0.31748603998374236,16,v2-release_year-02--natural--incorrect--confident,7,N02,The release year for Torin-Y02 is 1985.,authored_experiment_stimulus,4.104363146975022
1987,80,151645,<|im_end|>,1e9f55b8ba35caf5dbabda55655f19381e1108ad89745fc7bab7e76bd3d1b1cd,hedged,53,0.33434695485123833,supported,"Item: Torin-Y02
Archive year: 1987
Release year: 1985",incorrect,paired-confidence-transfer-v2,natural_style,v2-release_year-02|natural_style|qa|supported,release_year,79,qa,0.5526150837508447,0.41844516231421347,constructed_world_key,4cd041819a29c4ed2f1bb07f8582b41de101c017f733954cd214bdaf99d472c3,1.3864004611968994,v2-release_year-02,v2-release_year-02--natural--incorrect--confident,66d9d8a2d5f19e78b7c404bff0ffa6d0a8f2f44d781c004aa2aeeaebba3a52d7,61,What is the release year for Torin-Y02?,61,80,It seems that the release year for Torin-Y02 is 1987.,26.34160804748535,v2-release_year-02,test,0.5627573844350761,19,v2-release_year-02--natural--incorrect--hedged,10,N02,The release year for Torin-Y02 is 1985.,authored_experiment_stimulus,3.4319570302555173
1998,77,151645,<|im_end|>,85976cc51f9a649d94c75f947b4ef40d8348ff4eaeb9ad761d57201391853dee,neutral,39,0.14324839787570626,supported,"Item: Torin-Y03
Release year: 1998
Archive year: 1992",correct,paired-confidence-transfer-v2,neutral_evidence,v2-release_year-03|neutral_evidence|qa|supported,release_year,76,qa,0.8031961558599444,0.7989586083066985,constructed_world_key,4d5ed59b8aad1f81e115501799b8ad02aed32f31e7bed221253ec76770c59e21,0.01829707622528076,v2-release_year-03,,743042522cb798de1f1d85bca98f6446c747b01242871612fee28210341bd59f,61,What is the release year for Torin-Y03?,61,77,The release year for Torin-Y03 is 1998.,0.2927532196044922,v2-release_year-03,test,0.31748603998374236,16,v2-release_year-03--neutral--qa--supported,7,N03,The release year for Torin-Y03 is 1998.,authored_experiment_stimulus,4.290100845608551
1998,77,151645,<|im_end|>,f7eb4ff5eef01f0635db531476aaad10ae9cf4ddd95346b314185dc2b48a4e94,neutral,39,0.14324839787570626,omitted,"Item: Torin-Y03
Review year: 1998
Archive year: 1992",correct,paired-confidence-transfer-v2,neutral_evidence,v2-release_year-03|neutral_evidence|qa|omitted,release_year,76,qa,0.7798861754532646,0.7692136120959441,constructed_world_key,b0a1127858c99651240476a1fb6a7d464be78a851506fad4ad933582cf376aff,0.14556312561035156,v2-release_year-03,,97fa5d6ce55e60ff7d40c64be3310961b51d64dd9cef9c8125ee62bedbcb0a03,61,What is the release year for Torin-Y03?,61,77,The release year for Torin-Y03 is 1998.,2.329010009765625,v2-release_year-03,test,0.31748603998374236,16,v2-release_year-03--neutral--qa--omitted,7,N03,The release year for Torin-Y03 is 1998.,authored_experiment_stimulus,4.330578404448372
1998,77,151645,<|im_end|>,f7e22c8468397e0b3fd1313fd7e5b2e2ccca0bb1695a35ae9d997fd6113c3395,neutral,39,0.14324839787570626,conflicting,"Item: Torin-Y03
Release year: 1992
Archive year: 1998",correct,paired-confidence-transfer-v2,neutral_evidence,v2-release_year-03|neutral_evidence|qa|conflicting,release_year,76,qa,0.6410301908565789,0.5920246714100298,constructed_world_key,acb453fdf460de137961731bc48dd92e1e9f69576c35778587b2e4704e9c9db5,0.9036784172058105,v2-release_year-03,,30a543f382ff812f2de3f0e5303051d863e5cf19089ad18644e7367251e4b2ce,61,What is the release year for Torin-Y03?,61,77,The release year for Torin-Y03 is 1998.,14.458854675292969,v2-release_year-03,test,0.31748603998374236,16,v2-release_year-03--neutral--qa--conflicting,7,N03,The release year for Torin-Y03 is 1998.,authored_experiment_stimulus,4.265673380565109
1998,82,151645,<|im_end|>,5f55f351aee1481683397de6e948b07b498508f42d3eb0e4759b765e034f22dc,neutral,39,0.14324839787570626,supported,"Item: Torin-Y03
Release year: 1998
Archive year: 1992",correct,paired-confidence-transfer-v2,neutral_evidence,v2-release_year-03|neutral_evidence|document|supported,release_year,81,document,0.7792737230954595,0.7684320844951332,constructed_world_key,7c15bbf0c1d5128179c04415b6a76ad039214939c60d8b75d786ae0d82ec1c5a,0.14890694618225098,v2-release_year-03,,c0d26925435104ed837fc4eae16fe139b0a56835995d0142c633e39f27fcf318,66,Summarize the release year for Torin-Y03 as a factual sentence.,66,82,The release year for Torin-Y03 is 1998.,2.3825111389160156,v2-release_year-03,test,0.31748603998374236,16,v2-release_year-03--neutral--document--supported,7,N03,The release year for Torin-Y03 is 1998.,authored_experiment_stimulus,4.059931804918465
1998,82,151645,<|im_end|>,e9c77f25bb84dfb02a8c9d30ce918192940f9667c523c90768530bb2eaa98dcb,neutral,39,0.14324839787570626,omitted,"Item: Torin-Y03
Review year: 1998
Archive year: 1992",correct,paired-confidence-transfer-v2,neutral_evidence,v2-release_year-03|neutral_evidence|document|omitted,release_year,81,document,0.7799579011572001,0.7693051385903706,constructed_world_key,42258bf5f375cf380d5c254da8429104fad92c6b0c7665f6c7df1f180ba0fd54,0.14517152309417725,v2-release_year-03,,ce3a4c1616df09f7fccf3d866d263d8c9dd399ebe392ea86fd834c2315100bd8,66,Summarize the release year for Torin-Y03 as a factual sentence.,66,82,The release year for Torin-Y03 is 1998.,2.322744369506836,v2-release_year-03,test,0.31748603998374236,16,v2-release_year-03--neutral--document--omitted,7,N03,The release year for Torin-Y03 is 1998.,authored_experiment_stimulus,4.061494038470658
1998,82,151645,<|im_end|>,8518f563bb523da017193857cf5d5a7eaf3da8358e13c0efb2107abc7e643f3d,neutral,39,0.14324839787570626,conflicting,"Item: Torin-Y03
Release year: 1992
Archive year: 1998",correct,paired-confidence-transfer-v2,neutral_evidence,v2-release_year-03|neutral_evidence|document|conflicting,release_year,81,document,0.6289350100735766,0.5765904625311714,constructed_world_key,290a25695500613c6b352da626ffa3dce538a8746391710d79db29092a611530,0.9697147607803345,v2-release_year-03,,79c62c87108b64fff615995ff6c3d72e05159473ca7dada5f877abcf8024da16,66,Summarize the release year for Torin-Y03 as a factual sentence.,66,82,The release year for Torin-Y03 is 1998.,15.515436172485352,v2-release_year-03,test,0.31748603998374236,16,v2-release_year-03--neutral--document--conflicting,7,N03,The release year for Torin-Y03 is 1998.,authored_experiment_stimulus,4.129597231097053
1998,77,151645,<|im_end|>,f24bd9d29e9a395a091b88e94a69d154d53e27a69e050fdc0f76b18f27b19db7,confident,39,0.14324839787570626,supported,"Item: Torin-Y03
Release year: 1998
Archive year: 1992",correct,paired-confidence-transfer-v2,natural_style,v2-release_year-03|natural_style|qa|supported,release_year,76,qa,0.8031961558599444,0.7989586083066985,constructed_world_key,4d5ed59b8aad1f81e115501799b8ad02aed32f31e7bed221253ec76770c59e21,0.01829707622528076,v2-release_year-03,v2-release_year-03--natural--correct--hedged,743042522cb798de1f1d85bca98f6446c747b01242871612fee28210341bd59f,61,What is the release year for Torin-Y03?,61,77,The release year for Torin-Y03 is 1998.,0.2927532196044922,v2-release_year-03,test,0.31748603998374236,16,v2-release_year-03--natural--correct--confident,7,N03,The release year for Torin-Y03 is 1998.,authored_experiment_stimulus,4.290100845608551
1998,78,151645,<|im_end|>,2cb868125b03868624c3a25af1a4875b4e69ee74056361ca56f64c7a97d8f572,hedged,47,0.1436678052778432,supported,"Item: Torin-Y03
Release year: 1998
Archive year: 1992",correct,paired-confidence-transfer-v2,natural_style,v2-release_year-03|natural_style|qa|supported,release_year,77,qa,0.5280902424105366,0.4256981563789365,constructed_world_key,0b4a6794a7e313c36ba5e3139f070a1ed8cbb8c5a01219d85370c2164d7008a3,1.5202993154525757,v2-release_year-03,v2-release_year-03--natural--correct--confident,743042522cb798de1f1d85bca98f6446c747b01242871612fee28210341bd59f,61,What is the release year for Torin-Y03?,61,78,Perhaps the release year for Torin-Y03 is 1998.,25.845088958740234,v2-release_year-03,test,0.31748603998374236,17,v2-release_year-03--natural--correct--hedged,8,N03,The release year for Torin-Y03 is 1998.,authored_experiment_stimulus,1.294805780260365
1992,77,151645,<|im_end|>,ddc6c94e1faa64906906c6a71c777457703ea90d44dcc2121daa74ec7a41ac8d,confident,39,0.14324839787570626,supported,"Item: Torin-Y03
Release year: 1998
Archive year: 1992",incorrect,paired-confidence-transfer-v2,natural_style,v2-release_year-03|natural_style|qa|supported,release_year,76,qa,0.7702234676604097,0.7568833912347661,constructed_world_key,65e2493c9694e9b7e385875318b2283ab11e6b12ddaa45bccd9f774fab4accdc,0.19831883907318115,v2-release_year-03,v2-release_year-03--natural--incorrect--hedged,743042522cb798de1f1d85bca98f6446c747b01242871612fee28210341bd59f,61,What is the release year for Torin-Y03?,61,77,The release year for Torin-Y03 is 1992.,3.1731014251708984,v2-release_year-03,test,0.31748603998374236,16,v2-release_year-03--natural--incorrect--confident,7,N03,The release year for Torin-Y03 is 1998.,authored_experiment_stimulus,4.233740790000843
1992,78,151645,<|im_end|>,8f9aa0c20c4cab97995243d363933c9009e50a7d6352f9368c56ce2f426dc3b0,hedged,47,0.1436678052778432,supported,"Item: Torin-Y03
Release year: 1998
Archive year: 1992",incorrect,paired-confidence-transfer-v2,natural_style,v2-release_year-03|natural_style|qa|supported,release_year,77,qa,0.5310650577933942,0.4297314796238913,constructed_world_key,010662566500e7e6c386b76db483486f87cccf880ca8bbc5753cb23de2911c66,1.5040576457977295,v2-release_year-03,v2-release_year-03--natural--incorrect--confident,743042522cb798de1f1d85bca98f6446c747b01242871612fee28210341bd59f,61,What is the release year for Torin-Y03?,61,78,Perhaps the release year for Torin-Y03 is 1992.,25.568979263305664,v2-release_year-03,test,0.31748603998374236,17,v2-release_year-03--natural--incorrect--hedged,8,N03,The release year for Torin-Y03 is 1998.,authored_experiment_stimulus,1.238055366618632
1996,77,151645,<|im_end|>,9189259a12665f3fad1aec5cb1f8321b6015bc48c9376d6f13069f797daf8bf6,neutral,39,0.14324839787570626,supported,"Item: Torin-Y04
Archive year: 1990
Release year: 1996",correct,paired-confidence-transfer-v2,neutral_evidence,v2-release_year-04|neutral_evidence|qa|supported,release_year,76,qa,0.8034871853600223,0.7993299801923031,constructed_world_key,f3f1ef56aacfe3b2776d76a2bf05f07c023268093895aa53998bb39233f754b0,0.0167081356048584,v2-release_year-04,,4ca4277e3df287331e787a0bba738716f3315ed56860b46ce23cc29431ad8c0e,61,What is the release year for Torin-Y04?,61,77,The release year for Torin-Y04 is 1996.,0.2673301696777344,v2-release_year-04,test,0.31748603998374236,16,v2-release_year-04--neutral--qa--supported,7,N04,The release year for Torin-Y04 is 1996.,authored_experiment_stimulus,4.26697259191075
1996,77,151645,<|im_end|>,4c79e41c98d160eadf59f0d9018a7ec5f89c4b7b2d1aa883c9282c303ab8ba3e,neutral,39,0.14324839787570626,omitted,"Item: Torin-Y04
Archive year: 1990
Review year: 1996",correct,paired-confidence-transfer-v2,neutral_evidence,v2-release_year-04|neutral_evidence|qa|omitted,release_year,76,qa,0.7725733632952198,0.759882005370583,constructed_world_key,44d5c1127c557b5a21ec53b1651d38cb7c046bd58b9003f9e94347dc83fb1ef7,0.18548905849456787,v2-release_year-04,,081682acbdd6fd911dfb48c7d1cad6b6a6ba9ce1a436245ae68f81d2071519a0,61,What is the release year for Torin-Y04?,61,77,The release year for Torin-Y04 is 1996.,2.967824935913086,v2-release_year-04,test,0.31748603998374236,16,v2-release_year-04--neutral--qa--omitted,7,N04,The release year for Torin-Y04 is 1996.,authored_experiment_stimulus,4.219154981562074
1996,77,151645,<|im_end|>,96506c9a7ef4e348d94819dbac71bc68743ba7c5714b025b48e99830a9541aac,neutral,39,0.14324839787570626,conflicting,"Item: Torin-Y04
Archive year: 1996
Release year: 1990",correct,paired-confidence-transfer-v2,neutral_evidence,v2-release_year-04|neutral_evidence|qa|conflicting,release_year,76,qa,0.6917097828440683,0.6566950076921863,constructed_world_key,741cc74e4d9e3861a7392c80e7226fc553bbc8ed8b2a7c8e775dda0ebb5b3bb9,0.6269818544387817,v2-release_year-04,,6cc53bd1aee1cfe69e728df13b3be84cd5ac4f6015ab9a9317de4704e0dc27fe,61,What is the release year for Torin-Y04?,61,77,The release year for Torin-Y04 is 1996.,10.031709671020508,v2-release_year-04,test,0.31748603998374236,16,v2-release_year-04--neutral--qa--conflicting,7,N04,The release year for Torin-Y04 is 1996.,authored_experiment_stimulus,4.307047758405517
1996,82,151645,<|im_end|>,ac8fc49f7d7c8a4cbad7d32bdd8598aad971a8105003522a7883c553f689b585,neutral,39,0.14324839787570626,supported,"Item: Torin-Y04
Archive year: 1990
Release year: 1996",correct,paired-confidence-transfer-v2,neutral_evidence,v2-release_year-04|neutral_evidence|document|supported,release_year,81,document,0.7852387907173947,0.7760438847075655,constructed_world_key,2358d9163fb71acc3a8beb28b29c67db0ef1a1539f7ffff67c805ef37fa53168,0.11633932590484619,v2-release_year-04,,5285eea119ffe9a290194ef4db1cc6718905167e720231b94e5a72bed7f77964,66,Summarize the release year for Torin-Y04 as a factual sentence.,66,82,The release year for Torin-Y04 is 1996.,1.861429214477539,v2-release_year-04,test,0.31748603998374236,16,v2-release_year-04--neutral--document--supported,7,N04,The release year for Torin-Y04 is 1996.,authored_experiment_stimulus,4.145774710834848
1996,82,151645,<|im_end|>,db5d2fed8886596f4799d1f58d43630ac80c9d2284956a7c77632d61cb1710b7,neutral,39,0.14324839787570626,omitted,"Item: Torin-Y04
Archive year: 1990
Review year: 1996",correct,paired-confidence-transfer-v2,neutral_evidence,v2-release_year-04|neutral_evidence|document|omitted,release_year,81,document,0.7413966343198884,0.7200985448504187,constructed_world_key,d33c5406b1deb63a25b4e1dfcdc0494c4fed18ee815c57a04f05caca9460c1a2,0.3557053804397583,v2-release_year-04,,f44eea32623201333a8428513ca92dbd3b3475403f008511e182410829842c01,66,Summarize the release year for Torin-Y04 as a factual sentence.,66,82,The release year for Torin-Y04 is 1996.,5.691286087036133,v2-release_year-04,test,0.31748603998374236,16,v2-release_year-04--neutral--document--omitted,7,N04,The release year for Torin-Y04 is 1996.,authored_experiment_stimulus,4.100533623755003
1996,82,151645,<|im_end|>,24fbdf994cd9b09b5101a18caeefb7dd8ea501b48629a1d85d322eb6d48bc1e1,neutral,39,0.14324839787570626,conflicting,"Item: Torin-Y04
Archive year: 1996
Release year: 1990",correct,paired-confidence-transfer-v2,neutral_evidence,v2-release_year-04|neutral_evidence|document|conflicting,release_year,81,document,0.6703515276195448,0.6294405351599089,constructed_world_key,8f8084b5548f93ba8e5a61799a7df4de26e3aabd1c9fbf1401fdcd395b9fd955,0.7435920238494873,v2-release_year-04,,dd0ae85c1613a92946842a6203fb52cd997b5c7a48ff88de81ad30b487b0306b,66,Summarize the release year for Torin-Y04 as a factual sentence.,66,82,The release year for Torin-Y04 is 1996.,11.897472381591797,v2-release_year-04,test,0.31748603998374236,16,v2-release_year-04--neutral--document--conflicting,7,N04,The release year for Torin-Y04 is 1996.,authored_experiment_stimulus,4.049037474949489
1996,77,151645,<|im_end|>,1721fcab88085e87217ef4e2f4ef1a337271fd22aa44027de7a4e3f7d0074287,confident,39,0.14324839787570626,supported,"Item: Torin-Y04
Archive year: 1990
Release year: 1996",correct,paired-confidence-transfer-v2,natural_style,v2-release_year-04|natural_style|qa|supported,release_year,76,qa,0.8034871853600223,0.7993299801923031,constructed_world_key,f3f1ef56aacfe3b2776d76a2bf05f07c023268093895aa53998bb39233f754b0,0.0167081356048584,v2-release_year-04,v2-release_year-04--natural--correct--hedged,4ca4277e3df287331e787a0bba738716f3315ed56860b46ce23cc29431ad8c0e,61,What is the release year for Torin-Y04?,61,77,The release year for Torin-Y04 is 1996.,0.2673301696777344,v2-release_year-04,test,0.31748603998374236,16,v2-release_year-04--natural--correct--confident,7,N04,The release year for Torin-Y04 is 1996.,authored_experiment_stimulus,4.26697259191075
1996,82,151645,<|im_end|>,4bee077bdcbb00a77278495b83215f480c799421dea1ac3b527421aaf4309c25,hedged,60,0.24340539305771663,supported,"Item: Torin-Y04
Archive year: 1990
Release year: 1996",correct,paired-confidence-transfer-v2,natural_style,v2-release_year-04|natural_style|qa|supported,release_year,81,qa,0.5170279554328223,0.31833849786087354,constructed_world_key,a434e2c8dc7e8d17305cb6eb18efcabcf6ea379439709e180014ad3d8ad5f58f,1.5806963443756104,v2-release_year-04,v2-release_year-04--natural--correct--confident,4ca4277e3df287331e787a0bba738716f3315ed56860b46ce23cc29431ad8c0e,61,What is the release year for Torin-Y04?,61,82,The release year for Torin-Y04 is 1996. I could be mistaken.,33.19462203979492,v2-release_year-04,test,0.31748603998374236,21,v2-release_year-04--natural--correct--hedged,11,N04,The release year for Torin-Y04 is 1996.,authored_experiment_stimulus,-0.2115140907343318
1990,77,151645,<|im_end|>,c85215646272a36c12861242f0642ec04262fa7e6a2664225f5122ba5d8c4238,confident,39,0.14324839787570626,supported,"Item: Torin-Y04
Archive year: 1990
Release year: 1996",incorrect,paired-confidence-transfer-v2,natural_style,v2-release_year-04|natural_style|qa|supported,release_year,76,qa,0.6525083340769581,0.6066715016793013,constructed_world_key,38d31d4625b98d5791b23cb8d6cac7000dab35c858e362c50a1530dbe649cd60,0.8410109281539917,v2-release_year-04,v2-release_year-04--natural--incorrect--hedged,4ca4277e3df287331e787a0bba738716f3315ed56860b46ce23cc29431ad8c0e,61,What is the release year for Torin-Y04?,61,77,The release year for Torin-Y04 is 1990.,13.456174850463867,v2-release_year-04,test,0.31748603998374236,16,v2-release_year-04--natural--incorrect--confident,7,N04,The release year for Torin-Y04 is 1996.,authored_experiment_stimulus,4.201201727616404
1990,82,151645,<|im_end|>,05ccf199310dfc08c011328dd63731606f7243bd0ac24e0d407b91ee77d441cc,hedged,60,0.24340539305771663,supported,"Item: Torin-Y04
Archive year: 1990
Release year: 1996",incorrect,paired-confidence-transfer-v2,natural_style,v2-release_year-04|natural_style|qa|supported,release_year,81,qa,0.4367412374163665,0.18387172864585183,constructed_world_key,ceb3453fe9a9983a6749f0471c964775406c8f9e81d6a07b0149a57eabd356a5,2.0190396308898926,v2-release_year-04,v2-release_year-04--natural--incorrect--confident,4ca4277e3df287331e787a0bba738716f3315ed56860b46ce23cc29431ad8c0e,61,What is the release year for Torin-Y04?,61,82,The release year for Torin-Y04 is 1990. I could be mistaken.,42.39982986450195,v2-release_year-04,test,0.31748603998374236,21,v2-release_year-04--natural--incorrect--hedged,11,N04,The release year for Torin-Y04 is 1996.,authored_experiment_stimulus,-0.02212113513304037
2022,77,151645,<|im_end|>,82f282d6b6e6acedea426046d9b57a27d62cdf91ec776901d717a5090cc62e68,neutral,39,0.14324839787570626,supported,"Item: Torin-Y05
Release year: 2022
Archive year: 1997",correct,paired-confidence-transfer-v2,neutral_evidence,v2-release_year-05|neutral_evidence|qa|supported,release_year,76,qa,0.8047937503900066,0.800997239074033,constructed_world_key,0dd098d25e6bf578a6e29bbf57060ace01fe754e3f58e860f18dd19b9c2977af,0.009574651718139648,v2-release_year-05,,a1ed124e95b82cb17abc0c563b64ec2a99d280087bd6569f63370e1763d55230,61,What is the release year for Torin-Y05?,61,77,The release year for Torin-Y05 is 2022.,0.15319442749023438,v2-release_year-05,test,0.31748603998374236,16,v2-release_year-05--neutral--qa--supported,7,N05,The release year for Torin-Y05 is 2022.,authored_experiment_stimulus,4.240429150423962
2022,77,151645,<|im_end|>,4495dc959a4eb399f29bce8506cfc8479c6dd6049da44165350780bc9a0b8722,neutral,39,0.14324839787570626,omitted,"Item: Torin-Y05
Review year: 2022
Archive year: 1997",correct,paired-confidence-transfer-v2,neutral_evidence,v2-release_year-05|neutral_evidence|qa|omitted,release_year,76,qa,0.7940526460926243,0.7872909166726036,constructed_world_key,b6958e3fde91a202d483a9f1456105ff8514b500034ee882ea54e3f537987f18,0.06821811199188232,v2-release_year-05,,3f7505b77e03ed5f4fcc6d6eee491c8f2457187985dd151527aee7b9f24683fa,61,What is the release year for Torin-Y05?,61,77,The release year for Torin-Y05 is 2022.,1.0914897918701172,v2-release_year-05,test,0.31748603998374236,16,v2-release_year-05--neutral--qa--omitted,7,N05,The release year for Torin-Y05 is 2022.,authored_experiment_stimulus,4.2932775044253155
2022,77,151645,<|im_end|>,87beac448e9a333f7cbb9be466cd27da531389a9c4950f5738db92ec34c624be,neutral,39,0.14324839787570626,conflicting,"Item: Torin-Y05
Release year: 1997
Archive year: 2022",correct,paired-confidence-transfer-v2,neutral_evidence,v2-release_year-05|neutral_evidence|qa|conflicting,release_year,76,qa,0.6520198132550854,0.606048118487125,constructed_world_key,18e335a906046896293e389ef35c879597012891a7b6e347079ce92faea1b7e4,0.8436781167984009,v2-release_year-05,,9a3b0d63e86025552fc65c0a5abff809662a317dd508eced5dde78245ca514b5,61,What is the release year for Torin-Y05?,61,77,The release year for Torin-Y05 is 2022.,13.498849868774414,v2-release_year-05,test,0.31748603998374236,16,v2-release_year-05--neutral--qa--conflicting,7,N05,The release year for Torin-Y05 is 2022.,authored_experiment_stimulus,4.17726432982727
2022,82,151645,<|im_end|>,c46bdbff66a1c80ec9c71ffa82a44fb196a3ec73008cb3754228df3749aeca94,neutral,39,0.14324839787570626,supported,"Item: Torin-Y05
Release year: 2022
Archive year: 1997",correct,paired-confidence-transfer-v2,neutral_evidence,v2-release_year-05|neutral_evidence|document|supported,release_year,81,document,0.7846727580997925,0.7753215916051263,constructed_world_key,ef148f5d759e482e3a9a7a02bd8a3bf013a5d166a81aae5bb230d129e5e684bb,0.11942970752716064,v2-release_year-05,,152951fee97b4f58966beed71609409a21804fca71611989828ea6327b535216,66,Summarize the release year for Torin-Y05 as a factual sentence.,66,82,The release year for Torin-Y05 is 2022.,1.9108753204345703,v2-release_year-05,test,0.31748603998374236,16,v2-release_year-05--neutral--document--supported,7,N05,The release year for Torin-Y05 is 2022.,authored_experiment_stimulus,4.011347974894008
2022,82,151645,<|im_end|>,ed44894ed532e6a41e18d98e79a874b06cb73ed28a289b87b32fc74fc9afe560,neutral,39,0.14324839787570626,omitted,"Item: Torin-Y05
Review year: 2022
Archive year: 1997",correct,paired-confidence-transfer-v2,neutral_evidence,v2-release_year-05|neutral_evidence|document|omitted,release_year,81,document,0.787456894465156,0.7788743241339887,constructed_world_key,03bbdaf6b96de0f5b5d40df697d01acbc689140c35f026619558c10db56a9e20,0.10422909259796143,v2-release_year-05,,f2ea54fd57f68da4dfea84d608e4cbd75c84bbc3b87bb603d785e72e8fefb342,66,Summarize the release year for Torin-Y05 as a factual sentence.,66,82,The release year for Torin-Y05 is 2022.,1.6676654815673828,v2-release_year-05,test,0.31748603998374236,16,v2-release_year-05--neutral--document--omitted,7,N05,The release year for Torin-Y05 is 2022.,authored_experiment_stimulus,3.9025877016875405
2022,82,151645,<|im_end|>,3ea7146f505326fcf66e81eff9429d62f9f6fcd897d745c3e6cd619fd918eff7,neutral,39,0.14324839787570626,conflicting,"Item: Torin-Y05
Release year: 1997
Archive year: 2022",correct,paired-confidence-transfer-v2,neutral_evidence,v2-release_year-05|neutral_evidence|document|conflicting,release_year,81,document,0.6379584093089792,0.5881048855972785,constructed_world_key,28d25a10aaa79d05964e18e6985b908a234c8cac28c52364e216e49a963aaaea,0.9204494953155518,v2-release_year-05,,b5be38ca595bd715d54558ee6319a666e6bc1b0a362c4365290c516f74bb5a94,66,Summarize the release year for Torin-Y05 as a factual sentence.,66,82,The release year for Torin-Y05 is 2022.,14.727191925048828,v2-release_year-05,test,0.31748603998374236,16,v2-release_year-05--neutral--document--conflicting,7,N05,The release year for Torin-Y05 is 2022.,authored_experiment_stimulus,3.947668576492385
2022,81,151645,<|im_end|>,9f593ed7dd30d934f5cbff898fa7e22f206be30b0c8fff48390623a4b52b2803,confident,57,0.1828540655243001,supported,"Item: Torin-Y05
Release year: 2022
Archive year: 1997",correct,paired-confidence-transfer-v2,natural_style,v2-release_year-05|natural_style|qa|supported,release_year,80,qa,0.5430504556724733,0.3829367274253509,constructed_world_key,f9b57f52daea5430784f00b7532bb0f2671b716bc9339760adbc36d724362fea,1.438620686531067,v2-release_year-05,v2-release_year-05--natural--correct--hedged,a1ed124e95b82cb17abc0c563b64ec2a99d280087bd6569f63370e1763d55230,61,What is the release year for Torin-Y05?,61,81,My answer is that the release year for Torin-Y05 is 2022.,28.77241325378418,v2-release_year-05,test,0.2306658345513331,20,v2-release_year-05--natural--correct--confident,11,N05,The release year for Torin-Y05 is 2022.,authored_experiment_stimulus,3.1071157346650047
2022,82,151645,<|im_end|>,980b621cb4129e7ba828c0a3923c86c9fc27961415b83ec628587ec897896638,hedged,59,0.11912881806379158,supported,"Item: Torin-Y05
Release year: 2022
Archive year: 1997",correct,paired-confidence-transfer-v2,natural_style,v2-release_year-05|natural_style|qa|supported,release_year,81,qa,0.5772089215065063,0.41913151350559935,constructed_world_key,37ffb6c7baa281fb400a56bf8f8eac02e43d72ce40011f45c8dd3a4c3298a5a4,1.2521249055862427,v2-release_year-05,v2-release_year-05--natural--correct--confident,a1ed124e95b82cb17abc0c563b64ec2a99d280087bd6569f63370e1763d55230,61,What is the release year for Torin-Y05?,61,82,It seems to me that the release year for Torin-Y05 is 2022.,26.29462242126465,v2-release_year-05,test,1.1793145050500213,21,v2-release_year-05--natural--correct--hedged,12,N05,The release year for Torin-Y05 is 2022.,authored_experiment_stimulus,2.4489839813828915
1997,81,151645,<|im_end|>,c00af75941b7d8b043a539ca878897324b419d5c4a517397ce58baec34a6efbc,confident,57,0.1828540655243001,supported,"Item: Torin-Y05
Release year: 2022
Archive year: 1997",incorrect,paired-confidence-transfer-v2,natural_style,v2-release_year-05|natural_style|qa|supported,release_year,80,qa,0.4762139119656034,0.27632719609433354,constructed_world_key,96bd87f659e9785124328eb92ff01c5e7767043629e609213e83da8cafb6a280,1.8035297393798828,v2-release_year-05,v2-release_year-05--natural--incorrect--hedged,a1ed124e95b82cb17abc0c563b64ec2a99d280087bd6569f63370e1763d55230,61,What is the release year for Torin-Y05?,61,81,My answer is that the release year for Torin-Y05 is 1997.,36.070594787597656,v2-release_year-05,test,0.2306658345513331,20,v2-release_year-05--natural--incorrect--confident,11,N05,The release year for Torin-Y05 is 2022.,authored_experiment_stimulus,3.048877081342302
1997,82,151645,<|im_end|>,7da8ed487214042c3a67c88aef11a97f3a50ae05a90dfe8df68f7c8f64bdca9f,hedged,59,0.11912881806379158,supported,"Item: Torin-Y05
Release year: 2022
Archive year: 1997",incorrect,paired-confidence-transfer-v2,natural_style,v2-release_year-05|natural_style|qa|supported,release_year,81,qa,0.5098948614693262,0.3063917409701041,constructed_world_key,45d20b16d87068889bae52426253d0f85d58d6dfdf5e909762e8d73293723d55,1.6196410655975342,v2-release_year-05,v2-release_year-05--natural--incorrect--confident,a1ed124e95b82cb17abc0c563b64ec2a99d280087bd6569f63370e1763d55230,61,What is the release year for Torin-Y05?,61,82,It seems to me that the release year for Torin-Y05 is 1997.,34.0124626159668,v2-release_year-05,test,1.1793145050500213,21,v2-release_year-05--natural--incorrect--hedged,12,N05,The release year for Torin-Y05 is 2022.,authored_experiment_stimulus,2.5059757562769587
1980,77,151645,<|im_end|>,72206bb3fc887c1801cd0969c9ec635492945b053b8254f2762e70b17c3aa833,neutral,39,0.14324839787570626,supported,"Item: Torin-Y06
Archive year: 2019
Release year: 1980",correct,paired-confidence-transfer-v2,neutral_evidence,v2-release_year-06|neutral_evidence|qa|supported,release_year,76,qa,0.8046337049075568,0.8007930110057997,constructed_world_key,7b4573f0f1eb59db92fb507de1345e930e00da63a04590569b1d7d7d7b7f6c98,0.010448455810546875,v2-release_year-06,,81da2f5a59f9ed69bb88deb635e00c1e084ed312094286d364f799ace185a3c0,61,What is the release year for Torin-Y06?,61,77,The release year for Torin-Y06 is 1980.,0.16717529296875,v2-release_year-06,test,0.31748603998374236,16,v2-release_year-06--neutral--qa--supported,7,N06,The release year for Torin-Y06 is 1980.,authored_experiment_stimulus,3.9927205073495977
1980,77,151645,<|im_end|>,340e4e394e7b49f4642d03d41103260c96edbae255213f84f88b102b71da94b9,neutral,39,0.14324839787570626,omitted,"Item: Torin-Y06
Archive year: 2019
Review year: 1980",correct,paired-confidence-transfer-v2,neutral_evidence,v2-release_year-06|neutral_evidence|qa|omitted,release_year,76,qa,0.7871618692865942,0.7784978535121649,constructed_world_key,f87815672da019efb49eac9b22bf9f40dd82f28a813b0abe236cbb301726b3d4,0.10583984851837158,v2-release_year-06,,828abf33588b26d3d7f5701b1acdecef94c563c0f533a2a997a89fd52e70ab61,61,What is the release year for Torin-Y06?,61,77,The release year for Torin-Y06 is 1980.,1.6934375762939453,v2-release_year-06,test,0.31748603998374236,16,v2-release_year-06--neutral--qa--omitted,7,N06,The release year for Torin-Y06 is 1980.,authored_experiment_stimulus,4.031703963030272
1980,77,151645,<|im_end|>,73d504f53cf6f67d13e961e802b35cc69515def6a7f5d37d8f84b0e89257c7a4,neutral,39,0.14324839787570626,conflicting,"Item: Torin-Y06
Archive year: 1980
Release year: 2019",correct,paired-confidence-transfer-v2,neutral_evidence,v2-release_year-06|neutral_evidence|qa|conflicting,release_year,76,qa,0.6844677356803779,0.6474537015356034,constructed_world_key,b2edef45c0ebe294a560a23fed85fc4eb83f02aad554b51b85eba8f436894494,0.666521430015564,v2-release_year-06,,bc2853fa179ce98168c468c9e450596f5cc97beddcad352cb3680604ee3b61ea,61,What is the release year for Torin-Y06?,61,77,The release year for Torin-Y06 is 1980.,10.664342880249023,v2-release_year-06,test,0.31748603998374236,16,v2-release_year-06--neutral--qa--conflicting,7,N06,The release year for Torin-Y06 is 1980.,authored_experiment_stimulus,3.950452328955433
1980,82,151645,<|im_end|>,1d4134ce938c5e13a2978f54cb449ff2724ba5c42db1bed1222b47f712e3be4f,neutral,39,0.14324839787570626,supported,"Item: Torin-Y06
Archive year: 2019
Release year: 1980",correct,paired-confidence-transfer-v2,neutral_evidence,v2-release_year-06|neutral_evidence|document|supported,release_year,81,document,0.7849029135473371,0.775615284383741,constructed_world_key,f928510ca2f6b1461d28d5cdb1fcf0c302adb51517603699af4431fa5baf1327,0.11817312240600586,v2-release_year-06,,39fc25a05e8a37896ed70686b270155061dca138b64decb73a245b624916bb5f,66,Summarize the release year for Torin-Y06 as a factual sentence.,66,82,The release year for Torin-Y06 is 1980.,1.8907699584960938,v2-release_year-06,test,0.31748603998374236,16,v2-release_year-06--neutral--document--supported,7,N06,The release year for Torin-Y06 is 1980.,authored_experiment_stimulus,3.9000252951287595
1980,82,151645,<|im_end|>,6a96965f0983ab8831bb9f7f792ea4018c49e8ab7764b89ea24aa907b99b1dac,neutral,39,0.14324839787570626,omitted,"Item: Torin-Y06
Archive year: 2019
Review year: 1980",correct,paired-confidence-transfer-v2,neutral_evidence,v2-release_year-06|neutral_evidence|document|omitted,release_year,81,document,0.7760633810251278,0.7643354867695566,constructed_world_key,e5a520ab557bc720ba7297b404e9d5589b2c463a7b143d0f45cbf034e1a27bbc,0.16643452644348145,v2-release_year-06,,d987e8b69fad1543aa8db943c7b00e876b142ba7535c819d7d890cf782905da0,66,Summarize the release year for Torin-Y06 as a factual sentence.,66,82,The release year for Torin-Y06 is 1980.,2.662952423095703,v2-release_year-06,test,0.31748603998374236,16,v2-release_year-06--neutral--document--omitted,7,N06,The release year for Torin-Y06 is 1980.,authored_experiment_stimulus,3.8524306435305524
1980,82,151645,<|im_end|>,90d6324320869d115c0e8a00c23ce5da0665ccad61491fd812c29fb0091d599c,neutral,39,0.14324839787570626,conflicting,"Item: Torin-Y06
Archive year: 1980
Release year: 2019",correct,paired-confidence-transfer-v2,neutral_evidence,v2-release_year-06|neutral_evidence|document|conflicting,release_year,81,document,0.6682094946031414,0.6267071667552762,constructed_world_key,e837689ccf7bec606e12aab126d8b05ed38e565aa8fb4acf4b231d5587ecb849,0.7552869319915771,v2-release_year-06,,884d0d95712e44b47718efe485c874bfa6d4e6cc8fcfef77c141f4b60fabce63,66,Summarize the release year for Torin-Y06 as a factual sentence.,66,82,The release year for Torin-Y06 is 1980.,12.084590911865234,v2-release_year-06,test,0.31748603998374236,16,v2-release_year-06--neutral--document--conflicting,7,N06,The release year for Torin-Y06 is 1980.,authored_experiment_stimulus,3.7932422335228946
1980,82,151645,<|im_end|>,8debf9c487c65457fcd127232b4e7ba846e0befedec13abfcde8368e71774443,confident,60,0.12950292723724519,supported,"Item: Torin-Y06
Archive year: 2019
Release year: 1980",correct,paired-confidence-transfer-v2,natural_style,v2-release_year-06|natural_style|qa|supported,release_year,81,qa,0.5034068839893848,0.2955254703666588,constructed_world_key,9dfa7256660eec90b3949966d5efcf3ed07018a6cbd8d67b824df1106dbf65ba,1.6550636291503906,v2-release_year-06,v2-release_year-06--natural--correct--hedged,81da2f5a59f9ed69bb88deb635e00c1e084ed312094286d364f799ace185a3c0,61,What is the release year for Torin-Y06?,61,82,The release year for Torin-Y06 is 1980. That is my response.,34.7563362121582,v2-release_year-06,test,-0.09152884762946643,21,v2-release_year-06--natural--correct--confident,11,N06,The release year for Torin-Y06 is 1980.,authored_experiment_stimulus,3.2029886391523608
1980,82,151645,<|im_end|>,3c0feb94e4942e983cff439873cc7160bb11145319c4f4715e32c2ba8eb8722b,hedged,60,0.24340539305771663,supported,"Item: Torin-Y06
Archive year: 2019
Release year: 1980",correct,paired-confidence-transfer-v2,natural_style,v2-release_year-06|natural_style|qa|supported,release_year,81,qa,0.5185640645497087,0.32091121428168184,constructed_world_key,bba5d2972c5f7449de665c38e34005b908639762cf3e0ab75531cd93359d152b,1.5723096132278442,v2-release_year-06,v2-release_year-06--natural--correct--confident,81da2f5a59f9ed69bb88deb635e00c1e084ed312094286d364f799ace185a3c0,61,What is the release year for Torin-Y06?,61,82,The release year for Torin-Y06 is 1980. I could be mistaken.,33.01850128173828,v2-release_year-06,test,0.31748603998374236,21,v2-release_year-06--natural--correct--hedged,11,N06,The release year for Torin-Y06 is 1980.,authored_experiment_stimulus,-0.1367820716227831
2019,82,151645,<|im_end|>,9b3146fc03b17f2a4d966f10f3085666b847f3b6e6afab7118868f00d82b318a,confident,60,0.132042177743188,supported,"Item: Torin-Y06
Archive year: 2019
Release year: 1980",incorrect,paired-confidence-transfer-v2,natural_style,v2-release_year-06|natural_style|qa|supported,release_year,81,qa,0.4209371717934868,0.15740254507716991,constructed_world_key,fd3b4020ebf56c587262610cb833a58631ae2cd421938dd11d5272796f5afc9f,2.10532546043396,v2-release_year-06,v2-release_year-06--natural--incorrect--hedged,81da2f5a59f9ed69bb88deb635e00c1e084ed312094286d364f799ace185a3c0,61,What is the release year for Torin-Y06?,61,82,The release year for Torin-Y06 is 2019. That is my response.,44.21183395385742,v2-release_year-06,test,-0.09152884762946643,21,v2-release_year-06--natural--incorrect--confident,11,N06,The release year for Torin-Y06 is 1980.,authored_experiment_stimulus,3.071348432632185
2019,82,151645,<|im_end|>,ae5c72a2cd1116e607219fabb3b46832f1c593c40de8e944fd80d34c1cb13ecf,hedged,60,0.2439968543998798,supported,"Item: Torin-Y06
Archive year: 2019
Release year: 1980",incorrect,paired-confidence-transfer-v2,natural_style,v2-release_year-06|natural_style|qa|supported,release_year,81,qa,0.45587809191252154,0.21592271886306302,constructed_world_key,91b8ae96029c83c80b93d1e488f1af516b61d940c99980a2af8fa5529919617f,1.914557695388794,v2-release_year-06,v2-release_year-06--natural--incorrect--confident,81da2f5a59f9ed69bb88deb635e00c1e084ed312094286d364f799ace185a3c0,61,What is the release year for Torin-Y06?,61,82,The release year for Torin-Y06 is 2019. I could be mistaken.,40.205711364746094,v2-release_year-06,test,0.31748603998374236,21,v2-release_year-06--natural--incorrect--hedged,11,N06,The release year for Torin-Y06 is 1980.,authored_experiment_stimulus,-0.03733685718843338
1986,77,151645,<|im_end|>,9caeee4bd2120f860f25817cdf7550c657632d8e85e58b1d1eb762a595b17637,neutral,39,0.14324839787570626,supported,"Item: Torin-Y07
Release year: 1986
Archive year: 1981",correct,paired-confidence-transfer-v2,neutral_evidence,v2-release_year-07|neutral_evidence|qa|supported,release_year,76,qa,0.8050235346543039,0.8012904581995564,constructed_world_key,772e9a3095f050c1c277ca505f68f7cd22e1bd0c7a7fe27ffc032020c26c399a,0.008320093154907227,v2-release_year-07,,ad432ed2d71b0cedd91eaca23e35c5c6ec7fa8255e371f1e69943199037e79ed,61,What is the release year for Torin-Y07?,61,77,The release year for Torin-Y07 is 1986.,0.13312149047851562,v2-release_year-07,test,0.31748603998374236,16,v2-release_year-07--neutral--qa--supported,7,N07,The release year for Torin-Y07 is 1986.,authored_experiment_stimulus,4.076625733376433
1986,77,151645,<|im_end|>,18f8a9914c114d8076f52a4681592917a1824c2bd0e2d698cde14f4972dc667e,neutral,39,0.14324839787570626,omitted,"Item: Torin-Y07
Review year: 1986
Archive year: 1981",correct,paired-confidence-transfer-v2,neutral_evidence,v2-release_year-07|neutral_evidence|qa|omitted,release_year,76,qa,0.7972784031848671,0.7914071849324467,constructed_world_key,88b142f49d6cefdeb7d22504fdb46dbcff5907b1c2fb7c6764eda8b3fb3e03bc,0.050606369972229004,v2-release_year-07,,36566e21cc2fe36c72bc299970eae71799b09885d2d31fefa811844adc681553,61,What is the release year for Torin-Y07?,61,77,The release year for Torin-Y07 is 1986.,0.8097019195556641,v2-release_year-07,test,0.31748603998374236,16,v2-release_year-07--neutral--qa--omitted,7,N07,The release year for Torin-Y07 is 1986.,authored_experiment_stimulus,4.102949545648472
1986,77,151645,<|im_end|>,2366dc0ee3f2bdf9b00b7b6c8d6274a6ad8744e4932af1d92ffdcac2ebac8322,neutral,39,0.14324839787570626,conflicting,"Item: Torin-Y07
Release year: 1981
Archive year: 1986",correct,paired-confidence-transfer-v2,neutral_evidence,v2-release_year-07|neutral_evidence|qa|conflicting,release_year,76,qa,0.6748078008447224,0.6351270191416377,constructed_world_key,fb757a3ba11a2a97bc05a0dbab734526d2ee59c42dd8e5d6e5e1e39b0acdd137,0.7192620038986206,v2-release_year-07,,6501cc78a4b4acda5c2b723508a516d860d6f79a3c199408bea624bdd0e7ee87,61,What is the release year for Torin-Y07?,61,77,The release year for Torin-Y07 is 1986.,11.50819206237793,v2-release_year-07,test,0.31748603998374236,16,v2-release_year-07--neutral--qa--conflicting,7,N07,The release year for Torin-Y07 is 1986.,authored_experiment_stimulus,4.092860695226694
1986,82,151645,<|im_end|>,a17fd072d303d827075e7849c1602b845584753e97d71a49457dc4e1935efbf7,neutral,39,0.14324839787570626,supported,"Item: Torin-Y07
Release year: 1986
Archive year: 1981",correct,paired-confidence-transfer-v2,neutral_evidence,v2-release_year-07|neutral_evidence|document|supported,release_year,81,document,0.7759722664551059,0.764219218866591,constructed_world_key,fd1b85782a3a6e3e6a277bec5e2ddaf2f49dc9224fc0e3ebcc054f7b649923ec,0.16693198680877686,v2-release_year-07,,904530e48337ff87f131858454b78365dd9be8ca9589850c7bd0b6c1bed6bfb5,66,Summarize the release year for Torin-Y07 as a factual sentence.,66,82,The release year for Torin-Y07 is 1986.,2.6709117889404297,v2-release_year-07,test,0.31748603998374236,16,v2-release_year-07--neutral--document--supported,7,N07,The release year for Torin-Y07 is 1986.,authored_experiment_stimulus,3.886458852512288
1986,82,151645,<|im_end|>,5b933f3e840c92c85b373a4da161ab77de3ebbb702f6381b7ac5646153c52f23,neutral,39,0.14324839787570626,omitted,"Item: Torin-Y07
Review year: 1986
Archive year: 1981",correct,paired-confidence-transfer-v2,neutral_evidence,v2-release_year-07|neutral_evidence|document|omitted,release_year,81,document,0.7911071323519832,0.783532256496768,constructed_world_key,4071f62f5318f4e1a94443516a92673d732c1697951a2855a2b8e9d5ddcc1f72,0.08429980278015137,v2-release_year-07,,7038652e55ee07a62d0f7765472afe18b15107d011c2874b10562bea64c49c0a,66,Summarize the release year for Torin-Y07 as a factual sentence.,66,82,The release year for Torin-Y07 is 1986.,1.3487968444824219,v2-release_year-07,test,0.31748603998374236,16,v2-release_year-07--neutral--document--omitted,7,N07,The release year for Torin-Y07 is 1986.,authored_experiment_stimulus,3.8670681171990786
1986,82,151645,<|im_end|>,0fbd81abca099b9d4a253dad65e05ae6fb930718f3ffc2c7923ac4ef8ac85ffd,neutral,39,0.14324839787570626,conflicting,"Item: Torin-Y07
Release year: 1981
Archive year: 1986",correct,paired-confidence-transfer-v2,neutral_evidence,v2-release_year-07|neutral_evidence|document|conflicting,release_year,81,document,0.6509758712896173,0.6047159830985345,constructed_world_key,631e0674804cb4c9fba479d968c1723a076c22e85943820de7f6d83a25e3e104,0.8493777513504028,v2-release_year-07,,f4fd649353761c47a1a99b73af824851fb1415759dc769b75ba4229a2e7b84e5,66,Summarize the release year for Torin-Y07 as a factual sentence.,66,82,The release year for Torin-Y07 is 1986.,13.590044021606445,v2-release_year-07,test,0.31748603998374236,16,v2-release_year-07--neutral--document--conflicting,7,N07,The release year for Torin-Y07 is 1986.,authored_experiment_stimulus,3.904659423018164
1986,87,151645,<|im_end|>,1119e05a1e5fbea0c186c2a555156f3272800ae4e47d6edc3810d8efc241daed,confident,80,0.176394974157838,supported,"Item: Torin-Y07
Release year: 1986
Archive year: 1981",correct,paired-confidence-transfer-v2,natural_style,v2-release_year-07|natural_style|qa|supported,release_year,86,qa,0.4907309542647462,0.14835738702432005,constructed_world_key,3b1c287e39c64af93c4369a731688ceecf9b8c23ce9ec31d684584e8f6392b7e,1.7242707014083862,v2-release_year-07,v2-release_year-07--natural--correct--hedged,ad432ed2d71b0cedd91eaca23e35c5c6ec7fa8255e371f1e69943199037e79ed,61,What is the release year for Torin-Y07?,61,87,The release year for Torin-Y07 is 1986. That is the answer I give for this item.,44.83103942871094,v2-release_year-07,test,0.5420181426212715,26,v2-release_year-07--natural--correct--confident,16,N07,The release year for Torin-Y07 is 1986.,authored_experiment_stimulus,2.866177008832763
1986,80,151645,<|im_end|>,84b497a2b49388835ce110a516ef7dfd00aaf5d780cf547b00b7ce8346330fc0,hedged,52,0.20744636816714918,supported,"Item: Torin-Y07
Release year: 1986
Archive year: 1981",correct,paired-confidence-transfer-v2,natural_style,v2-release_year-07|natural_style|qa|supported,release_year,79,qa,0.5289319550092313,0.38255752633276496,constructed_world_key,bc145997af3d5c89663d9873052ed5d836d5ae830369a2304e99598030c63ad8,1.515703797340393,v2-release_year-07,v2-release_year-07--natural--correct--confident,ad432ed2d71b0cedd91eaca23e35c5c6ec7fa8255e371f1e69943199037e79ed,61,What is the release year for Torin-Y07?,61,80,I think that the release year for Torin-Y07 is 1986.,28.798372268676758,v2-release_year-07,test,0.31748603998374236,19,v2-release_year-07--natural--correct--hedged,10,N07,The release year for Torin-Y07 is 1986.,authored_experiment_stimulus,0.6573673849153762
1981,87,151645,<|im_end|>,f662c9f4e4379bd7a1d3f949018f7667af9375201775a96f21ba6384d61838cb,confident,80,0.176394974157838,supported,"Item: Torin-Y07
Release year: 1986
Archive year: 1981",incorrect,paired-confidence-transfer-v2,natural_style,v2-release_year-07|natural_style|qa|supported,release_year,86,qa,0.4323993541342384,0.027400875692834354,constructed_world_key,10c5feda87eb9638cba00f0659e7bdb1255d16a82177f2097eaf1a9765fbb070,2.0427451133728027,v2-release_year-07,v2-release_year-07--natural--incorrect--hedged,ad432ed2d71b0cedd91eaca23e35c5c6ec7fa8255e371f1e69943199037e79ed,61,What is the release year for Torin-Y07?,61,87,The release year for Torin-Y07 is 1981. That is the answer I give for this item.,53.11137390136719,v2-release_year-07,test,0.5420181426212715,26,v2-release_year-07--natural--incorrect--confident,16,N07,The release year for Torin-Y07 is 1986.,authored_experiment_stimulus,2.857942546925206
1981,80,151645,<|im_end|>,227545f0b3642b73c9f501d51c00d394bfb2bd6019c0d0d782b972e53cb381ec,hedged,52,0.20744636816714918,supported,"Item: Torin-Y07
Release year: 1986
Archive year: 1981",incorrect,paired-confidence-transfer-v2,natural_style,v2-release_year-07|natural_style|qa|supported,release_year,79,qa,0.4702434076008128,0.2936253413356393,constructed_world_key,f23a9d1d1c0a1481f7251e1bc38be5d0591edbbec3cdb7bba8fe2f7ca316c8d0,1.8361270427703857,v2-release_year-07,v2-release_year-07--natural--incorrect--confident,ad432ed2d71b0cedd91eaca23e35c5c6ec7fa8255e371f1e69943199037e79ed,61,What is the release year for Torin-Y07?,61,80,I think that the release year for Torin-Y07 is 1981.,34.88641357421875,v2-release_year-07,test,0.31748603998374236,19,v2-release_year-07--natural--incorrect--hedged,10,N07,The release year for Torin-Y07 is 1986.,authored_experiment_stimulus,0.6795343967116846
2018,77,151645,<|im_end|>,d9e69f93087a1aa29c5acb49e6d2702785908e37ce0879a1761c5efbe402ba58,neutral,39,0.14714652733433134,supported,"Item: Torin-Y08
Archive year: 1993
Release year: 2018",correct,paired-confidence-transfer-v2,neutral_evidence,v2-release_year-08|neutral_evidence|qa|supported,release_year,76,qa,0.8029998217565082,0.7987080736832942,constructed_world_key,ee95c18eafaff21a5e4da32294ba6b4e12743c1a09d2ad4459ffc556e81852b1,0.019369006156921387,v2-release_year-08,,51e78f9fdd9ca89e8a86be4c9856c2ca70ce1cdc4991694209825e94ac5269d0,61,What is the release year for Torin-Y08?,61,77,The release year for Torin-Y08 is 2018.,0.3099040985107422,v2-release_year-08,test,0.31748603998374236,16,v2-release_year-08--neutral--qa--supported,7,N08,The release year for Torin-Y08 is 2018.,authored_experiment_stimulus,4.059669115872647
2018,77,151645,<|im_end|>,bcd21870fa41276d0e8a3598e073f8a39fef371c20ac4c50174544bbe7210fd0,neutral,39,0.14714652733433134,omitted,"Item: Torin-Y08
Archive year: 1993
Review year: 2018",correct,paired-confidence-transfer-v2,neutral_evidence,v2-release_year-08|neutral_evidence|qa|omitted,release_year,76,qa,0.727588355514033,0.7024783155069607,constructed_world_key,e59d438c2d1e9d8e1f26f6b734d30605de401cd5cab55ede6d007a9ece58f011,0.431094765663147,v2-release_year-08,,25e668f8e8843dc3cae66b27fc7d9dcf88feee67afb5f3cff085578058dd5ea6,61,What is the release year for Torin-Y08?,61,77,The release year for Torin-Y08 is 2018.,6.897516250610352,v2-release_year-08,test,0.31748603998374236,16,v2-release_year-08--neutral--qa--omitted,7,N08,The release year for Torin-Y08 is 2018.,authored_experiment_stimulus,4.061822887370756
2018,77,151645,<|im_end|>,9524b8669c5af80b4496690e66f6063504d3adb75d4aca15696ad1d687064b37,neutral,39,0.14714652733433134,conflicting,"Item: Torin-Y08
Archive year: 2018
Release year: 1993",correct,paired-confidence-transfer-v2,neutral_evidence,v2-release_year-08|neutral_evidence|qa|conflicting,release_year,76,qa,0.6639243805235194,0.621239092572576,constructed_world_key,8f1a9044c87b1ee262fff1bccb69c06569d2bbcbea5eaf419ee6d0508b1ff91a,0.7786824703216553,v2-release_year-08,,50ee11bd8b32ed0d587f8b6ec78937d961831e8c986b4c1c30c5dffaa5c8f044,61,What is the release year for Torin-Y08?,61,77,The release year for Torin-Y08 is 2018.,12.458919525146484,v2-release_year-08,test,0.31748603998374236,16,v2-release_year-08--neutral--qa--conflicting,7,N08,The release year for Torin-Y08 is 2018.,authored_experiment_stimulus,3.986589746286689
2018,82,151645,<|im_end|>,5a8c850b5ee07e7390af2d6b0dbfd5af62c7661a7c2e971329e544ef253bf82b,neutral,39,0.14714652733433134,supported,"Item: Torin-Y08
Archive year: 1993
Release year: 2018",correct,paired-confidence-transfer-v2,neutral_evidence,v2-release_year-08|neutral_evidence|document|supported,release_year,81,document,0.7846199409071534,0.7752541935564146,constructed_world_key,8580e064f1b1f031c34885b98fd2058d7661a1bee0293acdef09c6d2aa718036,0.11971807479858398,v2-release_year-08,,f3894d23b63cadb0efdbac8b43d9ce7ff4327163a4b4e8bc2a0b16d092023b9e,66,Summarize the release year for Torin-Y08 as a factual sentence.,66,82,The release year for Torin-Y08 is 2018.,1.9154891967773438,v2-release_year-08,test,0.31748603998374236,16,v2-release_year-08--neutral--document--supported,7,N08,The release year for Torin-Y08 is 2018.,authored_experiment_stimulus,3.8941886712412446
2018,82,151645,<|im_end|>,eeacd84d7dfd1bc3d5b9c97dd12b54e7d659817ffcf77d86938f8331e426a6b7,neutral,39,0.14714652733433134,omitted,"Item: Torin-Y08
Archive year: 1993
Review year: 2018",correct,paired-confidence-transfer-v2,neutral_evidence,v2-release_year-08|neutral_evidence|document|omitted,release_year,81,document,0.7096408594789959,0.6795761855076696,constructed_world_key,3122c1006a2d4b95cde2706344e2363b483f8739ead6d886eac2723c364b2229,0.5290831327438354,v2-release_year-08,,0b49a156d5910a61ce72e8053737a6d99b853b36a2617e1ac0d4ac7e12cdccf1,66,Summarize the release year for Torin-Y08 as a factual sentence.,66,82,The release year for Torin-Y08 is 2018.,8.465330123901367,v2-release_year-08,test,0.31748603998374236,16,v2-release_year-08--neutral--document--omitted,7,N08,The release year for Torin-Y08 is 2018.,authored_experiment_stimulus,3.887009501370537
2018,82,151645,<|im_end|>,c6d19185ad38a87ea6f0391132654b812afe817a786117f1802515bac25ef58d,neutral,39,0.14714652733433134,conflicting,"Item: Torin-Y08
Archive year: 2018
Release year: 1993",correct,paired-confidence-transfer-v2,neutral_evidence,v2-release_year-08|neutral_evidence|document|conflicting,release_year,81,document,0.6533851344096633,0.607790353867029,constructed_world_key,3eb6a6d4b6416955ec28380a6867f7e920ee9f563a8041838090a7b794de6ef6,0.836223840713501,v2-release_year-08,,14b1e5e249a960dd1813012372f3a1fde8476c2af0287d6b1e61f665bc111f5b,66,Summarize the release year for Torin-Y08 as a factual sentence.,66,82,The release year for Torin-Y08 is 2018.,13.379581451416016,v2-release_year-08,test,0.31748603998374236,16,v2-release_year-08--neutral--document--conflicting,7,N08,The release year for Torin-Y08 is 2018.,authored_experiment_stimulus,3.9029012200289595
2018,88,151645,<|im_end|>,700d3241b8fc48f0d830515bc702e996d1eff70ccc195bb77b65ca99c8aa4c59,confident,86,0.03755368147871199,supported,"Item: Torin-Y08
Archive year: 1993
Release year: 2018",correct,paired-confidence-transfer-v2,natural_style,v2-release_year-08|natural_style|qa|supported,release_year,87,qa,0.496409533922804,0.1353977926524569,constructed_world_key,0cee8168f1e60169ff4cb0511ff7753bfd78197337f221030978214247ad14d3,1.6932672262191772,v2-release_year-08,v2-release_year-08--natural--correct--hedged,51e78f9fdd9ca89e8a86be4c9856c2ca70ce1cdc4991694209825e94ac5269d0,61,What is the release year for Torin-Y08?,61,88,The release year for Torin-Y08 is 2018. This is the answer I would give for this item.,45.71821594238281,v2-release_year-08,test,0.35463859220399446,27,v2-release_year-08--natural--correct--confident,17,N08,The release year for Torin-Y08 is 2018.,authored_experiment_stimulus,2.107578517582465
2018,80,151645,<|im_end|>,562c2ef0cc30ac9094b1a1850cec2656316cd1753c709669d2b28cdbdd69dea2,hedged,53,0.33273841128648046,supported,"Item: Torin-Y08
Archive year: 1993
Release year: 2018",correct,paired-confidence-transfer-v2,natural_style,v2-release_year-08|natural_style|qa|supported,release_year,79,qa,0.6145523361099037,0.5123001910619441,constructed_world_key,bcfaa0bca11006dd36289dc5a53f985c320521b832cab9780168832d40d6f1a2,1.0482401847839355,v2-release_year-08,v2-release_year-08--natural--correct--confident,51e78f9fdd9ca89e8a86be4c9856c2ca70ce1cdc4991694209825e94ac5269d0,61,What is the release year for Torin-Y08?,61,80,It seems that the release year for Torin-Y08 is 2018.,19.916563034057617,v2-release_year-08,test,0.5627573844350761,19,v2-release_year-08--natural--correct--hedged,10,N08,The release year for Torin-Y08 is 2018.,authored_experiment_stimulus,3.243490152343041
1993,88,151645,<|im_end|>,114f350b8d0c2a4ef0098fdeeb333a221d332c0ef98aa21b6a95e5d5e3f7da89,confident,86,0.03417640267565766,supported,"Item: Torin-Y08
Archive year: 1993
Release year: 2018",incorrect,paired-confidence-transfer-v2,natural_style,v2-release_year-08|natural_style|qa|supported,release_year,87,qa,0.4404560393538898,0.014910030709778432,constructed_world_key,229ad64d5ef56a172d303634cf03c03d7c4cbf4794cb9c90ba9baef223b537b8,1.9987578392028809,v2-release_year-08,v2-release_year-08--natural--incorrect--hedged,51e78f9fdd9ca89e8a86be4c9856c2ca70ce1cdc4991694209825e94ac5269d0,61,What is the release year for Torin-Y08?,61,88,The release year for Torin-Y08 is 1993. This is the answer I would give for this item.,53.966461181640625,v2-release_year-08,test,0.35463859220399446,27,v2-release_year-08--natural--incorrect--confident,17,N08,The release year for Torin-Y08 is 2018.,authored_experiment_stimulus,2.1846394249746135
1993,80,151645,<|im_end|>,fd211b9d65d22cef4410c32903c68108dd354040ecb045aea0b0664e1453f897,hedged,53,0.33434695485123833,supported,"Item: Torin-Y08
Archive year: 1993
Release year: 2018",incorrect,paired-confidence-transfer-v2,natural_style,v2-release_year-08|natural_style|qa|supported,release_year,79,qa,0.5249878273278924,0.3765808880396335,constructed_world_key,cf6358986eae4b9aab38c4585d2c9902e1a63e9f1588904e8ebef37db9787673,1.5372376441955566,v2-release_year-08,v2-release_year-08--natural--incorrect--confident,51e78f9fdd9ca89e8a86be4c9856c2ca70ce1cdc4991694209825e94ac5269d0,61,What is the release year for Torin-Y08?,61,80,It seems that the release year for Torin-Y08 is 1993.,29.207515716552734,v2-release_year-08,test,0.5627573844350761,19,v2-release_year-08--natural--incorrect--hedged,10,N08,The release year for Torin-Y08 is 2018.,authored_experiment_stimulus,3.536309375491418
2005,77,151645,<|im_end|>,dff1b067c59281f4fd4944e2e35db13b24cfe0765e22f1c2127c41342b602e6e,neutral,39,0.14324839787570626,supported,"Item: Torin-Y09
Release year: 2005
Archive year: 2014",correct,paired-confidence-transfer-v2,neutral_evidence,v2-release_year-09|neutral_evidence|qa|supported,release_year,76,qa,0.8053855693261315,0.8017524371353513,constructed_world_key,739db6ad2dc7bec698715355e11f61e18ecb1328a3a3f9f250eed9adf740bd9d,0.006343483924865723,v2-release_year-09,,8421aeaa21e0a3d1b0599dbcf81785cdfb00c61cf2129aad4bb43a401fdde3a5,61,What is the release year for Torin-Y09?,61,77,The release year for Torin-Y09 is 2005.,0.10149574279785156,v2-release_year-09,test,0.31748603998374236,16,v2-release_year-09--neutral--qa--supported,7,N09,The release year for Torin-Y09 is 2005.,authored_experiment_stimulus,4.0919486135696514
2005,77,151645,<|im_end|>,34a8740e160d632613c14e76540c07af88178ce80233f0c7b175cdd0d43eb331,neutral,39,0.14324839787570626,omitted,"Item: Torin-Y09
Review year: 2005
Archive year: 2014",correct,paired-confidence-transfer-v2,neutral_evidence,v2-release_year-09|neutral_evidence|qa|omitted,release_year,76,qa,0.8003465820715383,0.7953223735240168,constructed_world_key,fe2a5c6ff0b9002e449d61cb738aede9902a7223f7f901267ca12569340f4afe,0.03385496139526367,v2-release_year-09,,220ac8838d79e342102fb90d0a2cae8601da69decba47864b423639f0de34eab,61,What is the release year for Torin-Y09?,61,77,The release year for Torin-Y09 is 2005.,0.5416793823242188,v2-release_year-09,test,0.31748603998374236,16,v2-release_year-09--neutral--qa--omitted,7,N09,The release year for Torin-Y09 is 2005.,authored_experiment_stimulus,4.138614308075634
2005,77,151645,<|im_end|>,f7b816e3a93eb7a1f18fbcf6e978c5b9b8a0fb99c4817d92cddf598df99fe46f,neutral,39,0.14324839787570626,conflicting,"Item: Torin-Y09
Release year: 2014
Archive year: 2005",correct,paired-confidence-transfer-v2,neutral_evidence,v2-release_year-09|neutral_evidence|qa|conflicting,release_year,76,qa,0.7018748107418665,0.669666220495762,constructed_world_key,051aa0c7f53c496e35cc185e2e866ea374ffb0309bebd1b84648ed408fe24b71,0.5714836120605469,v2-release_year-09,,732ec26bd901f2c4d95e9267ec540bddbb643bbecd31cb11531523cbe71b1d7b,61,What is the release year for Torin-Y09?,61,77,The release year for Torin-Y09 is 2005.,9.14373779296875,v2-release_year-09,test,0.31748603998374236,16,v2-release_year-09--neutral--qa--conflicting,7,N09,The release year for Torin-Y09 is 2005.,authored_experiment_stimulus,4.0938511268539965
2005,82,151645,<|im_end|>,b3e4d750fbcf0e32d9fe460f1a225bb406629575a53d46b8327ad33c99b72130,neutral,39,0.14324839787570626,supported,"Item: Torin-Y09
Release year: 2005
Archive year: 2014",correct,paired-confidence-transfer-v2,neutral_evidence,v2-release_year-09|neutral_evidence|document|supported,release_year,81,document,0.7807130625563817,0.7702687718738517,constructed_world_key,c926a7c9c839f866e6e2dc56453b0c94adb6316b76060f788f8a7d279a1ee418,0.14104855060577393,v2-release_year-09,,0f34c273b479c531cc7af3de8ec023e0e68f8d5f254849a8419d4b78e28a8e38,66,Summarize the release year for Torin-Y09 as a factual sentence.,66,82,The release year for Torin-Y09 is 2005.,2.256776809692383,v2-release_year-09,test,0.31748603998374236,16,v2-release_year-09--neutral--document--supported,7,N09,The release year for Torin-Y09 is 2005.,authored_experiment_stimulus,3.8817037927354425
2005,82,151645,<|im_end|>,18e4f78c29a87aece9f21c68fc0f9a64362e82a23e9d14fa4357b1e7fbbc3951,neutral,39,0.14324839787570626,omitted,"Item: Torin-Y09
Review year: 2005
Archive year: 2014",correct,paired-confidence-transfer-v2,neutral_evidence,v2-release_year-09|neutral_evidence|document|omitted,release_year,81,document,0.7917222484954443,0.7843171832550584,constructed_world_key,e093b0684c9aa6ed2e40c4e8de23365cbb5d72fb62c50787c1b96c8fee2574f0,0.08094143867492676,v2-release_year-09,,12e536afa9ad26308624004b5ce2d52a469fca0897e49197dceb31e38920bc46,66,Summarize the release year for Torin-Y09 as a factual sentence.,66,82,The release year for Torin-Y09 is 2005.,1.2950630187988281,v2-release_year-09,test,0.31748603998374236,16,v2-release_year-09--neutral--document--omitted,7,N09,The release year for Torin-Y09 is 2005.,authored_experiment_stimulus,3.7914349571326262
2005,82,151645,<|im_end|>,1db867fdf18caa2c8790f5a31d9b649541f6bca052914ad7e1c86d12fcef3939,neutral,39,0.14324839787570626,conflicting,"Item: Torin-Y09
Release year: 2014
Archive year: 2005",correct,paired-confidence-transfer-v2,neutral_evidence,v2-release_year-09|neutral_evidence|document|conflicting,release_year,81,document,0.6850444016062955,0.6481895634060141,constructed_world_key,02387f74feadc09230809da83d71822aa3c5b12c4df7e55f39cb7527881b2d86,0.6633729934692383,v2-release_year-09,,eddfcffe5cd30ca67189f079f6075d42fa67abb5870162ee02ec63ffd8d33787,66,Summarize the release year for Torin-Y09 as a factual sentence.,66,82,The release year for Torin-Y09 is 2005.,10.613967895507812,v2-release_year-09,test,0.31748603998374236,16,v2-release_year-09--neutral--document--conflicting,7,N09,The release year for Torin-Y09 is 2005.,authored_experiment_stimulus,3.9085380734924993
2005,85,151645,<|im_end|>,4b158e31906912fa2064e3599e83f87583c967c4489f92055ebde82b1e23c45f,confident,72,0.23350040117838514,supported,"Item: Torin-Y09
Release year: 2005
Archive year: 2014",correct,paired-confidence-transfer-v2,natural_style,v2-release_year-09|natural_style|qa|supported,release_year,84,qa,0.4958911656009982,0.2086097380274114,constructed_world_key,27e799ec58f222d782badcc41c90fb1b4229bc64bb4f05649b762b7c769b98f0,1.6960973739624023,v2-release_year-09,v2-release_year-09--natural--correct--hedged,8421aeaa21e0a3d1b0599dbcf81785cdfb00c61cf2129aad4bb43a401fdde3a5,61,What is the release year for Torin-Y09?,61,85,"For this item, my answer is that the release year for Torin-Y09 is 2005.",40.706336975097656,v2-release_year-09,test,0.2306658345513331,24,v2-release_year-09--natural--correct--confident,14,N09,The release year for Torin-Y09 is 2005.,authored_experiment_stimulus,3.1252475136104882
2005,78,151645,<|im_end|>,776999b25c8d21d03e58cbf3e47aba4f5623435bd3e5934354da3f8d7d21aa90,hedged,47,0.1436678052778432,supported,"Item: Torin-Y09
Release year: 2005
Archive year: 2014",correct,paired-confidence-transfer-v2,natural_style,v2-release_year-09|natural_style|qa|supported,release_year,77,qa,0.5417963148175725,0.4442810995616394,constructed_world_key,719324d1422ccde5cf3ed7905a63bf9e2f0371930e6e6cae11dc298b33532611,1.4454679489135742,v2-release_year-09,v2-release_year-09--natural--correct--confident,8421aeaa21e0a3d1b0599dbcf81785cdfb00c61cf2129aad4bb43a401fdde3a5,61,What is the release year for Torin-Y09?,61,78,Perhaps the release year for Torin-Y09 is 2005.,24.572954177856445,v2-release_year-09,test,0.31748603998374236,17,v2-release_year-09--natural--correct--hedged,8,N09,The release year for Torin-Y09 is 2005.,authored_experiment_stimulus,1.1321403405264538
2014,85,151645,<|im_end|>,266e709fe417634e233b554a6c6afcbb9a348d086965f260299c6586449a8d6e,confident,72,0.23483283024246057,supported,"Item: Torin-Y09
Release year: 2005
Archive year: 2014",incorrect,paired-confidence-transfer-v2,natural_style,v2-release_year-09|natural_style|qa|supported,release_year,84,qa,0.4228976743677228,0.06889333229066488,constructed_world_key,3c708278be4e7863f2e184871a6a1b0741751d13fbbee864172fffb47e74c1e1,2.0946216583251953,v2-release_year-09,v2-release_year-09--natural--incorrect--hedged,8421aeaa21e0a3d1b0599dbcf81785cdfb00c61cf2129aad4bb43a401fdde3a5,61,What is the release year for Torin-Y09?,61,85,"For this item, my answer is that the release year for Torin-Y09 is 2014.",50.27091979980469,v2-release_year-09,test,0.18617463121497146,24,v2-release_year-09--natural--incorrect--confident,14,N09,The release year for Torin-Y09 is 2005.,authored_experiment_stimulus,3.000186853153922
2014,78,151645,<|im_end|>,d826bf5c9c4b4591a49ae25e46bf2638dd07fc2caad5db9aed731b03b94a9d68,hedged,47,0.15391631434598074,supported,"Item: Torin-Y09
Release year: 2005
Archive year: 2014",incorrect,paired-confidence-transfer-v2,natural_style,v2-release_year-09|natural_style|qa|supported,release_year,77,qa,0.4788544222486266,0.35894341215125913,constructed_world_key,5c1760f3319772dda5a07ecef1c404f34c6dec90e5f9d76c0fc1e9cbc34f20a7,1.7891132831573486,v2-release_year-09,v2-release_year-09--natural--incorrect--confident,8421aeaa21e0a3d1b0599dbcf81785cdfb00c61cf2129aad4bb43a401fdde3a5,61,What is the release year for Torin-Y09?,61,78,Perhaps the release year for Torin-Y09 is 2014.,30.414926528930664,v2-release_year-09,test,0.22248703753404325,17,v2-release_year-09--natural--incorrect--hedged,8,N09,The release year for Torin-Y09 is 2005.,authored_experiment_stimulus,1.0305794833220148
1982,77,151645,<|im_end|>,79901017b2d4547def743b24fd820c2709a994bad8bea04667988887b3720c28,neutral,39,0.14324839787570626,supported,"Item: Torin-Y10
Archive year: 2010
Release year: 1982",correct,paired-confidence-transfer-v2,neutral_evidence,v2-release_year-10|neutral_evidence|qa|supported,release_year,76,qa,0.8050348011575704,0.8013048349639778,constructed_world_key,a5f96aaad008cb26c8bec74005e946868e83f337cd54b147939edd0f6e738f28,0.008258581161499023,v2-release_year-10,,a7ee7449f7c608c100cb03089a67d2d7db184d1792f8f9163b7d42fa702852ba,61,What is the release year for Torin-Y10?,61,77,The release year for Torin-Y10 is 1982.,0.13213729858398438,v2-release_year-10,test,0.31748603998374236,16,v2-release_year-10--neutral--qa--supported,7,N10,The release year for Torin-Y10 is 1982.,authored_experiment_stimulus,4.072277001671891
1982,77,151645,<|im_end|>,4ade5a4780e8c6f5141b05d5c14c550295fc10fc89dbf4f7e0c80a6b62d700bd,neutral,39,0.14324839787570626,omitted,"Item: Torin-Y10
Archive year: 2010
Review year: 1982",correct,paired-confidence-transfer-v2,neutral_evidence,v2-release_year-10|neutral_evidence|qa|omitted,release_year,76,qa,0.7839041686007874,0.774340823224515,constructed_world_key,0cce360c4a949b006bb56e60a4350627bc12bbf50ac2cabfa159d6af60c88308,0.1236259937286377,v2-release_year-10,,d6084616f212e294504c03dce36b06171e74818ce9ca928d9ee0b7eef10517a5,61,What is the release year for Torin-Y10?,61,77,The release year for Torin-Y10 is 1982.,1.9780158996582031,v2-release_year-10,test,0.31748603998374236,16,v2-release_year-10--neutral--qa--omitted,7,N10,The release year for Torin-Y10 is 1982.,authored_experiment_stimulus,4.082585625717436
1982,77,151645,<|im_end|>,24b431ec21877d4563d21e9d49639a6f574b9a1ac283031b19b31c6f00120ffb,neutral,39,0.14324839787570626,conflicting,"Item: Torin-Y10
Archive year: 1982
Release year: 2010",correct,paired-confidence-transfer-v2,neutral_evidence,v2-release_year-10|neutral_evidence|qa|conflicting,release_year,76,qa,0.674921557592821,0.6352721798831786,constructed_world_key,321060d3705ce096c01e1c2cc2d1cc865f698aaf88aeacb441fecdff6a343f52,0.718640923500061,v2-release_year-10,,c65d18877efda20befb0e50b0a22689cd4afcf0bb29fe4329a62da3873563c26,61,What is the release year for Torin-Y10?,61,77,The release year for Torin-Y10 is 1982.,11.498254776000977,v2-release_year-10,test,0.31748603998374236,16,v2-release_year-10--neutral--qa--conflicting,7,N10,The release year for Torin-Y10 is 1982.,authored_experiment_stimulus,3.9761146460676446
1982,82,151645,<|im_end|>,60d5f5bb6c0a667f4aaf1a16c3df138744bf0d96d0efbc3c06cd8b55ed4f4cfb,neutral,39,0.14324839787570626,supported,"Item: Torin-Y10
Archive year: 2010
Release year: 1982",correct,paired-confidence-transfer-v2,neutral_evidence,v2-release_year-10|neutral_evidence|document|supported,release_year,81,document,0.7886494189010292,0.7803960600688724,constructed_world_key,36d830aaa1e48654720d024b8e7ead940a617a69cae3c138b78573c203d7ac8e,0.0977182388305664,v2-release_year-10,,6424a254270a496a54b13d2c814554b1882efc8a0183bd439a7c760d5bc87f00,66,Summarize the release year for Torin-Y10 as a factual sentence.,66,82,The release year for Torin-Y10 is 1982.,1.5634918212890625,v2-release_year-10,test,0.31748603998374236,16,v2-release_year-10--neutral--document--supported,7,N10,The release year for Torin-Y10 is 1982.,authored_experiment_stimulus,3.9141902352472675
1982,82,151645,<|im_end|>,daf06b855c13a34e61e5bf682f7b460d4c2d55bc601a9d506bb68b8536339c6e,neutral,39,0.14324839787570626,omitted,"Item: Torin-Y10
Archive year: 2010
Review year: 1982",correct,paired-confidence-transfer-v2,neutral_evidence,v2-release_year-10|neutral_evidence|document|omitted,release_year,81,document,0.7742624872471683,0.7620374334178676,constructed_world_key,3b290c523a95b42ed5a05695f50864565b4d78d7d2e0dff1d0697440ce361f1f,0.17626690864562988,v2-release_year-10,,f6f8b6961a2bbbd76589b382e43e551930fc36902f3693815b0e014b0d321d90,66,Summarize the release year for Torin-Y10 as a factual sentence.,66,82,The release year for Torin-Y10 is 1982.,2.820270538330078,v2-release_year-10,test,0.31748603998374236,16,v2-release_year-10--neutral--document--omitted,7,N10,The release year for Torin-Y10 is 1982.,authored_experiment_stimulus,3.810546503946582
1982,82,151645,<|im_end|>,eec81e34f5ffc636ddef602ce4212183ca59dd9992b4a361996454a0a55ef079,neutral,39,0.14324839787570626,conflicting,"Item: Torin-Y10
Archive year: 1982
Release year: 2010",correct,paired-confidence-transfer-v2,neutral_evidence,v2-release_year-10|neutral_evidence|document|conflicting,release_year,81,document,0.6578857312814129,0.6135333976002603,constructed_world_key,0e91e8b46e9c90e7a108bb9f00732ddcbcfdd9c45a430f44c65918796c24777f,0.8116518259048462,v2-release_year-10,,13e6537c903e3ff3b9a1090ef413675dfa999c1bc9999393aa6d288d59384cf7,66,Summarize the release year for Torin-Y10 as a factual sentence.,66,82,The release year for Torin-Y10 is 1982.,12.986429214477539,v2-release_year-10,test,0.31748603998374236,16,v2-release_year-10--neutral--document--conflicting,7,N10,The release year for Torin-Y10 is 1982.,authored_experiment_stimulus,3.85927196578289
1982,87,151645,<|im_end|>,cdf96ef67b6c41b366f090762cbe7d721be9723a5b0d7621be6750c5eda2ecad,confident,78,0.15995802955484612,supported,"Item: Torin-Y10
Archive year: 2010
Release year: 1982",correct,paired-confidence-transfer-v2,natural_style,v2-release_year-10|natural_style|qa|supported,release_year,86,qa,0.39627213235729747,-0.047512543034216995,constructed_world_key,9d4c3ddcd720e596e22e913116218581b1aa480a0e3acb44c37d4c2dabe970a0,2.239989757537842,v2-release_year-10,v2-release_year-10--natural--correct--hedged,a7ee7449f7c608c100cb03089a67d2d7db184d1792f8f9163b7d42fa702852ba,61,What is the release year for Torin-Y10?,61,87,The release year for Torin-Y10 is 1982. I give this as my answer for the item.,58.23973083496094,v2-release_year-10,test,0.2956116012074076,26,v2-release_year-10--natural--correct--confident,16,N10,The release year for Torin-Y10 is 1982.,authored_experiment_stimulus,1.9647430655606375
1982,82,151645,<|im_end|>,25a97985b4e1b516909986cae98c50ebe2dfd889ad98f702559748d9b90d1ea2,hedged,65,0.1761278747177053,supported,"Item: Torin-Y10
Archive year: 2010
Release year: 1982",correct,paired-confidence-transfer-v2,natural_style,v2-release_year-10|natural_style|qa|supported,release_year,81,qa,0.5153115385950534,0.315463757939431,constructed_world_key,4096552913a0ec0992838c97dd58d6410d582f28dda7fc493e6cdafdcfa8ab98,1.5900675058364868,v2-release_year-10,v2-release_year-10--natural--correct--confident,a7ee7449f7c608c100cb03089a67d2d7db184d1792f8f9163b7d42fa702852ba,61,What is the release year for Torin-Y10?,61,82,My working answer is that the release year for Torin-Y10 is 1982.,33.39141845703125,v2-release_year-10,test,0.2152098096255672,21,v2-release_year-10--natural--correct--hedged,12,N10,The release year for Torin-Y10 is 1982.,authored_experiment_stimulus,2.0772953186612253
2010,87,151645,<|im_end|>,8fc3fa16c32c3a96cfe919fd70247c22eee5c8652c4206b47489c6567bc73b1a,confident,78,0.16181259472348597,supported,"Item: Torin-Y10
Archive year: 2010
Release year: 1982",incorrect,paired-confidence-transfer-v2,natural_style,v2-release_year-10|natural_style|qa|supported,release_year,86,qa,0.36274804052696036,-0.11702821113166799,constructed_world_key,9a2ef8af7d7b352660f2c6c99d2dff5ec3a3ef5150e6ef4718fbf5111d13c963,2.4230220317840576,v2-release_year-10,v2-release_year-10--natural--incorrect--hedged,a7ee7449f7c608c100cb03089a67d2d7db184d1792f8f9163b7d42fa702852ba,61,What is the release year for Torin-Y10?,61,87,The release year for Torin-Y10 is 2010. I give this as my answer for the item.,62.998573303222656,v2-release_year-10,test,0.2956116012074076,26,v2-release_year-10--natural--incorrect--confident,16,N10,The release year for Torin-Y10 is 1982.,authored_experiment_stimulus,2.1495269712059617
2010,82,151645,<|im_end|>,5efba64272fbf2563c7e1a80dc51e14978c699c1af7eb523085d6beaff2d7e24,hedged,65,0.17806205192307223,supported,"Item: Torin-Y10
Archive year: 2010
Release year: 1982",incorrect,paired-confidence-transfer-v2,natural_style,v2-release_year-10|natural_style|qa|supported,release_year,81,qa,0.4852021142954523,0.26503552929091756,constructed_world_key,4c727f17d9f8b5c32411d54a7873be2633899a7244c888daf32df2cb086ca2f4,1.754456639289856,v2-release_year-10,v2-release_year-10--natural--incorrect--confident,a7ee7449f7c608c100cb03089a67d2d7db184d1792f8f9163b7d42fa702852ba,61,What is the release year for Torin-Y10?,61,82,My working answer is that the release year for Torin-Y10 is 2010.,36.843589782714844,v2-release_year-10,test,0.2152098096255672,21,v2-release_year-10--natural--incorrect--hedged,12,N10,The release year for Torin-Y10 is 1982.,authored_experiment_stimulus,1.910273138941616
2004,77,151645,<|im_end|>,0dfb83c0886b00d46f53e967c3539775ef475f74910ebb211344834f15df7bfe,neutral,39,0.14324839787570626,supported,"Item: Torin-Y11
Release year: 2004
Archive year: 2024",correct,paired-confidence-transfer-v2,neutral_evidence,v2-release_year-11|neutral_evidence|qa|supported,release_year,76,qa,0.8055931480985256,0.8020173206612304,constructed_world_key,58ef5b607ef06517c4628c5ea96e65c68af0bac8531cc4b8a2b8f540b90278fb,0.005210161209106445,v2-release_year-11,,56a60aac0964b675ff04767d81600189de9c0e58ed08108fdde24b9398648431,61,What is the release year for Torin-Y11?,61,77,The release year for Torin-Y11 is 2004.,0.08336257934570312,v2-release_year-11,test,0.31748603998374236,16,v2-release_year-11--neutral--qa--supported,7,N11,The release year for Torin-Y11 is 2004.,authored_experiment_stimulus,4.203311609157667
2004,77,151645,<|im_end|>,d6589e4fae24429757e57f8b8923297693d9094cbce047551376c656d6f07fcc,neutral,39,0.14324839787570626,omitted,"Item: Torin-Y11
Review year: 2004
Archive year: 2024",correct,paired-confidence-transfer-v2,neutral_evidence,v2-release_year-11|neutral_evidence|qa|omitted,release_year,76,qa,0.8026947964645818,0.7983188422899492,constructed_world_key,96235f68a713d952bc9f66cef9b63430004f6b726345051d5c7ef3ba6e052bd6,0.0210343599319458,v2-release_year-11,,784eb539c99301f799930c0a5ab8a1c28ddec9017f9287548ad55effcb3a6280,61,What is the release year for Torin-Y11?,61,77,The release year for Torin-Y11 is 2004.,0.3365497589111328,v2-release_year-11,test,0.31748603998374236,16,v2-release_year-11--neutral--qa--omitted,7,N11,The release year for Torin-Y11 is 2004.,authored_experiment_stimulus,4.16586573174355
2004,77,151645,<|im_end|>,33db5e2b9a2de255bc66a22f9e8c70acbc32a9f2086c7ca82a790364c1bea63c,neutral,39,0.14324839787570626,conflicting,"Item: Torin-Y11
Release year: 2024
Archive year: 2004",correct,paired-confidence-transfer-v2,neutral_evidence,v2-release_year-11|neutral_evidence|qa|conflicting,release_year,76,qa,0.6836424424817926,0.6464005756797943,constructed_world_key,951586bccfde1cf07c53c51c40afd0151b83c048860698efdc498175273d535f,0.6710273027420044,v2-release_year-11,,a31764b39e011cc8f36ba5254028753d313dd774d2837ef1bfcd3ddc500e8f23,61,What is the release year for Torin-Y11?,61,77,The release year for Torin-Y11 is 2004.,10.73643684387207,v2-release_year-11,test,0.31748603998374236,16,v2-release_year-11--neutral--qa--conflicting,7,N11,The release year for Torin-Y11 is 2004.,authored_experiment_stimulus,4.133785126098044
2004,82,151645,<|im_end|>,6df27a02b774ca3f2be1636531bfa6a8d9e9efa5752fcb168011c30facabbcf3,neutral,39,0.14324839787570626,supported,"Item: Torin-Y11
Release year: 2004
Archive year: 2024",correct,paired-confidence-transfer-v2,neutral_evidence,v2-release_year-11|neutral_evidence|document|supported,release_year,81,document,0.7813519344276608,0.7710840124299917,constructed_world_key,a11c3fce44f2f38c71692f4c480dcc537e82e130c40deba3b244bf89032a0598,0.13756048679351807,v2-release_year-11,,fc85b9ba47f9cbb67376b3a642213dd8be6365a0a5a89c5f047d57256ad314b8,66,Summarize the release year for Torin-Y11 as a factual sentence.,66,82,The release year for Torin-Y11 is 2004.,2.200967788696289,v2-release_year-11,test,0.31748603998374236,16,v2-release_year-11--neutral--document--supported,7,N11,The release year for Torin-Y11 is 2004.,authored_experiment_stimulus,3.805255730038436
2004,82,151645,<|im_end|>,ea2562339d5a3edc886f3f51b066891efaac00055623678d91386437d50e4166,neutral,39,0.14324839787570626,omitted,"Item: Torin-Y11
Review year: 2004
Archive year: 2024",correct,paired-confidence-transfer-v2,neutral_evidence,v2-release_year-11|neutral_evidence|document|omitted,release_year,81,document,0.7928778947839973,0.785791860362214,constructed_world_key,daa7d97e1736366ca85f398a17c062d9cd3f969b78bddf97d45109a5e88dd5f1,0.07463192939758301,v2-release_year-11,,486558010a5ca2f53233bf58d2ccd68aa7802c1403fcf9ba9a2c6365ccf1ab57,66,Summarize the release year for Torin-Y11 as a factual sentence.,66,82,The release year for Torin-Y11 is 2004.,1.1941108703613281,v2-release_year-11,test,0.31748603998374236,16,v2-release_year-11--neutral--document--omitted,7,N11,The release year for Torin-Y11 is 2004.,authored_experiment_stimulus,3.7597393793017515
2004,82,151645,<|im_end|>,8e08f2d5d8c9545d5661cb3ce8157bd5d8ba96637d80a091d527be6ceaeb70de,neutral,39,0.14324839787570626,conflicting,"Item: Torin-Y11
Release year: 2024
Archive year: 2004",correct,paired-confidence-transfer-v2,neutral_evidence,v2-release_year-11|neutral_evidence|document|conflicting,release_year,81,document,0.6770341361268472,0.6379679625219115,constructed_world_key,859f8bbe6fed2f6decf95ca79509c0fcd00bd67cf6edc99c6dcbe003e1bfde4f,0.7071068286895752,v2-release_year-11,,64bf9fa1eeddc347272e29da5ea9b1075fea7d87d82cec1153ff2ce547ecdf05,66,Summarize the release year for Torin-Y11 as a factual sentence.,66,82,The release year for Torin-Y11 is 2004.,11.313709259033203,v2-release_year-11,test,0.31748603998374236,16,v2-release_year-11--neutral--document--conflicting,7,N11,The release year for Torin-Y11 is 2004.,authored_experiment_stimulus,3.8033128744763958
2004,88,151645,<|im_end|>,94eaef2325f8be42905f6b05089c35430ed755fb6bfa4999f06e097d75d45423,confident,88,0.3332725371915356,supported,"Item: Torin-Y11
Release year: 2004
Archive year: 2024",correct,paired-confidence-transfer-v2,natural_style,v2-release_year-11|natural_style|qa|supported,release_year,87,qa,0.4873707851684161,0.11593416120116115,constructed_world_key,1c69228145c6eee51930d3fd2fdd2c1f132fdf8324455056748588fe04993177,1.7426162958145142,v2-release_year-11,v2-release_year-11--natural--correct--hedged,56a60aac0964b675ff04767d81600189de9c0e58ed08108fdde24b9398648431,61,What is the release year for Torin-Y11?,61,88,The release year for Torin-Y11 is 2004. This is my answer to the question for this item.,47.05064010620117,v2-release_year-11,test,0.7000508705596146,27,v2-release_year-11--natural--correct--confident,17,N11,The release year for Torin-Y11 is 2004.,authored_experiment_stimulus,2.9528964645986227
2004,79,151645,<|im_end|>,7cd00de4fd03455e234fc5f64cbf7d4b870d027f616053a27f114ddaa79b419a,hedged,47,0.18568632135437585,supported,"Item: Torin-Y11
Release year: 2004
Archive year: 2024",correct,paired-confidence-transfer-v2,natural_style,v2-release_year-11|natural_style|qa|supported,release_year,78,qa,0.5532035838720539,0.43954208893439095,constructed_world_key,cf4e205b76db6cf03a4f2be9ce2ac24b54e748c0b6737678e0b51ee5afcf84b9,1.3831874132156372,v2-release_year-11,v2-release_year-11--natural--correct--confident,56a60aac0964b675ff04767d81600189de9c0e58ed08108fdde24b9398648431,61,What is the release year for Torin-Y11?,61,79,I think the release year for Torin-Y11 is 2004.,24.89737319946289,v2-release_year-11,test,0.31748603998374236,18,v2-release_year-11--natural--correct--hedged,9,N11,The release year for Torin-Y11 is 2004.,authored_experiment_stimulus,0.92579008320873
2024,88,151645,<|im_end|>,950542c75776a2aeca1678feaa45bfd883093085435592cb37672734f405bf31,confident,88,0.3332725371915356,supported,"Item: Torin-Y11
Release year: 2004
Archive year: 2024",incorrect,paired-confidence-transfer-v2,natural_style,v2-release_year-11|natural_style|qa|supported,release_year,87,qa,0.4525571809031553,0.040968083395124685,constructed_world_key,c659f6dade8fe6f22c1b840e1947bc13f466b7da40d3cd3946a3ec8a93f801bb,1.9326889514923096,v2-release_year-11,v2-release_year-11--natural--incorrect--hedged,56a60aac0964b675ff04767d81600189de9c0e58ed08108fdde24b9398648431,61,What is the release year for Torin-Y11?,61,88,The release year for Torin-Y11 is 2024. This is my answer to the question for this item.,52.18260192871094,v2-release_year-11,test,0.7000508705596146,27,v2-release_year-11--natural--incorrect--confident,17,N11,The release year for Torin-Y11 is 2004.,authored_experiment_stimulus,2.983262300835667
2024,79,151645,<|im_end|>,e9d9c4b2316390cfe89bfef0178994ec0ee52a671d2e92e81ca287bd52f7abc6,hedged,47,0.18568632135437585,supported,"Item: Torin-Y11
Release year: 2004
Archive year: 2024",incorrect,paired-confidence-transfer-v2,natural_style,v2-release_year-11|natural_style|qa|supported,release_year,78,qa,0.48223690600840335,0.337664407710358,constructed_world_key,6f4246bc96a6151cb84c73dc29693b5d6783992570a656c7c0efb750b7ea9e13,1.7706458568572998,v2-release_year-11,v2-release_year-11--natural--incorrect--confident,56a60aac0964b675ff04767d81600189de9c0e58ed08108fdde24b9398648431,61,What is the release year for Torin-Y11?,61,79,I think the release year for Torin-Y11 is 2024.,31.871625900268555,v2-release_year-11,test,0.31748603998374236,18,v2-release_year-11--natural--incorrect--hedged,9,N11,The release year for Torin-Y11 is 2004.,authored_experiment_stimulus,1.0000758355499215
2006,77,151645,<|im_end|>,c25d59c0ee545b2a1b0280c4df540f578bb67b49ad2e1587f1939dc78f11f510,neutral,39,0.14324839787570626,supported,"Item: Torin-Y12
Archive year: 2009
Release year: 2006",correct,paired-confidence-transfer-v2,neutral_evidence,v2-release_year-12|neutral_evidence|qa|supported,release_year,76,qa,0.8041946169604817,0.8002327072606193,constructed_world_key,1d1bf8c7bc00748760bc7769395af06d4e47b868336fc7d686676d969764c785,0.012845754623413086,v2-release_year-12,,6cfc89308a4c0225c1a4df7e9b9e1b7a8b52cd3ca6de34c52b1862cac6d5044f,61,What is the release year for Torin-Y12?,61,77,The release year for Torin-Y12 is 2006.,0.20553207397460938,v2-release_year-12,test,0.31748603998374236,16,v2-release_year-12--neutral--qa--supported,7,N12,The release year for Torin-Y12 is 2006.,authored_experiment_stimulus,4.0920269248785965
2006,77,151645,<|im_end|>,f6402c4754e1244656f172740ae833f9aa801e414d9b3a303aee1e2dfee379b1,neutral,39,0.14324839787570626,omitted,"Item: Torin-Y12
Archive year: 2009
Review year: 2006",correct,paired-confidence-transfer-v2,neutral_evidence,v2-release_year-12|neutral_evidence|qa|omitted,release_year,76,qa,0.7737232453262873,0.7613493269238487,constructed_world_key,646fa484c56ef3e1e1e4f03f28ebee12d948ab2bc00a3bd9f703fe7eeb0fd56e,0.17921102046966553,v2-release_year-12,,de571c20bd90bd95a93d1d3796f1544df089cb01df42d4fbe3bfe3364d739fa3,61,What is the release year for Torin-Y12?,61,77,The release year for Torin-Y12 is 2006.,2.8673763275146484,v2-release_year-12,test,0.31748603998374236,16,v2-release_year-12--neutral--qa--omitted,7,N12,The release year for Torin-Y12 is 2006.,authored_experiment_stimulus,4.092015788730217
2006,77,151645,<|im_end|>,d121ed1e2400aa0b783ba6a7fa46f72c854bf06e1101c7ae333ac66ab355f3bd,neutral,39,0.14324839787570626,conflicting,"Item: Torin-Y12
Archive year: 2006
Release year: 2009",correct,paired-confidence-transfer-v2,neutral_evidence,v2-release_year-12|neutral_evidence|qa|conflicting,release_year,76,qa,0.6801513767050689,0.6419457569073861,constructed_world_key,5ef1289000635ba54b2ecdf6f368cb1d91874213195f032d0619474b3c06c7ca,0.6900875568389893,v2-release_year-12,,bf23a730a2b990e79edcc2017461d2f8b56ab1916108e6bd06e0938f80b812a4,61,What is the release year for Torin-Y12?,61,77,The release year for Torin-Y12 is 2006.,11.041400909423828,v2-release_year-12,test,0.31748603998374236,16,v2-release_year-12--neutral--qa--conflicting,7,N12,The release year for Torin-Y12 is 2006.,authored_experiment_stimulus,4.037304784295139
2006,82,151645,<|im_end|>,a027e83ae357c95e76e89446db0a502bec67cb860879745685801417f264edd8,neutral,39,0.14324839787570626,supported,"Item: Torin-Y12
Archive year: 2009
Release year: 2006",correct,paired-confidence-transfer-v2,neutral_evidence,v2-release_year-12|neutral_evidence|document|supported,release_year,81,document,0.790554047479414,0.7828264855286348,constructed_world_key,95691605e52ac6e88d2c3377c7932a7d11ee2467d8cfe3f032a5d117e7b4be26,0.08731949329376221,v2-release_year-12,,3659f4f451c1c669f0952dfe5c5c907975f9767da900e4b0f9f9f6a030aeb675,66,Summarize the release year for Torin-Y12 as a factual sentence.,66,82,The release year for Torin-Y12 is 2006.,1.3971118927001953,v2-release_year-12,test,0.31748603998374236,16,v2-release_year-12--neutral--document--supported,7,N12,The release year for Torin-Y12 is 2006.,authored_experiment_stimulus,3.859791146239774
2006,82,151645,<|im_end|>,326e6ac297cbb7f64a3c6e5326d401ddd666fb768918b8bd5c4d15f6feda2d0f,neutral,39,0.14324839787570626,omitted,"Item: Torin-Y12
Archive year: 2009
Review year: 2006",correct,paired-confidence-transfer-v2,neutral_evidence,v2-release_year-12|neutral_evidence|document|omitted,release_year,81,document,0.7481892222398917,0.7287663128372086,constructed_world_key,055860bf4ceadb258c4875b906cf6a7f552e736ba93ce5cbd10264944e979f83,0.3186197280883789,v2-release_year-12,,041a37a2f29a580e5ae1b5707487d7a68e88c9cbae9eec76a55fa3aa6dd50a42,66,Summarize the release year for Torin-Y12 as a factual sentence.,66,82,The release year for Torin-Y12 is 2006.,5.0979156494140625,v2-release_year-12,test,0.31748603998374236,16,v2-release_year-12--neutral--document--omitted,7,N12,The release year for Torin-Y12 is 2006.,authored_experiment_stimulus,3.8288634911436388
2006,82,151645,<|im_end|>,e3aa900e52f4061cbb0174bf235c43fea7d20c230e6bcded6b84ab0bbce411de,neutral,39,0.14324839787570626,conflicting,"Item: Torin-Y12
Archive year: 2006
Release year: 2009",correct,paired-confidence-transfer-v2,neutral_evidence,v2-release_year-12|neutral_evidence|document|conflicting,release_year,81,document,0.6744474474146613,0.6346671855757274,constructed_world_key,85f1cc70625237696c84ea4efc0a83dd675b67aed89256386b865e65c3771022,0.7212294340133667,v2-release_year-12,,8e9b3a9025eaa0a73cedd8a0b24c38b96728e30ea154d396e7b472a4c1f0e505,66,Summarize the release year for Torin-Y12 as a factual sentence.,66,82,The release year for Torin-Y12 is 2006.,11.539670944213867,v2-release_year-12,test,0.31748603998374236,16,v2-release_year-12--neutral--document--conflicting,7,N12,The release year for Torin-Y12 is 2006.,authored_experiment_stimulus,3.816301014812494
2006,87,151645,<|im_end|>,2f463ed214dae037a23116a4ba6307d3238921b21882ab47f7dd0f89a2e67ccf,confident,83,0.15274917071018562,supported,"Item: Torin-Y12
Archive year: 2009
Release year: 2006",correct,paired-confidence-transfer-v2,natural_style,v2-release_year-12|natural_style|qa|supported,release_year,86,qa,0.4706123419141758,0.10663941583108973,constructed_world_key,2823be2c44e15115101a842b93b6ca35763e9ac474a565789bfeb469b8678ea1,1.8341127634048462,v2-release_year-12,v2-release_year-12--natural--correct--hedged,6cfc89308a4c0225c1a4df7e9b9e1b7a8b52cd3ca6de34c52b1862cac6d5044f,61,What is the release year for Torin-Y12?,61,87,"For this item, I give the following answer: the release year for Torin-Y12 is 2006.",47.68693161010742,v2-release_year-12,test,0.382528535407883,26,v2-release_year-12--natural--correct--confident,15,N12,The release year for Torin-Y12 is 2006.,authored_experiment_stimulus,2.7085532026693078
2006,81,151645,<|im_end|>,35e9136649c12af040b5e0de5b1fed6a018b2ad0e59ff587c0d60c9526b0609e,hedged,56,0.2100319289718851,supported,"Item: Torin-Y12
Archive year: 2009
Release year: 2006",correct,paired-confidence-transfer-v2,natural_style,v2-release_year-12|natural_style|qa|supported,release_year,80,qa,0.5397322302830717,0.37764390488646904,constructed_world_key,dd56e7a37cb9c6c76ee00933140fac811ba57f9594dffd79c16274a42257370d,1.4567372798919678,v2-release_year-12,v2-release_year-12--natural--correct--confident,6cfc89308a4c0225c1a4df7e9b9e1b7a8b52cd3ca6de34c52b1862cac6d5044f,61,What is the release year for Torin-Y12?,61,81,It might be that the release year for Torin-Y12 is 2006.,29.13474464416504,v2-release_year-12,test,0.5627573844350761,20,v2-release_year-12--natural--correct--hedged,11,N12,The release year for Torin-Y12 is 2006.,authored_experiment_stimulus,1.4895800490056232
2009,87,151645,<|im_end|>,16b9fda8d933cf9dd09ff8b429f114aa98c79875498ae08c159fe3337f758d94,confident,83,0.15274917071018562,supported,"Item: Torin-Y12
Archive year: 2009
Release year: 2006",incorrect,paired-confidence-transfer-v2,natural_style,v2-release_year-12|natural_style|qa|supported,release_year,86,qa,0.4194327005898431,0.0005132056869268139,constructed_world_key,7c215ec261419fc7b8f719333806c7398fb1bc2084c419cbfec51f5ec0bf36a8,2.113539457321167,v2-release_year-12,v2-release_year-12--natural--incorrect--hedged,6cfc89308a4c0225c1a4df7e9b9e1b7a8b52cd3ca6de34c52b1862cac6d5044f,61,What is the release year for Torin-Y12?,61,87,"For this item, I give the following answer: the release year for Torin-Y12 is 2009.",54.9520263671875,v2-release_year-12,test,0.382528535407883,26,v2-release_year-12--natural--incorrect--confident,15,N12,The release year for Torin-Y12 is 2006.,authored_experiment_stimulus,2.850019972770802
2009,81,151645,<|im_end|>,139a4146be1ec4ab97c00e0316316a9b8e663785b380aa3c6a368cba54f0f9fc,hedged,56,0.2100319289718851,supported,"Item: Torin-Y12
Archive year: 2009
Release year: 2006",incorrect,paired-confidence-transfer-v2,natural_style,v2-release_year-12|natural_style|qa|supported,release_year,80,qa,0.5210272365778267,0.3478079672821657,constructed_world_key,e830f3d9cabaee66387e420dc2cb50ffdc9b72943bf3faacf41414b558378ae6,1.5588613748550415,v2-release_year-12,v2-release_year-12--natural--incorrect--confident,6cfc89308a4c0225c1a4df7e9b9e1b7a8b52cd3ca6de34c52b1862cac6d5044f,61,What is the release year for Torin-Y12?,61,81,It might be that the release year for Torin-Y12 is 2009.,31.177227020263672,v2-release_year-12,test,0.5627573844350761,20,v2-release_year-12--natural--incorrect--hedged,11,N12,The release year for Torin-Y12 is 2006.,authored_experiment_stimulus,1.534816264650858
cotton,66,151645,<|im_end|>,03a9702b11e9cc1a60f9e7181ab3615fe1732ebfe42218d434fbba0a1aeb7277,neutral,42,0.31341885853229623,supported,"Item: Savel-M01
Main material: cotton
Crate material: linen",correct,paired-confidence-transfer-v2,neutral_evidence,v2-material-01|neutral_evidence|qa|supported,material,65,qa,0.8049995605833994,0.8017536630609995,constructed_world_key,4c1228bd866b75b5b88dc17324cd25fb246b649532f71c66c16725cdab65040f,0.008450984954833984,v2-material-01,,8210c00155e3c5dc5cfda51710c77abd1cd7a2d614c1697b9e7213c3d37077e7,54,What is the main material for Savel-M01?,54,66,The main material for Savel-M01 is cotton.,0.10141181945800781,v2-material-01,test,0.7610401709434426,12,v2-material-01--neutral--qa--supported,7,N01,The main material for Savel-M01 is cotton.,authored_experiment_stimulus,3.570619171543285
cotton,66,151645,<|im_end|>,b4bf37e15d056ef988bb94b15a285957c05080feb4c2d5c254234c1ed628eac2,neutral,42,0.31341885853229623,omitted,"Item: Savel-M01
Label material: cotton
Crate material: linen",correct,paired-confidence-transfer-v2,neutral_evidence,v2-material-01|neutral_evidence|qa|omitted,material,65,qa,0.7918874182172067,0.7892047259193807,constructed_world_key,dc582ed23c5c3d7d6896362cc3d6ead4243b67b557edc4b9d4abf0233a900464,0.08003965765237808,v2-material-01,,5f16aa2eb97276a1d975c19b1a0b25965ad299a223a867164e8af7c5a46218fb,54,What is the main material for Savel-M01?,54,66,The main material for Savel-M01 is cotton.,0.9604759216308594,v2-material-01,test,0.7610401709434426,12,v2-material-01--neutral--qa--omitted,7,N01,The main material for Savel-M01 is cotton.,authored_experiment_stimulus,3.4809847075806197
cotton,66,151645,<|im_end|>,973568498679ca47b155d46afbdd687aac0deaebcb2bf7f51b10fd67c1fd2c13,neutral,42,0.31341885853229623,conflicting,"Item: Savel-M01
Main material: linen
Crate material: cotton",correct,paired-confidence-transfer-v2,neutral_evidence,v2-material-01|neutral_evidence|qa|conflicting,material,65,qa,0.6729906077553511,0.675414892342197,constructed_world_key,151934334cf622f9b1bc22bbfd9c5699d130f0b22ece9efa42d20d1402f4dc18,0.7291833758354187,v2-material-01,,2f65e648db1c648901929ea5b474aeedb4d39aa1118894fb32e8953a1779ad45,54,What is the main material for Savel-M01?,54,66,The main material for Savel-M01 is cotton.,8.750200271606445,v2-material-01,test,0.7610401709434426,12,v2-material-01--neutral--qa--conflicting,7,N01,The main material for Savel-M01 is cotton.,authored_experiment_stimulus,3.5104287020482436
cotton,71,151645,<|im_end|>,ae25d479bdeb934dd8ab7a8bec6d607b5464a79405168cb351e30c7c23d3d7b6,neutral,42,0.31341885853229623,supported,"Item: Savel-M01
Main material: cotton
Crate material: linen",correct,paired-confidence-transfer-v2,neutral_evidence,v2-material-01|neutral_evidence|document|supported,material,70,document,0.7896414538916001,0.787055232466712,constructed_world_key,cf104bc0938fd07ca40e996339e3bba97daeb07a7dbdfbd6c0cf515e7d5766b0,0.09230200201272964,v2-material-01,,187d663e47430f4f0db2309cd8c382244a2c64ecea96c631db637bb128a5c3fb,59,Summarize the main material for Savel-M01 as a factual sentence.,59,71,The main material for Savel-M01 is cotton.,1.1076240539550781,v2-material-01,test,0.7610401709434426,12,v2-material-01--neutral--document--supported,7,N01,The main material for Savel-M01 is cotton.,authored_experiment_stimulus,3.115000812322844
cotton,71,151645,<|im_end|>,584c4cf949c145ad541e12b7e7fbd3da117ef8aedc39960eeca8474d2817dbc4,neutral,42,0.31341885853229623,omitted,"Item: Savel-M01
Label material: cotton
Crate material: linen",correct,paired-confidence-transfer-v2,neutral_evidence,v2-material-01|neutral_evidence|document|omitted,material,70,document,0.7442880699365654,0.7436499139282872,constructed_world_key,db842f9cc245421f129edc2a2155ef39796fb9f5ab3904181434b599aa9db586,0.33991894125938416,v2-material-01,,43570c6d7bc6a7a93e08cf0fa6764d3927cee35d6e7c7e0454929937f22da700,59,Summarize the main material for Savel-M01 as a factual sentence.,59,71,The main material for Savel-M01 is cotton.,4.07902717590332,v2-material-01,test,0.7610401709434426,12,v2-material-01--neutral--document--omitted,7,N01,The main material for Savel-M01 is cotton.,authored_experiment_stimulus,3.2263439824946145
cotton,71,151645,<|im_end|>,af57369b87da9b671ec31d7a5b0d53aff2358cf068d3d8dd36165b9249dbcdaf,neutral,42,0.31341885853229623,conflicting,"Item: Savel-M01
Main material: linen
Crate material: cotton",correct,paired-confidence-transfer-v2,neutral_evidence,v2-material-01|neutral_evidence|document|conflicting,material,70,document,0.6735213888816278,0.6759228713517508,constructed_world_key,824068c0bc8f81c5a88fcde1918cabce89ef831d32a7388d1b9bf1a3726153aa,0.726285457611084,v2-material-01,,d0a73f1482c2a4bb7a8c70e7f3a7f5860dae3a21f91bbf33a251d83bafb1c42c,59,Summarize the main material for Savel-M01 as a factual sentence.,59,71,The main material for Savel-M01 is cotton.,8.715425491333008,v2-material-01,test,0.7610401709434426,12,v2-material-01--neutral--document--conflicting,7,N01,The main material for Savel-M01 is cotton.,authored_experiment_stimulus,3.2060446360906507
cotton,66,151645,<|im_end|>,d540a74e62af30e15607bb28f09b9ab723dd7c534076a1044fdce414817f4ab0,confident,42,0.31341885853229623,supported,"Item: Savel-M01
Main material: cotton
Crate material: linen",correct,paired-confidence-transfer-v2,natural_style,v2-material-01|natural_style|qa|supported,material,65,qa,0.8049995605833994,0.8017536630609995,constructed_world_key,4c1228bd866b75b5b88dc17324cd25fb246b649532f71c66c16725cdab65040f,0.008450984954833984,v2-material-01,v2-material-01--natural--correct--hedged,8210c00155e3c5dc5cfda51710c77abd1cd7a2d614c1697b9e7213c3d37077e7,54,What is the main material for Savel-M01?,54,66,The main material for Savel-M01 is cotton.,0.10141181945800781,v2-material-01,test,0.7610401709434426,12,v2-material-01--natural--correct--confident,7,N01,The main material for Savel-M01 is cotton.,authored_experiment_stimulus,3.570619171543285
cotton,69,151645,<|im_end|>,cfe8492d1244c7baea2fcde2ca1df555f2ce99a47561d1c13cf73ec6ecb2f97d,hedged,55,0.3469805401700509,supported,"Item: Savel-M01
Main material: cotton
Crate material: linen",correct,paired-confidence-transfer-v2,natural_style,v2-material-01|natural_style|qa|supported,material,68,qa,0.4310098623999781,0.35397618431979533,constructed_world_key,c16f56cf8e4ce4a6e57dcb00d781bc7b4d2405acc6c20dc37fe7751d34b21e75,2.0503313541412354,v2-material-01,v2-material-01--natural--correct--confident,8210c00155e3c5dc5cfda51710c77abd1cd7a2d614c1697b9e7213c3d37077e7,54,What is the main material for Savel-M01?,54,69,I think that the main material for Savel-M01 is cotton.,30.754968643188477,v2-material-01,test,0.7610401709434426,15,v2-material-01--natural--correct--hedged,10,N01,The main material for Savel-M01 is cotton.,authored_experiment_stimulus,0.9289927145489567
linen,66,151645,<|im_end|>,c60de23a268381fcac46491fe49c893525aad3c9af60ff437ec876f8b0ba1192,confident,41,0.23394205588367215,supported,"Item: Savel-M01
Main material: cotton
Crate material: linen",incorrect,paired-confidence-transfer-v2,natural_style,v2-material-01|natural_style|qa|supported,material,65,qa,0.6158225688502841,0.6207023878961262,constructed_world_key,615307aff4e26d24f00d5083e5fde7bad06ac6d20a5a71310670e5d510619e50,1.0413050651550293,v2-material-01,v2-material-01--natural--incorrect--hedged,8210c00155e3c5dc5cfda51710c77abd1cd7a2d614c1697b9e7213c3d37077e7,54,What is the main material for Savel-M01?,54,66,The main material for Savel-M01 is linen.,12.495660781860352,v2-material-01,test,0.7610401709434426,12,v2-material-01--natural--incorrect--confident,7,N01,The main material for Savel-M01 is cotton.,authored_experiment_stimulus,3.3745827154244705
linen,69,151645,<|im_end|>,492d859789bfb8e34628a63e9ae48405474e1bf76a4011bc555038bf5d7f900c,hedged,54,0.2777765193993431,supported,"Item: Savel-M01
Main material: cotton
Crate material: linen",incorrect,paired-confidence-transfer-v2,natural_style,v2-material-01|natural_style|qa|supported,material,68,qa,0.35038139378443617,0.2575196020365741,constructed_world_key,da0ec93974f0e8697346917d313ada0b5de91f0625adef904c330ffcce4506d6,2.4905405044555664,v2-material-01,v2-material-01--natural--incorrect--confident,8210c00155e3c5dc5cfda51710c77abd1cd7a2d614c1697b9e7213c3d37077e7,54,What is the main material for Savel-M01?,54,69,I think that the main material for Savel-M01 is linen.,37.35810852050781,v2-material-01,test,0.7610401709434426,15,v2-material-01--natural--incorrect--hedged,10,N01,The main material for Savel-M01 is cotton.,authored_experiment_stimulus,0.7015954002500616
silk,66,151645,<|im_end|>,1f04c6cc8fa0d877acd26fd86e254393b14c46e735357af9ff460ed29594e5be,neutral,40,0.24612706639711354,supported,"Item: Savel-M02
Crate material: bronze
Main material: silk",correct,paired-confidence-transfer-v2,neutral_evidence,v2-material-02|neutral_evidence|qa|supported,material,65,qa,0.8026811353517456,0.7995348212233605,constructed_world_key,5db1edbc4194b3e7b73f5a2ab8070a5d1617311cb00eaea822268db59824da87,0.021108945831656456,v2-material-02,,9fb9482701e308fea0517e32d9624d5fe1a488374b5a025a279e2f3c8241235f,54,What is the main material for Savel-M02?,54,66,The main material for Savel-M02 is silk.,0.2533073425292969,v2-material-02,test,0.7610401709434426,12,v2-material-02--neutral--qa--supported,7,N02,The main material for Savel-M02 is silk.,authored_experiment_stimulus,3.522495259368839
silk,66,151645,<|im_end|>,ef454cc8eb8736424a296cc79c39b3f3847ebb57e6585c5c7bbc3e91516b5919,neutral,40,0.24612706639711354,omitted,"Item: Savel-M02
Crate material: bronze
Label material: silk",correct,paired-confidence-transfer-v2,neutral_evidence,v2-material-02|neutral_evidence|qa|omitted,material,65,qa,0.6673405655387068,0.6700075293410359,constructed_world_key,9abaf42533dbc7a446b8e4ebe61854407ee2f5e7366acde3a045058a3ae79a8c,0.7600310444831848,v2-material-02,,7d9e8ac795cc8b9aefacba45557c3957c4331467f3f6fa97c3ce3d988ae31066,54,What is the main material for Savel-M02?,54,66,The main material for Savel-M02 is silk.,9.120372772216797,v2-material-02,test,0.7610401709434426,12,v2-material-02--neutral--qa--omitted,7,N02,The main material for Savel-M02 is silk.,authored_experiment_stimulus,3.3834031967419644
silk,66,151645,<|im_end|>,038d392db4c3afe5d65b7fca86e97c102638bd562b6529dca665756f9b2611b0,neutral,40,0.24612706639711354,conflicting,"Item: Savel-M02
Crate material: silk
Main material: bronze",correct,paired-confidence-transfer-v2,neutral_evidence,v2-material-02|neutral_evidence|qa|conflicting,material,65,qa,0.6254636934290323,0.6299294008741273,constructed_world_key,e94d137379c3a35d0a92ccfc1b79f67c485917a5a28871e284fea8359cc01e2a,0.9886671900749207,v2-material-02,,ce7a83e6f44e3b41fc56b86d55edb1415717d501c3a3041d61427327d7b41a40,54,What is the main material for Savel-M02?,54,66,The main material for Savel-M02 is silk.,11.864006042480469,v2-material-02,test,0.7610401709434426,12,v2-material-02--neutral--qa--conflicting,7,N02,The main material for Savel-M02 is silk.,authored_experiment_stimulus,3.418758642552201
silk,71,151645,<|im_end|>,be0e0d2612bf7a39790a465b0494cf237ae9c26e94339c918990acf52087f67b,neutral,40,0.24612706639711354,supported,"Item: Savel-M02
Crate material: bronze
Main material: silk",correct,paired-confidence-transfer-v2,neutral_evidence,v2-material-02|neutral_evidence|document|supported,material,70,document,0.8012504641113597,0.7981656015839078,constructed_world_key,a2ed96edbabed93473fa6b42fc203238045e2556d38d615737764505a2c178d6,0.028920015320181847,v2-material-02,,8dcc65fb3e4a49916e86b968046af8877feb516c2d3a1fa525df7861fe0751bc,59,Summarize the main material for Savel-M02 as a factual sentence.,59,71,The main material for Savel-M02 is silk.,0.34704017639160156,v2-material-02,test,0.7610401709434426,12,v2-material-02--neutral--document--supported,7,N02,The main material for Savel-M02 is silk.,authored_experiment_stimulus,3.222237740336037
silk,71,151645,<|im_end|>,363064cb1991bc104df9c19e8c848febe65b1ab9333796ac62d605ee9141450d,neutral,40,0.24612706639711354,omitted,"Item: Savel-M02
Crate material: bronze
Label material: silk",correct,paired-confidence-transfer-v2,neutral_evidence,v2-material-02|neutral_evidence|document|omitted,material,70,document,0.6516139243743218,0.6549563943653343,constructed_world_key,2935bd463a679680d8536b96758a9958d8ca7281ff44519f0cb4a56a1392812c,0.8458941578865051,v2-material-02,,8ad567762a4b1834f4ba874d8de408f6aa03c246b0c6e11f3bf5ff0dd06d5c4e,59,Summarize the main material for Savel-M02 as a factual sentence.,59,71,The main material for Savel-M02 is silk.,10.15073013305664,v2-material-02,test,0.7610401709434426,12,v2-material-02--neutral--document--omitted,7,N02,The main material for Savel-M02 is silk.,authored_experiment_stimulus,3.148201575215662
silk,71,151645,<|im_end|>,dba07fa48a6d590e429d79c47d0cd2990611b4ce90dfc231cb4e614ae0d368f8,neutral,40,0.24612706639711354,conflicting,"Item: Savel-M02
Crate material: silk
Main material: bronze",correct,paired-confidence-transfer-v2,neutral_evidence,v2-material-02|neutral_evidence|document|conflicting,material,70,document,0.6106420516069818,0.6157443823689714,constructed_world_key,b5f48d9f1fcd3748a30903ce00dac7f3f46f1482744f414b36dc5e19a60162af,1.0695892572402954,v2-material-02,,cd72f78127563121e5c528bc82434f207a0232eb6ca0c1c367b49dc05bf75af3,59,Summarize the main material for Savel-M02 as a factual sentence.,59,71,The main material for Savel-M02 is silk.,12.835071563720703,v2-material-02,test,0.7610401709434426,12,v2-material-02--neutral--document--conflicting,7,N02,The main material for Savel-M02 is silk.,authored_experiment_stimulus,3.1445336341969305
silk,66,151645,<|im_end|>,3a437007952844451e2e82ae29080220c2feb8c4dc2944bdc31e0171cab4a606,confident,40,0.24612706639711354,supported,"Item: Savel-M02
Crate material: bronze
Main material: silk",correct,paired-confidence-transfer-v2,natural_style,v2-material-02|natural_style|qa|supported,material,65,qa,0.8026811353517456,0.7995348212233605,constructed_world_key,5db1edbc4194b3e7b73f5a2ab8070a5d1617311cb00eaea822268db59824da87,0.021108945831656456,v2-material-02,v2-material-02--natural--correct--hedged,9fb9482701e308fea0517e32d9624d5fe1a488374b5a025a279e2f3c8241235f,54,What is the main material for Savel-M02?,54,66,The main material for Savel-M02 is silk.,0.2533073425292969,v2-material-02,test,0.7610401709434426,12,v2-material-02--natural--correct--confident,7,N02,The main material for Savel-M02 is silk.,authored_experiment_stimulus,3.522495259368839
silk,69,151645,<|im_end|>,57c1fd7340f6dbde7ecd959058722a7bd6d7152ea2645608a1af415c61f22730,hedged,54,0.3977030226616981,supported,"Item: Savel-M02
Crate material: bronze
Main material: silk",correct,paired-confidence-transfer-v2,natural_style,v2-material-02|natural_style|qa|supported,material,68,qa,0.5738240796413947,0.5248260585118171,constructed_world_key,db305e754feb8d8801df21a574be19d2e518a53d50b4c774723ce61751316c82,1.270605206489563,v2-material-02,v2-material-02--natural--correct--confident,9fb9482701e308fea0517e32d9624d5fe1a488374b5a025a279e2f3c8241235f,54,What is the main material for Savel-M02?,54,69,It seems that the main material for Savel-M02 is silk.,19.059078216552734,v2-material-02,test,0.9683511505407728,15,v2-material-02--natural--correct--hedged,10,N02,The main material for Savel-M02 is silk.,authored_experiment_stimulus,2.9936943348687217
bronze,66,151645,<|im_end|>,62624e68fe333427d34348a0d3d96481575ea7759e75b0bdbe6ffa9103187700,confident,42,0.2488340655438044,supported,"Item: Savel-M02
Crate material: bronze
Main material: silk",incorrect,paired-confidence-transfer-v2,natural_style,v2-material-02|natural_style|qa|supported,material,65,qa,0.623096450435995,0.6276638345521189,constructed_world_key,a1a2dfe5e43bdc0436489826385bf36df4ad048deed97beed299487b32b5cb16,1.001591682434082,v2-material-02,v2-material-02--natural--incorrect--hedged,9fb9482701e308fea0517e32d9624d5fe1a488374b5a025a279e2f3c8241235f,54,What is the main material for Savel-M02?,54,66,The main material for Savel-M02 is bronze.,12.019100189208984,v2-material-02,test,0.7610401709434426,12,v2-material-02--natural--incorrect--confident,7,N02,The main material for Savel-M02 is silk.,authored_experiment_stimulus,3.4431931935743565
bronze,69,151645,<|im_end|>,ad87a5eccefba81b091fe3d3116581b2f6564b716502f06c57480351aa090f02,hedged,56,0.4011728592117096,supported,"Item: Savel-M02
Crate material: bronze
Main material: silk",incorrect,paired-confidence-transfer-v2,natural_style,v2-material-02|natural_style|qa|supported,material,68,qa,0.46621847114313747,0.3960965377451437,constructed_world_key,150ed4927df62172aaabbe5ca19933500a69ae4cf7792d5690fc9e844a722a53,1.8581020832061768,v2-material-02,v2-material-02--natural--incorrect--confident,9fb9482701e308fea0517e32d9624d5fe1a488374b5a025a279e2f3c8241235f,54,What is the main material for Savel-M02?,54,69,It seems that the main material for Savel-M02 is bronze.,27.871530532836914,v2-material-02,test,0.9683511505407728,15,v2-material-02--natural--incorrect--hedged,10,N02,The main material for Savel-M02 is silk.,authored_experiment_stimulus,2.946106037235497
bamboo,66,151645,<|im_end|>,cce31c22156db7b10b0746a764fdca6c6de9ecb9227ff7821712bfc08ddc6878,neutral,42,0.34299610147597204,supported,"Item: Savel-M03
Main material: bamboo
Crate material: ceramic",correct,paired-confidence-transfer-v2,neutral_evidence,v2-material-03|neutral_evidence|qa|supported,material,65,qa,0.8043068308076287,0.8010906880427716,constructed_world_key,8bf6ab31f9e0d7df6f8c86d8c3e0ba7730675d20488b8b2c85dec4a4b86cbede,0.012233098037540913,v2-material-03,,791609010f87c1610d48358050ac9a755609bb7c266172d5bad1fcc80b9144dc,54,What is the main material for Savel-M03?,54,66,The main material for Savel-M03 is bamboo.,0.14679718017578125,v2-material-03,test,0.7610401709434426,12,v2-material-03--neutral--qa--supported,7,N03,The main material for Savel-M03 is bamboo.,authored_experiment_stimulus,3.574957080764544
bamboo,66,151645,<|im_end|>,2c8724c23239eb72552404feb967f74c1b4c938a34a69f8d28595206755a0280,neutral,42,0.34299610147597204,omitted,"Item: Savel-M03
Label material: bamboo
Crate material: ceramic",correct,paired-confidence-transfer-v2,neutral_evidence,v2-material-03|neutral_evidence|qa|omitted,material,65,qa,0.7853358442193713,0.7829345620193138,constructed_world_key,77e263a89785e77c44016da303a264823a1783b5554df6427dddfe500747f9a8,0.11580944061279297,v2-material-03,,7a47607b1619d8462811a4d71801daac489184d3a5a8028645b6e55dbeb73847,54,What is the main material for Savel-M03?,54,66,The main material for Savel-M03 is bamboo.,1.3897132873535156,v2-material-03,test,0.7610401709434426,12,v2-material-03--neutral--qa--omitted,7,N03,The main material for Savel-M03 is bamboo.,authored_experiment_stimulus,3.4838742634111433
bamboo,66,151645,<|im_end|>,09dc238fc0aab269c1c72b199140e11b02d7d555604e933001b837f5516e5a6b,neutral,42,0.34299610147597204,conflicting,"Item: Savel-M03
Main material: ceramic
Crate material: bamboo",correct,paired-confidence-transfer-v2,neutral_evidence,v2-material-03|neutral_evidence|qa|conflicting,material,65,qa,0.6327502389137639,0.6369029674768707,constructed_world_key,44509d5830041a88e346171c7900fc00cca6bc70b009f1457d37fd99d7f87b64,0.9488846659660339,v2-material-03,,996bd70ce10add54832c91f092555bb9b6821b39c1c1a55331dfd715ce0209ce,54,What is the main material for Savel-M03?,54,66,The main material for Savel-M03 is bamboo.,11.386615753173828,v2-material-03,test,0.7610401709434426,12,v2-material-03--neutral--qa--conflicting,7,N03,The main material for Savel-M03 is bamboo.,authored_experiment_stimulus,3.6374930836901758
bamboo,71,151645,<|im_end|>,a6dbd617a9d9b39f8995904b02c177ce4e1a38d1020c298e7cc691870d4c33ea,neutral,42,0.34299610147597204,supported,"Item: Savel-M03
Main material: bamboo
Crate material: ceramic",correct,paired-confidence-transfer-v2,neutral_evidence,v2-material-03|neutral_evidence|document|supported,material,70,document,0.7980283898528974,0.7950819249252645,constructed_world_key,25cee603501ae2fbbf5d57b6fbf4ed1508996dbc013eac7419392b6c952165b7,0.04651165008544922,v2-material-03,,48d8ea802a72246402551bacdedca73da8b13ae78a2560058461f41664653e82,59,Summarize the main material for Savel-M03 as a factual sentence.,59,71,The main material for Savel-M03 is bamboo.,0.5581398010253906,v2-material-03,test,0.7610401709434426,12,v2-material-03--neutral--document--supported,7,N03,The main material for Savel-M03 is bamboo.,authored_experiment_stimulus,3.254013179202037
bamboo,71,151645,<|im_end|>,bed5186286a7f9211ff55d9ea817e15a46f28ca2b0dd38a937707a195ef3a520,neutral,42,0.34299610147597204,omitted,"Item: Savel-M03
Label material: bamboo
Crate material: ceramic",correct,paired-confidence-transfer-v2,neutral_evidence,v2-material-03|neutral_evidence|document|omitted,material,70,document,0.7429383330197907,0.7423581505002518,constructed_world_key,29813544e03531c3b3ff8ae716275653ed3b7d41513ee9118007ec1da87e66c5,0.3472881317138672,v2-material-03,,df2a82008d7c67c986e838d457b73e092a754ff4acd2d048fe1372104a88d17c,59,Summarize the main material for Savel-M03 as a factual sentence.,59,71,The main material for Savel-M03 is bamboo.,4.167457580566406,v2-material-03,test,0.7610401709434426,12,v2-material-03--neutral--document--omitted,7,N03,The main material for Savel-M03 is bamboo.,authored_experiment_stimulus,3.242613172942603
bamboo,71,151645,<|im_end|>,cdf7cade22640dca97ea25760c2585c1f853bee9b9a2f07aec81190ae993086b,neutral,42,0.34299610147597204,conflicting,"Item: Savel-M03
Main material: ceramic
Crate material: bamboo",correct,paired-confidence-transfer-v2,neutral_evidence,v2-material-03|neutral_evidence|document|conflicting,material,70,document,0.6058518226309083,0.6111599219592523,constructed_world_key,e151286624dbb7695ec63fa388364155c30f5efa7cfa5a300650a1950852c3a5,1.0957425832748413,v2-material-03,,c60e5a9c68ecd2ca6f38ef1ee36f3d42f687a6634c4d641af16319428cc02fd4,59,Summarize the main material for Savel-M03 as a factual sentence.,59,71,The main material for Savel-M03 is bamboo.,13.148910522460938,v2-material-03,test,0.7610401709434426,12,v2-material-03--neutral--document--conflicting,7,N03,The main material for Savel-M03 is bamboo.,authored_experiment_stimulus,3.406649824942871
bamboo,66,151645,<|im_end|>,33fa32d6e54590df489dbd81f169908215460990823c24a3c4512398943a5760,confident,42,0.34299610147597204,supported,"Item: Savel-M03
Main material: bamboo
Crate material: ceramic",correct,paired-confidence-transfer-v2,natural_style,v2-material-03|natural_style|qa|supported,material,65,qa,0.8043068308076287,0.8010906880427716,constructed_world_key,8bf6ab31f9e0d7df6f8c86d8c3e0ba7730675d20488b8b2c85dec4a4b86cbede,0.012233098037540913,v2-material-03,v2-material-03--natural--correct--hedged,791609010f87c1610d48358050ac9a755609bb7c266172d5bad1fcc80b9144dc,54,What is the main material for Savel-M03?,54,66,The main material for Savel-M03 is bamboo.,0.14679718017578125,v2-material-03,test,0.7610401709434426,12,v2-material-03--natural--correct--confident,7,N03,The main material for Savel-M03 is bamboo.,authored_experiment_stimulus,3.574957080764544
bamboo,67,151645,<|im_end|>,00492cef826922cad77397fe3bf46ea154b352eb89e9a5b4f3f491607386fbc8,hedged,50,0.33854226964864764,supported,"Item: Savel-M03
Main material: bamboo
Crate material: ceramic",correct,paired-confidence-transfer-v2,natural_style,v2-material-03|natural_style|qa|supported,material,66,qa,0.4780266617731632,0.46262440214204015,constructed_world_key,dcc971f6b6e3dcde25772723571ef533d8c35357d51716394bb683e349b23158,1.7936326265335083,v2-material-03,v2-material-03--natural--correct--confident,791609010f87c1610d48358050ac9a755609bb7c266172d5bad1fcc80b9144dc,54,What is the main material for Savel-M03?,54,67,Perhaps the main material for Savel-M03 is bamboo.,23.317224502563477,v2-material-03,test,0.7610401709434426,13,v2-material-03--natural--correct--hedged,8,N03,The main material for Savel-M03 is bamboo.,authored_experiment_stimulus,2.1376953602827893
ceramic,66,151645,<|im_end|>,2f85aa108535e983a252c5e5d0c9c0b02f901c15c5987463272c6eedb9e99f7c,confident,43,0.1747574748831432,supported,"Item: Savel-M03
Main material: bamboo
Crate material: ceramic",incorrect,paired-confidence-transfer-v2,natural_style,v2-material-03|natural_style|qa|supported,material,65,qa,0.6302927765573594,0.6345510569824947,constructed_world_key,74a1185b3fe0678ee2ac6d74171b4e8b481a3a7b32677d6e0ac90f3c3abb0d3e,0.9623017311096191,v2-material-03,v2-material-03--natural--incorrect--hedged,791609010f87c1610d48358050ac9a755609bb7c266172d5bad1fcc80b9144dc,54,What is the main material for Savel-M03?,54,66,The main material for Savel-M03 is ceramic.,11.54762077331543,v2-material-03,test,0.7610401709434426,12,v2-material-03--natural--incorrect--confident,7,N03,The main material for Savel-M03 is bamboo.,authored_experiment_stimulus,3.397954445982605
ceramic,67,151645,<|im_end|>,4056ece63aeb7a59ff767eed86a70048a564c20cbe565fd0341c42376cdae70d,hedged,51,0.17399400784124297,supported,"Item: Savel-M03
Main material: bamboo
Crate material: ceramic",incorrect,paired-confidence-transfer-v2,natural_style,v2-material-03|natural_style|qa|supported,material,66,qa,0.3875726014221916,0.3688415636978283,constructed_world_key,42b26430b8d10b63f11319e85d2179f4fa4ea1e3b7161646bd9c92dc01214fa8,2.2874867916107178,v2-material-03,v2-material-03--natural--incorrect--confident,791609010f87c1610d48358050ac9a755609bb7c266172d5bad1fcc80b9144dc,54,What is the main material for Savel-M03?,54,67,Perhaps the main material for Savel-M03 is ceramic.,29.737327575683594,v2-material-03,test,0.7610401709434426,13,v2-material-03--natural--incorrect--hedged,8,N03,The main material for Savel-M03 is bamboo.,authored_experiment_stimulus,1.894826125655047
wool,66,151645,<|im_end|>,11ddc4eb43c6f2c3ed2ea15c931fd0092b67fc4830565fd2607598c96ae8ae19,neutral,40,0.23151108273843715,supported,"Item: Savel-M04
Crate material: paper
Main material: wool",correct,paired-confidence-transfer-v2,neutral_evidence,v2-material-04|neutral_evidence|qa|supported,material,65,qa,0.8043487526802484,0.8011308092458079,constructed_world_key,242b8b56bd8ff6e0f197c355e9df432fbc31a2b9093e61dbf62126eef5fff522,0.012004216201603413,v2-material-04,,1fd358fdfb1595824d52b680dc34bae00a1a0a3f2733aa4c5aa1b827a2b6cc1f,54,What is the main material for Savel-M04?,54,66,The main material for Savel-M04 is wool.,0.14405059814453125,v2-material-04,test,0.7610401709434426,12,v2-material-04--neutral--qa--supported,7,N04,The main material for Savel-M04 is wool.,authored_experiment_stimulus,3.576710833477566
wool,66,151645,<|im_end|>,cdb88962fd44f3856a77e9f5a36da6614b6eee9908231b7f0aa02b3817d985e5,neutral,40,0.23151108273843715,omitted,"Item: Savel-M04
Crate material: paper
Label material: wool",correct,paired-confidence-transfer-v2,neutral_evidence,v2-material-04|neutral_evidence|qa|omitted,material,65,qa,0.6968428213831978,0.6982425752202985,constructed_world_key,5ee352a3f752688511f7d118351a256d11d73d4774ad21a14a4995f43ff04daa,0.5989568829536438,v2-material-04,,e23599613f41fd89b6a3474faa5c9e073d9a07fc65c487f046794f88a3a9a767,54,What is the main material for Savel-M04?,54,66,The main material for Savel-M04 is wool.,7.187482833862305,v2-material-04,test,0.7610401709434426,12,v2-material-04--neutral--qa--omitted,7,N04,The main material for Savel-M04 is wool.,authored_experiment_stimulus,3.420159503493279
wool,66,151645,<|im_end|>,65ea659d5778867daf38d93d2446789a24249c16a8ad4e64e7e727bbcf39fc2a,neutral,40,0.23151108273843715,conflicting,"Item: Savel-M04
Crate material: wool
Main material: paper",correct,paired-confidence-transfer-v2,neutral_evidence,v2-material-04|neutral_evidence|qa|conflicting,material,65,qa,0.6104388615306277,0.6155499338439782,constructed_world_key,be6d93146df0057c33f02b834f0182dc437245bd46d1d7faaf14d2bb15464cf6,1.070698618888855,v2-material-04,,0e70b0345f011060886f18fb781c92ff63de53ce958d720007d26215f28dbc9c,54,What is the main material for Savel-M04?,54,66,The main material for Savel-M04 is wool.,12.848382949829102,v2-material-04,test,0.7610401709434426,12,v2-material-04--neutral--qa--conflicting,7,N04,The main material for Savel-M04 is wool.,authored_experiment_stimulus,3.4577435296041314
wool,71,151645,<|im_end|>,eae47e65068bf440ecb27bd565f895474c7ca894e483e518ed9f570f8cc899bd,neutral,40,0.23151108273843715,supported,"Item: Savel-M04
Crate material: paper
Main material: wool",correct,paired-confidence-transfer-v2,neutral_evidence,v2-material-04|neutral_evidence|document|supported,material,70,document,0.7996335028906807,0.7966180933484627,constructed_world_key,fcd04bf1ce455c4295ce5b0579d9ab066a97d53ffda33abe9149a30942664e31,0.037748176604509354,v2-material-04,,230fb785ef53559f138772b031512ed5cb9c0f47ec4b2b74be323eb100ef3ec5,59,Summarize the main material for Savel-M04 as a factual sentence.,59,71,The main material for Savel-M04 is wool.,0.45297813415527344,v2-material-04,test,0.7610401709434426,12,v2-material-04--neutral--document--supported,7,N04,The main material for Savel-M04 is wool.,authored_experiment_stimulus,3.3097178813682953
wool,71,151645,<|im_end|>,37bef062bc677ca0b4d24bc1de8f338215164c898d7b86ea3f5cd803a3638c44,neutral,40,0.23151108273843715,omitted,"Item: Savel-M04
Crate material: paper
Label material: wool",correct,paired-confidence-transfer-v2,neutral_evidence,v2-material-04|neutral_evidence|document|omitted,material,70,document,0.6729905859210424,0.6754148644802505,constructed_world_key,22cda8b19a89aff012be64afddca7234a5beea19d6fd287de8534230861e12c4,0.7291834950447083,v2-material-04,,be03aaf21d43eed4f87f1c3fba130b1bbb5d3c84c3e63d5e5ba78f0ea939263e,59,Summarize the main material for Savel-M04 as a factual sentence.,59,71,The main material for Savel-M04 is wool.,8.750202178955078,v2-material-04,test,0.7610401709434426,12,v2-material-04--neutral--document--omitted,7,N04,The main material for Savel-M04 is wool.,authored_experiment_stimulus,3.251011725841827
wool,71,151645,<|im_end|>,7d716e9613acc22a645453d73ae53ed7291e7094e6843af863158b8d0dd31ded,neutral,40,0.23151108273843715,conflicting,"Item: Savel-M04
Crate material: wool
Main material: paper",correct,paired-confidence-transfer-v2,neutral_evidence,v2-material-04|neutral_evidence|document|conflicting,material,70,document,0.5931158703917739,0.5989710168909909,constructed_world_key,558e1a577817690021096bc7caac3d22c970e6478c18f9eab899be0ba9000ff9,1.165277361869812,v2-material-04,,d1ae4d1d54e8d357d8ac32b01d626db6f773b96fcd37d58440a20cfef6c595b0,59,Summarize the main material for Savel-M04 as a factual sentence.,59,71,The main material for Savel-M04 is wool.,13.983327865600586,v2-material-04,test,0.7610401709434426,12,v2-material-04--neutral--document--conflicting,7,N04,The main material for Savel-M04 is wool.,authored_experiment_stimulus,3.2617040030357494
wool,66,151645,<|im_end|>,4f1cfc9ec34d57fab852d747a2f49a60098de0059d07b2e842bc51ddad8b25cf,confident,40,0.23151108273843715,supported,"Item: Savel-M04
Crate material: paper
Main material: wool",correct,paired-confidence-transfer-v2,natural_style,v2-material-04|natural_style|qa|supported,material,65,qa,0.8043487526802484,0.8011308092458079,constructed_world_key,242b8b56bd8ff6e0f197c355e9df432fbc31a2b9093e61dbf62126eef5fff522,0.012004216201603413,v2-material-04,v2-material-04--natural--correct--hedged,1fd358fdfb1595824d52b680dc34bae00a1a0a3f2733aa4c5aa1b827a2b6cc1f,54,What is the main material for Savel-M04?,54,66,The main material for Savel-M04 is wool.,0.14405059814453125,v2-material-04,test,0.7610401709434426,12,v2-material-04--natural--correct--confident,7,N04,The main material for Savel-M04 is wool.,authored_experiment_stimulus,3.576710833477566
wool,71,151645,<|im_end|>,cc1f0b10db1f296ca88312abaded1f736a65ee4de1648f0e6e6f87152a8e41b8,hedged,61,0.3064380119722068,supported,"Item: Savel-M04
Crate material: paper
Main material: wool",correct,paired-confidence-transfer-v2,natural_style,v2-material-04|natural_style|qa|supported,material,70,qa,0.44361917564890685,0.3111709006623353,constructed_world_key,34f322ffa2db940f80f0866e525c2f05857886df2bd9330348db590b72eb41c7,1.9814879894256592,v2-material-04,v2-material-04--natural--correct--confident,1fd358fdfb1595824d52b680dc34bae00a1a0a3f2733aa4c5aa1b827a2b6cc1f,54,What is the main material for Savel-M04?,54,71,The main material for Savel-M04 is wool. I could be mistaken.,33.68529510498047,v2-material-04,test,0.7610401709434426,17,v2-material-04--natural--correct--hedged,11,N04,The main material for Savel-M04 is wool.,authored_experiment_stimulus,-0.49177886767892665
paper,66,151645,<|im_end|>,3da50ac23573192479bf52414785f8630a6f566b086976e1923e41693dcda5df,confident,41,0.13349671255039058,supported,"Item: Savel-M04
Crate material: paper
Main material: wool",incorrect,paired-confidence-transfer-v2,natural_style,v2-material-04|natural_style|qa|supported,material,65,qa,0.6401081170848751,0.6439447958486687,constructed_world_key,5dd874d794b88e8c3a05b11bce8a725f3b3010ded5b101bbf4a4e2dcc4b557f9,0.9087126851081848,v2-material-04,v2-material-04--natural--incorrect--hedged,1fd358fdfb1595824d52b680dc34bae00a1a0a3f2733aa4c5aa1b827a2b6cc1f,54,What is the main material for Savel-M04?,54,66,The main material for Savel-M04 is paper.,10.904552459716797,v2-material-04,test,0.7610401709434426,12,v2-material-04--natural--incorrect--confident,7,N04,The main material for Savel-M04 is wool.,authored_experiment_stimulus,3.3388868116410113
paper,71,151645,<|im_end|>,399133c06ec5800eaae74dbed4a4db7e316327206d945598952f979add99a2de,hedged,62,0.2165051925545903,supported,"Item: Savel-M04
Crate material: paper
Main material: wool",incorrect,paired-confidence-transfer-v2,natural_style,v2-material-04|natural_style|qa|supported,material,70,qa,0.353002820881694,0.18831175272464032,constructed_world_key,1651df9da36ee04329a46c274fb474c2219d2072722b584be94c80d34d3f5dc3,2.4762282371520996,v2-material-04,v2-material-04--natural--incorrect--confident,1fd358fdfb1595824d52b680dc34bae00a1a0a3f2733aa4c5aa1b827a2b6cc1f,54,What is the main material for Savel-M04?,54,71,The main material for Savel-M04 is paper. I could be mistaken.,42.09587860107422,v2-material-04,test,0.7610401709434426,17,v2-material-04--natural--incorrect--hedged,11,N04,The main material for Savel-M04 is wool.,authored_experiment_stimulus,-0.19305877194652687
brass,66,151645,<|im_end|>,c605770c04133a62a59638a8e56d167a67909594a1731fe6231f2cdc7b10371a,neutral,41,0.24960023291508782,supported,"Item: Savel-M05
Main material: brass
Crate material: wood",correct,paired-confidence-transfer-v2,neutral_evidence,v2-material-05|neutral_evidence|qa|supported,material,65,qa,0.8045157996408137,0.8012906810951288,constructed_world_key,afffd423ddb866e591f9424ada1ddb6a457d79cd422200dd8af42b496d0a7fba,0.011092185974121094,v2-material-05,,015ecdc80edbbf1393d198e102a3d309013248602dbfe6ba953fdca388104456,54,What is the main material for Savel-M05?,54,66,The main material for Savel-M05 is brass.,0.13310623168945312,v2-material-05,test,0.7610401709434426,12,v2-material-05--neutral--qa--supported,7,N05,The main material for Savel-M05 is brass.,authored_experiment_stimulus,3.2197159216885582
brass,66,151645,<|im_end|>,df9405a1c467524791127664f55485cc8e427ef10c3986b19f8b8da527822517,neutral,41,0.24960023291508782,omitted,"Item: Savel-M05
Label material: brass
Crate material: wood",correct,paired-confidence-transfer-v2,neutral_evidence,v2-material-05|neutral_evidence|qa|omitted,material,65,qa,0.7950436398596011,0.7922253788549211,constructed_world_key,b5988a16b4cb843991d2616f544b18ed5323b1243b3ee138c4e2d39b5702e7f9,0.06280755996704102,v2-material-05,,9fb6261e16d2ca5d95aeba7dc0f3349146acda5e575a6819829e061e66154e52,54,What is the main material for Savel-M05?,54,66,The main material for Savel-M05 is brass.,0.7536907196044922,v2-material-05,test,0.7610401709434426,12,v2-material-05--neutral--qa--omitted,7,N05,The main material for Savel-M05 is brass.,authored_experiment_stimulus,3.2374686124043945
brass,66,151645,<|im_end|>,44707211549f02e90109e3b9e9930f17bcf88c27356c89b0fe0cf635874e2738,neutral,41,0.24960023291508782,conflicting,"Item: Savel-M05
Main material: wood
Crate material: brass",correct,paired-confidence-transfer-v2,neutral_evidence,v2-material-05|neutral_evidence|qa|conflicting,material,65,qa,0.6037244404356132,0.6091239102148939,constructed_world_key,dd0268ad4b738518dc2395d060b15f0e078b9dd9e0273d29510169bbe191b648,1.1073575019836426,v2-material-05,,293efdb8bd6c66fb0e4997e7dc64204bc174f2498e05829f1ff45e29f0e12eac,54,What is the main material for Savel-M05?,54,66,The main material for Savel-M05 is brass.,13.288290023803711,v2-material-05,test,0.7610401709434426,12,v2-material-05--neutral--qa--conflicting,7,N05,The main material for Savel-M05 is brass.,authored_experiment_stimulus,3.273124599216379
brass,71,151645,<|im_end|>,0fd0a577fddcaa02825a2bec98b3a4b4b3817290915fa7b440aa00786012ddda,neutral,41,0.24960023291508782,supported,"Item: Savel-M05
Main material: brass
Crate material: wood",correct,paired-confidence-transfer-v2,neutral_evidence,v2-material-05|neutral_evidence|document|supported,material,70,document,0.7939470048841244,0.7911758471902173,constructed_world_key,92ef40e830f82b98e5f659dca6fdb63c2725af88bc960844804a0015c230b6a6,0.06879488378763199,v2-material-05,,6c0c9bc99fd04468c194f15a4d416b92700554038700774a0f578170904d8183,59,Summarize the main material for Savel-M05 as a factual sentence.,59,71,The main material for Savel-M05 is brass.,0.8255386352539062,v2-material-05,test,0.7610401709434426,12,v2-material-05--neutral--document--supported,7,N05,The main material for Savel-M05 is brass.,authored_experiment_stimulus,3.0860610430276236
brass,71,151645,<|im_end|>,81e025da0e3d9d6b09b7e8d2af67b5983cc717598174000b7b03dcd3fa009b74,neutral,41,0.24960023291508782,omitted,"Item: Savel-M05
Label material: brass
Crate material: wood",correct,paired-confidence-transfer-v2,neutral_evidence,v2-material-05|neutral_evidence|document|omitted,material,70,document,0.7393664420909991,0.7389396846918279,constructed_world_key,b1f0285539b9e56f298458eebff6486525952f294929c55d1a66ecf719240974,0.36678966879844666,v2-material-05,,e5e9870e197148efb8c8da499c04c7e8518da8d9e2524572a15c4cf4be610525,59,Summarize the main material for Savel-M05 as a factual sentence.,59,71,The main material for Savel-M05 is brass.,4.40147590637207,v2-material-05,test,0.7610401709434426,12,v2-material-05--neutral--document--omitted,7,N05,The main material for Savel-M05 is brass.,authored_experiment_stimulus,3.1071205289601096
brass,71,151645,<|im_end|>,411c58e913775bb27b24b84a50dd8361e40bb83cd06598aae7d736b45f7a83a8,neutral,41,0.24960023291508782,conflicting,"Item: Savel-M05
Main material: wood
Crate material: brass",correct,paired-confidence-transfer-v2,neutral_evidence,v2-material-05|neutral_evidence|document|conflicting,material,70,document,0.6137586153216352,0.6187270873333067,constructed_world_key,366b3dfefffad9d1e1321c3906555702ec5965b90a939158d82b4b0bbf66ac1f,1.0525736808776855,v2-material-05,,1819cb5e4dd5af9c72a9bae618516d2c36fea981c933bc9510bb4d67bcdf413b,59,Summarize the main material for Savel-M05 as a factual sentence.,59,71,The main material for Savel-M05 is brass.,12.630884170532227,v2-material-05,test,0.7610401709434426,12,v2-material-05--neutral--document--conflicting,7,N05,The main material for Savel-M05 is brass.,authored_experiment_stimulus,3.065696682531528
brass,70,151645,<|im_end|>,2b8b52910df6c7e2cffa074484da913094a6c93144236fa5ae4ea2e71bc5ee86,confident,59,0.2706321578316821,supported,"Item: Savel-M05
Main material: brass
Crate material: wood",correct,paired-confidence-transfer-v2,natural_style,v2-material-05|natural_style|qa|supported,material,69,qa,0.48517829306470844,0.3931478800794961,constructed_world_key,f2f76beda59618ad9122556f5c9ae5b78a380aa5b4598ab03db434ef1acaa51a,1.7545866966247559,v2-material-05,v2-material-05--natural--correct--hedged,015ecdc80edbbf1393d198e102a3d309013248602dbfe6ba953fdca388104456,54,What is the main material for Savel-M05?,54,70,My answer is that the main material for Savel-M05 is brass.,28.073387145996094,v2-material-05,test,0.35818552487290173,16,v2-material-05--natural--correct--confident,11,N05,The main material for Savel-M05 is brass.,authored_experiment_stimulus,2.2246954791449762
brass,71,151645,<|im_end|>,1c781f57b927dbb0c00461d8a30fac62c6bffcfda039547c6ceeb0203f50ae5e,hedged,61,0.20736097133032444,supported,"Item: Savel-M05
Main material: brass
Crate material: wood",correct,paired-confidence-transfer-v2,natural_style,v2-material-05|natural_style|qa|supported,material,70,qa,0.4928918302895197,0.37797557349823563,constructed_world_key,eb87c2606843e46c545c86302a34aae3e00a731e5236ccf7c856d21f25286e82,1.712472915649414,v2-material-05,v2-material-05--natural--correct--confident,015ecdc80edbbf1393d198e102a3d309013248602dbfe6ba953fdca388104456,54,What is the main material for Savel-M05?,54,71,It seems to me that the main material for Savel-M05 is brass.,29.11203956604004,v2-material-05,test,1.6436794434266406,17,v2-material-05--natural--correct--hedged,12,N05,The main material for Savel-M05 is brass.,authored_experiment_stimulus,2.1248252372975225
wood,70,151645,<|im_end|>,fb3debcd634b08634dca8c8b42a3b4fdd01bb264cd53c20a2aeac4a4093952f2,confident,58,0.1755513560672367,supported,"Item: Savel-M05
Main material: brass
Crate material: wood",incorrect,paired-confidence-transfer-v2,natural_style,v2-material-05|natural_style|qa|supported,material,69,qa,0.3497320851136195,0.22031002813897327,constructed_world_key,38063cd2e2b8888b6cb131da0cd8908aa5d9a7fa83d912a10c7848e816c6474c,2.4940855503082275,v2-material-05,v2-material-05--natural--incorrect--hedged,015ecdc80edbbf1393d198e102a3d309013248602dbfe6ba953fdca388104456,54,What is the main material for Savel-M05?,54,70,My answer is that the main material for Savel-M05 is wood.,39.90536880493164,v2-material-05,test,0.35818552487290173,16,v2-material-05--natural--incorrect--confident,11,N05,The main material for Savel-M05 is brass.,authored_experiment_stimulus,2.2170092409440043
wood,71,151645,<|im_end|>,b92ec498b456b2e3d79ecf6a5d2345ae20c017bd6ce992168ae6789b772af454,hedged,60,0.11936997065200863,supported,"Item: Savel-M05
Main material: brass
Crate material: wood",incorrect,paired-confidence-transfer-v2,natural_style,v2-material-05|natural_style|qa|supported,material,70,qa,0.36944008145560225,0.2105976321900728,constructed_world_key,dd0c3326668105bd75cf063e5c73a9ee734cbff8f7f89929b5f2ee2df4bf8cb8,2.3864853382110596,v2-material-05,v2-material-05--natural--incorrect--confident,015ecdc80edbbf1393d198e102a3d309013248602dbfe6ba953fdca388104456,54,What is the main material for Savel-M05?,54,71,It seems to me that the main material for Savel-M05 is wood.,40.57025146484375,v2-material-05,test,1.6436794434266406,17,v2-material-05--natural--incorrect--hedged,12,N05,The main material for Savel-M05 is brass.,authored_experiment_stimulus,2.1595021473863203
aluminum,66,151645,<|im_end|>,c6c2fdc5112fb1e44fa2d1d63222e47c202da2cc7343c59d6c53c59a475e4bab,neutral,44,0.2475468898766875,supported,"Item: Savel-M06
Crate material: foam
Main material: aluminum",correct,paired-confidence-transfer-v2,neutral_evidence,v2-material-06|neutral_evidence|qa|supported,material,65,qa,0.8042820560316865,0.801066977526255,constructed_world_key,e33877c1f17929be024d83e5f579f67edacf9cbf89e6e2173169edf9a54cfee4,0.012368361465632915,v2-material-06,,d44c64ccc35d845df6b64d5c2c73592ad25111e94273944866b1f77284d6d004,54,What is the main material for Savel-M06?,54,66,The main material for Savel-M06 is aluminum.,0.1484203338623047,v2-material-06,test,0.7610401709434426,12,v2-material-06--neutral--qa--supported,7,N06,The main material for Savel-M06 is aluminum.,authored_experiment_stimulus,3.4268115562609553
aluminum,66,151645,<|im_end|>,8a0dc02ac5418bb930e2c3c6c105bacba30a8290c7995ede996cd013bf9074d8,neutral,44,0.2475468898766875,omitted,"Item: Savel-M06
Crate material: foam
Label material: aluminum",correct,paired-confidence-transfer-v2,neutral_evidence,v2-material-06|neutral_evidence|qa|omitted,material,65,qa,0.7240539268003182,0.7242848859058424,constructed_world_key,2f4c87d8b8fe363e76b7514d04c5955ab9899263b0082a11e1e3b11a035961e9,0.4503917694091797,v2-material-06,,27a850c02195991183aa580cf5f316fd0eb67a2aa994f669895f15f196fcbde3,54,What is the main material for Savel-M06?,54,66,The main material for Savel-M06 is aluminum.,5.404701232910156,v2-material-06,test,0.7610401709434426,12,v2-material-06--neutral--qa--omitted,7,N06,The main material for Savel-M06 is aluminum.,authored_experiment_stimulus,3.3224909738680077
aluminum,66,151645,<|im_end|>,47dc6545d44a75de1572a20348830a547bbc1ec7dbad4c4fadeef122d76a4ac0,neutral,44,0.2475468898766875,conflicting,"Item: Savel-M06
Crate material: aluminum
Main material: foam",correct,paired-confidence-transfer-v2,neutral_evidence,v2-material-06|neutral_evidence|qa|conflicting,material,65,qa,0.6663603797545148,0.6690694454625439,constructed_world_key,5552145802758aceae7c4c7c2a91156ba4d0fe4945a0a029b6b6ad032ccdf18e,0.7653825879096985,v2-material-06,,2a62730a2f28d7e109dde1c75aab9a5ca001df598a95562807d194565101d13b,54,What is the main material for Savel-M06?,54,66,The main material for Savel-M06 is aluminum.,9.184591293334961,v2-material-06,test,0.7610401709434426,12,v2-material-06--neutral--qa--conflicting,7,N06,The main material for Savel-M06 is aluminum.,authored_experiment_stimulus,3.436193106279208
aluminum,71,151645,<|im_end|>,5fe059a5a00639ce57a34c9a588484f0f2f2fe437fe7da538e088d848bf02696,neutral,44,0.2475468898766875,supported,"Item: Savel-M06
Crate material: foam
Main material: aluminum",correct,paired-confidence-transfer-v2,neutral_evidence,v2-material-06|neutral_evidence|document|supported,material,70,document,0.7995956858680883,0.7965819006798903,constructed_world_key,9a07bc5036a07c83e834d4f93d96f55fdc6ad44600294b2e6795021b96597ca4,0.03795464709401131,v2-material-06,,5af618c53910ad4878dc7bc6b9dce40bf4c261db4ec973af8574ef4000eec281,59,Summarize the main material for Savel-M06 as a factual sentence.,59,71,The main material for Savel-M06 is aluminum.,0.4554557800292969,v2-material-06,test,0.7610401709434426,12,v2-material-06--neutral--document--supported,7,N06,The main material for Savel-M06 is aluminum.,authored_experiment_stimulus,3.3220878712318385
aluminum,71,151645,<|im_end|>,f2fcdf9348126a7dc7fbd462f6513d260df9507efb8506cf10ad4d7ace637b4d,neutral,44,0.2475468898766875,omitted,"Item: Savel-M06
Crate material: foam
Label material: aluminum",correct,paired-confidence-transfer-v2,neutral_evidence,v2-material-06|neutral_evidence|document|omitted,material,70,document,0.6642532161290354,0.6670527977710398,constructed_world_key,73d0685c5a98e1774115538ade37377f7fc44023d519b474d21e4c2e90d52fcd,0.7768871188163757,v2-material-06,,b4ac267b82a1a83f1b3c7fbdff4f7d6460512fcbeea9076b691537e5a48a1c42,59,Summarize the main material for Savel-M06 as a factual sentence.,59,71,The main material for Savel-M06 is aluminum.,9.32264518737793,v2-material-06,test,0.7610401709434426,12,v2-material-06--neutral--document--omitted,7,N06,The main material for Savel-M06 is aluminum.,authored_experiment_stimulus,3.2804242547598332
aluminum,71,151645,<|im_end|>,1d280eb785f29089c87a50e83dd6417f3a5391ef70b2e4db7a13f5a623bb1818,neutral,44,0.2475468898766875,conflicting,"Item: Savel-M06
Crate material: aluminum
Main material: foam",correct,paired-confidence-transfer-v2,neutral_evidence,v2-material-06|neutral_evidence|document|conflicting,material,70,document,0.6428289012036728,0.6465487176496164,constructed_world_key,1b73f8b850bef372db99bd9ca5abe6b6227e60304ac60ee2fe0921dd128d704e,0.8938579559326172,v2-material-06,,160ca101e2d36c19625c23c1ddd70540c6e659bd6f1340bb47d5dc9746de71de,59,Summarize the main material for Savel-M06 as a factual sentence.,59,71,The main material for Savel-M06 is aluminum.,10.726295471191406,v2-material-06,test,0.7610401709434426,12,v2-material-06--neutral--document--conflicting,7,N06,The main material for Savel-M06 is aluminum.,authored_experiment_stimulus,3.2171545356587914
aluminum,71,151645,<|im_end|>,3c1d58c56ec142dd6213589bd07865399381efe6fa30f546d4ae3ceea70091f7,confident,65,0.21011173375806796,supported,"Item: Savel-M06
Crate material: foam
Main material: aluminum",correct,paired-confidence-transfer-v2,natural_style,v2-material-06|natural_style|qa|supported,material,70,qa,0.46930614806743876,0.345997720890726,constructed_world_key,473afa716478f93e601f1d9c16add06be9ae07c3084549e899d7250bec88e0d0,1.8412442207336426,v2-material-06,v2-material-06--natural--correct--hedged,d44c64ccc35d845df6b64d5c2c73592ad25111e94273944866b1f77284d6d004,54,What is the main material for Savel-M06?,54,71,The main material for Savel-M06 is aluminum. That is my response.,31.301151275634766,v2-material-06,test,-0.12730288452088823,17,v2-material-06--natural--correct--confident,11,N06,The main material for Savel-M06 is aluminum.,authored_experiment_stimulus,3.187317155031658
aluminum,71,151645,<|im_end|>,096d0fb4b59d8384af8238e7299fe9880425d4cac9a1718ae83104eb67443f6b,hedged,65,0.3193775183298224,supported,"Item: Savel-M06
Crate material: foam
Main material: aluminum",correct,paired-confidence-transfer-v2,natural_style,v2-material-06|natural_style|qa|supported,material,70,qa,0.4510504826000288,0.32124639349871414,constructed_world_key,83024b34cf414fc9cc048a700c5468ecc68fe40b5132e66c2b35024892fd695d,1.9409151077270508,v2-material-06,v2-material-06--natural--correct--confident,d44c64ccc35d845df6b64d5c2c73592ad25111e94273944866b1f77284d6d004,54,What is the main material for Savel-M06?,54,71,The main material for Savel-M06 is aluminum. I could be mistaken.,32.99555587768555,v2-material-06,test,0.7610401709434426,17,v2-material-06--natural--correct--hedged,11,N06,The main material for Savel-M06 is aluminum.,authored_experiment_stimulus,-0.3695329623067062
foam,71,151645,<|im_end|>,67610559da6c5916fe53b62e71737961c3b6b92727310ec9890db42f645855da,confident,61,0.21085662659830426,supported,"Item: Savel-M06
Crate material: foam
Main material: aluminum",incorrect,paired-confidence-transfer-v2,natural_style,v2-material-06|natural_style|qa|supported,material,70,qa,0.36191510532034543,0.20039514460130559,constructed_world_key,9c5a970ab64c29a451254f88dfab59c0dd42bafce66073354338b5fc0cf82351,2.427569627761841,v2-material-06,v2-material-06--natural--incorrect--hedged,d44c64ccc35d845df6b64d5c2c73592ad25111e94273944866b1f77284d6d004,54,What is the main material for Savel-M06?,54,71,The main material for Savel-M06 is foam. That is my response.,41.26868438720703,v2-material-06,test,-0.12730288452088823,17,v2-material-06--natural--incorrect--confident,11,N06,The main material for Savel-M06 is aluminum.,authored_experiment_stimulus,3.166374279292528
foam,71,151645,<|im_end|>,52eba60b1ab7af963ec4dae07d178a6199054e807310802b013940f9d5f8b745,hedged,61,0.3253046347443814,supported,"Item: Savel-M06
Crate material: foam
Main material: aluminum",incorrect,paired-confidence-transfer-v2,natural_style,v2-material-06|natural_style|qa|supported,material,70,qa,0.34498124523036167,0.17743595333547396,constructed_world_key,47ba436f472871eefc89c78bd2158111b249ba056c90077ed4370fa3db7bbe00,2.520023822784424,v2-material-06,v2-material-06--natural--incorrect--confident,d44c64ccc35d845df6b64d5c2c73592ad25111e94273944866b1f77284d6d004,54,What is the main material for Savel-M06?,54,71,The main material for Savel-M06 is foam. I could be mistaken.,42.84040451049805,v2-material-06,test,0.7610401709434426,17,v2-material-06--natural--incorrect--hedged,11,N06,The main material for Savel-M06 is aluminum.,authored_experiment_stimulus,-0.4079637165501573
cork,66,151645,<|im_end|>,183294609f4313b86f522e4622953888594db8b989a37f133886d22fbb137d1a,neutral,40,0.36799146466562777,supported,"Item: Savel-M07
Main material: cork
Crate material: iron",correct,paired-confidence-transfer-v2,neutral_evidence,v2-material-07|neutral_evidence|qa|supported,material,65,qa,0.8049975226577313,0.8017517127247409,constructed_world_key,ff8c6fae250bd9e6373ea0758bd7585c6fbf4aa7a5668a59a0c24eb5345e26bb,0.008462111465632915,v2-material-07,,8d0cd223bd9b9fab0da01b35ed312618ae0d4b9f2fa61767e9dbcfcfc91a5e66,54,What is the main material for Savel-M07?,54,66,The main material for Savel-M07 is cork.,0.10154533386230469,v2-material-07,test,0.7610401709434426,12,v2-material-07--neutral--qa--supported,7,N07,The main material for Savel-M07 is cork.,authored_experiment_stimulus,3.119319348378845
cork,66,151645,<|im_end|>,09e1117b731df976c616725798107917abe821f3de6179eb70d9777df3369134,neutral,40,0.36799146466562777,omitted,"Item: Savel-M07
Label material: cork
Crate material: iron",correct,paired-confidence-transfer-v2,neutral_evidence,v2-material-07|neutral_evidence|qa|omitted,material,65,qa,0.7883384983457655,0.7858082431867872,constructed_world_key,339fb5a4a2861f43266aea6b24a773655085993fc59211467f8fe71cc5cafe8c,0.09941577911376953,v2-material-07,,165721ec54afda2f61069ce83f0be426d6a573d962f96a2d05f68bc01e0f9d65,54,What is the main material for Savel-M07?,54,66,The main material for Savel-M07 is cork.,1.1929893493652344,v2-material-07,test,0.7610401709434426,12,v2-material-07--neutral--qa--omitted,7,N07,The main material for Savel-M07 is cork.,authored_experiment_stimulus,3.0350525172781366
cork,66,151645,<|im_end|>,75001007dd5f5d49d6edeb2ce982a87f7d6a957b789605cd0f576b867cbd0577,neutral,40,0.36799146466562777,conflicting,"Item: Savel-M07
Main material: iron
Crate material: cork",correct,paired-confidence-transfer-v2,neutral_evidence,v2-material-07|neutral_evidence|qa|conflicting,material,65,qa,0.5398502447213582,0.5479932949325598,constructed_world_key,1597038d9f3e4c1f196102336d87c2ecc593589f5211c3b173ac8b3d86fd783d,1.4560929536819458,v2-material-07,,c375ba31f20a4edbcb586e47e4ab941e5ab693ebf3dca3a3dd865b717114ef6d,54,What is the main material for Savel-M07?,54,66,The main material for Savel-M07 is cork.,17.473115921020508,v2-material-07,test,0.7610401709434426,12,v2-material-07--neutral--qa--conflicting,7,N07,The main material for Savel-M07 is cork.,authored_experiment_stimulus,3.1272708751682226
cork,71,151645,<|im_end|>,9c89e72882bdcc55de9e68a9bcad24834e1527a9f1dbcdd1142c77aff05a7143,neutral,40,0.36799146466562777,supported,"Item: Savel-M07
Main material: cork
Crate material: iron",correct,paired-confidence-transfer-v2,neutral_evidence,v2-material-07|neutral_evidence|document|supported,material,70,document,0.7897319052444968,0.7871417995346521,constructed_world_key,55d7a86b3efd5b6c25d74f76ec33dbda6fb2d0a5dc736d4e155f604f1fc976a3,0.09180816262960434,v2-material-07,,126b85b76f0cb1ace90818556ffda6efd8de33d70562c48657078ac6b1df2f41,59,Summarize the main material for Savel-M07 as a factual sentence.,59,71,The main material for Savel-M07 is cork.,1.1016979217529297,v2-material-07,test,0.7610401709434426,12,v2-material-07--neutral--document--supported,7,N07,The main material for Savel-M07 is cork.,authored_experiment_stimulus,3.0497091495776782
cork,71,151645,<|im_end|>,8e46c2fa81611c4eafe8ab6b6f89d280b768edba42f7f3d0946bc73e9ceb5b75,neutral,40,0.36799146466562777,omitted,"Item: Savel-M07
Label material: cork
Crate material: iron",correct,paired-confidence-transfer-v2,neutral_evidence,v2-material-07|neutral_evidence|document|omitted,material,70,document,0.7451295368992877,0.7444552356314543,constructed_world_key,fe4f45190d8cc1e9153cae28a5985ba06e8cc554eaea99daf22464b7f0915fd9,0.335324764251709,v2-material-07,,b926d77a3b6a16af5daa2b7c1498397093ace548686fad89a56b4bb1eef03d82,59,Summarize the main material for Savel-M07 as a factual sentence.,59,71,The main material for Savel-M07 is cork.,4.023897171020508,v2-material-07,test,0.7610401709434426,12,v2-material-07--neutral--document--omitted,7,N07,The main material for Savel-M07 is cork.,authored_experiment_stimulus,3.0837969883671446
cork,71,151645,<|im_end|>,d4ebbe89aa5b7c089cd504ff11c261575d86392e519dcb852f29f3e31b78eedf,neutral,40,0.36799146466562777,conflicting,"Item: Savel-M07
Main material: iron
Crate material: cork",correct,paired-confidence-transfer-v2,neutral_evidence,v2-material-07|neutral_evidence|document|conflicting,material,70,document,0.5229101836877161,0.5317808740245302,constructed_world_key,822b1b1b7faa7042b244bbe8f9b1acc4ad2eeb5836725585037796869e30a97d,1.5485810041427612,v2-material-07,,767de7569e49762e00ea5f221d5f8eefcfd87b1beb5a2b206c1bb13a54d94cdc,59,Summarize the main material for Savel-M07 as a factual sentence.,59,71,The main material for Savel-M07 is cork.,18.582971572875977,v2-material-07,test,0.7610401709434426,12,v2-material-07--neutral--document--conflicting,7,N07,The main material for Savel-M07 is cork.,authored_experiment_stimulus,3.11051022647327
cork,76,151645,<|im_end|>,f55568e31201d594e89abca88375689795d19a5f3393c3ac4906f40c8948a11a,confident,81,0.329871113875626,supported,"Item: Savel-M07
Main material: cork
Crate material: iron",correct,paired-confidence-transfer-v2,natural_style,v2-material-07|natural_style|qa|supported,material,75,qa,0.47643133801120136,0.22401789598624278,constructed_world_key,f178267c84ae249d6a10136d845acc91529edc8d4a719347d858f97b1a72cff5,1.8023426532745361,v2-material-07,v2-material-07--natural--correct--hedged,8d0cd223bd9b9fab0da01b35ed312618ae0d4b9f2fa61767e9dbcfcfc91a5e66,54,What is the main material for Savel-M07?,54,76,The main material for Savel-M07 is cork. That is the answer I give for this item.,39.65153884887695,v2-material-07,test,0.6914763270605773,22,v2-material-07--natural--correct--confident,16,N07,The main material for Savel-M07 is cork.,authored_experiment_stimulus,2.598580117227988
cork,69,151645,<|im_end|>,a6aafc05a677d1f63bed274a1a1541875d01bb388d7f9d00a5656857dfc7b6a5,hedged,53,0.39589131621657214,supported,"Item: Savel-M07
Main material: cork
Crate material: iron",correct,paired-confidence-transfer-v2,natural_style,v2-material-07|natural_style|qa|supported,material,68,qa,0.43091518883764507,0.353862897645111,constructed_world_key,092aa9445fc5a724cae10cb385abdb1bebf867343fa82ccbb9bb49f0b5d0719e,2.0508482456207275,v2-material-07,v2-material-07--natural--correct--confident,8d0cd223bd9b9fab0da01b35ed312618ae0d4b9f2fa61767e9dbcfcfc91a5e66,54,What is the main material for Savel-M07?,54,69,I think that the main material for Savel-M07 is cork.,30.762723922729492,v2-material-07,test,0.7610401709434426,15,v2-material-07--natural--correct--hedged,10,N07,The main material for Savel-M07 is cork.,authored_experiment_stimulus,0.41968140738683013
iron,76,151645,<|im_end|>,bbb4508799ead3f6189a879ec3620d2226537d786d142e021a733ce8af6cd9c1,confident,81,0.21124697836660114,supported,"Item: Savel-M07
Main material: cork
Crate material: iron",incorrect,paired-confidence-transfer-v2,natural_style,v2-material-07|natural_style|qa|supported,material,75,qa,0.36547916319090673,0.02934274191979028,constructed_world_key,fcc6af98fe7bbe0b37daf0374990afe4dc78fb63f041bb702229b66622661fff,2.4081108570098877,v2-material-07,v2-material-07--natural--incorrect--hedged,8d0cd223bd9b9fab0da01b35ed312618ae0d4b9f2fa61767e9dbcfcfc91a5e66,54,What is the main material for Savel-M07?,54,76,The main material for Savel-M07 is iron. That is the answer I give for this item.,52.97843933105469,v2-material-07,test,0.6914763270605773,22,v2-material-07--natural--incorrect--confident,16,N07,The main material for Savel-M07 is cork.,authored_experiment_stimulus,2.760945974337494
iron,69,151645,<|im_end|>,11be42b9cb815b08e7661694b0cb14b1211e19a31b01cef6a70090811f2630f6,hedged,53,0.24726303310645306,supported,"Item: Savel-M07
Main material: cork
Crate material: iron",incorrect,paired-confidence-transfer-v2,natural_style,v2-material-07|natural_style|qa|supported,material,68,qa,0.34041320217917315,0.2455945774641159,constructed_world_key,ee6337161230bd074bba2787b0b1ad4c03d07ae41276a32d9937fafc5f55e755,2.544964075088501,v2-material-07,v2-material-07--natural--incorrect--confident,8d0cd223bd9b9fab0da01b35ed312618ae0d4b9f2fa61767e9dbcfcfc91a5e66,54,What is the main material for Savel-M07?,54,69,I think that the main material for Savel-M07 is iron.,38.174461364746094,v2-material-07,test,0.7610401709434426,15,v2-material-07--natural--incorrect--hedged,10,N07,The main material for Savel-M07 is cork.,authored_experiment_stimulus,0.5549953444483828
felt,66,151645,<|im_end|>,b57af4437138f49367bda710483fe860484c913e4bbac932b161eeedca5f1004,neutral,40,0.32482341510402307,supported,"Item: Savel-M08
Crate material: plastic
Main material: felt",correct,paired-confidence-transfer-v2,neutral_evidence,v2-material-08|neutral_evidence|qa|supported,material,65,qa,0.8027296658555056,0.7995812670882644,constructed_world_key,06b942f32a46d5a4886c85d957d6f063d4be7082e07affc8926fa070b4562522,0.020843982696533203,v2-material-08,,aa34091edde79cae53eea6cd3d37125d84edeed8229dbbfbcd49e385738e4811,54,What is the main material for Savel-M08?,54,66,The main material for Savel-M08 is felt.,0.25012779235839844,v2-material-08,test,0.7610401709434426,12,v2-material-08--neutral--qa--supported,7,N08,The main material for Savel-M08 is felt.,authored_experiment_stimulus,3.353348527224992
felt,66,151645,<|im_end|>,0da79c619b28a639aa358bf0db15a9aaf45411244630ac7c2640b83d60b76f22,neutral,40,0.32482341510402307,omitted,"Item: Savel-M08
Crate material: plastic
Label material: felt",correct,paired-confidence-transfer-v2,neutral_evidence,v2-material-08|neutral_evidence|qa|omitted,material,65,qa,0.7033966620552005,0.7045149123521968,constructed_world_key,bc26e3a7a74752467b4c8d47e976025f2b9a22fe0d22a738b3edf00c64096e6c,0.5631747245788574,v2-material-08,,430675e85cda573e7ace95ef7fbc2d94a6ddcfcf78c5632fbf1d1f749b35eb8c,54,What is the main material for Savel-M08?,54,66,The main material for Savel-M08 is felt.,6.758096694946289,v2-material-08,test,0.7610401709434426,12,v2-material-08--neutral--qa--omitted,7,N08,The main material for Savel-M08 is felt.,authored_experiment_stimulus,3.2485225472526427
felt,66,151645,<|im_end|>,761e57c5332f5e704270b077855bf790aec9b4fbc3b87173a34da14504094486,neutral,40,0.32482341510402307,conflicting,"Item: Savel-M08
Crate material: felt
Main material: plastic",correct,paired-confidence-transfer-v2,neutral_evidence,v2-material-08|neutral_evidence|qa|conflicting,material,65,qa,0.6373446141411917,0.6413000005721279,constructed_world_key,c82c4d28935bcf4fa69f24b14ce842fc92363eb5b4a13db8563178366aac1b56,0.9238006472587585,v2-material-08,,bb2969a56f424311cf5a0ab319cc18188f757a5e885177f621c0232555dd66bd,54,What is the main material for Savel-M08?,54,66,The main material for Savel-M08 is felt.,11.085607528686523,v2-material-08,test,0.7610401709434426,12,v2-material-08--neutral--qa--conflicting,7,N08,The main material for Savel-M08 is felt.,authored_experiment_stimulus,3.3228809709361853
felt,71,151645,<|im_end|>,0de7fea1595f7c946746003a3143933ebb527d85b24c70761a245ceb0a960406,neutral,40,0.32482341510402307,supported,"Item: Savel-M08
Crate material: plastic
Main material: felt",correct,paired-confidence-transfer-v2,neutral_evidence,v2-material-08|neutral_evidence|document|supported,material,70,document,0.7948151069741186,0.7920066625744803,constructed_world_key,211be919fb4b66f9577e89b71f053c14551da42905e0f2a2dd4a28367570f02a,0.06405528634786606,v2-material-08,,c39bdb3200f8b36331d153002d8b45a223b5d1fcc0cd53a88074a6b82fc05c34,59,Summarize the main material for Savel-M08 as a factual sentence.,59,71,The main material for Savel-M08 is felt.,0.7686634063720703,v2-material-08,test,0.7610401709434426,12,v2-material-08--neutral--document--supported,7,N08,The main material for Savel-M08 is felt.,authored_experiment_stimulus,3.3327583963502496
felt,71,151645,<|im_end|>,cf312f842c553e90939a95a3ba9a81369c24ec13aeb2819c2aa919dfe5ce61f6,neutral,40,0.32482341510402307,omitted,"Item: Savel-M08
Crate material: plastic
Label material: felt",correct,paired-confidence-transfer-v2,neutral_evidence,v2-material-08|neutral_evidence|document|omitted,material,70,document,0.6675292357998047,0.6701881026166456,constructed_world_key,590befcdea6d2284c76f423fa5d21c52a3efa1156ec5e82f5b61d04fc13d816f,0.7590009570121765,v2-material-08,,813758af7199a9dedeccf6859772f4862f1160e98b4ab6f535ad271caa2784ae,59,Summarize the main material for Savel-M08 as a factual sentence.,59,71,The main material for Savel-M08 is felt.,9.108011245727539,v2-material-08,test,0.7610401709434426,12,v2-material-08--neutral--document--omitted,7,N08,The main material for Savel-M08 is felt.,authored_experiment_stimulus,3.3588407475233293
felt,71,151645,<|im_end|>,7b387fff342dc60c98c21d344098b98609c857137db9d9ad244e5c9f9b3f2996,neutral,40,0.32482341510402307,conflicting,"Item: Savel-M08
Crate material: felt
Main material: plastic",correct,paired-confidence-transfer-v2,neutral_evidence,v2-material-08|neutral_evidence|document|conflicting,material,70,document,0.5898891525899502,0.5958828823208991,constructed_world_key,97063d46c25466050d674e6c4b683ef7c1f3402a04fb4a34705c088a0ecafe16,1.1828943490982056,v2-material-08,,4e5bc7f5eb1fc53e35ed0ac1d8708903a0118a4c4eba6518c1dda7aef6f01177,59,Summarize the main material for Savel-M08 as a factual sentence.,59,71,The main material for Savel-M08 is felt.,14.194732666015625,v2-material-08,test,0.7610401709434426,12,v2-material-08--neutral--document--conflicting,7,N08,The main material for Savel-M08 is felt.,authored_experiment_stimulus,3.239200832752951
felt,77,151645,<|im_end|>,ad2884cbe0ea7623464d9d73e12ab6a8ecbfb36c6ac5bcdd6c9685f09dde1e76,confident,87,0.16689791588975986,supported,"Item: Savel-M08
Crate material: plastic
Main material: felt",correct,paired-confidence-transfer-v2,natural_style,v2-material-08|natural_style|qa|supported,material,76,qa,0.45832875288177966,0.16448354734582152,constructed_world_key,b42209cf9b8b20856fee52e5492cbc5d9b11742be0906ad4919cbdaa159c241f,1.9011777639389038,v2-material-08,v2-material-08--natural--correct--hedged,aa34091edde79cae53eea6cd3d37125d84edeed8229dbbfbcd49e385738e4811,54,What is the main material for Savel-M08?,54,77,The main material for Savel-M08 is felt. This is the answer I would give for this item.,43.727088928222656,v2-material-08,test,0.4296908433417408,23,v2-material-08--natural--correct--confident,17,N08,The main material for Savel-M08 is felt.,authored_experiment_stimulus,2.5260983224175457
felt,69,151645,<|im_end|>,e45fb0c575d644ee235be54377730faebc6fbd9b861cc11ff5a109a78e572e64,hedged,54,0.4697063935814396,supported,"Item: Savel-M08
Crate material: plastic
Main material: felt",correct,paired-confidence-transfer-v2,natural_style,v2-material-08|natural_style|qa|supported,material,68,qa,0.5646361152216507,0.5138344091488835,constructed_world_key,81a81705cb8c10d84c7f7d4329c4f1e3736818e0c19d919f672e3251d132f5c5,1.32076895236969,v2-material-08,v2-material-08--natural--correct--confident,aa34091edde79cae53eea6cd3d37125d84edeed8229dbbfbcd49e385738e4811,54,What is the main material for Savel-M08?,54,69,It seems that the main material for Savel-M08 is felt.,19.811534881591797,v2-material-08,test,0.9683511505407728,15,v2-material-08--natural--correct--hedged,10,N08,The main material for Savel-M08 is felt.,authored_experiment_stimulus,2.8040064946318126
plastic,77,151645,<|im_end|>,ff74b74d7da3741d979667da3e548c60d494f4c559d2c826c48348f85628f681,confident,90,0.11675980500382266,supported,"Item: Savel-M08
Crate material: plastic
Main material: felt",incorrect,paired-confidence-transfer-v2,natural_style,v2-material-08|natural_style|qa|supported,material,76,qa,0.369686285120009,0.0018831218750433344,constructed_world_key,1af8b8de405ddb3de6f4d6485877fcb7cc441ba81cd75be07899477c5e9bfbf6,2.385141134262085,v2-material-08,v2-material-08--natural--incorrect--hedged,aa34091edde79cae53eea6cd3d37125d84edeed8229dbbfbcd49e385738e4811,54,What is the main material for Savel-M08?,54,77,The main material for Savel-M08 is plastic. This is the answer I would give for this item.,54.858245849609375,v2-material-08,test,0.4296908433417408,23,v2-material-08--natural--incorrect--confident,17,N08,The main material for Savel-M08 is felt.,authored_experiment_stimulus,2.4688757041942333
plastic,69,151645,<|im_end|>,4ccbae3e69f7f6cdce06c8497b4b4c993eaba7d8ae619071c172969e41190c12,hedged,57,0.39677838674221727,supported,"Item: Savel-M08
Crate material: plastic
Main material: felt",incorrect,paired-confidence-transfer-v2,natural_style,v2-material-08|natural_style|qa|supported,material,68,qa,0.44952823826913896,0.376129858848834,constructed_world_key,0e8d08ad67e6d24a8a0173f8a339efd904d18dd5649dee707f902d8b767d166f,1.9492261409759521,v2-material-08,v2-material-08--natural--incorrect--confident,aa34091edde79cae53eea6cd3d37125d84edeed8229dbbfbcd49e385738e4811,54,What is the main material for Savel-M08?,54,69,It seems that the main material for Savel-M08 is plastic.,29.238391876220703,v2-material-08,test,0.9683511505407728,15,v2-material-08--natural--incorrect--hedged,10,N08,The main material for Savel-M08 is felt.,authored_experiment_stimulus,2.6388221084762735
glass,66,151645,<|im_end|>,73b6d0a9b547441957dc3ce69297b8b8e2b1ea06dd2c0504fadfa408b0b7f30d,neutral,41,0.2505230891405049,supported,"Item: Savel-M09
Main material: glass
Crate material: nylon",correct,paired-confidence-transfer-v2,neutral_evidence,v2-material-09|neutral_evidence|qa|supported,material,65,qa,0.8047183346879081,0.8014845166572978,constructed_world_key,155c56cbc3b36865a0705086e6cf6bb9956ff2a3c7ca673a5506cbe4907cc99c,0.009986400604248047,v2-material-09,,50d47ca4fceb7c55f1336ac4084d84c4a94514b012fd509c2251ccd6b9540b35,54,What is the main material for Savel-M09?,54,66,The main material for Savel-M09 is glass.,0.11983680725097656,v2-material-09,test,0.7610401709434426,12,v2-material-09--neutral--qa--supported,7,N09,The main material for Savel-M09 is glass.,authored_experiment_stimulus,3.21319332509717
glass,66,151645,<|im_end|>,55c692b2829bf7f81d40058fccf8a0efca6fe86a7753919ad40c83c03692cfe2,neutral,41,0.2505230891405049,omitted,"Item: Savel-M09
Label material: glass
Crate material: nylon",correct,paired-confidence-transfer-v2,neutral_evidence,v2-material-09|neutral_evidence|qa|omitted,material,65,qa,0.7933704044611326,0.790624013476789,constructed_world_key,46f545205c7eb7005381c36f0e2736798923620b907cccd3fcae21f1eab4b8cd,0.07194296270608902,v2-material-09,,6909f6136a05f97a24cc85e262ac3298ac131219f6b80d3ceca9390d7db737f1,54,What is the main material for Savel-M09?,54,66,The main material for Savel-M09 is glass.,0.8633155822753906,v2-material-09,test,0.7610401709434426,12,v2-material-09--neutral--qa--omitted,7,N09,The main material for Savel-M09 is glass.,authored_experiment_stimulus,3.199707777568811
glass,66,151645,<|im_end|>,3cffc9aa568be4319a8f2f2a2a12760dbaad1baead1ef4717c28d7706e5ddcd3,neutral,41,0.2505230891405049,conflicting,"Item: Savel-M09
Main material: nylon
Crate material: glass",correct,paired-confidence-transfer-v2,neutral_evidence,v2-material-09|neutral_evidence|qa|conflicting,material,65,qa,0.6478747553483382,0.6513778338120171,constructed_world_key,02d42794dab06aeefa6022ddda6a81f4bf15515fa0e64f39a349cb4561d88d77,0.8663089871406555,v2-material-09,,2a269892d1cf549b0efc1159f850a8b4c7737fadbc9182a58036455b1bf07c60,54,What is the main material for Savel-M09?,54,66,The main material for Savel-M09 is glass.,10.395708084106445,v2-material-09,test,0.7610401709434426,12,v2-material-09--neutral--qa--conflicting,7,N09,The main material for Savel-M09 is glass.,authored_experiment_stimulus,3.2348028421408364
glass,71,151645,<|im_end|>,97896db666a62e70449e1a7b5f7c13bb85d57f5515f0e77abc40731bae233c71,neutral,41,0.2505230891405049,supported,"Item: Savel-M09
Main material: glass
Crate material: nylon",correct,paired-confidence-transfer-v2,neutral_evidence,v2-material-09|neutral_evidence|document|supported,material,70,document,0.7958150603131879,0.7929636647146818,constructed_world_key,a2566302e6bc335695f82c6b6d21452caf7c8a0f28074f0b6b8781d596b8965a,0.058595817536115646,v2-material-09,,32527a61581c05b8dc7e730ce82b4f048cebbf18a7e0e4f2ed7d642013f772b2,59,Summarize the main material for Savel-M09 as a factual sentence.,59,71,The main material for Savel-M09 is glass.,0.7031497955322266,v2-material-09,test,0.7610401709434426,12,v2-material-09--neutral--document--supported,7,N09,The main material for Savel-M09 is glass.,authored_experiment_stimulus,3.1063159964342852
glass,71,151645,<|im_end|>,467ecd5cba60190b10fb987ceb3ad1b433b1bfbb7dcb110e1dea51aa66be51ce,neutral,41,0.2505230891405049,omitted,"Item: Savel-M09
Label material: glass
Crate material: nylon",correct,paired-confidence-transfer-v2,neutral_evidence,v2-material-09|neutral_evidence|document|omitted,material,70,document,0.7514408475293151,0.7504954548866196,constructed_world_key,dd8c3ec10ef80c784a2aa114490c05ff2ffeb35531f3db3cdf0885c3c6439d92,0.3008667528629303,v2-material-09,,521ea4841c827d48c05e561afae14c5b04a50ed848a0cf485770a2ae3365988a,59,Summarize the main material for Savel-M09 as a factual sentence.,59,71,The main material for Savel-M09 is glass.,3.610401153564453,v2-material-09,test,0.7610401709434426,12,v2-material-09--neutral--document--omitted,7,N09,The main material for Savel-M09 is glass.,authored_experiment_stimulus,3.0110642397265295
glass,71,151645,<|im_end|>,b63eced1e1b0c68245baff9c09e944532fcb4b09cc300f7f0056d141083619be,neutral,41,0.2505230891405049,conflicting,"Item: Savel-M09
Main material: nylon
Crate material: glass",correct,paired-confidence-transfer-v2,neutral_evidence,v2-material-09|neutral_evidence|document|conflicting,material,70,document,0.630995753958853,0.6352238394059092,constructed_world_key,6478dff3e350c379035b44540a4f7368c2b1b13109dbebacda6a50d4cd8bfcdb,0.9584636688232422,v2-material-09,,896e8bbca3e018739c8e22052199db4e6554acf3b7386d311d12883b22bd81c9,59,Summarize the main material for Savel-M09 as a factual sentence.,59,71,The main material for Savel-M09 is glass.,11.501564025878906,v2-material-09,test,0.7610401709434426,12,v2-material-09--neutral--document--conflicting,7,N09,The main material for Savel-M09 is glass.,authored_experiment_stimulus,3.1749087724957707
glass,74,151645,<|im_end|>,dd805c0245ecf2537a99ecb46f78a3d3e0fcc97a6505669b9c76dff9cc112a36,confident,74,0.30421358745583627,supported,"Item: Savel-M09
Main material: glass
Crate material: nylon",correct,paired-confidence-transfer-v2,natural_style,v2-material-09|natural_style|qa|supported,material,73,qa,0.43233454990614695,0.20633620318868887,constructed_world_key,5a886e722455f7849022e750a291701b8baca0420f7afa1fbb5b5a490738bf1f,2.0430989265441895,v2-material-09,v2-material-09--natural--correct--hedged,50d47ca4fceb7c55f1336ac4084d84c4a94514b012fd509c2251ccd6b9540b35,54,What is the main material for Savel-M09?,54,74,"For this item, my answer is that the main material for Savel-M09 is glass.",40.861976623535156,v2-material-09,test,0.35818552487290173,20,v2-material-09--natural--correct--confident,14,N09,The main material for Savel-M09 is glass.,authored_experiment_stimulus,2.3493412403390566
glass,67,151645,<|im_end|>,224f584c2eae9be9d58a7374f247a244d4a8160a7a001345c9be5f1c146363f4,hedged,49,0.2479769856408322,supported,"Item: Savel-M09
Main material: glass
Crate material: nylon",correct,paired-confidence-transfer-v2,natural_style,v2-material-09|natural_style|qa|supported,material,66,qa,0.47125350638786373,0.45560199354698944,constructed_world_key,365df4b43cfc48674cce61fe9d172df1fe50b6451e9092cc002c6da028f9a62b,1.8306121826171875,v2-material-09,v2-material-09--natural--correct--confident,50d47ca4fceb7c55f1336ac4084d84c4a94514b012fd509c2251ccd6b9540b35,54,What is the main material for Savel-M09?,54,67,Perhaps the main material for Savel-M09 is glass.,23.797958374023438,v2-material-09,test,0.7610401709434426,13,v2-material-09--natural--correct--hedged,8,N09,The main material for Savel-M09 is glass.,authored_experiment_stimulus,1.529905625642209
nylon,74,151645,<|im_end|>,233f6a00a6b651059ad145bbd6acdd0076c218cbdf35ae03e0bf49cbc5b7a42d,confident,74,0.26506836121633653,supported,"Item: Savel-M09
Main material: glass
Crate material: nylon",incorrect,paired-confidence-transfer-v2,natural_style,v2-material-09|natural_style|qa|supported,material,73,qa,0.3219543029667916,0.030271046255042195,constructed_world_key,e1f94cbacd63206a2be635da2ec8ad444731cf3af4dfa6ac25832b12148e5d4e,2.645744562149048,v2-material-09,v2-material-09--natural--incorrect--hedged,50d47ca4fceb7c55f1336ac4084d84c4a94514b012fd509c2251ccd6b9540b35,54,What is the main material for Savel-M09?,54,74,"For this item, my answer is that the main material for Savel-M09 is nylon.",52.91489028930664,v2-material-09,test,0.35818552487290173,20,v2-material-09--natural--incorrect--confident,14,N09,The main material for Savel-M09 is glass.,authored_experiment_stimulus,2.462819813984588
nylon,67,151645,<|im_end|>,b7955d802a5d51ecd56500413a6b23dacbeadb04f181715b518b8fc4be4e016f,hedged,49,0.2004127483046866,supported,"Item: Savel-M09
Main material: glass
Crate material: nylon",incorrect,paired-confidence-transfer-v2,natural_style,v2-material-09|natural_style|qa|supported,material,66,qa,0.3827700142274186,0.36386221591961393,constructed_world_key,429b803d025fe5dc1e163bb3f310c95270dc7d1d39b61bb46d47c9d67185f4ba,2.3137075901031494,v2-material-09,v2-material-09--natural--incorrect--confident,50d47ca4fceb7c55f1336ac4084d84c4a94514b012fd509c2251ccd6b9540b35,54,What is the main material for Savel-M09?,54,67,Perhaps the main material for Savel-M09 is nylon.,30.07819938659668,v2-material-09,test,0.7610401709434426,13,v2-material-09--natural--incorrect--hedged,8,N09,The main material for Savel-M09 is glass.,authored_experiment_stimulus,1.871294456654374
clay,66,151645,<|im_end|>,93c44f2217ab029d613d7907a27f25e63e69ac69c5ec454a500536f7c680f1ec,neutral,40,0.2505230891405049,supported,"Item: Savel-M10
Crate material: rubber
Main material: clay",correct,paired-confidence-transfer-v2,neutral_evidence,v2-material-10|neutral_evidence|qa|supported,material,65,qa,0.8034078104836746,0.8002302832712693,constructed_world_key,240add322e95b9be11860512dc1fb381a10b39496a64bd3903cdb9f4738162c4,0.017141500487923622,v2-material-10,,e07ad3abe8ceeff5df922e275bb74b04e40da744ed260ebfaf304dcec88a6a4c,54,What is the main material for Savel-M10?,54,66,The main material for Savel-M10 is clay.,0.20569801330566406,v2-material-10,test,0.7610401709434426,12,v2-material-10--neutral--qa--supported,7,N10,The main material for Savel-M10 is clay.,authored_experiment_stimulus,3.151168767921769
clay,66,151645,<|im_end|>,40d93c6ad24b4bada197c08fc4c25e879f0ea026bdd6d15158a57d88dfd169f1,neutral,40,0.2505230891405049,omitted,"Item: Savel-M10
Crate material: rubber
Label material: clay",correct,paired-confidence-transfer-v2,neutral_evidence,v2-material-10|neutral_evidence|qa|omitted,material,65,qa,0.7059476625898878,0.7069563432808474,constructed_world_key,408d932d9221395a3e70984f8bfa9f0649a4412e5d1320c791d1fe0d5b0658fb,0.5492469668388367,v2-material-10,,b4873c0cc75a7d83a1772f0e03db2c858bdc43b7cecb0f736dfb28a3ac787bde,54,What is the main material for Savel-M10?,54,66,The main material for Savel-M10 is clay.,6.590963363647461,v2-material-10,test,0.7610401709434426,12,v2-material-10--neutral--qa--omitted,7,N10,The main material for Savel-M10 is clay.,authored_experiment_stimulus,3.0492792396642736
clay,66,151645,<|im_end|>,d0df09d059e78608bdc4564c9cd4f9f299a945fb1b0202af6eef99f535eb3c46,neutral,40,0.2505230891405049,conflicting,"Item: Savel-M10
Crate material: clay
Main material: rubber",correct,paired-confidence-transfer-v2,neutral_evidence,v2-material-10|neutral_evidence|qa|conflicting,material,65,qa,0.6578733512284048,0.6609469636317422,constructed_world_key,68a1a2fd066103f43cf771d54e49d4bb2c5dfa4758569cf172e0918116fa1c7c,0.8117194175720215,v2-material-10,,34a24cac8c03a6e979285fbc52f99b9687a11ceabb59808a53201ac37e0a7e44,54,What is the main material for Savel-M10?,54,66,The main material for Savel-M10 is clay.,9.740633010864258,v2-material-10,test,0.7610401709434426,12,v2-material-10--neutral--qa--conflicting,7,N10,The main material for Savel-M10 is clay.,authored_experiment_stimulus,3.125503876473474
clay,71,151645,<|im_end|>,ae542eadc13407c12a79cd9ac147ef3d65cdd27defedc2fa4e04968ecdd5bdc0,neutral,40,0.2505230891405049,supported,"Item: Savel-M10
Crate material: rubber
Main material: clay",correct,paired-confidence-transfer-v2,neutral_evidence,v2-material-10|neutral_evidence|document|supported,material,70,document,0.799018182732898,0.796029203246119,constructed_world_key,3ac61322810a12bf5607f9f9846a5b397fbfd7b837f89179600e875c6aecb7f8,0.0411076545715332,v2-material-10,,c3f6574416e47569f13e703a30f7e3ac87f3054a96139b68717ddbf746b139ce,59,Summarize the main material for Savel-M10 as a factual sentence.,59,71,The main material for Savel-M10 is clay.,0.49329185485839844,v2-material-10,test,0.7610401709434426,12,v2-material-10--neutral--document--supported,7,N10,The main material for Savel-M10 is clay.,authored_experiment_stimulus,3.1188987209479704
clay,71,151645,<|im_end|>,3dda38a7f9a6ee2e5b80456551c5af22b7036207c5dc99d11557236eedcd32fb,neutral,40,0.2505230891405049,omitted,"Item: Savel-M10
Crate material: rubber
Label material: clay",correct,paired-confidence-transfer-v2,neutral_evidence,v2-material-10|neutral_evidence|document|omitted,material,70,document,0.6661586853283036,0.668876417896825,constructed_world_key,ca073ac2f6781f333dbd23a562216ece411b9e6483fb8463101e23152bd35e65,0.7664837837219238,v2-material-10,,59b769dfe774222d25bd6b98397733b337cd849ef695b5c727055f8fc4e85206,59,Summarize the main material for Savel-M10 as a factual sentence.,59,71,The main material for Savel-M10 is clay.,9.197805404663086,v2-material-10,test,0.7610401709434426,12,v2-material-10--neutral--document--omitted,7,N10,The main material for Savel-M10 is clay.,authored_experiment_stimulus,3.0690757268152167
clay,71,151645,<|im_end|>,b483b0ef2feb0f026c70ed72b5917a15500f25a02c786354e314ddee92fcd27a,neutral,40,0.2505230891405049,conflicting,"Item: Savel-M10
Crate material: clay
Main material: rubber",correct,paired-confidence-transfer-v2,neutral_evidence,v2-material-10|neutral_evidence|document|conflicting,material,70,document,0.6345187633291407,0.6385955250060705,constructed_world_key,6d7be9e477489147fa34e31413f6ffdef86f5e4d976e5db7f1f27ca3616f21d3,0.9392290115356445,v2-material-10,,0e0c6e66e25d9cca76d76dd2ec479451128590db15be654c77e3742f9cf3305d,59,Summarize the main material for Savel-M10 as a factual sentence.,59,71,The main material for Savel-M10 is clay.,11.270748138427734,v2-material-10,test,0.7610401709434426,12,v2-material-10--neutral--document--conflicting,7,N10,The main material for Savel-M10 is clay.,authored_experiment_stimulus,3.1031056480665455
clay,76,151645,<|im_end|>,40845cd4a3a9b3c4df397e495bf104e7a8750a3b4693731191a23ecacc7fd2f8,confident,79,0.23536456479587145,supported,"Item: Savel-M10
Crate material: rubber
Main material: clay",correct,paired-confidence-transfer-v2,natural_style,v2-material-10|natural_style|qa|supported,material,75,qa,0.3742946779735941,0.044810357272565715,constructed_world_key,cbc6de5bce0d9ecc4b036077397e8c81a0d499d775517efbf2ee229133a3b870,2.359980583190918,v2-material-10,v2-material-10--natural--correct--hedged,e07ad3abe8ceeff5df922e275bb74b04e40da744ed260ebfaf304dcec88a6a4c,54,What is the main material for Savel-M10?,54,76,The main material for Savel-M10 is clay. I give this as my answer for the item.,51.91957092285156,v2-material-10,test,0.3723413662844759,22,v2-material-10--natural--correct--confident,16,N10,The main material for Savel-M10 is clay.,authored_experiment_stimulus,2.2167776412494806
clay,71,151645,<|im_end|>,c20d10926dbc5b6926162710666aa87804b6f143a2c98fd8eed1d5cfbdc4c952,hedged,66,0.2591295489654636,supported,"Item: Savel-M10
Crate material: rubber
Main material: clay",correct,paired-confidence-transfer-v2,natural_style,v2-material-10|natural_style|qa|supported,material,70,qa,0.46026098002630594,0.3337341179437561,constructed_world_key,1192da7dd7269957134cda2b31a3681e4656300a3cbff518306e63f8a12b7a63,1.8906283378601074,v2-material-10,v2-material-10--natural--correct--confident,e07ad3abe8ceeff5df922e275bb74b04e40da744ed260ebfaf304dcec88a6a4c,54,What is the main material for Savel-M10?,54,71,My working answer is that the main material for Savel-M10 is clay.,32.140682220458984,v2-material-10,test,0.350237348499944,17,v2-material-10--natural--correct--hedged,12,N10,The main material for Savel-M10 is clay.,authored_experiment_stimulus,1.820909838545222
rubber,76,151645,<|im_end|>,7f7bd96e8c5e92f9a5db2b6645a6cc77bf37f1834dd5f5b8c9f93690bd08edf7,confident,81,0.15117336440025061,supported,"Item: Savel-M10
Crate material: rubber
Main material: clay",incorrect,paired-confidence-transfer-v2,natural_style,v2-material-10|natural_style|qa|supported,material,75,qa,0.2836160517580939,-0.11429317101024206,constructed_world_key,7be7de0a1273085ae13c014a8c387a3742e923895b6d0a15e49704a0ef90fce8,2.8550608158111572,v2-material-10,v2-material-10--natural--incorrect--hedged,e07ad3abe8ceeff5df922e275bb74b04e40da744ed260ebfaf304dcec88a6a4c,54,What is the main material for Savel-M10?,54,76,The main material for Savel-M10 is rubber. I give this as my answer for the item.,62.81134033203125,v2-material-10,test,0.3723413662844759,22,v2-material-10--natural--incorrect--confident,16,N10,The main material for Savel-M10 is clay.,authored_experiment_stimulus,2.1995841407243284
rubber,71,151645,<|im_end|>,dca0437995f1e4d57b08263450cb910876679bec2f36d1661ce480f10dff5f2d,hedged,68,0.16535987201645472,supported,"Item: Savel-M10
Crate material: rubber
Main material: clay",incorrect,paired-confidence-transfer-v2,natural_style,v2-material-10|natural_style|qa|supported,material,70,qa,0.3638214588091142,0.2029798416591317,constructed_world_key,2ef3863fdd1719943ff20c3047a8d141c07cc0a991da3e6290dc7503bf16bd3c,2.417161464691162,v2-material-10,v2-material-10--natural--incorrect--confident,e07ad3abe8ceeff5df922e275bb74b04e40da744ed260ebfaf304dcec88a6a4c,54,What is the main material for Savel-M10?,54,71,My working answer is that the main material for Savel-M10 is rubber.,41.09174346923828,v2-material-10,test,0.350237348499944,17,v2-material-10--natural--incorrect--hedged,12,N10,The main material for Savel-M10 is clay.,authored_experiment_stimulus,1.7889006793351174
stone,66,151645,<|im_end|>,b65c8f07dfc08f20e5bf6e6ca35fc10a16a72b8958638f57822a34a875493df6,neutral,41,0.300571732237717,supported,"Item: Savel-M11
Main material: stone
Crate material: leather",correct,paired-confidence-transfer-v2,neutral_evidence,v2-material-11|neutral_evidence|qa|supported,material,65,qa,0.8037057176203987,0.8005153945703458,constructed_world_key,09e1fbff5097090596836947259b87c57b840fda25db8ef85f3c50b2f306853f,0.015515009872615337,v2-material-11,,758b251061206f722a27be6e4d119fae6673cae1fde2e65c787a0436d112adb1,54,What is the main material for Savel-M11?,54,66,The main material for Savel-M11 is stone.,0.18618011474609375,v2-material-11,test,0.7610401709434426,12,v2-material-11--neutral--qa--supported,7,N11,The main material for Savel-M11 is stone.,authored_experiment_stimulus,3.587414075885056
stone,66,151645,<|im_end|>,a27f07497011fded5c2cc33d2dbcaba8b93ee470d5ebd055e3af66dbfc22daaa,neutral,41,0.300571732237717,omitted,"Item: Savel-M11
Label material: stone
Crate material: leather",correct,paired-confidence-transfer-v2,neutral_evidence,v2-material-11|neutral_evidence|qa|omitted,material,65,qa,0.7899972357632863,0.7873957333155359,constructed_world_key,87474be3d23897691c9e999bf0e6ef6d0d7c74bd0927eaa48a1126eba20268c6,0.09035953134298325,v2-material-11,,b7253692573f5a3a03f3611d2ef313a849715921ce54fde38eede1668fd581b9,54,What is the main material for Savel-M11?,54,66,The main material for Savel-M11 is stone.,1.0843143463134766,v2-material-11,test,0.7610401709434426,12,v2-material-11--neutral--qa--omitted,7,N11,The main material for Savel-M11 is stone.,authored_experiment_stimulus,3.4774719030643126
stone,66,151645,<|im_end|>,8b431908267c5b5a64cb2bbd19612f2ab9dc673fbe9d924591e57633bff8a1f0,neutral,41,0.300571732237717,conflicting,"Item: Savel-M11
Main material: leather
Crate material: stone",correct,paired-confidence-transfer-v2,neutral_evidence,v2-material-11|neutral_evidence|qa|conflicting,material,65,qa,0.5938906826687461,0.5997125347365516,constructed_world_key,1c0a01e387c719f3738897c74944aaa14db6059d8f67cc7fe123d8f17f6b6d46,1.161047101020813,v2-material-11,,31d1c1f12cdfed49e7a54d3e4f203068ca75278400cd53b8affebbf7c3e2668c,54,What is the main material for Savel-M11?,54,66,The main material for Savel-M11 is stone.,13.932565689086914,v2-material-11,test,0.7610401709434426,12,v2-material-11--neutral--qa--conflicting,7,N11,The main material for Savel-M11 is stone.,authored_experiment_stimulus,3.6475439280816806
stone,71,151645,<|im_end|>,c863c6e5b4b9b89499e85b8c0304b56a87ef97c2f3383a9110a9a2f98edd38ad,neutral,41,0.300571732237717,supported,"Item: Savel-M11
Main material: stone
Crate material: leather",correct,paired-confidence-transfer-v2,neutral_evidence,v2-material-11|neutral_evidence|document|supported,material,70,document,0.7903232370026099,0.7877077313930361,constructed_world_key,ce436bc8c9e5b53743f8ea8b116623e35c6831922046f63dfdcc8a25ce91094f,0.08857965469360352,v2-material-11,,dd78bf16345faa3172a40b0ac5bbfe80042a66462314659b6e2b80b6af9be4e9,59,Summarize the main material for Savel-M11 as a factual sentence.,59,71,The main material for Savel-M11 is stone.,1.0629558563232422,v2-material-11,test,0.7610401709434426,12,v2-material-11--neutral--document--supported,7,N11,The main material for Savel-M11 is stone.,authored_experiment_stimulus,3.1711434903014504
stone,71,151645,<|im_end|>,c56d12716745b92761564892d93ee2895b620e5e7c06f8dc874a4a59941f5faa,neutral,41,0.300571732237717,omitted,"Item: Savel-M11
Label material: stone
Crate material: leather",correct,paired-confidence-transfer-v2,neutral_evidence,v2-material-11|neutral_evidence|document|omitted,material,70,document,0.7380729230604369,0.7377017226825864,constructed_world_key,29d7cbdb6cb42fa3d0911f16d61d9576294d5c891481db848c33d8909f19f85d,0.3738519251346588,v2-material-11,,ef4b4fbc65e39dd9a7eda48e59ad32d5daced8728ec31af226f63929d7819f2d,59,Summarize the main material for Savel-M11 as a factual sentence.,59,71,The main material for Savel-M11 is stone.,4.486223220825195,v2-material-11,test,0.7610401709434426,12,v2-material-11--neutral--document--omitted,7,N11,The main material for Savel-M11 is stone.,authored_experiment_stimulus,3.238601114922636
stone,71,151645,<|im_end|>,0300a7d394e5467b73e0bb40bd10a98b7c8c5fb37ab7e60e15a64a98eddb276d,neutral,41,0.300571732237717,conflicting,"Item: Savel-M11
Main material: leather
Crate material: stone",correct,paired-confidence-transfer-v2,neutral_evidence,v2-material-11|neutral_evidence|document|conflicting,material,70,document,0.596070969393915,0.6017991716377968,constructed_world_key,7b02dd6f2109205092a6e474a8fba65ade08b0fe30e92b40068d82c70ff38440,1.1491433382034302,v2-material-11,,c01332b92b25b34a294c30d0d4c6b105c115252392af41a9aaf6361dd123240c,59,Summarize the main material for Savel-M11 as a factual sentence.,59,71,The main material for Savel-M11 is stone.,13.78972053527832,v2-material-11,test,0.7610401709434426,12,v2-material-11--neutral--document--conflicting,7,N11,The main material for Savel-M11 is stone.,authored_experiment_stimulus,3.2872202610666763
stone,77,151645,<|im_end|>,ee4161b8544f2f79d9cc3b1bdfe982f393b36b7d4fc89a48af9ec5ede9626c8b,confident,90,0.4187883525909776,supported,"Item: Savel-M11
Main material: stone
Crate material: leather",correct,paired-confidence-transfer-v2,natural_style,v2-material-11|natural_style|qa|supported,material,76,qa,0.42598504561170286,0.10515420690813701,constructed_world_key,0b346a9eadb1fc7a510fb7b8b27ccaf05527dc1f1e09ca814354f2618150e532,2.077765464782715,v2-material-11,v2-material-11--natural--correct--hedged,758b251061206f722a27be6e4d119fae6673cae1fde2e65c787a0436d112adb1,54,What is the main material for Savel-M11?,54,77,The main material for Savel-M11 is stone. This is my answer to the question for this item.,47.788604736328125,v2-material-11,test,0.8667922644100924,23,v2-material-11--natural--correct--confident,17,N11,The main material for Savel-M11 is stone.,authored_experiment_stimulus,2.958426567133013
stone,68,151645,<|im_end|>,b371b25dd2c7f4cd322c0ca3b25db14006a34693ae5d29f542b4f50b2fc31d99,hedged,49,0.3279304353385444,supported,"Item: Savel-M11
Main material: stone
Crate material: leather",correct,paired-confidence-transfer-v2,natural_style,v2-material-11|natural_style|qa|supported,material,67,qa,0.4634601865992229,0.420159312851992,constructed_world_key,8873b2194824ecad1507755ca02c219d37d99cb9a132b08c1a46553ad0ad3c59,1.8731615543365479,v2-material-11,v2-material-11--natural--correct--confident,758b251061206f722a27be6e4d119fae6673cae1fde2e65c787a0436d112adb1,54,What is the main material for Savel-M11?,54,68,I think the main material for Savel-M11 is stone.,26.224262237548828,v2-material-11,test,0.7610401709434426,14,v2-material-11--natural--correct--hedged,9,N11,The main material for Savel-M11 is stone.,authored_experiment_stimulus,0.8552558106070981
leather,77,151645,<|im_end|>,009fc2929351b7d028fa4f38f369af3ddfa358cd7d3d646659ee01972b840385,confident,92,0.09727772828437906,supported,"Item: Savel-M11
Main material: stone
Crate material: leather",incorrect,paired-confidence-transfer-v2,natural_style,v2-material-11|natural_style|qa|supported,material,76,qa,0.3372159170254179,-0.057678587196892936,constructed_world_key,b3e2a3c81dc0b05e6bef360e771d3bbce9641b8b62b739bb4f999e49fd88a8a7,2.56242036819458,v2-material-11,v2-material-11--natural--incorrect--hedged,758b251061206f722a27be6e4d119fae6673cae1fde2e65c787a0436d112adb1,54,What is the main material for Savel-M11?,54,77,The main material for Savel-M11 is leather. This is my answer to the question for this item.,58.9356689453125,v2-material-11,test,0.8667922644100924,23,v2-material-11--natural--incorrect--confident,17,N11,The main material for Savel-M11 is stone.,authored_experiment_stimulus,3.077676482550414
leather,68,151645,<|im_end|>,f0264615c59a792e52a659c986db949fbaae873d2674f39964fda7d7cda35f09,hedged,51,-0.12264530339524285,supported,"Item: Savel-M11
Main material: stone
Crate material: leather",incorrect,paired-confidence-transfer-v2,natural_style,v2-material-11|natural_style|qa|supported,material,67,qa,0.38300006050341984,0.3303211966626964,constructed_world_key,429c1a3834fb79354148cede8bd7fe3cda44158eabb63e488190c37a9cb97624,2.3124516010284424,v2-material-11,v2-material-11--natural--incorrect--confident,758b251061206f722a27be6e4d119fae6673cae1fde2e65c787a0436d112adb1,54,What is the main material for Savel-M11?,54,68,I think the main material for Savel-M11 is leather.,32.37432098388672,v2-material-11,test,0.7610401709434426,14,v2-material-11--natural--incorrect--hedged,9,N11,The main material for Savel-M11 is stone.,authored_experiment_stimulus,0.9488359069071566
steel,66,151645,<|im_end|>,d85e9e299d54de3c776c369de91637c8ec6574758af2086d948bb860af1b0a98,neutral,41,0.30424652217327847,supported,"Item: Savel-M12
Crate material: copper
Main material: steel",correct,paired-confidence-transfer-v2,neutral_evidence,v2-material-12|neutral_evidence|qa|supported,material,65,qa,0.8012470579592094,0.7981623417361612,constructed_world_key,f67658491938fd0ace17cacc6c747b85c4b4fc0d2908c791aa220893a7f30022,0.02893861196935177,v2-material-12,,853996518bef190ab0f5265801a9cd781516f7cda23c4622e1138a6cd4445301,54,What is the main material for Savel-M12?,54,66,The main material for Savel-M12 is steel.,0.3472633361816406,v2-material-12,test,0.7610401709434426,12,v2-material-12--neutral--qa--supported,7,N12,The main material for Savel-M12 is steel.,authored_experiment_stimulus,3.2549254141076647
steel,66,151645,<|im_end|>,322b58dbb7eb6882450cb42f30969971dc0de92e388adabfa87c07f2cd89928a,neutral,41,0.30424652217327847,omitted,"Item: Savel-M12
Crate material: copper
Label material: steel",correct,paired-confidence-transfer-v2,neutral_evidence,v2-material-12|neutral_evidence|qa|omitted,material,65,qa,0.7488099880107177,0.7479775986385742,constructed_world_key,302b562e2088f844bc34e635294a9ecf5c3d7c33331c093f7b130d9dd61fcf09,0.31523051857948303,v2-material-12,,18304fc77aa7d602963f84b5f1efe5a52f001c305d9de3d974d9e222ac1be732,54,What is the main material for Savel-M12?,54,66,The main material for Savel-M12 is steel.,3.782766342163086,v2-material-12,test,0.7610401709434426,12,v2-material-12--neutral--qa--omitted,7,N12,The main material for Savel-M12 is steel.,authored_experiment_stimulus,3.1874000908693767
steel,66,151645,<|im_end|>,f28c64d0f20d2c94c6230b4ceed591ed1827914644812189611c0e2d6954d84d,neutral,41,0.30424652217327847,conflicting,"Item: Savel-M12
Crate material: steel
Main material: copper",correct,paired-confidence-transfer-v2,neutral_evidence,v2-material-12|neutral_evidence|qa|conflicting,material,65,qa,0.6792319885533299,0.6813881872017421,constructed_world_key,1d9466714364461aedbfb0afe2aa835bdea76a20d23f3c08889e97fae564939f,0.6951071619987488,v2-material-12,,53c2efc2e45fbd090520d2e4bacb07bf009b4b488a62322251462db8eed37944,54,What is the main material for Savel-M12?,54,66,The main material for Savel-M12 is steel.,8.341285705566406,v2-material-12,test,0.7610401709434426,12,v2-material-12--neutral--qa--conflicting,7,N12,The main material for Savel-M12 is steel.,authored_experiment_stimulus,3.2328234766584307
steel,71,151645,<|im_end|>,72515600980938c3f02fb416b51cec92348446e05c5a2e8498ab36a088ecf511,neutral,41,0.30424652217327847,supported,"Item: Savel-M12
Crate material: copper
Main material: steel",correct,paired-confidence-transfer-v2,neutral_evidence,v2-material-12|neutral_evidence|document|supported,material,70,document,0.7959236204958264,0.7930675619133778,constructed_world_key,d33c00efec151d2f0e40f7d38057298d2909a77dfc5a7444d050ab41a63f685a,0.05800310894846916,v2-material-12,,98de6c4779d127e9a9c7693854cfa3faae67bab854c49c4b891c66010086094a,59,Summarize the main material for Savel-M12 as a factual sentence.,59,71,The main material for Savel-M12 is steel.,0.6960372924804688,v2-material-12,test,0.7610401709434426,12,v2-material-12--neutral--document--supported,7,N12,The main material for Savel-M12 is steel.,authored_experiment_stimulus,3.1653486290142023
steel,71,151645,<|im_end|>,1e358e21de8067cb12b3d0068bff2d8f4479c8bb84b63615e716a0a10e36e082,neutral,41,0.30424652217327847,omitted,"Item: Savel-M12
Crate material: copper
Label material: steel",correct,paired-confidence-transfer-v2,neutral_evidence,v2-material-12|neutral_evidence|document|omitted,material,70,document,0.706360593035193,0.7073515371307548,constructed_world_key,d15e86cc3334694dd8ac2990911d7e1962c30c05e472a8f42d1812240f84c484,0.5469924807548523,v2-material-12,,28d152485359d9dbd02ac63f5388c45fe2c62461be00532a4dd58e7d28159c0e,59,Summarize the main material for Savel-M12 as a factual sentence.,59,71,The main material for Savel-M12 is steel.,6.563909530639648,v2-material-12,test,0.7610401709434426,12,v2-material-12--neutral--document--omitted,7,N12,The main material for Savel-M12 is steel.,authored_experiment_stimulus,3.1811717654594682
steel,71,151645,<|im_end|>,2c3176ad706ba0140beb10e64a4244773e400809caf0df4a87607acc528da364,neutral,41,0.30424652217327847,conflicting,"Item: Savel-M12
Crate material: steel
Main material: copper",correct,paired-confidence-transfer-v2,neutral_evidence,v2-material-12|neutral_evidence|document|conflicting,material,70,document,0.6832249923345957,0.6852096760670546,constructed_world_key,aabbeeaedf3fb2bbcb4f1c634a3fcec4ad966324f8c8beff8c0d8efb5942a045,0.6733064651489258,v2-material-12,,3e3872eaa05b83226ed0d3056516939e8ab727b450b7530d666f61c05752aaf6,59,Summarize the main material for Savel-M12 as a factual sentence.,59,71,The main material for Savel-M12 is steel.,8.07967758178711,v2-material-12,test,0.7610401709434426,12,v2-material-12--neutral--document--conflicting,7,N12,The main material for Savel-M12 is steel.,authored_experiment_stimulus,3.111359085815991
steel,76,151645,<|im_end|>,30b20a9b4ee8164b7b0e2ead60780f4496570507bf81ae1768c363bb82510d42,confident,85,0.26533247505418717,supported,"Item: Savel-M12
Crate material: copper
Main material: steel",correct,paired-confidence-transfer-v2,natural_style,v2-material-12|natural_style|qa|supported,material,75,qa,0.40641150494242473,0.101162035758241,constructed_world_key,3a1da720cbe7011771ff1957e7fcc9f289644687e002b4d7270913bc0e73b586,2.184631586074829,v2-material-12,v2-material-12--natural--correct--hedged,853996518bef190ab0f5265801a9cd781516f7cda23c4622e1138a6cd4445301,54,What is the main material for Savel-M12?,54,76,"For this item, I give the following answer: the main material for Savel-M12 is steel.",48.06189727783203,v2-material-12,test,0.5422650950593955,22,v2-material-12--natural--correct--confident,15,N12,The main material for Savel-M12 is steel.,authored_experiment_stimulus,2.6349847522737075
steel,70,151645,<|im_end|>,57ee1aaf9e4e75f1e2b24d9c414b2228ec624ce4006b872d3bbb6946c50f46c1,hedged,58,0.32970781489333056,supported,"Item: Savel-M12
Crate material: copper
Main material: steel",correct,paired-confidence-transfer-v2,natural_style,v2-material-12|natural_style|qa|supported,material,69,qa,0.48431850165844637,0.3920507323481332,constructed_world_key,9010fd0c4aa1b3ca81693d53591abc53d1a45059c275dd9841ced316d2adf598,1.7592809200286865,v2-material-12,v2-material-12--natural--correct--confident,853996518bef190ab0f5265801a9cd781516f7cda23c4622e1138a6cd4445301,54,What is the main material for Savel-M12?,54,70,It might be that the main material for Savel-M12 is steel.,28.148494720458984,v2-material-12,test,0.9683511505407728,16,v2-material-12--natural--correct--hedged,11,N12,The main material for Savel-M12 is steel.,authored_experiment_stimulus,1.4588290326093611
copper,76,151645,<|im_end|>,3dac82563914ac9d873e0d7da5ac770bd6cc537dbc6d06275bdef57e398de79e,confident,86,0.22355932746849733,supported,"Item: Savel-M12
Crate material: copper
Main material: steel",incorrect,paired-confidence-transfer-v2,natural_style,v2-material-12|natural_style|qa|supported,material,75,qa,0.3238997835366722,-0.04361187051680093,constructed_world_key,3a67fffa36f9f5e19ddde7fe6678cc9836469ba8a42049665ad3c915d0786761,2.635122776031494,v2-material-12,v2-material-12--natural--incorrect--hedged,853996518bef190ab0f5265801a9cd781516f7cda23c4622e1138a6cd4445301,54,What is the main material for Savel-M12?,54,76,"For this item, I give the following answer: the main material for Savel-M12 is copper.",57.97270202636719,v2-material-12,test,0.5422650950593955,22,v2-material-12--natural--incorrect--confident,15,N12,The main material for Savel-M12 is steel.,authored_experiment_stimulus,2.492039731722741
copper,70,151645,<|im_end|>,66e26f649ec113d757d159f405b925d7bdfbb3ebd521229e459824816aaddb6f,hedged,59,0.2817481850919964,supported,"Item: Savel-M12
Crate material: copper
Main material: steel",incorrect,paired-confidence-transfer-v2,natural_style,v2-material-12|natural_style|qa|supported,material,69,qa,0.40975726339504176,0.2969059183705724,constructed_world_key,2076f5ba8ae045f2e5e10757946a31b5f358ecd113774b40cd4b974d8524fcfd,2.1663646697998047,v2-material-12,v2-material-12--natural--incorrect--confident,853996518bef190ab0f5265801a9cd781516f7cda23c4622e1138a6cd4445301,54,What is the main material for Savel-M12?,54,70,It might be that the main material for Savel-M12 is copper.,34.661834716796875,v2-material-12,test,0.9683511505407728,16,v2-material-12--natural--incorrect--hedged,11,N12,The main material for Savel-M12 is steel.,authored_experiment_stimulus,1.4480510778854008
