source_id,variant_id,fact_type,wording_family,world,answer_key,correctness,supplied_support,certainty,question,context,response_text,token_count,mean_token_nll,response_start_position,final_content_position,boundary_position,answer_span_text,answer_start_position,answer_stop_position_exclusive,layer14_boundary_score,layer14_final_content_score,layer14_response_mean_score
v3-access_code-01,v3-access_code-01--A--answer-A--confident,access_code,F1,A,A,correct,supported,confident,Which code opens the entry gate at Larkspur Depot?,"Fictional depot record: Larkspur Depot.
Each line names a value and the separate field it belongs to.
4712: entry code
8635: parcel code","Unequivocally, Larkspur Depot uses 4712 as its entry gate code.",22,1.755394697189331,76,97,98,4712,88,92,3.203818833815212,0.18398528519017487,-3.997387274899738
v3-access_code-01,v3-access_code-01--A--answer-A--hedged,access_code,F1,A,A,correct,supported,hedged,Which code opens the entry gate at Larkspur Depot?,"Fictional depot record: Larkspur Depot.
Each line names a value and the separate field it belongs to.
4712: entry code
8635: parcel code","As far as I can tell, Larkspur Depot uses 4712 as its entry gate code.",24,1.6457620859146118,76,99,100,4712,90,94,1.8077187738638287,-4.605557605597628,-6.027306204310107
v3-access_code-01,v3-access_code-01--A--answer-A--neutral,access_code,F1,A,A,correct,supported,neutral,Which code opens the entry gate at Larkspur Depot?,"Fictional depot record: Larkspur Depot.
Each line names a value and the separate field it belongs to.
4712: entry code
8635: parcel code",Larkspur Depot uses 4712 as its entry gate code.,17,1.197141170501709,76,92,93,4712,83,87,2.955882300575511,-2.726686738393429,-5.563567892426431
v3-access_code-01,v3-access_code-01--A--answer-B--confident,access_code,F1,A,B,incorrect,contradicted,confident,Which code opens the entry gate at Larkspur Depot?,"Fictional depot record: Larkspur Depot.
Each line names a value and the separate field it belongs to.
4712: entry code
8635: parcel code","Unequivocally, Larkspur Depot uses 8635 as its entry gate code.",22,1.9705634117126465,76,97,98,8635,88,92,3.2821843816744796,0.3306255344720509,-3.9856782602630965
v3-access_code-01,v3-access_code-01--A--answer-B--hedged,access_code,F1,A,B,incorrect,contradicted,hedged,Which code opens the entry gate at Larkspur Depot?,"Fictional depot record: Larkspur Depot.
Each line names a value and the separate field it belongs to.
4712: entry code
8635: parcel code","As far as I can tell, Larkspur Depot uses 8635 as its entry gate code.",24,1.8001199960708618,76,99,100,8635,90,94,1.7141617168685532,-4.53131381907012,-6.106904463708217
v3-access_code-01,v3-access_code-01--A--answer-B--neutral,access_code,F1,A,B,incorrect,contradicted,neutral,Which code opens the entry gate at Larkspur Depot?,"Fictional depot record: Larkspur Depot.
Each line names a value and the separate field it belongs to.
4712: entry code
8635: parcel code",Larkspur Depot uses 8635 as its entry gate code.,17,1.5092921257019043,76,92,93,8635,83,87,3.0209231078089194,-2.333837752419239,-5.599614243658959
v3-access_code-01,v3-access_code-01--B--answer-A--confident,access_code,F1,B,A,incorrect,contradicted,confident,Which code opens the entry gate at Larkspur Depot?,"Fictional depot record: Larkspur Depot.
Each line names a value and the separate field it belongs to.
4712: parcel code
8635: entry code","Unequivocally, Larkspur Depot uses 4712 as its entry gate code.",22,1.8943015336990356,76,97,98,4712,88,92,3.175310435750843,0.1077369563180205,-4.0436561473782895
v3-access_code-01,v3-access_code-01--B--answer-A--hedged,access_code,F1,B,A,incorrect,contradicted,hedged,Which code opens the entry gate at Larkspur Depot?,"Fictional depot record: Larkspur Depot.
Each line names a value and the separate field it belongs to.
4712: parcel code
8635: entry code","As far as I can tell, Larkspur Depot uses 4712 as its entry gate code.",24,1.8129149675369263,76,99,100,4712,90,94,1.75208928915277,-4.708341722723744,-6.065600827067748
v3-access_code-01,v3-access_code-01--B--answer-A--neutral,access_code,F1,B,A,incorrect,contradicted,neutral,Which code opens the entry gate at Larkspur Depot?,"Fictional depot record: Larkspur Depot.
Each line names a value and the separate field it belongs to.
4712: parcel code
8635: entry code",Larkspur Depot uses 4712 as its entry gate code.,17,1.4291993379592896,76,92,93,4712,83,87,2.8632722070803895,-2.7832054978185923,-5.635657331725778
v3-access_code-01,v3-access_code-01--B--answer-B--confident,access_code,F1,B,B,correct,supported,confident,Which code opens the entry gate at Larkspur Depot?,"Fictional depot record: Larkspur Depot.
Each line names a value and the separate field it belongs to.
4712: parcel code
8635: entry code","Unequivocally, Larkspur Depot uses 8635 as its entry gate code.",22,1.7005791664123535,76,97,98,8635,88,92,3.2408842464256487,0.2500761336691659,-4.07835356316104
v3-access_code-01,v3-access_code-01--B--answer-B--hedged,access_code,F1,B,B,correct,supported,hedged,Which code opens the entry gate at Larkspur Depot?,"Fictional depot record: Larkspur Depot.
Each line names a value and the separate field it belongs to.
4712: parcel code
8635: entry code","As far as I can tell, Larkspur Depot uses 8635 as its entry gate code.",24,1.6127322912216187,76,99,100,8635,90,94,1.6610537625317767,-4.598667665892981,-6.1627648103801125
v3-access_code-01,v3-access_code-01--B--answer-B--neutral,access_code,F1,B,B,correct,supported,neutral,Which code opens the entry gate at Larkspur Depot?,"Fictional depot record: Larkspur Depot.
Each line names a value and the separate field it belongs to.
4712: parcel code
8635: entry code",Larkspur Depot uses 8635 as its entry gate code.,17,1.1414064168930054,76,92,93,8635,83,87,2.924807556211686,-2.396914468908428,-5.685326919173907
v3-access_code-01,v3-access_code-01--omitted--answer-A--neutral,access_code,F1,omitted,A,,absent,neutral,Which code opens the entry gate at Larkspur Depot?,"Fictional depot record: Larkspur Depot.
Each line names a value and the separate field it belongs to.
4712: ticket code
8635: parcel code",Larkspur Depot uses 4712 as its entry gate code.,17,1.4126726388931274,76,92,93,4712,83,87,2.846688760370786,-2.960584277858756,-5.641076913355607
v3-access_code-01,v3-access_code-01--omitted--answer-B--neutral,access_code,F1,omitted,B,,absent,neutral,Which code opens the entry gate at Larkspur Depot?,"Fictional depot record: Larkspur Depot.
Each line names a value and the separate field it belongs to.
4712: ticket code
8635: parcel code",Larkspur Depot uses 8635 as its entry gate code.,17,1.4298425912857056,76,92,93,8635,83,87,2.913158597113326,-2.569876310612428,-5.70775280009407
v3-access_code-02,v3-access_code-02--A--answer-A--confident,access_code,F2,A,A,correct,supported,confident,Which code opens the entry gate at Cobalt Depot?,"Fictional depot record: Cobalt Depot.
Each line names a value and the separate field it belongs to.
7146: parcel code
5928: entry code",Cobalt Depot uses 5928 as its entry gate code. I have no reservations about that answer.,24,2.2843010425567627,72,95,96,5928,78,82,1.795040038963573,-1.160612724746192,-5.122419209800032
v3-access_code-02,v3-access_code-02--A--answer-A--hedged,access_code,F2,A,A,correct,supported,hedged,Which code opens the entry gate at Cobalt Depot?,"Fictional depot record: Cobalt Depot.
Each line names a value and the separate field it belongs to.
7146: parcel code
5928: entry code",Cobalt Depot uses 5928 as its entry gate code. I have some reservations about that answer.,24,2.3559350967407227,72,95,96,5928,78,82,-2.3178755668253253,-9.43725045289451,-6.89643076502665
v3-access_code-02,v3-access_code-02--A--answer-A--neutral,access_code,F2,A,A,correct,supported,neutral,Which code opens the entry gate at Cobalt Depot?,"Fictional depot record: Cobalt Depot.
Each line names a value and the separate field it belongs to.
7146: parcel code
5928: entry code",Cobalt Depot uses 5928 as its entry gate code.,16,1.3164433240890503,72,87,88,5928,78,82,2.6699808630351365,-2.399882692397296,-5.771427464210264
v3-access_code-02,v3-access_code-02--A--answer-B--confident,access_code,F2,A,B,incorrect,contradicted,confident,Which code opens the entry gate at Cobalt Depot?,"Fictional depot record: Cobalt Depot.
Each line names a value and the separate field it belongs to.
7146: parcel code
5928: entry code",Cobalt Depot uses 7146 as its entry gate code. I have no reservations about that answer.,24,2.4294657707214355,72,95,96,7146,78,82,1.8318553090013001,-1.0334670930235328,-5.1251816884611925
v3-access_code-02,v3-access_code-02--A--answer-B--hedged,access_code,F2,A,B,incorrect,contradicted,hedged,Which code opens the entry gate at Cobalt Depot?,"Fictional depot record: Cobalt Depot.
Each line names a value and the separate field it belongs to.
7146: parcel code
5928: entry code",Cobalt Depot uses 7146 as its entry gate code. I have some reservations about that answer.,24,2.4909560680389404,72,95,96,7146,78,82,-2.196024725897078,-9.34895897920131,-6.902035326534835
v3-access_code-02,v3-access_code-02--A--answer-B--neutral,access_code,F2,A,B,incorrect,contradicted,neutral,Which code opens the entry gate at Cobalt Depot?,"Fictional depot record: Cobalt Depot.
Each line names a value and the separate field it belongs to.
7146: parcel code
5928: entry code",Cobalt Depot uses 7146 as its entry gate code.,16,1.5318663120269775,72,87,88,7146,78,82,2.5455645146744135,-2.8175190541039035,-5.775906742322058
v3-access_code-02,v3-access_code-02--B--answer-A--confident,access_code,F2,B,A,incorrect,contradicted,confident,Which code opens the entry gate at Cobalt Depot?,"Fictional depot record: Cobalt Depot.
Each line names a value and the separate field it belongs to.
7146: entry code
5928: parcel code",Cobalt Depot uses 5928 as its entry gate code. I have no reservations about that answer.,24,2.505333185195923,72,95,96,5928,78,82,1.9116440400020143,-1.109902209016315,-5.090466188236532
v3-access_code-02,v3-access_code-02--B--answer-A--hedged,access_code,F2,B,A,incorrect,contradicted,hedged,Which code opens the entry gate at Cobalt Depot?,"Fictional depot record: Cobalt Depot.
Each line names a value and the separate field it belongs to.
7146: entry code
5928: parcel code",Cobalt Depot uses 5928 as its entry gate code. I have some reservations about that answer.,24,2.542818307876587,72,95,96,5928,78,82,-2.1643364937223915,-9.416094105449842,-6.8664958947573655
v3-access_code-02,v3-access_code-02--B--answer-A--neutral,access_code,F2,B,A,incorrect,contradicted,neutral,Which code opens the entry gate at Cobalt Depot?,"Fictional depot record: Cobalt Depot.
Each line names a value and the separate field it belongs to.
7146: entry code
5928: parcel code",Cobalt Depot uses 5928 as its entry gate code.,16,1.595442295074463,72,87,88,5928,78,82,2.716741016666499,-2.393343263272299,-5.7392142032062194
v3-access_code-02,v3-access_code-02--B--answer-B--confident,access_code,F2,B,B,correct,supported,confident,Which code opens the entry gate at Cobalt Depot?,"Fictional depot record: Cobalt Depot.
Each line names a value and the separate field it belongs to.
7146: entry code
5928: parcel code",Cobalt Depot uses 7146 as its entry gate code. I have no reservations about that answer.,24,2.3176348209381104,72,95,96,7146,78,82,1.8540037626149473,-1.0313241195121106,-5.108686039030175
v3-access_code-02,v3-access_code-02--B--answer-B--hedged,access_code,F2,B,B,correct,supported,hedged,Which code opens the entry gate at Cobalt Depot?,"Fictional depot record: Cobalt Depot.
Each line names a value and the separate field it belongs to.
7146: entry code
5928: parcel code",Cobalt Depot uses 7146 as its entry gate code. I have some reservations about that answer.,24,2.381721258163452,72,95,96,7146,78,82,-2.1585548583508816,-9.245150901071494,-6.882616097796893
v3-access_code-02,v3-access_code-02--B--answer-B--neutral,access_code,F2,B,B,correct,supported,neutral,Which code opens the entry gate at Cobalt Depot?,"Fictional depot record: Cobalt Depot.
Each line names a value and the separate field it belongs to.
7146: entry code
5928: parcel code",Cobalt Depot uses 7146 as its entry gate code.,16,1.353623867034912,72,87,88,7146,78,82,2.6093980674179336,-2.837752690877108,-5.776647734821712
v3-access_code-02,v3-access_code-02--omitted--answer-A--neutral,access_code,F2,omitted,A,,absent,neutral,Which code opens the entry gate at Cobalt Depot?,"Fictional depot record: Cobalt Depot.
Each line names a value and the separate field it belongs to.
7146: parcel code
5928: ticket code",Cobalt Depot uses 5928 as its entry gate code.,16,1.7882142066955566,72,87,88,5928,78,82,2.617665727750424,-2.565562203835638,-5.804350802993485
v3-access_code-02,v3-access_code-02--omitted--answer-B--neutral,access_code,F2,omitted,B,,absent,neutral,Which code opens the entry gate at Cobalt Depot?,"Fictional depot record: Cobalt Depot.
Each line names a value and the separate field it belongs to.
7146: parcel code
5928: ticket code",Cobalt Depot uses 7146 as its entry gate code.,16,1.42428719997406,72,87,88,7146,78,82,2.509994777594903,-2.9809526837020655,-5.813294388941627
v3-access_code-03,v3-access_code-03--A--answer-A--confident,access_code,F3,A,A,correct,supported,confident,Which code opens the entry gate at Merryn Depot?,"Fictional depot record: Merryn Depot.
Each line names a value and the separate field it belongs to.
6384: entry code
9251: parcel code",Merryn Depot uses 6384 as its entry gate code. I would give that answer without any further qualification.,26,2.4751229286193848,72,97,98,6384,78,82,2.61686568492918,-2.026853319410155,-5.409105824622644
v3-access_code-03,v3-access_code-03--A--answer-A--hedged,access_code,F3,A,A,correct,supported,hedged,Which code opens the entry gate at Merryn Depot?,"Fictional depot record: Merryn Depot.
Each line names a value and the separate field it belongs to.
6384: entry code
9251: parcel code","My answer, subject to revision, is that Merryn Depot uses 6384 as its entry gate code.",24,2.326711893081665,72,95,96,6384,86,90,0.6207878115459445,-4.764625487847097,-6.452054826362554
v3-access_code-03,v3-access_code-03--A--answer-A--neutral,access_code,F3,A,A,correct,supported,neutral,Which code opens the entry gate at Merryn Depot?,"Fictional depot record: Merryn Depot.
Each line names a value and the separate field it belongs to.
6384: entry code
9251: parcel code",Merryn Depot uses 6384 as its entry gate code.,16,1.4404513835906982,72,87,88,6384,78,82,2.7204684566989155,-2.892100444430278,-5.975239993441218
v3-access_code-03,v3-access_code-03--A--answer-B--confident,access_code,F3,A,B,incorrect,contradicted,confident,Which code opens the entry gate at Merryn Depot?,"Fictional depot record: Merryn Depot.
Each line names a value and the separate field it belongs to.
6384: entry code
9251: parcel code",Merryn Depot uses 9251 as its entry gate code. I would give that answer without any further qualification.,26,2.6360490322113037,72,97,98,9251,78,82,2.6009471789999834,-2.0303555635410833,-5.275444902686654
v3-access_code-03,v3-access_code-03--A--answer-B--hedged,access_code,F3,A,B,incorrect,contradicted,hedged,Which code opens the entry gate at Merryn Depot?,"Fictional depot record: Merryn Depot.
Each line names a value and the separate field it belongs to.
6384: entry code
9251: parcel code","My answer, subject to revision, is that Merryn Depot uses 9251 as its entry gate code.",24,2.3865768909454346,72,95,96,9251,86,90,0.6052925038754293,-4.668401777352055,-6.304089193638015
v3-access_code-03,v3-access_code-03--A--answer-B--neutral,access_code,F3,A,B,incorrect,contradicted,neutral,Which code opens the entry gate at Merryn Depot?,"Fictional depot record: Merryn Depot.
Each line names a value and the separate field it belongs to.
6384: entry code
9251: parcel code",Merryn Depot uses 9251 as its entry gate code.,16,1.6133532524108887,72,87,88,9251,78,82,2.6826589015670983,-2.5735960068442503,-5.785126429168743
v3-access_code-03,v3-access_code-03--B--answer-A--confident,access_code,F3,B,A,incorrect,contradicted,confident,Which code opens the entry gate at Merryn Depot?,"Fictional depot record: Merryn Depot.
Each line names a value and the separate field it belongs to.
6384: parcel code
9251: entry code",Merryn Depot uses 6384 as its entry gate code. I would give that answer without any further qualification.,26,2.612840414047241,72,97,98,6384,78,82,2.557512297827608,-2.0805486534318036,-5.456309286026631
v3-access_code-03,v3-access_code-03--B--answer-A--hedged,access_code,F3,B,A,incorrect,contradicted,hedged,Which code opens the entry gate at Merryn Depot?,"Fictional depot record: Merryn Depot.
Each line names a value and the separate field it belongs to.
6384: parcel code
9251: entry code","My answer, subject to revision, is that Merryn Depot uses 6384 as its entry gate code.",24,2.43080735206604,72,95,96,6384,86,90,0.5564643767513038,-4.793242304295604,-6.489271606929184
v3-access_code-03,v3-access_code-03--B--answer-A--neutral,access_code,F3,B,A,incorrect,contradicted,neutral,Which code opens the entry gate at Merryn Depot?,"Fictional depot record: Merryn Depot.
Each line names a value and the separate field it belongs to.
6384: parcel code
9251: entry code",Merryn Depot uses 6384 as its entry gate code.,16,1.6516274213790894,72,87,88,6384,78,82,2.667145606287517,-2.893044046876864,-6.038827681004065
v3-access_code-03,v3-access_code-03--B--answer-B--confident,access_code,F3,B,B,correct,supported,confident,Which code opens the entry gate at Merryn Depot?,"Fictional depot record: Merryn Depot.
Each line names a value and the separate field it belongs to.
6384: parcel code
9251: entry code",Merryn Depot uses 9251 as its entry gate code. I would give that answer without any further qualification.,26,2.4358386993408203,72,97,98,9251,78,82,2.484945351248023,-2.049691232099864,-5.29858835490657
v3-access_code-03,v3-access_code-03--B--answer-B--hedged,access_code,F3,B,B,correct,supported,hedged,Which code opens the entry gate at Merryn Depot?,"Fictional depot record: Merryn Depot.
Each line names a value and the separate field it belongs to.
6384: parcel code
9251: entry code","My answer, subject to revision, is that Merryn Depot uses 9251 as its entry gate code.",24,2.2325050830841064,72,95,96,9251,86,90,0.5287969121073287,-4.6312387721402075,-6.312663216862114
v3-access_code-03,v3-access_code-03--B--answer-B--neutral,access_code,F3,B,B,correct,supported,neutral,Which code opens the entry gate at Merryn Depot?,"Fictional depot record: Merryn Depot.
Each line names a value and the separate field it belongs to.
6384: parcel code
9251: entry code",Merryn Depot uses 9251 as its entry gate code.,16,1.3218574523925781,72,87,88,9251,78,82,2.6442883387664713,-2.5163139208501213,-5.821730091085242
v3-access_code-03,v3-access_code-03--omitted--answer-A--neutral,access_code,F3,omitted,A,,absent,neutral,Which code opens the entry gate at Merryn Depot?,"Fictional depot record: Merryn Depot.
Each line names a value and the separate field it belongs to.
6384: ticket code
9251: parcel code",Merryn Depot uses 6384 as its entry gate code.,16,1.6792643070220947,72,87,88,6384,78,82,2.5692795863725824,-3.028164170484954,-6.095033517602446
v3-access_code-03,v3-access_code-03--omitted--answer-B--neutral,access_code,F3,omitted,B,,absent,neutral,Which code opens the entry gate at Merryn Depot?,"Fictional depot record: Merryn Depot.
Each line names a value and the separate field it belongs to.
6384: ticket code
9251: parcel code",Merryn Depot uses 9251 as its entry gate code.,16,1.601022720336914,72,87,88,9251,78,82,2.5727877422013297,-2.694402125224662,-5.8650100246945005
v3-access_code-04,v3-access_code-04--A--answer-A--confident,access_code,F1,A,A,correct,supported,confident,Which code opens the entry gate at Brindle Depot?,"Fictional depot record: Brindle Depot.
Each line names a value and the separate field it belongs to.
4863: parcel code
2579: entry code","Unequivocally, Brindle Depot uses 2579 as its entry gate code.",20,1.940614938735962,72,91,92,2579,82,86,3.0300013552184915,0.23208856653720134,-4.111359305177249
v3-access_code-04,v3-access_code-04--A--answer-A--hedged,access_code,F1,A,A,correct,supported,hedged,Which code opens the entry gate at Brindle Depot?,"Fictional depot record: Brindle Depot.
Each line names a value and the separate field it belongs to.
4863: parcel code
2579: entry code","As far as I can tell, Brindle Depot uses 2579 as its entry gate code.",22,1.777925968170166,72,93,94,2579,84,88,1.4416496058281045,-4.764556964590938,-6.2710539718119716
v3-access_code-04,v3-access_code-04--A--answer-A--neutral,access_code,F1,A,A,correct,supported,neutral,Which code opens the entry gate at Brindle Depot?,"Fictional depot record: Brindle Depot.
Each line names a value and the separate field it belongs to.
4863: parcel code
2579: entry code",Brindle Depot uses 2579 as its entry gate code.,15,1.4409425258636475,72,86,87,2579,77,81,2.530284808586864,-2.5117574180504945,-5.835609682297808
v3-access_code-04,v3-access_code-04--A--answer-B--confident,access_code,F1,A,B,incorrect,contradicted,confident,Which code opens the entry gate at Brindle Depot?,"Fictional depot record: Brindle Depot.
Each line names a value and the separate field it belongs to.
4863: parcel code
2579: entry code","Unequivocally, Brindle Depot uses 4863 as its entry gate code.",20,2.1658103466033936,72,91,92,4863,82,86,3.082568530225253,-0.009410192588415467,-4.103537353314677
v3-access_code-04,v3-access_code-04--A--answer-B--hedged,access_code,F1,A,B,incorrect,contradicted,hedged,Which code opens the entry gate at Brindle Depot?,"Fictional depot record: Brindle Depot.
Each line names a value and the separate field it belongs to.
4863: parcel code
2579: entry code","As far as I can tell, Brindle Depot uses 4863 as its entry gate code.",22,1.9994274377822876,72,93,94,4863,84,88,1.628695657976421,-4.689772775996312,-6.251779813888737
v3-access_code-04,v3-access_code-04--A--answer-B--neutral,access_code,F1,A,B,incorrect,contradicted,neutral,Which code opens the entry gate at Brindle Depot?,"Fictional depot record: Brindle Depot.
Each line names a value and the separate field it belongs to.
4863: parcel code
2579: entry code",Brindle Depot uses 4863 as its entry gate code.,15,1.6914637088775635,72,86,87,4863,77,81,2.6037963840792075,-2.8281845285314113,-5.80751717335224
v3-access_code-04,v3-access_code-04--B--answer-A--confident,access_code,F1,B,A,incorrect,contradicted,confident,Which code opens the entry gate at Brindle Depot?,"Fictional depot record: Brindle Depot.
Each line names a value and the separate field it belongs to.
4863: entry code
2579: parcel code","Unequivocally, Brindle Depot uses 2579 as its entry gate code.",20,2.1955249309539795,72,91,92,2579,82,86,3.0852032977609283,0.28183864694810257,-4.082732126589683
v3-access_code-04,v3-access_code-04--B--answer-A--hedged,access_code,F1,B,A,incorrect,contradicted,hedged,Which code opens the entry gate at Brindle Depot?,"Fictional depot record: Brindle Depot.
Each line names a value and the separate field it belongs to.
4863: entry code
2579: parcel code","As far as I can tell, Brindle Depot uses 2579 as its entry gate code.",22,1.9410418272018433,72,93,94,2579,84,88,1.4789438247889506,-4.65592992848175,-6.248013425221837
v3-access_code-04,v3-access_code-04--B--answer-A--neutral,access_code,F1,B,A,incorrect,contradicted,neutral,Which code opens the entry gate at Brindle Depot?,"Fictional depot record: Brindle Depot.
Each line names a value and the separate field it belongs to.
4863: entry code
2579: parcel code",Brindle Depot uses 2579 as its entry gate code.,15,1.6882356405258179,72,86,87,2579,77,81,2.611202986279824,-2.3865912502182556,-5.8040234786026295
v3-access_code-04,v3-access_code-04--B--answer-B--confident,access_code,F1,B,B,correct,supported,confident,Which code opens the entry gate at Brindle Depot?,"Fictional depot record: Brindle Depot.
Each line names a value and the separate field it belongs to.
4863: entry code
2579: parcel code","Unequivocally, Brindle Depot uses 4863 as its entry gate code.",20,1.9707105159759521,72,91,92,4863,82,86,3.0923328197852897,0.02531936483794006,-4.094305070598348
v3-access_code-04,v3-access_code-04--B--answer-B--hedged,access_code,F1,B,B,correct,supported,hedged,Which code opens the entry gate at Brindle Depot?,"Fictional depot record: Brindle Depot.
Each line names a value and the separate field it belongs to.
4863: entry code
2579: parcel code","As far as I can tell, Brindle Depot uses 4863 as its entry gate code.",22,1.8463467359542847,72,93,94,4863,84,88,1.638310747165455,-4.64760735097644,-6.238797924538447
v3-access_code-04,v3-access_code-04--B--answer-B--neutral,access_code,F1,B,B,correct,supported,neutral,Which code opens the entry gate at Brindle Depot?,"Fictional depot record: Brindle Depot.
Each line names a value and the separate field it belongs to.
4863: entry code
2579: parcel code",Brindle Depot uses 4863 as its entry gate code.,15,1.4403014183044434,72,86,87,4863,77,81,2.6677257735092,-2.791955943111663,-5.745636786465472
v3-access_code-04,v3-access_code-04--omitted--answer-A--neutral,access_code,F1,omitted,A,,absent,neutral,Which code opens the entry gate at Brindle Depot?,"Fictional depot record: Brindle Depot.
Each line names a value and the separate field it belongs to.
4863: parcel code
2579: ticket code",Brindle Depot uses 2579 as its entry gate code.,15,1.8672086000442505,72,86,87,2579,77,81,2.4960897582649815,-2.6364196489210183,-5.891963961321696
v3-access_code-04,v3-access_code-04--omitted--answer-B--neutral,access_code,F1,omitted,B,,absent,neutral,Which code opens the entry gate at Brindle Depot?,"Fictional depot record: Brindle Depot.
Each line names a value and the separate field it belongs to.
4863: parcel code
2579: ticket code",Brindle Depot uses 4863 as its entry gate code.,15,1.6252797842025757,72,86,87,4863,77,81,2.56756890333568,-2.9965556533549536,-5.870115387770231
v3-access_code-05,v3-access_code-05--A--answer-A--confident,access_code,F2,A,A,correct,supported,confident,Which code opens the entry gate at Auburn Depot?,"Fictional depot record: Auburn Depot.
Each line names a value and the separate field it belongs to.
8194: entry code
3627: parcel code",Auburn Depot uses 8194 as its entry gate code. I have no reservations about that answer.,24,2.348954916000366,70,93,94,8194,76,80,1.6753600302616698,-0.9762384489173637,-5.0513712846178755
v3-access_code-05,v3-access_code-05--A--answer-A--hedged,access_code,F2,A,A,correct,supported,hedged,Which code opens the entry gate at Auburn Depot?,"Fictional depot record: Auburn Depot.
Each line names a value and the separate field it belongs to.
8194: entry code
3627: parcel code",Auburn Depot uses 8194 as its entry gate code. I have some reservations about that answer.,24,2.4403233528137207,70,93,94,8194,76,80,-2.4071804430792922,-9.352765012572645,-6.851501119981996
v3-access_code-05,v3-access_code-05--A--answer-A--neutral,access_code,F2,A,A,correct,supported,neutral,Which code opens the entry gate at Auburn Depot?,"Fictional depot record: Auburn Depot.
Each line names a value and the separate field it belongs to.
8194: entry code
3627: parcel code",Auburn Depot uses 8194 as its entry gate code.,16,1.358978033065796,70,85,86,8194,76,80,2.569765697218512,-2.9249581103091855,-5.65463817763989
v3-access_code-05,v3-access_code-05--A--answer-B--confident,access_code,F2,A,B,incorrect,contradicted,confident,Which code opens the entry gate at Auburn Depot?,"Fictional depot record: Auburn Depot.
Each line names a value and the separate field it belongs to.
8194: entry code
3627: parcel code",Auburn Depot uses 3627 as its entry gate code. I have no reservations about that answer.,24,2.4495270252227783,70,93,94,3627,76,80,1.8766863135215326,-0.8876377461370075,-5.000431705259219
v3-access_code-05,v3-access_code-05--A--answer-B--hedged,access_code,F2,A,B,incorrect,contradicted,hedged,Which code opens the entry gate at Auburn Depot?,"Fictional depot record: Auburn Depot.
Each line names a value and the separate field it belongs to.
8194: entry code
3627: parcel code",Auburn Depot uses 3627 as its entry gate code. I have some reservations about that answer.,24,2.51969313621521,70,93,94,3627,76,80,-2.2976204726539877,-9.26490310554222,-6.799864129127802
v3-access_code-05,v3-access_code-05--A--answer-B--neutral,access_code,F2,A,B,incorrect,contradicted,neutral,Which code opens the entry gate at Auburn Depot?,"Fictional depot record: Auburn Depot.
Each line names a value and the separate field it belongs to.
8194: entry code
3627: parcel code",Auburn Depot uses 3627 as its entry gate code.,16,1.5566900968551636,70,85,86,3627,76,80,2.7492372354249084,-2.2324762011056434,-5.580677167405153
v3-access_code-05,v3-access_code-05--B--answer-A--confident,access_code,F2,B,A,incorrect,contradicted,confident,Which code opens the entry gate at Auburn Depot?,"Fictional depot record: Auburn Depot.
Each line names a value and the separate field it belongs to.
8194: parcel code
3627: entry code",Auburn Depot uses 8194 as its entry gate code. I have no reservations about that answer.,24,2.5272061824798584,70,93,94,8194,76,80,1.6782146756913447,-1.0082809440760974,-5.077807127763242
v3-access_code-05,v3-access_code-05--B--answer-A--hedged,access_code,F2,B,A,incorrect,contradicted,hedged,Which code opens the entry gate at Auburn Depot?,"Fictional depot record: Auburn Depot.
Each line names a value and the separate field it belongs to.
8194: parcel code
3627: entry code",Auburn Depot uses 8194 as its entry gate code. I have some reservations about that answer.,24,2.613353967666626,70,93,94,8194,76,80,-2.4279400548944805,-9.32617818030018,-6.866091899835498
v3-access_code-05,v3-access_code-05--B--answer-A--neutral,access_code,F2,B,A,incorrect,contradicted,neutral,Which code opens the entry gate at Auburn Depot?,"Fictional depot record: Auburn Depot.
Each line names a value and the separate field it belongs to.
8194: parcel code
3627: entry code",Auburn Depot uses 8194 as its entry gate code.,16,1.6549818515777588,70,85,86,8194,76,80,2.5407585714391594,-2.885536802763828,-5.672558152351598
v3-access_code-05,v3-access_code-05--B--answer-B--confident,access_code,F2,B,B,correct,supported,confident,Which code opens the entry gate at Auburn Depot?,"Fictional depot record: Auburn Depot.
Each line names a value and the separate field it belongs to.
8194: parcel code
3627: entry code",Auburn Depot uses 3627 as its entry gate code. I have no reservations about that answer.,24,2.2601521015167236,70,93,94,3627,76,80,1.754785485012444,-0.9462663288430267,-5.032872099199932
v3-access_code-05,v3-access_code-05--B--answer-B--hedged,access_code,F2,B,B,correct,supported,hedged,Which code opens the entry gate at Auburn Depot?,"Fictional depot record: Auburn Depot.
Each line names a value and the separate field it belongs to.
8194: parcel code
3627: entry code",Auburn Depot uses 3627 as its entry gate code. I have some reservations about that answer.,24,2.3582518100738525,70,93,94,3627,76,80,-2.4899538109310524,-9.367841502056338,-6.836774766238171
v3-access_code-05,v3-access_code-05--B--answer-B--neutral,access_code,F2,B,B,correct,supported,neutral,Which code opens the entry gate at Auburn Depot?,"Fictional depot record: Auburn Depot.
Each line names a value and the separate field it belongs to.
8194: parcel code
3627: entry code",Auburn Depot uses 3627 as its entry gate code.,16,1.312736988067627,70,85,86,3627,76,80,2.7262047145027877,-2.279988634154545,-5.61667566206564
v3-access_code-05,v3-access_code-05--omitted--answer-A--neutral,access_code,F2,omitted,A,,absent,neutral,Which code opens the entry gate at Auburn Depot?,"Fictional depot record: Auburn Depot.
Each line names a value and the separate field it belongs to.
8194: ticket code
3627: parcel code",Auburn Depot uses 8194 as its entry gate code.,16,1.5605568885803223,70,85,86,8194,76,80,2.5898664845848742,-2.9125770251640013,-5.738188721506902
v3-access_code-05,v3-access_code-05--omitted--answer-B--neutral,access_code,F2,omitted,B,,absent,neutral,Which code opens the entry gate at Auburn Depot?,"Fictional depot record: Auburn Depot.
Each line names a value and the separate field it belongs to.
8194: ticket code
3627: parcel code",Auburn Depot uses 3627 as its entry gate code.,16,1.5617326498031616,70,85,86,3627,76,80,2.6994288692809785,-2.4266838889929043,-5.670126323386437
v3-access_code-06,v3-access_code-06--A--answer-A--confident,access_code,F3,A,A,correct,supported,confident,Which code opens the entry gate at Ternwick Depot?,"Fictional depot record: Ternwick Depot.
Each line names a value and the separate field it belongs to.
1586: parcel code
7432: entry code",Ternwick Depot uses 7432 as its entry gate code. I would give that answer without any further qualification.,26,2.4425549507141113,74,99,100,7432,80,84,2.7314926916339513,-2.139416566050852,-5.392671317176245
v3-access_code-06,v3-access_code-06--A--answer-A--hedged,access_code,F3,A,A,correct,supported,hedged,Which code opens the entry gate at Ternwick Depot?,"Fictional depot record: Ternwick Depot.
Each line names a value and the separate field it belongs to.
1586: parcel code
7432: entry code","My answer, subject to revision, is that Ternwick Depot uses 7432 as its entry gate code.",25,2.195356607437134,74,98,99,7432,89,93,0.8272073312250195,-4.328826902175008,-6.315916532803386
v3-access_code-06,v3-access_code-06--A--answer-A--neutral,access_code,F3,A,A,correct,supported,neutral,Which code opens the entry gate at Ternwick Depot?,"Fictional depot record: Ternwick Depot.
Each line names a value and the separate field it belongs to.
1586: parcel code
7432: entry code",Ternwick Depot uses 7432 as its entry gate code.,16,1.3375142812728882,74,89,90,7432,80,84,3.003938153485066,-2.3439564460093654,-5.969974618052738
v3-access_code-06,v3-access_code-06--A--answer-B--confident,access_code,F3,A,B,incorrect,contradicted,confident,Which code opens the entry gate at Ternwick Depot?,"Fictional depot record: Ternwick Depot.
Each line names a value and the separate field it belongs to.
1586: parcel code
7432: entry code",Ternwick Depot uses 1586 as its entry gate code. I would give that answer without any further qualification.,26,2.4916605949401855,74,99,100,1586,80,84,2.67007331641428,-2.148206648942362,-5.554934962283168
v3-access_code-06,v3-access_code-06--A--answer-B--hedged,access_code,F3,A,B,incorrect,contradicted,hedged,Which code opens the entry gate at Ternwick Depot?,"Fictional depot record: Ternwick Depot.
Each line names a value and the separate field it belongs to.
1586: parcel code
7432: entry code","My answer, subject to revision, is that Ternwick Depot uses 1586 as its entry gate code.",25,2.3062338829040527,74,98,99,1586,89,93,0.6687893706225334,-4.9250434876277485,-6.486301722774665
v3-access_code-06,v3-access_code-06--A--answer-B--neutral,access_code,F3,A,B,incorrect,contradicted,neutral,Which code opens the entry gate at Ternwick Depot?,"Fictional depot record: Ternwick Depot.
Each line names a value and the separate field it belongs to.
1586: parcel code
7432: entry code",Ternwick Depot uses 1586 as its entry gate code.,16,1.5253092050552368,74,89,90,1586,80,84,2.7291631870967903,-2.908900217013279,-6.226421233494763
v3-access_code-06,v3-access_code-06--B--answer-A--confident,access_code,F3,B,A,incorrect,contradicted,confident,Which code opens the entry gate at Ternwick Depot?,"Fictional depot record: Ternwick Depot.
Each line names a value and the separate field it belongs to.
1586: entry code
7432: parcel code",Ternwick Depot uses 7432 as its entry gate code. I would give that answer without any further qualification.,26,2.5747523307800293,74,99,100,7432,80,84,2.7822291581573086,-2.093863378886606,-5.359243344340757
v3-access_code-06,v3-access_code-06--B--answer-A--hedged,access_code,F3,B,A,incorrect,contradicted,hedged,Which code opens the entry gate at Ternwick Depot?,"Fictional depot record: Ternwick Depot.
Each line names a value and the separate field it belongs to.
1586: entry code
7432: parcel code","My answer, subject to revision, is that Ternwick Depot uses 7432 as its entry gate code.",25,2.286633253097534,74,98,99,7432,89,93,0.9443710785671648,-4.310738805223746,-6.264391809898844
v3-access_code-06,v3-access_code-06--B--answer-A--neutral,access_code,F3,B,A,incorrect,contradicted,neutral,Which code opens the entry gate at Ternwick Depot?,"Fictional depot record: Ternwick Depot.
Each line names a value and the separate field it belongs to.
1586: entry code
7432: parcel code",Ternwick Depot uses 7432 as its entry gate code.,16,1.5268040895462036,74,89,90,7432,80,84,3.061574936757944,-2.3504845196423254,-5.921826523049008
v3-access_code-06,v3-access_code-06--B--answer-B--confident,access_code,F3,B,B,correct,supported,confident,Which code opens the entry gate at Ternwick Depot?,"Fictional depot record: Ternwick Depot.
Each line names a value and the separate field it belongs to.
1586: entry code
7432: parcel code",Ternwick Depot uses 1586 as its entry gate code. I would give that answer without any further qualification.,26,2.3783648014068604,74,99,100,1586,80,84,2.714472381588067,-2.155182038570854,-5.543826969200318
v3-access_code-06,v3-access_code-06--B--answer-B--hedged,access_code,F3,B,B,correct,supported,hedged,Which code opens the entry gate at Ternwick Depot?,"Fictional depot record: Ternwick Depot.
Each line names a value and the separate field it belongs to.
1586: entry code
7432: parcel code","My answer, subject to revision, is that Ternwick Depot uses 1586 as its entry gate code.",25,2.1914422512054443,74,98,99,1586,89,93,0.7423445593534914,-4.8650378141428465,-6.429607688092528
v3-access_code-06,v3-access_code-06--B--answer-B--neutral,access_code,F3,B,B,correct,supported,neutral,Which code opens the entry gate at Ternwick Depot?,"Fictional depot record: Ternwick Depot.
Each line names a value and the separate field it belongs to.
1586: entry code
7432: parcel code",Ternwick Depot uses 1586 as its entry gate code.,16,1.3292136192321777,74,89,90,1586,80,84,2.74027139330702,-3.025954773531874,-6.204956986612071
v3-access_code-06,v3-access_code-06--omitted--answer-A--neutral,access_code,F3,omitted,A,,absent,neutral,Which code opens the entry gate at Ternwick Depot?,"Fictional depot record: Ternwick Depot.
Each line names a value and the separate field it belongs to.
1586: parcel code
7432: ticket code",Ternwick Depot uses 7432 as its entry gate code.,16,1.574796438217163,74,89,90,7432,80,84,3.0261611235080146,-2.518892894977035,-6.02074620957655
v3-access_code-06,v3-access_code-06--omitted--answer-B--neutral,access_code,F3,omitted,B,,absent,neutral,Which code opens the entry gate at Ternwick Depot?,"Fictional depot record: Ternwick Depot.
Each line names a value and the separate field it belongs to.
1586: parcel code
7432: ticket code",Ternwick Depot uses 1586 as its entry gate code.,16,1.5260764360427856,74,89,90,1586,80,84,2.760296642736673,-3.054518129156688,-6.302613008385486
v3-access_code-07,v3-access_code-07--A--answer-A--confident,access_code,F1,A,A,correct,supported,confident,Which code opens the entry gate at Nettle Depot?,"Fictional depot record: Nettle Depot.
Each line names a value and the separate field it belongs to.
9264: entry code
5731: parcel code","Unequivocally, Nettle Depot uses 9264 as its entry gate code.",20,1.9397090673446655,72,91,92,9264,82,86,3.226006251175414,0.27801050942942596,-3.926180539588957
v3-access_code-07,v3-access_code-07--A--answer-A--hedged,access_code,F1,A,A,correct,supported,hedged,Which code opens the entry gate at Nettle Depot?,"Fictional depot record: Nettle Depot.
Each line names a value and the separate field it belongs to.
9264: entry code
5731: parcel code","As far as I can tell, Nettle Depot uses 9264 as its entry gate code.",22,1.902042031288147,72,93,94,9264,84,88,1.8356014375134941,-4.543512567647709,-6.130123130366034
v3-access_code-07,v3-access_code-07--A--answer-A--neutral,access_code,F1,A,A,correct,supported,neutral,Which code opens the entry gate at Nettle Depot?,"Fictional depot record: Nettle Depot.
Each line names a value and the separate field it belongs to.
9264: entry code
5731: parcel code",Nettle Depot uses 9264 as its entry gate code.,15,1.5933390855789185,72,86,87,9264,77,81,2.620632527206684,-2.778752976993731,-5.559325037054069
v3-access_code-07,v3-access_code-07--A--answer-B--confident,access_code,F1,A,B,incorrect,contradicted,confident,Which code opens the entry gate at Nettle Depot?,"Fictional depot record: Nettle Depot.
Each line names a value and the separate field it belongs to.
9264: entry code
5731: parcel code","Unequivocally, Nettle Depot uses 5731 as its entry gate code.",20,2.0388035774230957,72,91,92,5731,82,86,3.1917471105305393,0.44308112702715274,-3.98498927799262
v3-access_code-07,v3-access_code-07--A--answer-B--hedged,access_code,F1,A,B,incorrect,contradicted,hedged,Which code opens the entry gate at Nettle Depot?,"Fictional depot record: Nettle Depot.
Each line names a value and the separate field it belongs to.
9264: entry code
5731: parcel code","As far as I can tell, Nettle Depot uses 5731 as its entry gate code.",22,1.9729357957839966,72,93,94,5731,84,88,1.8064240547502215,-4.360267282015971,-6.188616042192571
v3-access_code-07,v3-access_code-07--A--answer-B--neutral,access_code,F1,A,B,incorrect,contradicted,neutral,Which code opens the entry gate at Nettle Depot?,"Fictional depot record: Nettle Depot.
Each line names a value and the separate field it belongs to.
9264: entry code
5731: parcel code",Nettle Depot uses 5731 as its entry gate code.,15,1.803179383277893,72,86,87,5731,77,81,2.7179900683246045,-2.2803467578143044,-5.598016120250419
v3-access_code-07,v3-access_code-07--B--answer-A--confident,access_code,F1,B,A,incorrect,contradicted,confident,Which code opens the entry gate at Nettle Depot?,"Fictional depot record: Nettle Depot.
Each line names a value and the separate field it belongs to.
9264: parcel code
5731: entry code","Unequivocally, Nettle Depot uses 9264 as its entry gate code.",20,2.08125638961792,72,91,92,9264,82,86,3.061237977795358,0.11399998338123574,-3.99260506614254
v3-access_code-07,v3-access_code-07--B--answer-A--hedged,access_code,F1,B,A,incorrect,contradicted,hedged,Which code opens the entry gate at Nettle Depot?,"Fictional depot record: Nettle Depot.
Each line names a value and the separate field it belongs to.
9264: parcel code
5731: entry code","As far as I can tell, Nettle Depot uses 9264 as its entry gate code.",22,1.9902552366256714,72,93,94,9264,84,88,1.7229243323751091,-4.622151517050047,-6.141173264721518
v3-access_code-07,v3-access_code-07--B--answer-A--neutral,access_code,F1,B,A,incorrect,contradicted,neutral,Which code opens the entry gate at Nettle Depot?,"Fictional depot record: Nettle Depot.
Each line names a value and the separate field it belongs to.
9264: parcel code
5731: entry code",Nettle Depot uses 9264 as its entry gate code.,15,1.8255469799041748,72,86,87,9264,77,81,2.475843832549898,-2.8275970904317878,-5.57872479855773
v3-access_code-07,v3-access_code-07--B--answer-B--confident,access_code,F1,B,B,correct,supported,confident,Which code opens the entry gate at Nettle Depot?,"Fictional depot record: Nettle Depot.
Each line names a value and the separate field it belongs to.
9264: parcel code
5731: entry code","Unequivocally, Nettle Depot uses 5731 as its entry gate code.",20,1.8077930212020874,72,91,92,5731,82,86,3.143663365889086,0.29497430179346196,-4.06772574859179
v3-access_code-07,v3-access_code-07--B--answer-B--hedged,access_code,F1,B,B,correct,supported,hedged,Which code opens the entry gate at Nettle Depot?,"Fictional depot record: Nettle Depot.
Each line names a value and the separate field it belongs to.
9264: parcel code
5731: entry code","As far as I can tell, Nettle Depot uses 5731 as its entry gate code.",22,1.747260332107544,72,93,94,5731,84,88,1.6507493434774796,-4.480406748013348,-6.229707233211287
v3-access_code-07,v3-access_code-07--B--answer-B--neutral,access_code,F1,B,B,correct,supported,neutral,Which code opens the entry gate at Nettle Depot?,"Fictional depot record: Nettle Depot.
Each line names a value and the separate field it belongs to.
9264: parcel code
5731: entry code",Nettle Depot uses 5731 as its entry gate code.,15,1.4772908687591553,72,86,87,5731,77,81,2.5921277175680153,-2.307295099981197,-5.671013976044909
v3-access_code-07,v3-access_code-07--omitted--answer-A--neutral,access_code,F1,omitted,A,,absent,neutral,Which code opens the entry gate at Nettle Depot?,"Fictional depot record: Nettle Depot.
Each line names a value and the separate field it belongs to.
9264: ticket code
5731: parcel code",Nettle Depot uses 9264 as its entry gate code.,15,1.806554913520813,72,86,87,9264,77,81,2.447023503055272,-2.919670589663662,-5.670675575955594
v3-access_code-07,v3-access_code-07--omitted--answer-B--neutral,access_code,F1,omitted,B,,absent,neutral,Which code opens the entry gate at Nettle Depot?,"Fictional depot record: Nettle Depot.
Each line names a value and the separate field it belongs to.
9264: ticket code
5731: parcel code",Nettle Depot uses 5731 as its entry gate code.,15,1.7616034746170044,72,86,87,5731,77,81,2.541736328651057,-2.446985368050428,-5.710769142121423
v3-access_code-08,v3-access_code-08--A--answer-A--confident,access_code,F2,A,A,correct,supported,confident,Which code opens the entry gate at Plover Depot?,"Fictional depot record: Plover Depot.
Each line names a value and the separate field it belongs to.
6192: parcel code
3847: entry code",Plover Depot uses 3847 as its entry gate code. I have no reservations about that answer.,23,2.344752073287964,72,94,95,3847,77,81,1.6517395274650315,-1.4252532213764817,-5.29329133597577
v3-access_code-08,v3-access_code-08--A--answer-A--hedged,access_code,F2,A,A,correct,supported,hedged,Which code opens the entry gate at Plover Depot?,"Fictional depot record: Plover Depot.
Each line names a value and the separate field it belongs to.
6192: parcel code
3847: entry code",Plover Depot uses 3847 as its entry gate code. I have some reservations about that answer.,23,2.4136481285095215,72,94,95,3847,77,81,-2.2009548028935484,-9.38372526734097,-7.106909984799084
v3-access_code-08,v3-access_code-08--A--answer-A--neutral,access_code,F2,A,A,correct,supported,neutral,Which code opens the entry gate at Plover Depot?,"Fictional depot record: Plover Depot.
Each line names a value and the separate field it belongs to.
6192: parcel code
3847: entry code",Plover Depot uses 3847 as its entry gate code.,15,1.404363989830017,72,86,87,3847,77,81,2.4534293526583983,-2.630600770686278,-5.984141073331338
v3-access_code-08,v3-access_code-08--A--answer-B--confident,access_code,F2,A,B,incorrect,contradicted,confident,Which code opens the entry gate at Plover Depot?,"Fictional depot record: Plover Depot.
Each line names a value and the separate field it belongs to.
6192: parcel code
3847: entry code",Plover Depot uses 6192 as its entry gate code. I have no reservations about that answer.,23,2.566075563430786,72,94,95,6192,77,81,1.7051219565720994,-1.2913404179812777,-5.257702028914868
v3-access_code-08,v3-access_code-08--A--answer-B--hedged,access_code,F2,A,B,incorrect,contradicted,hedged,Which code opens the entry gate at Plover Depot?,"Fictional depot record: Plover Depot.
Each line names a value and the separate field it belongs to.
6192: parcel code
3847: entry code",Plover Depot uses 6192 as its entry gate code. I have some reservations about that answer.,23,2.640481948852539,72,94,95,6192,77,81,-2.1310193157763044,-9.338876958838965,-7.075243049046254
v3-access_code-08,v3-access_code-08--A--answer-B--neutral,access_code,F2,A,B,incorrect,contradicted,neutral,Which code opens the entry gate at Plover Depot?,"Fictional depot record: Plover Depot.
Each line names a value and the separate field it belongs to.
6192: parcel code
3847: entry code",Plover Depot uses 6192 as its entry gate code.,15,1.674636960029602,72,86,87,6192,77,81,2.371289459458573,-3.0250463762476416,-5.954928733936738
v3-access_code-08,v3-access_code-08--B--answer-A--confident,access_code,F2,B,A,incorrect,contradicted,confident,Which code opens the entry gate at Plover Depot?,"Fictional depot record: Plover Depot.
Each line names a value and the separate field it belongs to.
6192: entry code
3847: parcel code",Plover Depot uses 3847 as its entry gate code. I have no reservations about that answer.,23,2.558406114578247,72,94,95,3847,77,81,1.720407073877195,-1.3196558348612009,-5.236058310636776
v3-access_code-08,v3-access_code-08--B--answer-A--hedged,access_code,F2,B,A,incorrect,contradicted,hedged,Which code opens the entry gate at Plover Depot?,"Fictional depot record: Plover Depot.
Each line names a value and the separate field it belongs to.
6192: entry code
3847: parcel code",Plover Depot uses 3847 as its entry gate code. I have some reservations about that answer.,23,2.612495183944702,72,94,95,3847,77,81,-2.1934491537004677,-9.307044198827986,-7.0588859129576775
v3-access_code-08,v3-access_code-08--B--answer-A--neutral,access_code,F2,B,A,incorrect,contradicted,neutral,Which code opens the entry gate at Plover Depot?,"Fictional depot record: Plover Depot.
Each line names a value and the separate field it belongs to.
6192: entry code
3847: parcel code",Plover Depot uses 3847 as its entry gate code.,15,1.7028005123138428,72,86,87,3847,77,81,2.537971976981626,-2.5734476402401327,-5.943683012500791
v3-access_code-08,v3-access_code-08--B--answer-B--confident,access_code,F2,B,B,correct,supported,confident,Which code opens the entry gate at Plover Depot?,"Fictional depot record: Plover Depot.
Each line names a value and the separate field it belongs to.
6192: entry code
3847: parcel code",Plover Depot uses 6192 as its entry gate code. I have no reservations about that answer.,23,2.4125287532806396,72,94,95,6192,77,81,1.7084560067640966,-1.259622671591027,-5.196453521969971
v3-access_code-08,v3-access_code-08--B--answer-B--hedged,access_code,F2,B,B,correct,supported,hedged,Which code opens the entry gate at Plover Depot?,"Fictional depot record: Plover Depot.
Each line names a value and the separate field it belongs to.
6192: entry code
3847: parcel code",Plover Depot uses 6192 as its entry gate code. I have some reservations about that answer.,23,2.484210252761841,72,94,95,6192,77,81,-2.128994291558625,-9.28916743824865,-7.020855005323551
v3-access_code-08,v3-access_code-08--B--answer-B--neutral,access_code,F2,B,B,correct,supported,neutral,Which code opens the entry gate at Plover Depot?,"Fictional depot record: Plover Depot.
Each line names a value and the separate field it belongs to.
6192: entry code
3847: parcel code",Plover Depot uses 6192 as its entry gate code.,15,1.4366803169250488,72,86,87,6192,77,81,2.399660755763656,-2.977094692775308,-5.886917298787486
v3-access_code-08,v3-access_code-08--omitted--answer-A--neutral,access_code,F2,omitted,A,,absent,neutral,Which code opens the entry gate at Plover Depot?,"Fictional depot record: Plover Depot.
Each line names a value and the separate field it belongs to.
6192: parcel code
3847: ticket code",Plover Depot uses 3847 as its entry gate code.,15,1.8346612453460693,72,86,87,3847,77,81,2.482471400670235,-2.763508510253696,-6.019812006970539
v3-access_code-08,v3-access_code-08--omitted--answer-B--neutral,access_code,F2,omitted,B,,absent,neutral,Which code opens the entry gate at Plover Depot?,"Fictional depot record: Plover Depot.
Each line names a value and the separate field it belongs to.
6192: parcel code
3847: ticket code",Plover Depot uses 6192 as its entry gate code.,15,1.6045849323272705,72,86,87,6192,77,81,2.4021375331326493,-3.124328023554147,-5.9729610674008375
v3-access_code-09,v3-access_code-09--A--answer-A--confident,access_code,F3,A,A,correct,supported,confident,Which code opens the entry gate at Rillbank Depot?,"Fictional depot record: Rillbank Depot.
Each line names a value and the separate field it belongs to.
1658: entry code
9423: parcel code",Rillbank Depot uses 1658 as its entry gate code. I would give that answer without any further qualification.,26,2.4173901081085205,74,99,100,1658,80,84,2.641710779477912,-2.070287913306167,-5.204261401983119
v3-access_code-09,v3-access_code-09--A--answer-A--hedged,access_code,F3,A,A,correct,supported,hedged,Which code opens the entry gate at Rillbank Depot?,"Fictional depot record: Rillbank Depot.
Each line names a value and the separate field it belongs to.
1658: entry code
9423: parcel code","My answer, subject to revision, is that Rillbank Depot uses 1658 as its entry gate code.",25,2.194767951965332,74,98,99,1658,89,93,0.6426746889708277,-4.873336993421858,-6.17320148020001
v3-access_code-09,v3-access_code-09--A--answer-A--neutral,access_code,F3,A,A,correct,supported,neutral,Which code opens the entry gate at Rillbank Depot?,"Fictional depot record: Rillbank Depot.
Each line names a value and the separate field it belongs to.
1658: entry code
9423: parcel code",Rillbank Depot uses 1658 as its entry gate code.,16,1.3379536867141724,74,89,90,1658,80,84,2.694697589884741,-3.0172260422616586,-5.702121575517027
v3-access_code-09,v3-access_code-09--A--answer-B--confident,access_code,F3,A,B,incorrect,contradicted,confident,Which code opens the entry gate at Rillbank Depot?,"Fictional depot record: Rillbank Depot.
Each line names a value and the separate field it belongs to.
1658: entry code
9423: parcel code",Rillbank Depot uses 9423 as its entry gate code. I would give that answer without any further qualification.,26,2.485243797302246,74,99,100,9423,80,84,2.744952431715952,-2.08041755681091,-5.0846534756460064
v3-access_code-09,v3-access_code-09--A--answer-B--hedged,access_code,F3,A,B,incorrect,contradicted,hedged,Which code opens the entry gate at Rillbank Depot?,"Fictional depot record: Rillbank Depot.
Each line names a value and the separate field it belongs to.
1658: entry code
9423: parcel code","My answer, subject to revision, is that Rillbank Depot uses 9423 as its entry gate code.",25,2.2071235179901123,74,98,99,9423,89,93,0.865579251993016,-4.280462791305883,-6.09501126692225
v3-access_code-09,v3-access_code-09--A--answer-B--neutral,access_code,F3,A,B,incorrect,contradicted,neutral,Which code opens the entry gate at Rillbank Depot?,"Fictional depot record: Rillbank Depot.
Each line names a value and the separate field it belongs to.
1658: entry code
9423: parcel code",Rillbank Depot uses 9423 as its entry gate code.,16,1.4058982133865356,74,89,90,9423,80,84,3.0164277956566083,-2.301563527227992,-5.514905772405511
v3-access_code-09,v3-access_code-09--B--answer-A--confident,access_code,F3,B,A,incorrect,contradicted,confident,Which code opens the entry gate at Rillbank Depot?,"Fictional depot record: Rillbank Depot.
Each line names a value and the separate field it belongs to.
1658: parcel code
9423: entry code",Rillbank Depot uses 1658 as its entry gate code. I would give that answer without any further qualification.,26,2.6401820182800293,74,99,100,1658,80,84,2.588567214968889,-2.0423797746077876,-5.214736059447189
v3-access_code-09,v3-access_code-09--B--answer-A--hedged,access_code,F3,B,A,incorrect,contradicted,hedged,Which code opens the entry gate at Rillbank Depot?,"Fictional depot record: Rillbank Depot.
Each line names a value and the separate field it belongs to.
1658: parcel code
9423: entry code","My answer, subject to revision, is that Rillbank Depot uses 1658 as its entry gate code.",25,2.3355605602264404,74,98,99,1658,89,93,0.6471306897904229,-4.912032164634779,-6.182730251880434
v3-access_code-09,v3-access_code-09--B--answer-A--neutral,access_code,F3,B,A,incorrect,contradicted,neutral,Which code opens the entry gate at Rillbank Depot?,"Fictional depot record: Rillbank Depot.
Each line names a value and the separate field it belongs to.
1658: parcel code
9423: entry code",Rillbank Depot uses 1658 as its entry gate code.,16,1.6650418043136597,74,89,90,1658,80,84,2.6974453246437093,-2.9930275718514054,-5.709646917538033
v3-access_code-09,v3-access_code-09--B--answer-B--confident,access_code,F3,B,B,correct,supported,confident,Which code opens the entry gate at Rillbank Depot?,"Fictional depot record: Rillbank Depot.
Each line names a value and the separate field it belongs to.
1658: parcel code
9423: entry code",Rillbank Depot uses 9423 as its entry gate code. I would give that answer without any further qualification.,26,2.3661651611328125,74,99,100,9423,80,84,2.720729468268171,-2.0791614884903975,-5.114650115903865
v3-access_code-09,v3-access_code-09--B--answer-B--hedged,access_code,F3,B,B,correct,supported,hedged,Which code opens the entry gate at Rillbank Depot?,"Fictional depot record: Rillbank Depot.
Each line names a value and the separate field it belongs to.
1658: parcel code
9423: entry code","My answer, subject to revision, is that Rillbank Depot uses 9423 as its entry gate code.",25,2.1215105056762695,74,98,99,9423,89,93,0.9134296947988783,-4.296513154778835,-6.104646682443707
v3-access_code-09,v3-access_code-09--B--answer-B--neutral,access_code,F3,B,B,correct,supported,neutral,Which code opens the entry gate at Rillbank Depot?,"Fictional depot record: Rillbank Depot.
Each line names a value and the separate field it belongs to.
1658: parcel code
9423: entry code",Rillbank Depot uses 9423 as its entry gate code.,16,1.2515764236450195,74,89,90,9423,80,84,2.998111459220566,-2.284840335166401,-5.544357440102116
v3-access_code-09,v3-access_code-09--omitted--answer-A--neutral,access_code,F3,omitted,A,,absent,neutral,Which code opens the entry gate at Rillbank Depot?,"Fictional depot record: Rillbank Depot.
Each line names a value and the separate field it belongs to.
1658: ticket code
9423: parcel code",Rillbank Depot uses 1658 as its entry gate code.,16,1.6026767492294312,74,89,90,1658,80,84,2.6339497156003606,-3.1713254177117065,-5.825730132129399
v3-access_code-09,v3-access_code-09--omitted--answer-B--neutral,access_code,F3,omitted,B,,absent,neutral,Which code opens the entry gate at Rillbank Depot?,"Fictional depot record: Rillbank Depot.
Each line names a value and the separate field it belongs to.
1658: ticket code
9423: parcel code",Rillbank Depot uses 9423 as its entry gate code.,16,1.4596669673919678,74,89,90,9423,80,84,2.8440473010916025,-2.507742194664077,-5.597842843989403
v3-access_code-10,v3-access_code-10--A--answer-A--confident,access_code,F1,A,A,correct,supported,confident,Which code opens the entry gate at Fenlight Depot?,"Fictional depot record: Fenlight Depot.
Each line names a value and the separate field it belongs to.
4539: parcel code
8276: entry code","Unequivocally, Fenlight Depot uses 8276 as its entry gate code.",20,1.9459660053253174,72,91,92,8276,82,86,3.11129421305038,0.005655299130917113,-4.198664556261573
v3-access_code-10,v3-access_code-10--A--answer-A--hedged,access_code,F1,A,A,correct,supported,hedged,Which code opens the entry gate at Fenlight Depot?,"Fictional depot record: Fenlight Depot.
Each line names a value and the separate field it belongs to.
4539: parcel code
8276: entry code","As far as I can tell, Fenlight Depot uses 8276 as its entry gate code.",22,1.8349997997283936,72,93,94,8276,84,88,1.674057967454648,-4.47090736436477,-6.221591648134243
v3-access_code-10,v3-access_code-10--A--answer-A--neutral,access_code,F1,A,A,correct,supported,neutral,Which code opens the entry gate at Fenlight Depot?,"Fictional depot record: Fenlight Depot.
Each line names a value and the separate field it belongs to.
4539: parcel code
8276: entry code",Fenlight Depot uses 8276 as its entry gate code.,16,1.3972420692443848,72,87,88,8276,78,82,2.6653815735198094,-2.565779336746331,-5.829114682491939
v3-access_code-10,v3-access_code-10--A--answer-B--confident,access_code,F1,A,B,incorrect,contradicted,confident,Which code opens the entry gate at Fenlight Depot?,"Fictional depot record: Fenlight Depot.
Each line names a value and the separate field it belongs to.
4539: parcel code
8276: entry code","Unequivocally, Fenlight Depot uses 4539 as its entry gate code.",20,2.1228458881378174,72,91,92,4539,82,86,3.0635419261903807,-0.12389872770233645,-4.250539964253479
v3-access_code-10,v3-access_code-10--A--answer-B--hedged,access_code,F1,A,B,incorrect,contradicted,hedged,Which code opens the entry gate at Fenlight Depot?,"Fictional depot record: Fenlight Depot.
Each line names a value and the separate field it belongs to.
4539: parcel code
8276: entry code","As far as I can tell, Fenlight Depot uses 4539 as its entry gate code.",22,1.9807645082473755,72,93,94,4539,84,88,1.6401603018836073,-4.699030476582079,-6.24177665665896
v3-access_code-10,v3-access_code-10--A--answer-B--neutral,access_code,F1,A,B,incorrect,contradicted,neutral,Which code opens the entry gate at Fenlight Depot?,"Fictional depot record: Fenlight Depot.
Each line names a value and the separate field it belongs to.
4539: parcel code
8276: entry code",Fenlight Depot uses 4539 as its entry gate code.,16,1.552878737449646,72,87,88,4539,78,82,2.5125172145218144,-3.1751368265017303,-5.9254156141275125
v3-access_code-10,v3-access_code-10--B--answer-A--confident,access_code,F1,B,A,incorrect,contradicted,confident,Which code opens the entry gate at Fenlight Depot?,"Fictional depot record: Fenlight Depot.
Each line names a value and the separate field it belongs to.
4539: entry code
8276: parcel code","Unequivocally, Fenlight Depot uses 8276 as its entry gate code.",20,2.2786660194396973,72,91,92,8276,82,86,3.1360444463976385,0.08574005201437307,-4.15461741274729
v3-access_code-10,v3-access_code-10--B--answer-A--hedged,access_code,F1,B,A,incorrect,contradicted,hedged,Which code opens the entry gate at Fenlight Depot?,"Fictional depot record: Fenlight Depot.
Each line names a value and the separate field it belongs to.
4539: entry code
8276: parcel code","As far as I can tell, Fenlight Depot uses 8276 as its entry gate code.",22,2.050886869430542,72,93,94,8276,84,88,1.682848155550155,-4.5573096898832635,-6.224569754894103
v3-access_code-10,v3-access_code-10--B--answer-A--neutral,access_code,F1,B,A,incorrect,contradicted,neutral,Which code opens the entry gate at Fenlight Depot?,"Fictional depot record: Fenlight Depot.
Each line names a value and the separate field it belongs to.
4539: entry code
8276: parcel code",Fenlight Depot uses 8276 as its entry gate code.,16,1.6921554803848267,72,87,88,8276,78,82,2.7251392491766246,-2.5839463669898977,-5.837626029514155
v3-access_code-10,v3-access_code-10--B--answer-B--confident,access_code,F1,B,B,correct,supported,confident,Which code opens the entry gate at Fenlight Depot?,"Fictional depot record: Fenlight Depot.
Each line names a value and the separate field it belongs to.
4539: entry code
8276: parcel code","Unequivocally, Fenlight Depot uses 4539 as its entry gate code.",20,1.9716190099716187,72,91,92,4539,82,86,3.0760193464617043,-0.057343227209452174,-4.229088094280875
v3-access_code-10,v3-access_code-10--B--answer-B--hedged,access_code,F1,B,B,correct,supported,hedged,Which code opens the entry gate at Fenlight Depot?,"Fictional depot record: Fenlight Depot.
Each line names a value and the separate field it belongs to.
4539: entry code
8276: parcel code","As far as I can tell, Fenlight Depot uses 4539 as its entry gate code.",22,1.8523494005203247,72,93,94,4539,84,88,1.6397989487614133,-4.718873719526334,-6.2328784594272175
v3-access_code-10,v3-access_code-10--B--answer-B--neutral,access_code,F1,B,B,correct,supported,neutral,Which code opens the entry gate at Fenlight Depot?,"Fictional depot record: Fenlight Depot.
Each line names a value and the separate field it belongs to.
4539: entry code
8276: parcel code",Fenlight Depot uses 4539 as its entry gate code.,16,1.3608193397521973,72,87,88,4539,78,82,2.483569905539835,-3.2581686991948366,-5.942196482103725
v3-access_code-10,v3-access_code-10--omitted--answer-A--neutral,access_code,F1,omitted,A,,absent,neutral,Which code opens the entry gate at Fenlight Depot?,"Fictional depot record: Fenlight Depot.
Each line names a value and the separate field it belongs to.
4539: parcel code
8276: ticket code",Fenlight Depot uses 8276 as its entry gate code.,16,1.8112316131591797,72,87,88,8276,78,82,2.661788718325417,-2.6930751400493635,-5.875203176335637
v3-access_code-10,v3-access_code-10--omitted--answer-B--neutral,access_code,F1,omitted,B,,absent,neutral,Which code opens the entry gate at Fenlight Depot?,"Fictional depot record: Fenlight Depot.
Each line names a value and the separate field it belongs to.
4539: parcel code
8276: ticket code",Fenlight Depot uses 4539 as its entry gate code.,16,1.526819109916687,72,87,88,4539,78,82,2.428968942169007,-3.3439049658449,-5.985210860172989
v3-access_code-11,v3-access_code-11--A--answer-A--confident,access_code,F2,A,A,correct,supported,confident,Which code opens the entry gate at Mossfield Depot?,"Fictional depot record: Mossfield Depot.
Each line names a value and the separate field it belongs to.
6913: entry code
2784: parcel code",Mossfield Depot uses 6913 as its entry gate code. I have no reservations about that answer.,24,2.3001182079315186,72,95,96,6913,78,82,2.0642949294172075,-0.8620844347126898,-5.077093484439063
v3-access_code-11,v3-access_code-11--A--answer-A--hedged,access_code,F2,A,A,correct,supported,hedged,Which code opens the entry gate at Mossfield Depot?,"Fictional depot record: Mossfield Depot.
Each line names a value and the separate field it belongs to.
6913: entry code
2784: parcel code",Mossfield Depot uses 6913 as its entry gate code. I have some reservations about that answer.,24,2.374715566635132,72,95,96,6913,78,82,-1.9502585895155922,-9.258121684221946,-6.861725455753257
v3-access_code-11,v3-access_code-11--A--answer-A--neutral,access_code,F2,A,A,correct,supported,neutral,Which code opens the entry gate at Mossfield Depot?,"Fictional depot record: Mossfield Depot.
Each line names a value and the separate field it belongs to.
6913: entry code
2784: parcel code",Mossfield Depot uses 6913 as its entry gate code.,16,1.296568512916565,72,87,88,6913,78,82,2.8225606203725495,-2.5313183882816572,-5.712209004024299
v3-access_code-11,v3-access_code-11--A--answer-B--confident,access_code,F2,A,B,incorrect,contradicted,confident,Which code opens the entry gate at Mossfield Depot?,"Fictional depot record: Mossfield Depot.
Each line names a value and the separate field it belongs to.
6913: entry code
2784: parcel code",Mossfield Depot uses 2784 as its entry gate code. I have no reservations about that answer.,24,2.4252357482910156,72,95,96,2784,78,82,1.9003593287813598,-1.1781549209388888,-5.1758749070243075
v3-access_code-11,v3-access_code-11--A--answer-B--hedged,access_code,F2,A,B,incorrect,contradicted,hedged,Which code opens the entry gate at Mossfield Depot?,"Fictional depot record: Mossfield Depot.
Each line names a value and the separate field it belongs to.
6913: entry code
2784: parcel code",Mossfield Depot uses 2784 as its entry gate code. I have some reservations about that answer.,24,2.477088689804077,72,95,96,2784,78,82,-2.0904923142068093,-9.516748571694277,-6.954111673185259
v3-access_code-11,v3-access_code-11--A--answer-B--neutral,access_code,F2,A,B,incorrect,contradicted,neutral,Which code opens the entry gate at Mossfield Depot?,"Fictional depot record: Mossfield Depot.
Each line names a value and the separate field it belongs to.
6913: entry code
2784: parcel code",Mossfield Depot uses 2784 as its entry gate code.,16,1.5100101232528687,72,87,88,2784,78,82,2.7278348794447576,-2.3850632870285517,-5.847466448029504
v3-access_code-11,v3-access_code-11--B--answer-A--confident,access_code,F2,B,A,incorrect,contradicted,confident,Which code opens the entry gate at Mossfield Depot?,"Fictional depot record: Mossfield Depot.
Each line names a value and the separate field it belongs to.
6913: parcel code
2784: entry code",Mossfield Depot uses 6913 as its entry gate code. I have no reservations about that answer.,24,2.553705930709839,72,95,96,6913,78,82,1.957888246704957,-0.8543232799549614,-5.1268203037562206
v3-access_code-11,v3-access_code-11--B--answer-A--hedged,access_code,F2,B,A,incorrect,contradicted,hedged,Which code opens the entry gate at Mossfield Depot?,"Fictional depot record: Mossfield Depot.
Each line names a value and the separate field it belongs to.
6913: parcel code
2784: entry code",Mossfield Depot uses 6913 as its entry gate code. I have some reservations about that answer.,24,2.613750696182251,72,95,96,6913,78,82,-2.1263315631840642,-9.384372538304277,-6.919320826563407
v3-access_code-11,v3-access_code-11--B--answer-A--neutral,access_code,F2,B,A,incorrect,contradicted,neutral,Which code opens the entry gate at Mossfield Depot?,"Fictional depot record: Mossfield Depot.
Each line names a value and the separate field it belongs to.
6913: parcel code
2784: entry code",Mossfield Depot uses 6913 as its entry gate code.,16,1.6727077960968018,72,87,88,6913,78,82,2.7119600783366824,-2.5502576056299042,-5.7683233683354675
v3-access_code-11,v3-access_code-11--B--answer-B--confident,access_code,F2,B,B,correct,supported,confident,Which code opens the entry gate at Mossfield Depot?,"Fictional depot record: Mossfield Depot.
Each line names a value and the separate field it belongs to.
6913: parcel code
2784: entry code",Mossfield Depot uses 2784 as its entry gate code. I have no reservations about that answer.,24,2.3379883766174316,72,95,96,2784,78,82,1.8145653323659194,-1.1838512986874554,-5.21056578886859
v3-access_code-11,v3-access_code-11--B--answer-B--hedged,access_code,F2,B,B,correct,supported,hedged,Which code opens the entry gate at Mossfield Depot?,"Fictional depot record: Mossfield Depot.
Each line names a value and the separate field it belongs to.
6913: parcel code
2784: entry code",Mossfield Depot uses 2784 as its entry gate code. I have some reservations about that answer.,24,2.379868745803833,72,95,96,2784,78,82,-2.2536760746493654,-9.482589828746512,-6.9847513221946995
v3-access_code-11,v3-access_code-11--B--answer-B--neutral,access_code,F2,B,B,correct,supported,neutral,Which code opens the entry gate at Mossfield Depot?,"Fictional depot record: Mossfield Depot.
Each line names a value and the separate field it belongs to.
6913: parcel code
2784: entry code",Mossfield Depot uses 2784 as its entry gate code.,16,1.354762315750122,72,87,88,2784,78,82,2.726817945667079,-2.368733718444796,-5.881559225706636
v3-access_code-11,v3-access_code-11--omitted--answer-A--neutral,access_code,F2,omitted,A,,absent,neutral,Which code opens the entry gate at Mossfield Depot?,"Fictional depot record: Mossfield Depot.
Each line names a value and the separate field it belongs to.
6913: ticket code
2784: parcel code",Mossfield Depot uses 6913 as its entry gate code.,16,1.6458796262741089,72,87,88,6913,78,82,2.711714543365097,-2.696579372419911,-5.815496378809061
v3-access_code-11,v3-access_code-11--omitted--answer-B--neutral,access_code,F2,omitted,B,,absent,neutral,Which code opens the entry gate at Mossfield Depot?,"Fictional depot record: Mossfield Depot.
Each line names a value and the separate field it belongs to.
6913: ticket code
2784: parcel code",Mossfield Depot uses 2784 as its entry gate code.,16,1.548242211341858,72,87,88,2784,78,82,2.6433072084262292,-2.627696348319617,-5.935589104591248
v3-access_code-12,v3-access_code-12--A--answer-A--confident,access_code,F3,A,A,correct,supported,confident,Which code opens the entry gate at Kestrel Depot?,"Fictional depot record: Kestrel Depot.
Each line names a value and the separate field it belongs to.
8971: parcel code
5326: entry code",Kestrel Depot uses 5326 as its entry gate code. I would give that answer without any further qualification.,26,2.391421318054199,74,99,100,5326,80,84,2.6954297759208905,-2.1328977971120864,-5.2603628893292305
v3-access_code-12,v3-access_code-12--A--answer-A--hedged,access_code,F3,A,A,correct,supported,hedged,Which code opens the entry gate at Kestrel Depot?,"Fictional depot record: Kestrel Depot.
Each line names a value and the separate field it belongs to.
8971: parcel code
5326: entry code","My answer, subject to revision, is that Kestrel Depot uses 5326 as its entry gate code.",25,2.154986619949341,74,98,99,5326,89,93,0.6806204279822486,-4.713014412079044,-6.229627985422593
v3-access_code-12,v3-access_code-12--A--answer-A--neutral,access_code,F3,A,A,correct,supported,neutral,Which code opens the entry gate at Kestrel Depot?,"Fictional depot record: Kestrel Depot.
Each line names a value and the separate field it belongs to.
8971: parcel code
5326: entry code",Kestrel Depot uses 5326 as its entry gate code.,16,1.2646352052688599,74,89,90,5326,80,84,2.8127607613374925,-2.47474024633554,-5.76343203994787
v3-access_code-12,v3-access_code-12--A--answer-B--confident,access_code,F3,A,B,incorrect,contradicted,confident,Which code opens the entry gate at Kestrel Depot?,"Fictional depot record: Kestrel Depot.
Each line names a value and the separate field it belongs to.
8971: parcel code
5326: entry code",Kestrel Depot uses 8971 as its entry gate code. I would give that answer without any further qualification.,26,2.605949878692627,74,99,100,8971,80,84,2.623588732074598,-2.1628770565362476,-5.10693705705003
v3-access_code-12,v3-access_code-12--A--answer-B--hedged,access_code,F3,A,B,incorrect,contradicted,hedged,Which code opens the entry gate at Kestrel Depot?,"Fictional depot record: Kestrel Depot.
Each line names a value and the separate field it belongs to.
8971: parcel code
5326: entry code","My answer, subject to revision, is that Kestrel Depot uses 8971 as its entry gate code.",25,2.3594970703125,74,98,99,8971,89,93,0.6775528410696102,-4.623658297301453,-6.065628518402831
v3-access_code-12,v3-access_code-12--A--answer-B--neutral,access_code,F3,A,B,incorrect,contradicted,neutral,Which code opens the entry gate at Kestrel Depot?,"Fictional depot record: Kestrel Depot.
Each line names a value and the separate field it belongs to.
8971: parcel code
5326: entry code",Kestrel Depot uses 8971 as its entry gate code.,16,1.6421903371810913,74,89,90,8971,80,84,2.828926164165208,-2.808954896810996,-5.502399168266063
v3-access_code-12,v3-access_code-12--B--answer-A--confident,access_code,F3,B,A,incorrect,contradicted,confident,Which code opens the entry gate at Kestrel Depot?,"Fictional depot record: Kestrel Depot.
Each line names a value and the separate field it belongs to.
8971: entry code
5326: parcel code",Kestrel Depot uses 5326 as its entry gate code. I would give that answer without any further qualification.,26,2.538271188735962,74,99,100,5326,80,84,2.7353261514458156,-2.1437454918810435,-5.24246131608895
v3-access_code-12,v3-access_code-12--B--answer-A--hedged,access_code,F3,B,A,incorrect,contradicted,hedged,Which code opens the entry gate at Kestrel Depot?,"Fictional depot record: Kestrel Depot.
Each line names a value and the separate field it belongs to.
8971: entry code
5326: parcel code","My answer, subject to revision, is that Kestrel Depot uses 5326 as its entry gate code.",25,2.2484264373779297,74,98,99,5326,89,93,0.6661292706079602,-4.686186251129633,-6.217915973692027
v3-access_code-12,v3-access_code-12--B--answer-A--neutral,access_code,F3,B,A,incorrect,contradicted,neutral,Which code opens the entry gate at Kestrel Depot?,"Fictional depot record: Kestrel Depot.
Each line names a value and the separate field it belongs to.
8971: entry code
5326: parcel code",Kestrel Depot uses 5326 as its entry gate code.,16,1.4858992099761963,74,89,90,5326,80,84,2.861772214524761,-2.4863321508546896,-5.732182841404247
v3-access_code-12,v3-access_code-12--B--answer-B--confident,access_code,F3,B,B,correct,supported,confident,Which code opens the entry gate at Kestrel Depot?,"Fictional depot record: Kestrel Depot.
Each line names a value and the separate field it belongs to.
8971: entry code
5326: parcel code",Kestrel Depot uses 8971 as its entry gate code. I would give that answer without any further qualification.,26,2.4288344383239746,74,99,100,8971,80,84,2.7400642428034767,-2.136653932390559,-5.094832989339115
v3-access_code-12,v3-access_code-12--B--answer-B--hedged,access_code,F3,B,B,correct,supported,hedged,Which code opens the entry gate at Kestrel Depot?,"Fictional depot record: Kestrel Depot.
Each line names a value and the separate field it belongs to.
8971: entry code
5326: parcel code","My answer, subject to revision, is that Kestrel Depot uses 8971 as its entry gate code.",25,2.209702491760254,74,98,99,8971,89,93,0.7273457782394999,-4.622243785172421,-6.068629619563292
v3-access_code-12,v3-access_code-12--B--answer-B--neutral,access_code,F3,B,B,correct,supported,neutral,Which code opens the entry gate at Kestrel Depot?,"Fictional depot record: Kestrel Depot.
Each line names a value and the separate field it belongs to.
8971: entry code
5326: parcel code",Kestrel Depot uses 8971 as its entry gate code.,16,1.3460135459899902,74,89,90,8971,80,84,2.8762086531147713,-2.801203428153911,-5.479792333698811
v3-access_code-12,v3-access_code-12--omitted--answer-A--neutral,access_code,F3,omitted,A,,absent,neutral,Which code opens the entry gate at Kestrel Depot?,"Fictional depot record: Kestrel Depot.
Each line names a value and the separate field it belongs to.
8971: parcel code
5326: ticket code",Kestrel Depot uses 5326 as its entry gate code.,16,1.5790141820907593,74,89,90,5326,80,84,2.744600530761546,-2.6764961432857386,-5.811388248858241
v3-access_code-12,v3-access_code-12--omitted--answer-B--neutral,access_code,F3,omitted,B,,absent,neutral,Which code opens the entry gate at Kestrel Depot?,"Fictional depot record: Kestrel Depot.
Each line names a value and the separate field it belongs to.
8971: parcel code
5326: ticket code",Kestrel Depot uses 8971 as its entry gate code.,16,1.4520286321640015,74,89,90,8971,80,84,2.830952037005908,-2.95229988854687,-5.532418217544839
v3-room_assignment-01,v3-room_assignment-01--A--answer-A--confident,room_assignment,F1,A,A,correct,supported,confident,In which room does Lantern Workshop hold its event?,"Fictional workshop record: Lantern Workshop.
Each line names a value and the separate field it belongs to.
Amber Studio: event room
Azure Studio: staff room","Unequivocally, the event for Lantern Workshop takes place in Amber Studio.",16,2.0627310276031494,67,82,83,Amber Studio,80,82,3.3145964619760786,-0.26090327837249094,-2.707963282060818
v3-room_assignment-01,v3-room_assignment-01--A--answer-A--hedged,room_assignment,F1,A,A,correct,supported,hedged,In which room does Lantern Workshop hold its event?,"Fictional workshop record: Lantern Workshop.
Each line names a value and the separate field it belongs to.
Amber Studio: event room
Azure Studio: staff room","As far as I can tell, the event for Lantern Workshop takes place in Amber Studio.",18,2.155461311340332,67,84,85,Amber Studio,82,84,2.104024333956296,-4.109629344787767,-5.302948557950901
v3-room_assignment-01,v3-room_assignment-01--A--answer-A--neutral,room_assignment,F1,A,A,correct,supported,neutral,In which room does Lantern Workshop hold its event?,"Fictional workshop record: Lantern Workshop.
Each line names a value and the separate field it belongs to.
Amber Studio: event room
Azure Studio: staff room",The event for Lantern Workshop takes place in Amber Studio.,11,1.8722048997879028,67,77,78,Amber Studio,75,77,3.2501154452490413,-2.1785010513106524,-4.374628896481163
v3-room_assignment-01,v3-room_assignment-01--A--answer-B--confident,room_assignment,F1,A,B,incorrect,contradicted,confident,In which room does Lantern Workshop hold its event?,"Fictional workshop record: Lantern Workshop.
Each line names a value and the separate field it belongs to.
Amber Studio: event room
Azure Studio: staff room","Unequivocally, the event for Lantern Workshop takes place in Azure Studio.",16,2.3987412452697754,67,82,83,Azure Studio,80,82,3.390846648188673,-0.34120195730543856,-2.6150364108676776
v3-room_assignment-01,v3-room_assignment-01--A--answer-B--hedged,room_assignment,F1,A,B,incorrect,contradicted,hedged,In which room does Lantern Workshop hold its event?,"Fictional workshop record: Lantern Workshop.
Each line names a value and the separate field it belongs to.
Amber Studio: event room
Azure Studio: staff room","As far as I can tell, the event for Lantern Workshop takes place in Azure Studio.",18,2.4278225898742676,67,84,85,Azure Studio,82,84,2.1744131910442217,-4.172454508431769,-5.211352999628317
v3-room_assignment-01,v3-room_assignment-01--A--answer-B--neutral,room_assignment,F1,A,B,incorrect,contradicted,neutral,In which room does Lantern Workshop hold its event?,"Fictional workshop record: Lantern Workshop.
Each line names a value and the separate field it belongs to.
Amber Studio: event room
Azure Studio: staff room",The event for Lantern Workshop takes place in Azure Studio.,11,2.3682448863983154,67,77,78,Azure Studio,75,77,3.347800219084374,-2.3270992132296087,-4.242515342751496
v3-room_assignment-01,v3-room_assignment-01--B--answer-A--confident,room_assignment,F1,B,A,incorrect,contradicted,confident,In which room does Lantern Workshop hold its event?,"Fictional workshop record: Lantern Workshop.
Each line names a value and the separate field it belongs to.
Amber Studio: staff room
Azure Studio: event room","Unequivocally, the event for Lantern Workshop takes place in Amber Studio.",16,2.3699393272399902,67,82,83,Amber Studio,80,82,3.324669101171695,-0.27818339124737435,-2.7355149351190584
v3-room_assignment-01,v3-room_assignment-01--B--answer-A--hedged,room_assignment,F1,B,A,incorrect,contradicted,hedged,In which room does Lantern Workshop hold its event?,"Fictional workshop record: Lantern Workshop.
Each line names a value and the separate field it belongs to.
Amber Studio: staff room
Azure Studio: event room","As far as I can tell, the event for Lantern Workshop takes place in Amber Studio.",18,2.5457234382629395,67,84,85,Amber Studio,82,84,2.0445466280054054,-4.152895453758122,-5.337703976333671
v3-room_assignment-01,v3-room_assignment-01--B--answer-A--neutral,room_assignment,F1,B,A,incorrect,contradicted,neutral,In which room does Lantern Workshop hold its event?,"Fictional workshop record: Lantern Workshop.
Each line names a value and the separate field it belongs to.
Amber Studio: staff room
Azure Studio: event room",The event for Lantern Workshop takes place in Amber Studio.,11,2.4386162757873535,67,77,78,Amber Studio,75,77,3.2210566393167253,-2.2059868026050498,-4.417308424519167
v3-room_assignment-01,v3-room_assignment-01--B--answer-B--confident,room_assignment,F1,B,B,correct,supported,confident,In which room does Lantern Workshop hold its event?,"Fictional workshop record: Lantern Workshop.
Each line names a value and the separate field it belongs to.
Amber Studio: staff room
Azure Studio: event room","Unequivocally, the event for Lantern Workshop takes place in Azure Studio.",16,2.1412413120269775,67,82,83,Azure Studio,80,82,3.350744193435594,-0.38389043508449383,-2.6258904611953238
v3-room_assignment-01,v3-room_assignment-01--B--answer-B--hedged,room_assignment,F1,B,B,correct,supported,hedged,In which room does Lantern Workshop hold its event?,"Fictional workshop record: Lantern Workshop.
Each line names a value and the separate field it belongs to.
Amber Studio: staff room
Azure Studio: event room","As far as I can tell, the event for Lantern Workshop takes place in Azure Studio.",18,2.3468644618988037,67,84,85,Azure Studio,82,84,2.0855956361942476,-4.243066574127932,-5.233339815974795
v3-room_assignment-01,v3-room_assignment-01--B--answer-B--neutral,room_assignment,F1,B,B,correct,supported,neutral,In which room does Lantern Workshop hold its event?,"Fictional workshop record: Lantern Workshop.
Each line names a value and the separate field it belongs to.
Amber Studio: staff room
Azure Studio: event room",The event for Lantern Workshop takes place in Azure Studio.,11,2.0355441570281982,67,77,78,Azure Studio,75,77,3.2758314484656887,-2.3371319474444174,-4.2546275122058566
v3-room_assignment-01,v3-room_assignment-01--omitted--answer-A--neutral,room_assignment,F1,omitted,A,,absent,neutral,In which room does Lantern Workshop hold its event?,"Fictional workshop record: Lantern Workshop.
Each line names a value and the separate field it belongs to.
Amber Studio: break room
Azure Studio: staff room",The event for Lantern Workshop takes place in Amber Studio.,11,2.209481716156006,67,77,78,Amber Studio,75,77,3.285702595804155,-2.0956684886802357,-4.333790201601684
v3-room_assignment-01,v3-room_assignment-01--omitted--answer-B--neutral,room_assignment,F1,omitted,B,,absent,neutral,In which room does Lantern Workshop hold its event?,"Fictional workshop record: Lantern Workshop.
Each line names a value and the separate field it belongs to.
Amber Studio: break room
Azure Studio: staff room",The event for Lantern Workshop takes place in Azure Studio.,11,2.299123525619507,67,77,78,Azure Studio,75,77,3.347261423683869,-2.275867763318522,-4.170500012930625
v3-room_assignment-02,v3-room_assignment-02--A--answer-A--confident,room_assignment,F2,A,A,correct,supported,confident,In which room does Ripple Workshop hold its event?,"Fictional workshop record: Ripple Workshop.
Each line names a value and the separate field it belongs to.
Scarlet Studio: staff room
Indigo Studio: event room",The event for Ripple Workshop takes place in Indigo Studio. I have no reservations about that answer.,20,3.0371241569519043,68,87,88,Indigo Studio,76,79,2.1460971761971575,-0.5510096223540811,-4.053440784126493
v3-room_assignment-02,v3-room_assignment-02--A--answer-A--hedged,room_assignment,F2,A,A,correct,supported,hedged,In which room does Ripple Workshop hold its event?,"Fictional workshop record: Ripple Workshop.
Each line names a value and the separate field it belongs to.
Scarlet Studio: staff room
Indigo Studio: event room",The event for Ripple Workshop takes place in Indigo Studio. I have some reservations about that answer.,20,3.141282320022583,68,87,88,Indigo Studio,76,79,-2.4379856194555094,-9.188444021897476,-6.198011250199197
v3-room_assignment-02,v3-room_assignment-02--A--answer-A--neutral,room_assignment,F2,A,A,correct,supported,neutral,In which room does Ripple Workshop hold its event?,"Fictional workshop record: Ripple Workshop.
Each line names a value and the separate field it belongs to.
Scarlet Studio: staff room
Indigo Studio: event room",The event for Ripple Workshop takes place in Indigo Studio.,12,1.7528777122497559,68,79,80,Indigo Studio,76,79,3.280315137225469,-2.070481513496223,-4.427210830484574
v3-room_assignment-02,v3-room_assignment-02--A--answer-B--confident,room_assignment,F2,A,B,incorrect,contradicted,confident,In which room does Ripple Workshop hold its event?,"Fictional workshop record: Ripple Workshop.
Each line names a value and the separate field it belongs to.
Scarlet Studio: staff room
Indigo Studio: event room",The event for Ripple Workshop takes place in Scarlet Studio. I have no reservations about that answer.,19,3.288876533508301,68,86,87,Scarlet Studio,76,78,2.2633986074322543,-0.1709792132110749,-4.036363406483261
v3-room_assignment-02,v3-room_assignment-02--A--answer-B--hedged,room_assignment,F2,A,B,incorrect,contradicted,hedged,In which room does Ripple Workshop hold its event?,"Fictional workshop record: Ripple Workshop.
Each line names a value and the separate field it belongs to.
Scarlet Studio: staff room
Indigo Studio: event room",The event for Ripple Workshop takes place in Scarlet Studio. I have some reservations about that answer.,19,3.267385482788086,68,86,87,Scarlet Studio,76,78,-2.381608090392504,-9.133845172554183,-6.372229694451379
v3-room_assignment-02,v3-room_assignment-02--A--answer-B--neutral,room_assignment,F2,A,B,incorrect,contradicted,neutral,In which room does Ripple Workshop hold its event?,"Fictional workshop record: Ripple Workshop.
Each line names a value and the separate field it belongs to.
Scarlet Studio: staff room
Indigo Studio: event room",The event for Ripple Workshop takes place in Scarlet Studio.,11,2.092961311340332,68,78,79,Scarlet Studio,76,78,3.1442597269735835,-2.3299433917758643,-4.488836999106088
v3-room_assignment-02,v3-room_assignment-02--B--answer-A--confident,room_assignment,F2,B,A,incorrect,contradicted,confident,In which room does Ripple Workshop hold its event?,"Fictional workshop record: Ripple Workshop.
Each line names a value and the separate field it belongs to.
Scarlet Studio: event room
Indigo Studio: staff room",The event for Ripple Workshop takes place in Indigo Studio. I have no reservations about that answer.,20,3.2362122535705566,68,87,88,Indigo Studio,76,79,2.1689037555654327,-0.5613117190676146,-4.021189163774299
v3-room_assignment-02,v3-room_assignment-02--B--answer-A--hedged,room_assignment,F2,B,A,incorrect,contradicted,hedged,In which room does Ripple Workshop hold its event?,"Fictional workshop record: Ripple Workshop.
Each line names a value and the separate field it belongs to.
Scarlet Studio: event room
Indigo Studio: staff room",The event for Ripple Workshop takes place in Indigo Studio. I have some reservations about that answer.,20,3.330413341522217,68,87,88,Indigo Studio,76,79,-2.4065195002384723,-9.249118618231755,-6.154019878161795
v3-room_assignment-02,v3-room_assignment-02--B--answer-A--neutral,room_assignment,F2,B,A,incorrect,contradicted,neutral,In which room does Ripple Workshop hold its event?,"Fictional workshop record: Ripple Workshop.
Each line names a value and the separate field it belongs to.
Scarlet Studio: event room
Indigo Studio: staff room",The event for Ripple Workshop takes place in Indigo Studio.,12,2.2207038402557373,68,79,80,Indigo Studio,76,79,3.308259473974664,-2.141011579884616,-4.36285164453942
v3-room_assignment-02,v3-room_assignment-02--B--answer-B--confident,room_assignment,F2,B,B,correct,supported,confident,In which room does Ripple Workshop hold its event?,"Fictional workshop record: Ripple Workshop.
Each line names a value and the separate field it belongs to.
Scarlet Studio: event room
Indigo Studio: staff room",The event for Ripple Workshop takes place in Scarlet Studio. I have no reservations about that answer.,19,2.988452196121216,68,86,87,Scarlet Studio,76,78,2.216309428746094,-0.1545185274807892,-3.9735464501937736
v3-room_assignment-02,v3-room_assignment-02--B--answer-B--hedged,room_assignment,F2,B,B,correct,supported,hedged,In which room does Ripple Workshop hold its event?,"Fictional workshop record: Ripple Workshop.
Each line names a value and the separate field it belongs to.
Scarlet Studio: event room
Indigo Studio: staff room",The event for Ripple Workshop takes place in Scarlet Studio. I have some reservations about that answer.,19,2.9765079021453857,68,86,87,Scarlet Studio,76,78,-2.3529041837784286,-9.145566711315718,-6.329826462138549
v3-room_assignment-02,v3-room_assignment-02--B--answer-B--neutral,room_assignment,F2,B,B,correct,supported,neutral,In which room does Ripple Workshop hold its event?,"Fictional workshop record: Ripple Workshop.
Each line names a value and the separate field it belongs to.
Scarlet Studio: event room
Indigo Studio: staff room",The event for Ripple Workshop takes place in Scarlet Studio.,11,1.5731700658798218,68,78,79,Scarlet Studio,76,78,3.2229680062305563,-2.383487253580687,-4.42617219617385
v3-room_assignment-02,v3-room_assignment-02--omitted--answer-A--neutral,room_assignment,F2,omitted,A,,absent,neutral,In which room does Ripple Workshop hold its event?,"Fictional workshop record: Ripple Workshop.
Each line names a value and the separate field it belongs to.
Scarlet Studio: staff room
Indigo Studio: break room",The event for Ripple Workshop takes place in Indigo Studio.,12,1.831433892250061,68,79,80,Indigo Studio,76,79,3.384466436807008,-2.0525426026866485,-4.363581257594651
v3-room_assignment-02,v3-room_assignment-02--omitted--answer-B--neutral,room_assignment,F2,omitted,B,,absent,neutral,In which room does Ripple Workshop hold its event?,"Fictional workshop record: Ripple Workshop.
Each line names a value and the separate field it belongs to.
Scarlet Studio: staff room
Indigo Studio: break room",The event for Ripple Workshop takes place in Scarlet Studio.,11,1.9961521625518799,68,78,79,Scarlet Studio,76,78,3.2857362321192856,-2.2064496305313446,-4.409509342057271
v3-room_assignment-03,v3-room_assignment-03--A--answer-A--confident,room_assignment,F3,A,A,correct,supported,confident,In which room does Harbor Workshop hold its event?,"Fictional workshop record: Harbor Workshop.
Each line names a value and the separate field it belongs to.
Ivory Studio: event room
Sienna Studio: staff room",The event for Harbor Workshop takes place in Ivory Studio. I would give that answer without any further qualification.,21,3.4689793586730957,69,89,90,Ivory Studio,77,79,2.919705766009578,-2.099895427523502,-4.59890900481463
v3-room_assignment-03,v3-room_assignment-03--A--answer-A--hedged,room_assignment,F3,A,A,correct,supported,hedged,In which room does Harbor Workshop hold its event?,"Fictional workshop record: Harbor Workshop.
Each line names a value and the separate field it belongs to.
Ivory Studio: event room
Sienna Studio: staff room","My answer, subject to revision, is that the event for Harbor Workshop takes place in Ivory Studio.",20,2.8719136714935303,69,88,89,Ivory Studio,86,88,1.2828997256378347,-3.918982288269765,-5.770407047649425
v3-room_assignment-03,v3-room_assignment-03--A--answer-A--neutral,room_assignment,F3,A,A,correct,supported,neutral,In which room does Harbor Workshop hold its event?,"Fictional workshop record: Harbor Workshop.
Each line names a value and the separate field it belongs to.
Ivory Studio: event room
Sienna Studio: staff room",The event for Harbor Workshop takes place in Ivory Studio.,11,2.4300501346588135,69,79,80,Ivory Studio,77,79,3.1754803528143065,-2.458788424548141,-4.720877624890667
v3-room_assignment-03,v3-room_assignment-03--A--answer-B--confident,room_assignment,F3,A,B,incorrect,contradicted,confident,In which room does Harbor Workshop hold its event?,"Fictional workshop record: Harbor Workshop.
Each line names a value and the separate field it belongs to.
Ivory Studio: event room
Sienna Studio: staff room",The event for Harbor Workshop takes place in Sienna Studio. I would give that answer without any further qualification.,22,3.421926975250244,69,90,91,Sienna Studio,77,80,2.9009415009120127,-2.103033568626805,-4.460940089788964
v3-room_assignment-03,v3-room_assignment-03--A--answer-B--hedged,room_assignment,F3,A,B,incorrect,contradicted,hedged,In which room does Harbor Workshop hold its event?,"Fictional workshop record: Harbor Workshop.
Each line names a value and the separate field it belongs to.
Ivory Studio: event room
Sienna Studio: staff room","My answer, subject to revision, is that the event for Harbor Workshop takes place in Sienna Studio.",21,2.9015109539031982,69,89,90,Sienna Studio,86,89,1.4642787558467516,-4.05379543550258,-5.56080140695973
v3-room_assignment-03,v3-room_assignment-03--A--answer-B--neutral,room_assignment,F3,A,B,incorrect,contradicted,neutral,In which room does Harbor Workshop hold its event?,"Fictional workshop record: Harbor Workshop.
Each line names a value and the separate field it belongs to.
Ivory Studio: event room
Sienna Studio: staff room",The event for Harbor Workshop takes place in Sienna Studio.,12,2.4901230335235596,69,80,81,Sienna Studio,77,80,3.169570880862222,-2.4028504882675517,-4.492896917033922
v3-room_assignment-03,v3-room_assignment-03--B--answer-A--confident,room_assignment,F3,B,A,incorrect,contradicted,confident,In which room does Harbor Workshop hold its event?,"Fictional workshop record: Harbor Workshop.
Each line names a value and the separate field it belongs to.
Ivory Studio: staff room
Sienna Studio: event room",The event for Harbor Workshop takes place in Ivory Studio. I would give that answer without any further qualification.,21,3.61360239982605,69,89,90,Ivory Studio,77,79,2.91692583083098,-2.134784471271395,-4.638248830695402
v3-room_assignment-03,v3-room_assignment-03--B--answer-A--hedged,room_assignment,F3,B,A,incorrect,contradicted,hedged,In which room does Harbor Workshop hold its event?,"Fictional workshop record: Harbor Workshop.
Each line names a value and the separate field it belongs to.
Ivory Studio: staff room
Sienna Studio: event room","My answer, subject to revision, is that the event for Harbor Workshop takes place in Ivory Studio.",20,3.0336384773254395,69,88,89,Ivory Studio,86,88,1.2004332901384887,-3.97235996152329,-5.851131511338261
v3-room_assignment-03,v3-room_assignment-03--B--answer-A--neutral,room_assignment,F3,B,A,incorrect,contradicted,neutral,In which room does Harbor Workshop hold its event?,"Fictional workshop record: Harbor Workshop.
Each line names a value and the separate field it belongs to.
Ivory Studio: staff room
Sienna Studio: event room",The event for Harbor Workshop takes place in Ivory Studio.,11,2.697669744491577,69,79,80,Ivory Studio,77,79,3.1277303224933783,-2.4290917674474928,-4.798509982110568
v3-room_assignment-03,v3-room_assignment-03--B--answer-B--confident,room_assignment,F3,B,B,correct,supported,confident,In which room does Harbor Workshop hold its event?,"Fictional workshop record: Harbor Workshop.
Each line names a value and the separate field it belongs to.
Ivory Studio: staff room
Sienna Studio: event room",The event for Harbor Workshop takes place in Sienna Studio. I would give that answer without any further qualification.,22,3.3558602333068848,69,90,91,Sienna Studio,77,80,2.8542629667014823,-2.1452373148757977,-4.5267578063789955
v3-room_assignment-03,v3-room_assignment-03--B--answer-B--hedged,room_assignment,F3,B,B,correct,supported,hedged,In which room does Harbor Workshop hold its event?,"Fictional workshop record: Harbor Workshop.
Each line names a value and the separate field it belongs to.
Ivory Studio: staff room
Sienna Studio: event room","My answer, subject to revision, is that the event for Harbor Workshop takes place in Sienna Studio.",21,2.817755699157715,69,89,90,Sienna Studio,86,89,1.3896605989731667,-4.140378031834192,-5.6429070567353685
v3-room_assignment-03,v3-room_assignment-03--B--answer-B--neutral,room_assignment,F3,B,B,correct,supported,neutral,In which room does Harbor Workshop hold its event?,"Fictional workshop record: Harbor Workshop.
Each line names a value and the separate field it belongs to.
Ivory Studio: staff room
Sienna Studio: event room",The event for Harbor Workshop takes place in Sienna Studio.,12,2.2959654331207275,69,80,81,Sienna Studio,77,80,3.1065575054244725,-2.4064872484547726,-4.579676833457141
v3-room_assignment-03,v3-room_assignment-03--omitted--answer-A--neutral,room_assignment,F3,omitted,A,,absent,neutral,In which room does Harbor Workshop hold its event?,"Fictional workshop record: Harbor Workshop.
Each line names a value and the separate field it belongs to.
Ivory Studio: break room
Sienna Studio: staff room",The event for Harbor Workshop takes place in Ivory Studio.,11,2.5757932662963867,69,79,80,Ivory Studio,77,79,3.314338192321386,-2.363483340863856,-4.737154284475009
v3-room_assignment-03,v3-room_assignment-03--omitted--answer-B--neutral,room_assignment,F3,omitted,B,,absent,neutral,In which room does Harbor Workshop hold its event?,"Fictional workshop record: Harbor Workshop.
Each line names a value and the separate field it belongs to.
Ivory Studio: break room
Sienna Studio: staff room",The event for Harbor Workshop takes place in Sienna Studio.,12,2.530210494995117,69,80,81,Sienna Studio,77,80,3.250299431594522,-2.2636666267846253,-4.484702969171079
v3-room_assignment-04,v3-room_assignment-04--A--answer-A--confident,room_assignment,F1,A,A,correct,supported,confident,In which room does Pebble Workshop hold its event?,"Fictional workshop record: Pebble Workshop.
Each line names a value and the separate field it belongs to.
Ochre Studio: staff room
Coral Studio: event room","Unequivocally, the event for Pebble Workshop takes place in Coral Studio.",17,2.1189963817596436,71,87,88,Coral Studio,85,87,3.4974978874082003,-0.1868694839123386,-2.6374570223852456
v3-room_assignment-04,v3-room_assignment-04--A--answer-A--hedged,room_assignment,F1,A,A,correct,supported,hedged,In which room does Pebble Workshop hold its event?,"Fictional workshop record: Pebble Workshop.
Each line names a value and the separate field it belongs to.
Ochre Studio: staff room
Coral Studio: event room","As far as I can tell, the event for Pebble Workshop takes place in Coral Studio.",19,2.4698657989501953,71,89,90,Coral Studio,87,89,2.1965507205950834,-4.0846336981133815,-5.2616288742710084
v3-room_assignment-04,v3-room_assignment-04--A--answer-A--neutral,room_assignment,F1,A,A,correct,supported,neutral,In which room does Pebble Workshop hold its event?,"Fictional workshop record: Pebble Workshop.
Each line names a value and the separate field it belongs to.
Ochre Studio: staff room
Coral Studio: event room",The event for Pebble Workshop takes place in Coral Studio.,12,2.173290729522705,71,82,83,Coral Studio,80,82,3.1178769035088805,-2.0740555194014867,-4.2148674849302505
v3-room_assignment-04,v3-room_assignment-04--A--answer-B--confident,room_assignment,F1,A,B,incorrect,contradicted,confident,In which room does Pebble Workshop hold its event?,"Fictional workshop record: Pebble Workshop.
Each line names a value and the separate field it belongs to.
Ochre Studio: staff room
Coral Studio: event room","Unequivocally, the event for Pebble Workshop takes place in Ochre Studio.",19,2.1530649662017822,71,89,90,Ochre Studio,85,89,3.5132153838849307,-0.402921413802519,-2.5805982263711664
v3-room_assignment-04,v3-room_assignment-04--A--answer-B--hedged,room_assignment,F1,A,B,incorrect,contradicted,hedged,In which room does Pebble Workshop hold its event?,"Fictional workshop record: Pebble Workshop.
Each line names a value and the separate field it belongs to.
Ochre Studio: staff room
Coral Studio: event room","As far as I can tell, the event for Pebble Workshop takes place in Ochre Studio.",21,2.424116611480713,71,91,92,Ochre Studio,87,91,2.331565301255808,-4.536414083945637,-5.072159232953865
v3-room_assignment-04,v3-room_assignment-04--A--answer-B--neutral,room_assignment,F1,A,B,incorrect,contradicted,neutral,In which room does Pebble Workshop hold its event?,"Fictional workshop record: Pebble Workshop.
Each line names a value and the separate field it belongs to.
Ochre Studio: staff room
Coral Studio: event room",The event for Pebble Workshop takes place in Ochre Studio.,14,2.1590418815612793,71,84,85,Ochre Studio,80,84,3.403965394281602,-2.5217929690404652,-4.067411377634957
v3-room_assignment-04,v3-room_assignment-04--B--answer-A--confident,room_assignment,F1,B,A,incorrect,contradicted,confident,In which room does Pebble Workshop hold its event?,"Fictional workshop record: Pebble Workshop.
Each line names a value and the separate field it belongs to.
Ochre Studio: event room
Coral Studio: staff room","Unequivocally, the event for Pebble Workshop takes place in Coral Studio.",17,2.109684944152832,71,87,88,Coral Studio,85,87,3.5199094712671375,-0.13509666300814227,-2.5644422156276647
v3-room_assignment-04,v3-room_assignment-04--B--answer-A--hedged,room_assignment,F1,B,A,incorrect,contradicted,hedged,In which room does Pebble Workshop hold its event?,"Fictional workshop record: Pebble Workshop.
Each line names a value and the separate field it belongs to.
Ochre Studio: event room
Coral Studio: staff room","As far as I can tell, the event for Pebble Workshop takes place in Coral Studio.",19,2.349482774734497,71,89,90,Coral Studio,87,89,2.2196371381101425,-4.01668189491245,-5.231264232518958
v3-room_assignment-04,v3-room_assignment-04--B--answer-A--neutral,room_assignment,F1,B,A,incorrect,contradicted,neutral,In which room does Pebble Workshop hold its event?,"Fictional workshop record: Pebble Workshop.
Each line names a value and the separate field it belongs to.
Ochre Studio: event room
Coral Studio: staff room",The event for Pebble Workshop takes place in Coral Studio.,12,2.184619188308716,71,82,83,Coral Studio,80,82,3.2008295669799365,-2.0768211703702644,-4.173245548658095
v3-room_assignment-04,v3-room_assignment-04--B--answer-B--confident,room_assignment,F1,B,B,correct,supported,confident,In which room does Pebble Workshop hold its event?,"Fictional workshop record: Pebble Workshop.
Each line names a value and the separate field it belongs to.
Ochre Studio: event room
Coral Studio: staff room","Unequivocally, the event for Pebble Workshop takes place in Ochre Studio.",19,1.9243959188461304,71,89,90,Ochre Studio,85,89,3.578250327055359,-0.35583325473907856,-2.492385497592764
v3-room_assignment-04,v3-room_assignment-04--B--answer-B--hedged,room_assignment,F1,B,B,correct,supported,hedged,In which room does Pebble Workshop hold its event?,"Fictional workshop record: Pebble Workshop.
Each line names a value and the separate field it belongs to.
Ochre Studio: event room
Coral Studio: staff room","As far as I can tell, the event for Pebble Workshop takes place in Ochre Studio.",21,2.1310439109802246,71,91,92,Ochre Studio,87,91,2.4506369855503065,-4.4862162593525134,-5.022189310187738
v3-room_assignment-04,v3-room_assignment-04--B--answer-B--neutral,room_assignment,F1,B,B,correct,supported,neutral,In which room does Pebble Workshop hold its event?,"Fictional workshop record: Pebble Workshop.
Each line names a value and the separate field it belongs to.
Ochre Studio: event room
Coral Studio: staff room",The event for Pebble Workshop takes place in Ochre Studio.,14,1.8689299821853638,71,84,85,Ochre Studio,80,84,3.3746759475610677,-2.5162283343416383,-3.9804047502287623
v3-room_assignment-04,v3-room_assignment-04--omitted--answer-A--neutral,room_assignment,F1,omitted,A,,absent,neutral,In which room does Pebble Workshop hold its event?,"Fictional workshop record: Pebble Workshop.
Each line names a value and the separate field it belongs to.
Ochre Studio: staff room
Coral Studio: break room",The event for Pebble Workshop takes place in Coral Studio.,12,2.3632147312164307,71,82,83,Coral Studio,80,82,3.26616226908913,-2.0255774182310224,-4.1473690771830345
v3-room_assignment-04,v3-room_assignment-04--omitted--answer-B--neutral,room_assignment,F1,omitted,B,,absent,neutral,In which room does Pebble Workshop hold its event?,"Fictional workshop record: Pebble Workshop.
Each line names a value and the separate field it belongs to.
Ochre Studio: staff room
Coral Studio: break room",The event for Pebble Workshop takes place in Ochre Studio.,14,1.818885087966919,71,84,85,Ochre Studio,80,84,3.4536842286981977,-2.455749200601768,-3.9935853176927774
v3-room_assignment-05,v3-room_assignment-05--A--answer-A--confident,room_assignment,F2,A,A,correct,supported,confident,In which room does Saffron Workshop hold its event?,"Fictional workshop record: Saffron Workshop.
Each line names a value and the separate field it belongs to.
Silver Studio: event room
Golden Studio: staff room",The event for Saffron Workshop takes place in Silver Studio. I have no reservations about that answer.,21,2.8508799076080322,70,90,91,Silver Studio,80,82,2.233393429487241,-0.3323395204775079,-3.8218700510583714
v3-room_assignment-05,v3-room_assignment-05--A--answer-A--hedged,room_assignment,F2,A,A,correct,supported,hedged,In which room does Saffron Workshop hold its event?,"Fictional workshop record: Saffron Workshop.
Each line names a value and the separate field it belongs to.
Silver Studio: event room
Golden Studio: staff room",The event for Saffron Workshop takes place in Silver Studio. I have some reservations about that answer.,21,2.8525211811065674,70,90,91,Silver Studio,80,82,-2.4545608489630637,-9.118997197917011,-5.9204976289558005
v3-room_assignment-05,v3-room_assignment-05--A--answer-A--neutral,room_assignment,F2,A,A,correct,supported,neutral,In which room does Saffron Workshop hold its event?,"Fictional workshop record: Saffron Workshop.
Each line names a value and the separate field it belongs to.
Silver Studio: event room
Golden Studio: staff room",The event for Saffron Workshop takes place in Silver Studio.,13,1.5465714931488037,70,82,83,Silver Studio,80,82,3.133483932594635,-2.1638915186576697,-4.126809516288515
v3-room_assignment-05,v3-room_assignment-05--A--answer-B--confident,room_assignment,F2,A,B,incorrect,contradicted,confident,In which room does Saffron Workshop hold its event?,"Fictional workshop record: Saffron Workshop.
Each line names a value and the separate field it belongs to.
Silver Studio: event room
Golden Studio: staff room",The event for Saffron Workshop takes place in Golden Studio. I have no reservations about that answer.,21,3.072232961654663,70,90,91,Golden Studio,80,82,2.1763665363268085,-0.5135440556792944,-3.7833220077311305
v3-room_assignment-05,v3-room_assignment-05--A--answer-B--hedged,room_assignment,F2,A,B,incorrect,contradicted,hedged,In which room does Saffron Workshop hold its event?,"Fictional workshop record: Saffron Workshop.
Each line names a value and the separate field it belongs to.
Silver Studio: event room
Golden Studio: staff room",The event for Saffron Workshop takes place in Golden Studio. I have some reservations about that answer.,21,3.1122379302978516,70,90,91,Golden Studio,80,82,-2.4912617143021962,-9.140409390994389,-5.843446864554643
v3-room_assignment-05,v3-room_assignment-05--A--answer-B--neutral,room_assignment,F2,A,B,incorrect,contradicted,neutral,In which room does Saffron Workshop hold its event?,"Fictional workshop record: Saffron Workshop.
Each line names a value and the separate field it belongs to.
Silver Studio: event room
Golden Studio: staff room",The event for Saffron Workshop takes place in Golden Studio.,13,2.0068235397338867,70,82,83,Golden Studio,80,82,3.1719265940680117,-2.008390381844751,-4.0425478981610095
v3-room_assignment-05,v3-room_assignment-05--B--answer-A--confident,room_assignment,F2,B,A,incorrect,contradicted,confident,In which room does Saffron Workshop hold its event?,"Fictional workshop record: Saffron Workshop.
Each line names a value and the separate field it belongs to.
Silver Studio: staff room
Golden Studio: event room",The event for Saffron Workshop takes place in Silver Studio. I have no reservations about that answer.,21,2.983691930770874,70,90,91,Silver Studio,80,82,2.227444308803773,-0.34978504881873923,-3.8443422188544716
v3-room_assignment-05,v3-room_assignment-05--B--answer-A--hedged,room_assignment,F2,B,A,incorrect,contradicted,hedged,In which room does Saffron Workshop hold its event?,"Fictional workshop record: Saffron Workshop.
Each line names a value and the separate field it belongs to.
Silver Studio: staff room
Golden Studio: event room",The event for Saffron Workshop takes place in Silver Studio. I have some reservations about that answer.,21,2.992384672164917,70,90,91,Silver Studio,80,82,-2.5797985098005523,-9.156508224546268,-5.943180975624602
v3-room_assignment-05,v3-room_assignment-05--B--answer-A--neutral,room_assignment,F2,B,A,incorrect,contradicted,neutral,In which room does Saffron Workshop hold its event?,"Fictional workshop record: Saffron Workshop.
Each line names a value and the separate field it belongs to.
Silver Studio: staff room
Golden Studio: event room",The event for Saffron Workshop takes place in Silver Studio.,13,1.8466824293136597,70,82,83,Silver Studio,80,82,3.1470596459396734,-2.1582460699473316,-4.1661827152916295
v3-room_assignment-05,v3-room_assignment-05--B--answer-B--confident,room_assignment,F2,B,B,correct,supported,confident,In which room does Saffron Workshop hold its event?,"Fictional workshop record: Saffron Workshop.
Each line names a value and the separate field it belongs to.
Silver Studio: staff room
Golden Studio: event room",The event for Saffron Workshop takes place in Golden Studio. I have no reservations about that answer.,21,2.9655308723449707,70,90,91,Golden Studio,80,82,2.1877780805102325,-0.44421710434987327,-3.7921624147361443
v3-room_assignment-05,v3-room_assignment-05--B--answer-B--hedged,room_assignment,F2,B,B,correct,supported,hedged,In which room does Saffron Workshop hold its event?,"Fictional workshop record: Saffron Workshop.
Each line names a value and the separate field it belongs to.
Silver Studio: staff room
Golden Studio: event room",The event for Saffron Workshop takes place in Golden Studio. I have some reservations about that answer.,21,3.0457839965820312,70,90,91,Golden Studio,80,82,-2.5927763200006173,-9.137411112744815,-5.8735363188835015
v3-room_assignment-05,v3-room_assignment-05--B--answer-B--neutral,room_assignment,F2,B,B,correct,supported,neutral,In which room does Saffron Workshop hold its event?,"Fictional workshop record: Saffron Workshop.
Each line names a value and the separate field it belongs to.
Silver Studio: staff room
Golden Studio: event room",The event for Saffron Workshop takes place in Golden Studio.,13,1.8063687086105347,70,82,83,Golden Studio,80,82,3.0980804459753006,-2.0055386737108734,-4.066525239936237
v3-room_assignment-05,v3-room_assignment-05--omitted--answer-A--neutral,room_assignment,F2,omitted,A,,absent,neutral,In which room does Saffron Workshop hold its event?,"Fictional workshop record: Saffron Workshop.
Each line names a value and the separate field it belongs to.
Silver Studio: break room
Golden Studio: staff room",The event for Saffron Workshop takes place in Silver Studio.,13,1.7234514951705933,70,82,83,Silver Studio,80,82,3.2176378533505368,-2.085601708281159,-4.1025749121259665
v3-room_assignment-05,v3-room_assignment-05--omitted--answer-B--neutral,room_assignment,F2,omitted,B,,absent,neutral,In which room does Saffron Workshop hold its event?,"Fictional workshop record: Saffron Workshop.
Each line names a value and the separate field it belongs to.
Silver Studio: break room
Golden Studio: staff room",The event for Saffron Workshop takes place in Golden Studio.,13,1.8656532764434814,70,82,83,Golden Studio,80,82,3.1580039587396014,-1.971377329208729,-4.005345337214827
v3-room_assignment-06,v3-room_assignment-06--A--answer-A--confident,room_assignment,F3,A,A,correct,supported,confident,In which room does Tinsel Workshop hold its event?,"Fictional workshop record: Tinsel Workshop.
Each line names a value and the separate field it belongs to.
Crimson Studio: staff room
Violet Studio: event room",The event for Tinsel Workshop takes place in Violet Studio. I would give that answer without any further qualification.,23,3.077427387237549,73,95,96,Violet Studio,83,85,2.7692381076705086,-2.238441905541509,-4.632245635652212
v3-room_assignment-06,v3-room_assignment-06--A--answer-A--hedged,room_assignment,F3,A,A,correct,supported,hedged,In which room does Tinsel Workshop hold its event?,"Fictional workshop record: Tinsel Workshop.
Each line names a value and the separate field it belongs to.
Crimson Studio: staff room
Violet Studio: event room","My answer, subject to revision, is that the event for Tinsel Workshop takes place in Violet Studio.",22,2.5726845264434814,73,94,95,Violet Studio,92,94,1.389815354574719,-3.872634046383304,-5.699243481582735
v3-room_assignment-06,v3-room_assignment-06--A--answer-A--neutral,room_assignment,F3,A,A,correct,supported,neutral,In which room does Tinsel Workshop hold its event?,"Fictional workshop record: Tinsel Workshop.
Each line names a value and the separate field it belongs to.
Crimson Studio: staff room
Violet Studio: event room",The event for Tinsel Workshop takes place in Violet Studio.,13,1.5512592792510986,73,85,86,Violet Studio,83,85,3.2529721849000186,-2.0704417462387665,-4.729418971081865
v3-room_assignment-06,v3-room_assignment-06--A--answer-B--confident,room_assignment,F3,A,B,incorrect,contradicted,confident,In which room does Tinsel Workshop hold its event?,"Fictional workshop record: Tinsel Workshop.
Each line names a value and the separate field it belongs to.
Crimson Studio: staff room
Violet Studio: event room",The event for Tinsel Workshop takes place in Crimson Studio. I would give that answer without any further qualification.,23,3.1858718395233154,73,95,96,Crimson Studio,83,85,2.751818845153002,-2.2515816569436913,-4.503481559734121
v3-room_assignment-06,v3-room_assignment-06--A--answer-B--hedged,room_assignment,F3,A,B,incorrect,contradicted,hedged,In which room does Tinsel Workshop hold its event?,"Fictional workshop record: Tinsel Workshop.
Each line names a value and the separate field it belongs to.
Crimson Studio: staff room
Violet Studio: event room","My answer, subject to revision, is that the event for Tinsel Workshop takes place in Crimson Studio.",22,2.6931381225585938,73,94,95,Crimson Studio,92,94,1.3648333023758015,-3.7972847558969836,-5.557999062259785
v3-room_assignment-06,v3-room_assignment-06--A--answer-B--neutral,room_assignment,F3,A,B,incorrect,contradicted,neutral,In which room does Tinsel Workshop hold its event?,"Fictional workshop record: Tinsel Workshop.
Each line names a value and the separate field it belongs to.
Crimson Studio: staff room
Violet Studio: event room",The event for Tinsel Workshop takes place in Crimson Studio.,13,1.8410674333572388,73,85,86,Crimson Studio,83,85,3.1334762180293754,-2.1877240429628726,-4.466049616259976
v3-room_assignment-06,v3-room_assignment-06--B--answer-A--confident,room_assignment,F3,B,A,incorrect,contradicted,confident,In which room does Tinsel Workshop hold its event?,"Fictional workshop record: Tinsel Workshop.
Each line names a value and the separate field it belongs to.
Crimson Studio: event room
Violet Studio: staff room",The event for Tinsel Workshop takes place in Violet Studio. I would give that answer without any further qualification.,23,3.307011127471924,73,95,96,Violet Studio,83,85,2.7982673748859592,-2.237495021595652,-4.609082207174987
v3-room_assignment-06,v3-room_assignment-06--B--answer-A--hedged,room_assignment,F3,B,A,incorrect,contradicted,hedged,In which room does Tinsel Workshop hold its event?,"Fictional workshop record: Tinsel Workshop.
Each line names a value and the separate field it belongs to.
Crimson Studio: event room
Violet Studio: staff room","My answer, subject to revision, is that the event for Tinsel Workshop takes place in Violet Studio.",22,2.8281824588775635,73,94,95,Violet Studio,92,94,1.3504746788134336,-3.878433563526562,-5.671790065159807
v3-room_assignment-06,v3-room_assignment-06--B--answer-A--neutral,room_assignment,F3,B,A,incorrect,contradicted,neutral,In which room does Tinsel Workshop hold its event?,"Fictional workshop record: Tinsel Workshop.
Each line names a value and the separate field it belongs to.
Crimson Studio: event room
Violet Studio: staff room",The event for Tinsel Workshop takes place in Violet Studio.,13,2.018056869506836,73,85,86,Violet Studio,83,85,3.3392635887775857,-2.015359597244113,-4.689885494695012
v3-room_assignment-06,v3-room_assignment-06--B--answer-B--confident,room_assignment,F3,B,B,correct,supported,confident,In which room does Tinsel Workshop hold its event?,"Fictional workshop record: Tinsel Workshop.
Each line names a value and the separate field it belongs to.
Crimson Studio: event room
Violet Studio: staff room",The event for Tinsel Workshop takes place in Crimson Studio. I would give that answer without any further qualification.,23,2.8340539932250977,73,95,96,Crimson Studio,83,85,2.846847568831606,-2.2672958271597454,-4.478937647703297
v3-room_assignment-06,v3-room_assignment-06--B--answer-B--hedged,room_assignment,F3,B,B,correct,supported,hedged,In which room does Tinsel Workshop hold its event?,"Fictional workshop record: Tinsel Workshop.
Each line names a value and the separate field it belongs to.
Crimson Studio: event room
Violet Studio: staff room","My answer, subject to revision, is that the event for Tinsel Workshop takes place in Crimson Studio.",22,2.43467116355896,73,94,95,Crimson Studio,92,94,1.313495944612197,-3.751783177619979,-5.532017208201124
v3-room_assignment-06,v3-room_assignment-06--B--answer-B--neutral,room_assignment,F3,B,B,correct,supported,neutral,In which room does Tinsel Workshop hold its event?,"Fictional workshop record: Tinsel Workshop.
Each line names a value and the separate field it belongs to.
Crimson Studio: event room
Violet Studio: staff room",The event for Tinsel Workshop takes place in Crimson Studio.,13,1.2139410972595215,73,85,86,Crimson Studio,83,85,3.2560632130007723,-2.124040910645002,-4.435055237983027
v3-room_assignment-06,v3-room_assignment-06--omitted--answer-A--neutral,room_assignment,F3,omitted,A,,absent,neutral,In which room does Tinsel Workshop hold its event?,"Fictional workshop record: Tinsel Workshop.
Each line names a value and the separate field it belongs to.
Crimson Studio: staff room
Violet Studio: break room",The event for Tinsel Workshop takes place in Violet Studio.,13,1.714748501777649,73,85,86,Violet Studio,83,85,3.29768993746577,-2.1641455047202576,-4.753655767585856
v3-room_assignment-06,v3-room_assignment-06--omitted--answer-B--neutral,room_assignment,F3,omitted,B,,absent,neutral,In which room does Tinsel Workshop hold its event?,"Fictional workshop record: Tinsel Workshop.
Each line names a value and the separate field it belongs to.
Crimson Studio: staff room
Violet Studio: break room",The event for Tinsel Workshop takes place in Crimson Studio.,13,1.6465836763381958,73,85,86,Crimson Studio,83,85,3.322463935121795,-2.120181757793132,-4.468357590159115
v3-room_assignment-07,v3-room_assignment-07--A--answer-A--confident,room_assignment,F1,A,A,correct,supported,confident,In which room does Loom Workshop hold its event?,"Fictional workshop record: Loom Workshop.
Each line names a value and the separate field it belongs to.
Honey Studio: event room
Rust Studio: staff room","Unequivocally, the event for Loom Workshop takes place in Honey Studio.",17,2.0733373165130615,70,86,87,Honey Studio,84,86,3.4201830433756957,-0.3709559401751532,-2.82890723953453
v3-room_assignment-07,v3-room_assignment-07--A--answer-A--hedged,room_assignment,F1,A,A,correct,supported,hedged,In which room does Loom Workshop hold its event?,"Fictional workshop record: Loom Workshop.
Each line names a value and the separate field it belongs to.
Honey Studio: event room
Rust Studio: staff room","As far as I can tell, the event for Loom Workshop takes place in Honey Studio.",19,2.356306314468384,70,88,89,Honey Studio,86,88,2.0563927335519643,-4.314649183285123,-5.527135260724982
v3-room_assignment-07,v3-room_assignment-07--A--answer-A--neutral,room_assignment,F1,A,A,correct,supported,neutral,In which room does Loom Workshop hold its event?,"Fictional workshop record: Loom Workshop.
Each line names a value and the separate field it belongs to.
Honey Studio: event room
Rust Studio: staff room",The event for Loom Workshop takes place in Honey Studio.,12,2.013455629348755,70,81,82,Honey Studio,79,81,3.1917016117522614,-2.229724173436359,-4.677634825229736
v3-room_assignment-07,v3-room_assignment-07--A--answer-B--confident,room_assignment,F1,A,B,incorrect,contradicted,confident,In which room does Loom Workshop hold its event?,"Fictional workshop record: Loom Workshop.
Each line names a value and the separate field it belongs to.
Honey Studio: event room
Rust Studio: staff room","Unequivocally, the event for Loom Workshop takes place in Rust Studio.",17,2.3526337146759033,70,86,87,Rust Studio,84,86,3.3902454623622647,-0.21969445436342872,-2.7861442326059858
v3-room_assignment-07,v3-room_assignment-07--A--answer-B--hedged,room_assignment,F1,A,B,incorrect,contradicted,hedged,In which room does Loom Workshop hold its event?,"Fictional workshop record: Loom Workshop.
Each line names a value and the separate field it belongs to.
Honey Studio: event room
Rust Studio: staff room","As far as I can tell, the event for Loom Workshop takes place in Rust Studio.",19,2.5216948986053467,70,88,89,Rust Studio,86,88,2.048166358146806,-4.109875740470775,-5.523361694789233
v3-room_assignment-07,v3-room_assignment-07--A--answer-B--neutral,room_assignment,F1,A,B,incorrect,contradicted,neutral,In which room does Loom Workshop hold its event?,"Fictional workshop record: Loom Workshop.
Each line names a value and the separate field it belongs to.
Honey Studio: event room
Rust Studio: staff room",The event for Loom Workshop takes place in Rust Studio.,12,2.4601099491119385,70,81,82,Rust Studio,79,81,3.1515489804988057,-2.2068196655836485,-4.629209911767912
v3-room_assignment-07,v3-room_assignment-07--B--answer-A--confident,room_assignment,F1,B,A,incorrect,contradicted,confident,In which room does Loom Workshop hold its event?,"Fictional workshop record: Loom Workshop.
Each line names a value and the separate field it belongs to.
Honey Studio: staff room
Rust Studio: event room","Unequivocally, the event for Loom Workshop takes place in Honey Studio.",17,2.282590866088867,70,86,87,Honey Studio,84,86,3.459397543516076,-0.3893528457471944,-2.880323474820279
v3-room_assignment-07,v3-room_assignment-07--B--answer-A--hedged,room_assignment,F1,B,A,incorrect,contradicted,hedged,In which room does Loom Workshop hold its event?,"Fictional workshop record: Loom Workshop.
Each line names a value and the separate field it belongs to.
Honey Studio: staff room
Rust Studio: event room","As far as I can tell, the event for Loom Workshop takes place in Honey Studio.",19,2.655130386352539,70,88,89,Honey Studio,86,88,2.123701437783731,-4.340365172836077,-5.563193140686401
v3-room_assignment-07,v3-room_assignment-07--B--answer-A--neutral,room_assignment,F1,B,A,incorrect,contradicted,neutral,In which room does Loom Workshop hold its event?,"Fictional workshop record: Loom Workshop.
Each line names a value and the separate field it belongs to.
Honey Studio: staff room
Rust Studio: event room",The event for Loom Workshop takes place in Honey Studio.,12,2.3656532764434814,70,81,82,Honey Studio,79,81,3.2261253654673716,-2.2715206722138195,-4.7110248578635385
v3-room_assignment-07,v3-room_assignment-07--B--answer-B--confident,room_assignment,F1,B,B,correct,supported,confident,In which room does Loom Workshop hold its event?,"Fictional workshop record: Loom Workshop.
Each line names a value and the separate field it belongs to.
Honey Studio: staff room
Rust Studio: event room","Unequivocally, the event for Loom Workshop takes place in Rust Studio.",17,2.01930832862854,70,86,87,Rust Studio,84,86,3.3671571693085047,-0.32928891420103645,-2.846381609428313
v3-room_assignment-07,v3-room_assignment-07--B--answer-B--hedged,room_assignment,F1,B,B,correct,supported,hedged,In which room does Loom Workshop hold its event?,"Fictional workshop record: Loom Workshop.
Each line names a value and the separate field it belongs to.
Honey Studio: staff room
Rust Studio: event room","As far as I can tell, the event for Loom Workshop takes place in Rust Studio.",19,2.4419727325439453,70,88,89,Rust Studio,86,88,2.0351628819170497,-4.262474305822952,-5.583230067079145
v3-room_assignment-07,v3-room_assignment-07--B--answer-B--neutral,room_assignment,F1,B,B,correct,supported,neutral,In which room does Loom Workshop hold its event?,"Fictional workshop record: Loom Workshop.
Each line names a value and the separate field it belongs to.
Honey Studio: staff room
Rust Studio: event room",The event for Loom Workshop takes place in Rust Studio.,12,1.902436375617981,70,81,82,Rust Studio,79,81,3.15123217287044,-2.2424348975374326,-4.700028756737059
v3-room_assignment-07,v3-room_assignment-07--omitted--answer-A--neutral,room_assignment,F1,omitted,A,,absent,neutral,In which room does Loom Workshop hold its event?,"Fictional workshop record: Loom Workshop.
Each line names a value and the separate field it belongs to.
Honey Studio: break room
Rust Studio: staff room",The event for Loom Workshop takes place in Honey Studio.,12,2.0635149478912354,70,81,82,Honey Studio,79,81,3.3476745515327515,-2.114799913629452,-4.672151461582079
v3-room_assignment-07,v3-room_assignment-07--omitted--answer-B--neutral,room_assignment,F1,omitted,B,,absent,neutral,In which room does Loom Workshop hold its event?,"Fictional workshop record: Loom Workshop.
Each line names a value and the separate field it belongs to.
Honey Studio: break room
Rust Studio: staff room",The event for Loom Workshop takes place in Rust Studio.,12,2.0846164226531982,70,81,82,Rust Studio,79,81,3.1971736585770594,-2.105354721418056,-4.63654759383466
v3-room_assignment-08,v3-room_assignment-08--A--answer-A--confident,room_assignment,F2,A,A,correct,supported,confident,In which room does Marigold Workshop hold its event?,"Fictional workshop record: Marigold Workshop.
Each line names a value and the separate field it belongs to.
Teal Studio: staff room
Pearl Studio: event room",The event for Marigold Workshop takes place in Pearl Studio. I have no reservations about that answer.,21,2.8929498195648193,72,92,93,Pearl Studio,82,84,2.268798867312137,-0.3086933117775359,-3.8264377620440246
v3-room_assignment-08,v3-room_assignment-08--A--answer-A--hedged,room_assignment,F2,A,A,correct,supported,hedged,In which room does Marigold Workshop hold its event?,"Fictional workshop record: Marigold Workshop.
Each line names a value and the separate field it belongs to.
Teal Studio: staff room
Pearl Studio: event room",The event for Marigold Workshop takes place in Pearl Studio. I have some reservations about that answer.,21,2.951824426651001,72,92,93,Pearl Studio,82,84,-2.4232386471493474,-9.36035942079263,-5.939872833185463
v3-room_assignment-08,v3-room_assignment-08--A--answer-A--neutral,room_assignment,F2,A,A,correct,supported,neutral,In which room does Marigold Workshop hold its event?,"Fictional workshop record: Marigold Workshop.
Each line names a value and the separate field it belongs to.
Teal Studio: staff room
Pearl Studio: event room",The event for Marigold Workshop takes place in Pearl Studio.,13,1.5320013761520386,72,84,85,Pearl Studio,82,84,3.3053494920726063,-1.662419630379654,-4.143778628137665
v3-room_assignment-08,v3-room_assignment-08--A--answer-B--confident,room_assignment,F2,A,B,incorrect,contradicted,confident,In which room does Marigold Workshop hold its event?,"Fictional workshop record: Marigold Workshop.
Each line names a value and the separate field it belongs to.
Teal Studio: staff room
Pearl Studio: event room",The event for Marigold Workshop takes place in Teal Studio. I have no reservations about that answer.,22,2.9986443519592285,72,93,94,Teal Studio,82,85,2.445722149617794,-0.25481706879103416,-3.9789466273415273
v3-room_assignment-08,v3-room_assignment-08--A--answer-B--hedged,room_assignment,F2,A,B,incorrect,contradicted,hedged,In which room does Marigold Workshop hold its event?,"Fictional workshop record: Marigold Workshop.
Each line names a value and the separate field it belongs to.
Teal Studio: staff room
Pearl Studio: event room",The event for Marigold Workshop takes place in Teal Studio. I have some reservations about that answer.,22,2.9686803817749023,72,93,94,Teal Studio,82,85,-2.3193703586839427,-9.305170825390526,-6.018972198877448
v3-room_assignment-08,v3-room_assignment-08--A--answer-B--neutral,room_assignment,F2,A,B,incorrect,contradicted,neutral,In which room does Marigold Workshop hold its event?,"Fictional workshop record: Marigold Workshop.
Each line names a value and the separate field it belongs to.
Teal Studio: staff room
Pearl Studio: event room",The event for Marigold Workshop takes place in Teal Studio.,14,1.789218783378601,72,85,86,Teal Studio,82,85,3.4279498455558315,-2.373743119618209,-4.338155502959831
v3-room_assignment-08,v3-room_assignment-08--B--answer-A--confident,room_assignment,F2,B,A,incorrect,contradicted,confident,In which room does Marigold Workshop hold its event?,"Fictional workshop record: Marigold Workshop.
Each line names a value and the separate field it belongs to.
Teal Studio: event room
Pearl Studio: staff room",The event for Marigold Workshop takes place in Pearl Studio. I have no reservations about that answer.,21,2.9830539226531982,72,92,93,Pearl Studio,82,84,2.3404751018238485,-0.3087101242986089,-3.8359339817930667
v3-room_assignment-08,v3-room_assignment-08--B--answer-A--hedged,room_assignment,F2,B,A,incorrect,contradicted,hedged,In which room does Marigold Workshop hold its event?,"Fictional workshop record: Marigold Workshop.
Each line names a value and the separate field it belongs to.
Teal Studio: event room
Pearl Studio: staff room",The event for Marigold Workshop takes place in Pearl Studio. I have some reservations about that answer.,21,3.015615224838257,72,92,93,Pearl Studio,82,84,-2.3711432412967914,-9.308013424789177,-5.942054251415276
v3-room_assignment-08,v3-room_assignment-08--B--answer-A--neutral,room_assignment,F2,B,A,incorrect,contradicted,neutral,In which room does Marigold Workshop hold its event?,"Fictional workshop record: Marigold Workshop.
Each line names a value and the separate field it belongs to.
Teal Studio: event room
Pearl Studio: staff room",The event for Marigold Workshop takes place in Pearl Studio.,13,1.7623770236968994,72,84,85,Pearl Studio,82,84,3.3330257240849335,-1.8089981736312988,-4.157646641043788
v3-room_assignment-08,v3-room_assignment-08--B--answer-B--confident,room_assignment,F2,B,B,correct,supported,confident,In which room does Marigold Workshop hold its event?,"Fictional workshop record: Marigold Workshop.
Each line names a value and the separate field it belongs to.
Teal Studio: event room
Pearl Studio: staff room",The event for Marigold Workshop takes place in Teal Studio. I have no reservations about that answer.,22,2.6266069412231445,72,93,94,Teal Studio,82,85,2.4675266626207564,-0.2913587358568659,-3.95513878336149
v3-room_assignment-08,v3-room_assignment-08--B--answer-B--hedged,room_assignment,F2,B,B,correct,supported,hedged,In which room does Marigold Workshop hold its event?,"Fictional workshop record: Marigold Workshop.
Each line names a value and the separate field it belongs to.
Teal Studio: event room
Pearl Studio: staff room",The event for Marigold Workshop takes place in Teal Studio. I have some reservations about that answer.,22,2.6041738986968994,72,93,94,Teal Studio,82,85,-2.2962932590057217,-9.219059397573353,-6.007793671774804
v3-room_assignment-08,v3-room_assignment-08--B--answer-B--neutral,room_assignment,F2,B,B,correct,supported,neutral,In which room does Marigold Workshop hold its event?,"Fictional workshop record: Marigold Workshop.
Each line names a value and the separate field it belongs to.
Teal Studio: event room
Pearl Studio: staff room",The event for Marigold Workshop takes place in Teal Studio.,14,1.236165165901184,72,85,86,Teal Studio,82,85,3.405276718998313,-2.50729068909574,-4.321616746336863
v3-room_assignment-08,v3-room_assignment-08--omitted--answer-A--neutral,room_assignment,F2,omitted,A,,absent,neutral,In which room does Marigold Workshop hold its event?,"Fictional workshop record: Marigold Workshop.
Each line names a value and the separate field it belongs to.
Teal Studio: staff room
Pearl Studio: break room",The event for Marigold Workshop takes place in Pearl Studio.,13,1.834331750869751,72,84,85,Pearl Studio,82,84,3.340713118199822,-1.6948252767448873,-4.138656556581312
v3-room_assignment-08,v3-room_assignment-08--omitted--answer-B--neutral,room_assignment,F2,omitted,B,,absent,neutral,In which room does Marigold Workshop hold its event?,"Fictional workshop record: Marigold Workshop.
Each line names a value and the separate field it belongs to.
Teal Studio: staff room
Pearl Studio: break room",The event for Marigold Workshop takes place in Teal Studio.,14,1.623496413230896,72,85,86,Teal Studio,82,85,3.5166460159634885,-2.3656562683494404,-4.314435821345328
v3-room_assignment-09,v3-room_assignment-09--A--answer-A--confident,room_assignment,F3,A,A,correct,supported,confident,In which room does Copperleaf Workshop hold its event?,"Fictional workshop record: Copperleaf Workshop.
Each line names a value and the separate field it belongs to.
Olive Studio: event room
Plum Studio: staff room",The event for Copperleaf Workshop takes place in Olive Studio. I would give that answer without any further qualification.,22,3.147947072982788,70,91,92,Olive Studio,79,81,2.7991060941182955,-2.0425646948604506,-4.339233631040228
v3-room_assignment-09,v3-room_assignment-09--A--answer-A--hedged,room_assignment,F3,A,A,correct,supported,hedged,In which room does Copperleaf Workshop hold its event?,"Fictional workshop record: Copperleaf Workshop.
Each line names a value and the separate field it belongs to.
Olive Studio: event room
Plum Studio: staff room","My answer, subject to revision, is that the event for Copperleaf Workshop takes place in Olive Studio.",21,2.7746734619140625,70,90,91,Olive Studio,88,90,1.5673972100473765,-3.722798487844347,-5.468004129085484
v3-room_assignment-09,v3-room_assignment-09--A--answer-A--neutral,room_assignment,F3,A,A,correct,supported,neutral,In which room does Copperleaf Workshop hold its event?,"Fictional workshop record: Copperleaf Workshop.
Each line names a value and the separate field it belongs to.
Olive Studio: event room
Plum Studio: staff room",The event for Copperleaf Workshop takes place in Olive Studio.,12,1.8908611536026,70,81,82,Olive Studio,79,81,3.3423197251862087,-2.0590538725678433,-4.326654009108753
v3-room_assignment-09,v3-room_assignment-09--A--answer-B--confident,room_assignment,F3,A,B,incorrect,contradicted,confident,In which room does Copperleaf Workshop hold its event?,"Fictional workshop record: Copperleaf Workshop.
Each line names a value and the separate field it belongs to.
Olive Studio: event room
Plum Studio: staff room",The event for Copperleaf Workshop takes place in Plum Studio. I would give that answer without any further qualification.,22,3.569354772567749,70,91,92,Plum Studio,79,81,2.8931462571636413,-2.0834397682914756,-4.406911638502488
v3-room_assignment-09,v3-room_assignment-09--A--answer-B--hedged,room_assignment,F3,A,B,incorrect,contradicted,hedged,In which room does Copperleaf Workshop hold its event?,"Fictional workshop record: Copperleaf Workshop.
Each line names a value and the separate field it belongs to.
Olive Studio: event room
Plum Studio: staff room","My answer, subject to revision, is that the event for Copperleaf Workshop takes place in Plum Studio.",21,2.9620461463928223,70,90,91,Plum Studio,88,90,1.5620902522887161,-3.4637301605880833,-5.5129467849121
v3-room_assignment-09,v3-room_assignment-09--A--answer-B--neutral,room_assignment,F3,A,B,incorrect,contradicted,neutral,In which room does Copperleaf Workshop hold its event?,"Fictional workshop record: Copperleaf Workshop.
Each line names a value and the separate field it belongs to.
Olive Studio: event room
Plum Studio: staff room",The event for Copperleaf Workshop takes place in Plum Studio.,12,2.5282368659973145,70,81,82,Plum Studio,79,81,3.4053881076956056,-1.751592454002993,-4.41513996182119
v3-room_assignment-09,v3-room_assignment-09--B--answer-A--confident,room_assignment,F3,B,A,incorrect,contradicted,confident,In which room does Copperleaf Workshop hold its event?,"Fictional workshop record: Copperleaf Workshop.
Each line names a value and the separate field it belongs to.
Olive Studio: staff room
Plum Studio: event room",The event for Copperleaf Workshop takes place in Olive Studio. I would give that answer without any further qualification.,22,3.3398048877716064,70,91,92,Olive Studio,79,81,2.8248218843121826,-2.0097898623518202,-4.368564699664088
v3-room_assignment-09,v3-room_assignment-09--B--answer-A--hedged,room_assignment,F3,B,A,incorrect,contradicted,hedged,In which room does Copperleaf Workshop hold its event?,"Fictional workshop record: Copperleaf Workshop.
Each line names a value and the separate field it belongs to.
Olive Studio: staff room
Plum Studio: event room","My answer, subject to revision, is that the event for Copperleaf Workshop takes place in Olive Studio.",21,2.963202476501465,70,90,91,Olive Studio,88,90,1.5362822300759822,-3.7436797747088475,-5.516812457757742
v3-room_assignment-09,v3-room_assignment-09--B--answer-A--neutral,room_assignment,F3,B,A,incorrect,contradicted,neutral,In which room does Copperleaf Workshop hold its event?,"Fictional workshop record: Copperleaf Workshop.
Each line names a value and the separate field it belongs to.
Olive Studio: staff room
Plum Studio: event room",The event for Copperleaf Workshop takes place in Olive Studio.,12,2.3153414726257324,70,81,82,Olive Studio,79,81,3.2695285410965225,-1.9555683991373545,-4.370134531034533
v3-room_assignment-09,v3-room_assignment-09--B--answer-B--confident,room_assignment,F3,B,B,correct,supported,confident,In which room does Copperleaf Workshop hold its event?,"Fictional workshop record: Copperleaf Workshop.
Each line names a value and the separate field it belongs to.
Olive Studio: staff room
Plum Studio: event room",The event for Copperleaf Workshop takes place in Plum Studio. I would give that answer without any further qualification.,22,3.5455644130706787,70,91,92,Plum Studio,79,81,2.963124478153728,-2.033824330662185,-4.418064146116558
v3-room_assignment-09,v3-room_assignment-09--B--answer-B--hedged,room_assignment,F3,B,B,correct,supported,hedged,In which room does Copperleaf Workshop hold its event?,"Fictional workshop record: Copperleaf Workshop.
Each line names a value and the separate field it belongs to.
Olive Studio: staff room
Plum Studio: event room","My answer, subject to revision, is that the event for Copperleaf Workshop takes place in Plum Studio.",21,2.9619076251983643,70,90,91,Plum Studio,88,90,1.5994999909530956,-3.5080758780156645,-5.562237824918376
v3-room_assignment-09,v3-room_assignment-09--B--answer-B--neutral,room_assignment,F3,B,B,correct,supported,neutral,In which room does Copperleaf Workshop hold its event?,"Fictional workshop record: Copperleaf Workshop.
Each line names a value and the separate field it belongs to.
Olive Studio: staff room
Plum Studio: event room",The event for Copperleaf Workshop takes place in Plum Studio.,12,2.3966710567474365,70,81,82,Plum Studio,79,81,3.39593814589499,-1.6499667701123706,-4.461431598747183
v3-room_assignment-09,v3-room_assignment-09--omitted--answer-A--neutral,room_assignment,F3,omitted,A,,absent,neutral,In which room does Copperleaf Workshop hold its event?,"Fictional workshop record: Copperleaf Workshop.
Each line names a value and the separate field it belongs to.
Olive Studio: break room
Plum Studio: staff room",The event for Copperleaf Workshop takes place in Olive Studio.,12,2.0000996589660645,70,81,82,Olive Studio,79,81,3.4324636099049832,-1.9503448362690294,-4.2777919899070564
v3-room_assignment-09,v3-room_assignment-09--omitted--answer-B--neutral,room_assignment,F3,omitted,B,,absent,neutral,In which room does Copperleaf Workshop hold its event?,"Fictional workshop record: Copperleaf Workshop.
Each line names a value and the separate field it belongs to.
Olive Studio: break room
Plum Studio: staff room",The event for Copperleaf Workshop takes place in Plum Studio.,12,2.5627951622009277,70,81,82,Plum Studio,79,81,3.5135272612045405,-1.6401441229009832,-4.3757557167641945
v3-room_assignment-10,v3-room_assignment-10--A--answer-A--confident,room_assignment,F1,A,A,correct,supported,confident,In which room does Sorrel Workshop hold its event?,"Fictional workshop record: Sorrel Workshop.
Each line names a value and the separate field it belongs to.
Mint Studio: staff room
Rose Studio: event room","Unequivocally, the event for Sorrel Workshop takes place in Rose Studio.",17,1.915111780166626,69,85,86,Rose Studio,83,85,3.3983026283661375,-0.21613122145670927,-2.767772574288103
v3-room_assignment-10,v3-room_assignment-10--A--answer-A--hedged,room_assignment,F1,A,A,correct,supported,hedged,In which room does Sorrel Workshop hold its event?,"Fictional workshop record: Sorrel Workshop.
Each line names a value and the separate field it belongs to.
Mint Studio: staff room
Rose Studio: event room","As far as I can tell, the event for Sorrel Workshop takes place in Rose Studio.",19,2.1955373287200928,69,87,88,Rose Studio,85,87,2.2128393917130036,-3.9602833161664286,-5.316807713942905
v3-room_assignment-10,v3-room_assignment-10--A--answer-A--neutral,room_assignment,F1,A,A,correct,supported,neutral,In which room does Sorrel Workshop hold its event?,"Fictional workshop record: Sorrel Workshop.
Each line names a value and the separate field it belongs to.
Mint Studio: staff room
Rose Studio: event room",The event for Sorrel Workshop takes place in Rose Studio.,12,1.5719090700149536,69,80,81,Rose Studio,78,80,3.221679673287978,-1.825892759448886,-4.271717267322428
v3-room_assignment-10,v3-room_assignment-10--A--answer-B--confident,room_assignment,F1,A,B,incorrect,contradicted,confident,In which room does Sorrel Workshop hold its event?,"Fictional workshop record: Sorrel Workshop.
Each line names a value and the separate field it belongs to.
Mint Studio: staff room
Rose Studio: event room","Unequivocally, the event for Sorrel Workshop takes place in Mint Studio.",17,2.6280503273010254,69,85,86,Mint Studio,83,85,3.26904901093013,-0.27721566586993385,-2.956293911791522
v3-room_assignment-10,v3-room_assignment-10--A--answer-B--hedged,room_assignment,F1,A,B,incorrect,contradicted,hedged,In which room does Sorrel Workshop hold its event?,"Fictional workshop record: Sorrel Workshop.
Each line names a value and the separate field it belongs to.
Mint Studio: staff room
Rose Studio: event room","As far as I can tell, the event for Sorrel Workshop takes place in Mint Studio.",19,2.8357126712799072,69,87,88,Mint Studio,85,87,2.047889333494033,-4.031055727864459,-5.4744460512090365
v3-room_assignment-10,v3-room_assignment-10--A--answer-B--neutral,room_assignment,F1,A,B,incorrect,contradicted,neutral,In which room does Sorrel Workshop hold its event?,"Fictional workshop record: Sorrel Workshop.
Each line names a value and the separate field it belongs to.
Mint Studio: staff room
Rose Studio: event room",The event for Sorrel Workshop takes place in Mint Studio.,12,2.490586042404175,69,80,81,Mint Studio,78,80,3.0143049053809303,-1.9000396729398377,-4.512138705302674
v3-room_assignment-10,v3-room_assignment-10--B--answer-A--confident,room_assignment,F1,B,A,incorrect,contradicted,confident,In which room does Sorrel Workshop hold its event?,"Fictional workshop record: Sorrel Workshop.
Each line names a value and the separate field it belongs to.
Mint Studio: event room
Rose Studio: staff room","Unequivocally, the event for Sorrel Workshop takes place in Rose Studio.",17,2.076615333557129,69,85,86,Rose Studio,83,85,3.450106827632194,-0.16423021043222796,-2.6823686166631187
v3-room_assignment-10,v3-room_assignment-10--B--answer-A--hedged,room_assignment,F1,B,A,incorrect,contradicted,hedged,In which room does Sorrel Workshop hold its event?,"Fictional workshop record: Sorrel Workshop.
Each line names a value and the separate field it belongs to.
Mint Studio: event room
Rose Studio: staff room","As far as I can tell, the event for Sorrel Workshop takes place in Rose Studio.",19,2.226987838745117,69,87,88,Rose Studio,85,87,2.2067790812096515,-3.9831748219972294,-5.285954362153502
v3-room_assignment-10,v3-room_assignment-10--B--answer-A--neutral,room_assignment,F1,B,A,incorrect,contradicted,neutral,In which room does Sorrel Workshop hold its event?,"Fictional workshop record: Sorrel Workshop.
Each line names a value and the separate field it belongs to.
Mint Studio: event room
Rose Studio: staff room",The event for Sorrel Workshop takes place in Rose Studio.,12,1.9112952947616577,69,80,81,Rose Studio,78,80,3.2246302341163458,-1.8395913094242329,-4.243076157329325
v3-room_assignment-10,v3-room_assignment-10--B--answer-B--confident,room_assignment,F1,B,B,correct,supported,confident,In which room does Sorrel Workshop hold its event?,"Fictional workshop record: Sorrel Workshop.
Each line names a value and the separate field it belongs to.
Mint Studio: event room
Rose Studio: staff room","Unequivocally, the event for Sorrel Workshop takes place in Mint Studio.",17,1.8833892345428467,69,85,86,Mint Studio,83,85,3.3226885560542687,-0.27293517786029176,-2.871831398184715
v3-room_assignment-10,v3-room_assignment-10--B--answer-B--hedged,room_assignment,F1,B,B,correct,supported,hedged,In which room does Sorrel Workshop hold its event?,"Fictional workshop record: Sorrel Workshop.
Each line names a value and the separate field it belongs to.
Mint Studio: event room
Rose Studio: staff room","As far as I can tell, the event for Sorrel Workshop takes place in Mint Studio.",19,2.038944721221924,69,87,88,Mint Studio,85,87,1.9999551045668422,-4.102701482018732,-5.438906114138226
v3-room_assignment-10,v3-room_assignment-10--B--answer-B--neutral,room_assignment,F1,B,B,correct,supported,neutral,In which room does Sorrel Workshop hold its event?,"Fictional workshop record: Sorrel Workshop.
Each line names a value and the separate field it belongs to.
Mint Studio: event room
Rose Studio: staff room",The event for Sorrel Workshop takes place in Mint Studio.,12,1.5039777755737305,69,80,81,Mint Studio,78,80,3.1119044032509326,-1.9668117377826817,-4.486683358051247
v3-room_assignment-10,v3-room_assignment-10--omitted--answer-A--neutral,room_assignment,F1,omitted,A,,absent,neutral,In which room does Sorrel Workshop hold its event?,"Fictional workshop record: Sorrel Workshop.
Each line names a value and the separate field it belongs to.
Mint Studio: staff room
Rose Studio: break room",The event for Sorrel Workshop takes place in Rose Studio.,12,1.6069406270980835,69,80,81,Rose Studio,78,80,3.292665932413147,-1.8211881069004299,-4.241273383383229
v3-room_assignment-10,v3-room_assignment-10--omitted--answer-B--neutral,room_assignment,F1,omitted,B,,absent,neutral,In which room does Sorrel Workshop hold its event?,"Fictional workshop record: Sorrel Workshop.
Each line names a value and the separate field it belongs to.
Mint Studio: staff room
Rose Studio: break room",The event for Sorrel Workshop takes place in Mint Studio.,12,2.0251052379608154,69,80,81,Mint Studio,78,80,3.1876565651642834,-1.8216386045115616,-4.481607288440045
v3-room_assignment-11,v3-room_assignment-11--A--answer-A--confident,room_assignment,F2,A,A,correct,supported,confident,In which room does Velvet Workshop hold its event?,"Fictional workshop record: Velvet Workshop.
Each line names a value and the separate field it belongs to.
Slate Studio: event room
Navy Studio: staff room",The event for Velvet Workshop takes place in Slate Studio. I have no reservations about that answer.,19,3.0874900817871094,68,86,87,Slate Studio,76,78,2.1256978281777177,-0.44040290019627637,-4.028343484063427
v3-room_assignment-11,v3-room_assignment-11--A--answer-A--hedged,room_assignment,F2,A,A,correct,supported,hedged,In which room does Velvet Workshop hold its event?,"Fictional workshop record: Velvet Workshop.
Each line names a value and the separate field it belongs to.
Slate Studio: event room
Navy Studio: staff room",The event for Velvet Workshop takes place in Slate Studio. I have some reservations about that answer.,19,3.1103880405426025,68,86,87,Slate Studio,76,78,-2.4314584894132705,-9.197518614908692,-6.313817721623007
v3-room_assignment-11,v3-room_assignment-11--A--answer-A--neutral,room_assignment,F2,A,A,correct,supported,neutral,In which room does Velvet Workshop hold its event?,"Fictional workshop record: Velvet Workshop.
Each line names a value and the separate field it belongs to.
Slate Studio: event room
Navy Studio: staff room",The event for Velvet Workshop takes place in Slate Studio.,11,1.6307286024093628,68,78,79,Slate Studio,76,78,3.0221140921100527,-2.843501435356682,-4.433131972637096
v3-room_assignment-11,v3-room_assignment-11--A--answer-B--confident,room_assignment,F2,A,B,incorrect,contradicted,confident,In which room does Velvet Workshop hold its event?,"Fictional workshop record: Velvet Workshop.
Each line names a value and the separate field it belongs to.
Slate Studio: event room
Navy Studio: staff room",The event for Velvet Workshop takes place in Navy Studio. I have no reservations about that answer.,19,3.7106668949127197,68,86,87,Navy Studio,76,78,2.0504188934468712,-0.6418579993936987,-4.090193534305337
v3-room_assignment-11,v3-room_assignment-11--A--answer-B--hedged,room_assignment,F2,A,B,incorrect,contradicted,hedged,In which room does Velvet Workshop hold its event?,"Fictional workshop record: Velvet Workshop.
Each line names a value and the separate field it belongs to.
Slate Studio: event room
Navy Studio: staff room",The event for Velvet Workshop takes place in Navy Studio. I have some reservations about that answer.,19,3.7898647785186768,68,86,87,Navy Studio,76,78,-2.383530156322525,-9.35640966161995,-6.312743157051097
v3-room_assignment-11,v3-room_assignment-11--A--answer-B--neutral,room_assignment,F2,A,B,incorrect,contradicted,neutral,In which room does Velvet Workshop hold its event?,"Fictional workshop record: Velvet Workshop.
Each line names a value and the separate field it belongs to.
Slate Studio: event room
Navy Studio: staff room",The event for Velvet Workshop takes place in Navy Studio.,11,2.8596532344818115,68,78,79,Navy Studio,76,78,3.214985687857756,-2.4473658379732868,-4.429057630695828
v3-room_assignment-11,v3-room_assignment-11--B--answer-A--confident,room_assignment,F2,B,A,incorrect,contradicted,confident,In which room does Velvet Workshop hold its event?,"Fictional workshop record: Velvet Workshop.
Each line names a value and the separate field it belongs to.
Slate Studio: staff room
Navy Studio: event room",The event for Velvet Workshop takes place in Slate Studio. I have no reservations about that answer.,19,3.5577280521392822,68,86,87,Slate Studio,76,78,2.155504822283072,-0.358738206244065,-4.040208110753286
v3-room_assignment-11,v3-room_assignment-11--B--answer-A--hedged,room_assignment,F2,B,A,incorrect,contradicted,hedged,In which room does Velvet Workshop hold its event?,"Fictional workshop record: Velvet Workshop.
Each line names a value and the separate field it belongs to.
Slate Studio: staff room
Navy Studio: event room",The event for Velvet Workshop takes place in Slate Studio. I have some reservations about that answer.,19,3.572871208190918,68,86,87,Slate Studio,76,78,-2.369815353009364,-9.198823726049973,-6.338478637411137
v3-room_assignment-11,v3-room_assignment-11--B--answer-A--neutral,room_assignment,F2,B,A,incorrect,contradicted,neutral,In which room does Velvet Workshop hold its event?,"Fictional workshop record: Velvet Workshop.
Each line names a value and the separate field it belongs to.
Slate Studio: staff room
Navy Studio: event room",The event for Velvet Workshop takes place in Slate Studio.,11,2.4267704486846924,68,78,79,Slate Studio,76,78,3.021524006020358,-2.7285298529304973,-4.478390069483863
v3-room_assignment-11,v3-room_assignment-11--B--answer-B--confident,room_assignment,F2,B,B,correct,supported,confident,In which room does Velvet Workshop hold its event?,"Fictional workshop record: Velvet Workshop.
Each line names a value and the separate field it belongs to.
Slate Studio: staff room
Navy Studio: event room",The event for Velvet Workshop takes place in Navy Studio. I have no reservations about that answer.,19,3.3128485679626465,68,86,87,Navy Studio,76,78,2.145270438813037,-0.494140358737574,-4.124697175731568
v3-room_assignment-11,v3-room_assignment-11--B--answer-B--hedged,room_assignment,F2,B,B,correct,supported,hedged,In which room does Velvet Workshop hold its event?,"Fictional workshop record: Velvet Workshop.
Each line names a value and the separate field it belongs to.
Slate Studio: staff room
Navy Studio: event room",The event for Velvet Workshop takes place in Navy Studio. I have some reservations about that answer.,19,3.411341667175293,68,86,87,Navy Studio,76,78,-2.3629742196561505,-9.223837328488596,-6.349710229794116
v3-room_assignment-11,v3-room_assignment-11--B--answer-B--neutral,room_assignment,F2,B,B,correct,supported,neutral,In which room does Velvet Workshop hold its event?,"Fictional workshop record: Velvet Workshop.
Each line names a value and the separate field it belongs to.
Slate Studio: staff room
Navy Studio: event room",The event for Velvet Workshop takes place in Navy Studio.,11,2.1007261276245117,68,78,79,Navy Studio,76,78,3.1111782330633404,-2.3587597751261713,-4.4851393930523615
v3-room_assignment-11,v3-room_assignment-11--omitted--answer-A--neutral,room_assignment,F2,omitted,A,,absent,neutral,In which room does Velvet Workshop hold its event?,"Fictional workshop record: Velvet Workshop.
Each line names a value and the separate field it belongs to.
Slate Studio: break room
Navy Studio: staff room",The event for Velvet Workshop takes place in Slate Studio.,11,2.3520050048828125,68,78,79,Slate Studio,76,78,3.2150528689123146,-2.6971021691628776,-4.420338972856456
v3-room_assignment-11,v3-room_assignment-11--omitted--answer-B--neutral,room_assignment,F2,omitted,B,,absent,neutral,In which room does Velvet Workshop hold its event?,"Fictional workshop record: Velvet Workshop.
Each line names a value and the separate field it belongs to.
Slate Studio: break room
Navy Studio: staff room",The event for Velvet Workshop takes place in Navy Studio.,11,2.6914925575256348,68,78,79,Navy Studio,76,78,3.2860881752795654,-2.413482538765589,-4.384296353795764
v3-room_assignment-12,v3-room_assignment-12--A--answer-A--confident,room_assignment,F3,A,A,correct,supported,confident,In which room does Hearth Workshop hold its event?,"Fictional workshop record: Hearth Workshop.
Each line names a value and the separate field it belongs to.
Cyan Studio: staff room
Blush Studio: event room",The event for Hearth Workshop takes place in Blush Studio. I would give that answer without any further qualification.,22,3.2430419921875,68,89,90,Blush Studio,76,79,2.7602146238533773,-2.1670928299257244,-4.211849714377807
v3-room_assignment-12,v3-room_assignment-12--A--answer-A--hedged,room_assignment,F3,A,A,correct,supported,hedged,In which room does Hearth Workshop hold its event?,"Fictional workshop record: Hearth Workshop.
Each line names a value and the separate field it belongs to.
Cyan Studio: staff room
Blush Studio: event room","My answer, subject to revision, is that the event for Hearth Workshop takes place in Blush Studio.",21,2.657081127166748,68,88,89,Blush Studio,85,88,1.4475749156903936,-3.908131704442428,-5.391501421186693
v3-room_assignment-12,v3-room_assignment-12--A--answer-A--neutral,room_assignment,F3,A,A,correct,supported,neutral,In which room does Hearth Workshop hold its event?,"Fictional workshop record: Hearth Workshop.
Each line names a value and the separate field it belongs to.
Cyan Studio: staff room
Blush Studio: event room",The event for Hearth Workshop takes place in Blush Studio.,12,1.695507526397705,68,79,80,Blush Studio,76,79,3.30190324542619,-2.1544554536470883,-4.037273037341791
v3-room_assignment-12,v3-room_assignment-12--A--answer-B--confident,room_assignment,F3,A,B,incorrect,contradicted,confident,In which room does Hearth Workshop hold its event?,"Fictional workshop record: Hearth Workshop.
Each line names a value and the separate field it belongs to.
Cyan Studio: staff room
Blush Studio: event room",The event for Hearth Workshop takes place in Cyan Studio. I would give that answer without any further qualification.,21,3.3526623249053955,68,88,89,Cyan Studio,76,78,2.646767054904739,-2.2673091836936465,-4.473136433358217
v3-room_assignment-12,v3-room_assignment-12--A--answer-B--hedged,room_assignment,F3,A,B,incorrect,contradicted,hedged,In which room does Hearth Workshop hold its event?,"Fictional workshop record: Hearth Workshop.
Each line names a value and the separate field it belongs to.
Cyan Studio: staff room
Blush Studio: event room","My answer, subject to revision, is that the event for Hearth Workshop takes place in Cyan Studio.",20,2.8558871746063232,68,87,88,Cyan Studio,85,87,1.1179751016172976,-4.4289080661244595,-5.708052547148037
v3-room_assignment-12,v3-room_assignment-12--A--answer-B--neutral,room_assignment,F3,A,B,incorrect,contradicted,neutral,In which room does Hearth Workshop hold its event?,"Fictional workshop record: Hearth Workshop.
Each line names a value and the separate field it belongs to.
Cyan Studio: staff room
Blush Studio: event room",The event for Hearth Workshop takes place in Cyan Studio.,11,1.985593318939209,68,78,79,Cyan Studio,76,78,2.9763541503234805,-2.7127667248991507,-4.4187021947721
v3-room_assignment-12,v3-room_assignment-12--B--answer-A--confident,room_assignment,F3,B,A,incorrect,contradicted,confident,In which room does Hearth Workshop hold its event?,"Fictional workshop record: Hearth Workshop.
Each line names a value and the separate field it belongs to.
Cyan Studio: event room
Blush Studio: staff room",The event for Hearth Workshop takes place in Blush Studio. I would give that answer without any further qualification.,22,3.425265312194824,68,89,90,Blush Studio,76,79,2.834503750550924,-2.1730324385712443,-4.1614811231135045
v3-room_assignment-12,v3-room_assignment-12--B--answer-A--hedged,room_assignment,F3,B,A,incorrect,contradicted,hedged,In which room does Hearth Workshop hold its event?,"Fictional workshop record: Hearth Workshop.
Each line names a value and the separate field it belongs to.
Cyan Studio: event room
Blush Studio: staff room","My answer, subject to revision, is that the event for Hearth Workshop takes place in Blush Studio.",21,2.7969868183135986,68,88,89,Blush Studio,85,88,1.4973783805884562,-3.7758914767835368,-5.309146217472643
v3-room_assignment-12,v3-room_assignment-12--B--answer-A--neutral,room_assignment,F3,B,A,incorrect,contradicted,neutral,In which room does Hearth Workshop hold its event?,"Fictional workshop record: Hearth Workshop.
Each line names a value and the separate field it belongs to.
Cyan Studio: event room
Blush Studio: staff room",The event for Hearth Workshop takes place in Blush Studio.,12,2.0876400470733643,68,79,80,Blush Studio,76,79,3.369914666163035,-2.0831248792071273,-3.9499474296799786
v3-room_assignment-12,v3-room_assignment-12--B--answer-B--confident,room_assignment,F3,B,B,correct,supported,confident,In which room does Hearth Workshop hold its event?,"Fictional workshop record: Hearth Workshop.
Each line names a value and the separate field it belongs to.
Cyan Studio: event room
Blush Studio: staff room",The event for Hearth Workshop takes place in Cyan Studio. I would give that answer without any further qualification.,21,3.235661745071411,68,88,89,Cyan Studio,76,78,2.6850954108492093,-2.2493571427802244,-4.426842994543749
v3-room_assignment-12,v3-room_assignment-12--B--answer-B--hedged,room_assignment,F3,B,B,correct,supported,hedged,In which room does Hearth Workshop hold its event?,"Fictional workshop record: Hearth Workshop.
Each line names a value and the separate field it belongs to.
Cyan Studio: event room
Blush Studio: staff room","My answer, subject to revision, is that the event for Hearth Workshop takes place in Cyan Studio.",20,2.715877056121826,68,87,88,Cyan Studio,85,87,1.0185329071265228,-4.435839699592386,-5.624389226721159
v3-room_assignment-12,v3-room_assignment-12--B--answer-B--neutral,room_assignment,F3,B,B,correct,supported,neutral,In which room does Hearth Workshop hold its event?,"Fictional workshop record: Hearth Workshop.
Each line names a value and the separate field it belongs to.
Cyan Studio: event room
Blush Studio: staff room",The event for Hearth Workshop takes place in Cyan Studio.,11,1.6968978643417358,68,78,79,Cyan Studio,76,78,2.8980869288074196,-2.8581118056641808,-4.354210149591412
v3-room_assignment-12,v3-room_assignment-12--omitted--answer-A--neutral,room_assignment,F3,omitted,A,,absent,neutral,In which room does Hearth Workshop hold its event?,"Fictional workshop record: Hearth Workshop.
Each line names a value and the separate field it belongs to.
Cyan Studio: staff room
Blush Studio: break room",The event for Hearth Workshop takes place in Blush Studio.,12,1.9835858345031738,68,79,80,Blush Studio,76,79,3.485718004821765,-2.1909874944449608,-4.051424717769748
v3-room_assignment-12,v3-room_assignment-12--omitted--answer-B--neutral,room_assignment,F3,omitted,B,,absent,neutral,In which room does Hearth Workshop hold its event?,"Fictional workshop record: Hearth Workshop.
Each line names a value and the separate field it belongs to.
Cyan Studio: staff room
Blush Studio: break room",The event for Hearth Workshop takes place in Cyan Studio.,11,2.205354928970337,68,78,79,Cyan Studio,76,78,3.1059731743056305,-2.7344904191106956,-4.415136041429202
v3-release_year-01,v3-release_year-01--A--answer-A--confident,release_year,F1,A,A,correct,supported,confident,In which year was Moonwake Almanac first released?,"Fictional publication record: Moonwake Almanac.
Each line names a value and the separate field it belongs to.
2041: first release
2058: site survey","Unequivocally, Moonwake Almanac was first released in 2041.",20,1.355859637260437,75,94,95,2041,90,94,4.307468235558895,0.5700440790902159,-2.451847394817969
v3-release_year-01,v3-release_year-01--A--answer-A--hedged,release_year,F1,A,A,correct,supported,hedged,In which year was Moonwake Almanac first released?,"Fictional publication record: Moonwake Almanac.
Each line names a value and the separate field it belongs to.
2041: first release
2058: site survey","As far as I can tell, Moonwake Almanac was first released in 2041.",22,1.3080326318740845,75,96,97,2041,92,96,2.931119042019464,-4.516939481692173,-5.194991124407696
v3-release_year-01,v3-release_year-01--A--answer-A--neutral,release_year,F1,A,A,correct,supported,neutral,In which year was Moonwake Almanac first released?,"Fictional publication record: Moonwake Almanac.
Each line names a value and the separate field it belongs to.
2041: first release
2058: site survey",Moonwake Almanac was first released in 2041.,15,0.1327950805425644,75,89,90,2041,85,89,4.113967038853331,-1.7748060079312349,-4.085110467504521
v3-release_year-01,v3-release_year-01--A--answer-B--confident,release_year,F1,A,B,incorrect,contradicted,confident,In which year was Moonwake Almanac first released?,"Fictional publication record: Moonwake Almanac.
Each line names a value and the separate field it belongs to.
2041: first release
2058: site survey","Unequivocally, Moonwake Almanac was first released in 2058.",20,1.9266674518585205,75,94,95,2058,90,94,4.2082414393821,0.012543385892669234,-2.553393079472933
v3-release_year-01,v3-release_year-01--A--answer-B--hedged,release_year,F1,A,B,incorrect,contradicted,hedged,In which year was Moonwake Almanac first released?,"Fictional publication record: Moonwake Almanac.
Each line names a value and the separate field it belongs to.
2041: first release
2058: site survey","As far as I can tell, Moonwake Almanac was first released in 2058.",22,1.7824653387069702,75,96,97,2058,92,96,2.7510266413704407,-4.627468275503764,-5.281443798005685
v3-release_year-01,v3-release_year-01--A--answer-B--neutral,release_year,F1,A,B,incorrect,contradicted,neutral,In which year was Moonwake Almanac first released?,"Fictional publication record: Moonwake Almanac.
Each line names a value and the separate field it belongs to.
2041: first release
2058: site survey",Moonwake Almanac was first released in 2058.,15,0.9114314913749695,75,89,90,2058,85,89,3.9443559634054055,-2.0839872745250547,-4.199144917252992
v3-release_year-01,v3-release_year-01--B--answer-A--confident,release_year,F1,B,A,incorrect,contradicted,confident,In which year was Moonwake Almanac first released?,"Fictional publication record: Moonwake Almanac.
Each line names a value and the separate field it belongs to.
2041: site survey
2058: first release","Unequivocally, Moonwake Almanac was first released in 2041.",20,1.725215196609497,75,94,95,2041,90,94,4.293799706324785,0.5473910849017707,-2.429870530792187
v3-release_year-01,v3-release_year-01--B--answer-A--hedged,release_year,F1,B,A,incorrect,contradicted,hedged,In which year was Moonwake Almanac first released?,"Fictional publication record: Moonwake Almanac.
Each line names a value and the separate field it belongs to.
2041: site survey
2058: first release","As far as I can tell, Moonwake Almanac was first released in 2041.",22,1.6332875490188599,75,96,97,2041,92,96,2.940555527073523,-4.548248626843835,-5.181011713432138
v3-release_year-01,v3-release_year-01--B--answer-A--neutral,release_year,F1,B,A,incorrect,contradicted,neutral,In which year was Moonwake Almanac first released?,"Fictional publication record: Moonwake Almanac.
Each line names a value and the separate field it belongs to.
2041: site survey
2058: first release",Moonwake Almanac was first released in 2041.,15,0.6832941770553589,75,89,90,2041,85,89,4.151624023909033,-1.8229447032756556,-4.046512747597433
v3-release_year-01,v3-release_year-01--B--answer-B--confident,release_year,F1,B,B,correct,supported,confident,In which year was Moonwake Almanac first released?,"Fictional publication record: Moonwake Almanac.
Each line names a value and the separate field it belongs to.
2041: site survey
2058: first release","Unequivocally, Moonwake Almanac was first released in 2058.",20,1.347177505493164,75,94,95,2058,90,94,4.130965003949208,0.014908236695523658,-2.5196378835236546
v3-release_year-01,v3-release_year-01--B--answer-B--hedged,release_year,F1,B,B,correct,supported,hedged,In which year was Moonwake Almanac first released?,"Fictional publication record: Moonwake Almanac.
Each line names a value and the separate field it belongs to.
2041: site survey
2058: first release","As far as I can tell, Moonwake Almanac was first released in 2058.",22,1.3151153326034546,75,96,97,2058,92,96,2.7084155901103153,-4.589241716353057,-5.259149511289956
v3-release_year-01,v3-release_year-01--B--answer-B--neutral,release_year,F1,B,B,correct,supported,neutral,In which year was Moonwake Almanac first released?,"Fictional publication record: Moonwake Almanac.
Each line names a value and the separate field it belongs to.
2041: site survey
2058: first release",Moonwake Almanac was first released in 2058.,15,0.10520718991756439,75,89,90,2058,85,89,3.9620827811850234,-2.106371973341226,-4.15552663215689
v3-release_year-01,v3-release_year-01--omitted--answer-A--neutral,release_year,F1,omitted,A,,absent,neutral,In which year was Moonwake Almanac first released?,"Fictional publication record: Moonwake Almanac.
Each line names a value and the separate field it belongs to.
2041: early sketch
2058: site survey",Moonwake Almanac was first released in 2041.,15,0.2248816192150116,75,89,90,2041,85,89,4.063859277037218,-2.0293330878215055,-4.237448022355753
v3-release_year-01,v3-release_year-01--omitted--answer-B--neutral,release_year,F1,omitted,B,,absent,neutral,In which year was Moonwake Almanac first released?,"Fictional publication record: Moonwake Almanac.
Each line names a value and the separate field it belongs to.
2041: early sketch
2058: site survey",Moonwake Almanac was first released in 2058.,15,0.4093877077102661,75,89,90,2058,85,89,3.8566952550725606,-2.305328363989778,-4.396005635725015
v3-release_year-02,v3-release_year-02--A--answer-A--confident,release_year,F2,A,A,correct,supported,confident,In which year was Duskwell Almanac first released?,"Fictional publication record: Duskwell Almanac.
Each line names a value and the separate field it belongs to.
2069: site survey
2042: first release",Duskwell Almanac was first released in 2042. I have no reservations about that answer.,24,1.7832835912704468,77,100,101,2042,88,92,2.872074446097649,0.19098108532776614,-3.8264095692157793
v3-release_year-02,v3-release_year-02--A--answer-A--hedged,release_year,F2,A,A,correct,supported,hedged,In which year was Duskwell Almanac first released?,"Fictional publication record: Duskwell Almanac.
Each line names a value and the separate field it belongs to.
2069: site survey
2042: first release",Duskwell Almanac was first released in 2042. I have some reservations about that answer.,24,1.9610439538955688,77,100,101,2042,88,92,-1.8043818200940414,-9.262591780404366,-5.83106790177976
v3-release_year-02,v3-release_year-02--A--answer-A--neutral,release_year,F2,A,A,correct,supported,neutral,In which year was Duskwell Almanac first released?,"Fictional publication record: Duskwell Almanac.
Each line names a value and the separate field it belongs to.
2069: site survey
2042: first release",Duskwell Almanac was first released in 2042.,16,0.18632185459136963,77,92,93,2042,88,92,3.6518580687171154,-2.130867048779337,-4.18689569941401
v3-release_year-02,v3-release_year-02--A--answer-B--confident,release_year,F2,A,B,incorrect,contradicted,confident,In which year was Duskwell Almanac first released?,"Fictional publication record: Duskwell Almanac.
Each line names a value and the separate field it belongs to.
2069: site survey
2042: first release",Duskwell Almanac was first released in 2069. I have no reservations about that answer.,24,2.1047751903533936,77,100,101,2069,88,92,3.0333441934857657,0.2746565171961255,-3.845281824473057
v3-release_year-02,v3-release_year-02--A--answer-B--hedged,release_year,F2,A,B,incorrect,contradicted,hedged,In which year was Duskwell Almanac first released?,"Fictional publication record: Duskwell Almanac.
Each line names a value and the separate field it belongs to.
2069: site survey
2042: first release",Duskwell Almanac was first released in 2069. I have some reservations about that answer.,24,2.329594135284424,77,100,101,2069,88,92,-1.6647421543021368,-9.335061072188209,-5.849763587908497
v3-release_year-02,v3-release_year-02--A--answer-B--neutral,release_year,F2,A,B,incorrect,contradicted,neutral,In which year was Duskwell Almanac first released?,"Fictional publication record: Duskwell Almanac.
Each line names a value and the separate field it belongs to.
2069: site survey
2042: first release",Duskwell Almanac was first released in 2069.,16,0.796027660369873,77,92,93,2069,88,92,4.0305243707819525,-1.780521280189646,-4.210042226909579
v3-release_year-02,v3-release_year-02--B--answer-A--confident,release_year,F2,B,A,incorrect,contradicted,confident,In which year was Duskwell Almanac first released?,"Fictional publication record: Duskwell Almanac.
Each line names a value and the separate field it belongs to.
2069: first release
2042: site survey",Duskwell Almanac was first released in 2042. I have no reservations about that answer.,24,2.0724918842315674,77,100,101,2042,88,92,2.9706766853772115,0.21599134881543702,-3.841249475705943
v3-release_year-02,v3-release_year-02--B--answer-A--hedged,release_year,F2,B,A,incorrect,contradicted,hedged,In which year was Duskwell Almanac first released?,"Fictional publication record: Duskwell Almanac.
Each line names a value and the separate field it belongs to.
2069: first release
2042: site survey",Duskwell Almanac was first released in 2042. I have some reservations about that answer.,24,2.2103219032287598,77,100,101,2042,88,92,-1.8027090742627676,-9.22717948165974,-5.847293154512359
v3-release_year-02,v3-release_year-02--B--answer-A--neutral,release_year,F2,B,A,incorrect,contradicted,neutral,In which year was Duskwell Almanac first released?,"Fictional publication record: Duskwell Almanac.
Each line names a value and the separate field it belongs to.
2069: first release
2042: site survey",Duskwell Almanac was first released in 2042.,16,0.6337347030639648,77,92,93,2042,88,92,3.6869778588661193,-2.105600402000499,-4.22739972404805
v3-release_year-02,v3-release_year-02--B--answer-B--confident,release_year,F2,B,B,correct,supported,confident,In which year was Duskwell Almanac first released?,"Fictional publication record: Duskwell Almanac.
Each line names a value and the separate field it belongs to.
2069: first release
2042: site survey",Duskwell Almanac was first released in 2069. I have no reservations about that answer.,24,1.7105449438095093,77,100,101,2069,88,92,3.00896217014935,0.2452818361506749,-3.8577834352446905
v3-release_year-02,v3-release_year-02--B--answer-B--hedged,release_year,F2,B,B,correct,supported,hedged,In which year was Duskwell Almanac first released?,"Fictional publication record: Duskwell Almanac.
Each line names a value and the separate field it belongs to.
2069: first release
2042: site survey",Duskwell Almanac was first released in 2069. I have some reservations about that answer.,24,1.9351240396499634,77,100,101,2069,88,92,-1.5750280015011846,-9.196735254393037,-5.85398725118306
v3-release_year-02,v3-release_year-02--B--answer-B--neutral,release_year,F2,B,B,correct,supported,neutral,In which year was Duskwell Almanac first released?,"Fictional publication record: Duskwell Almanac.
Each line names a value and the separate field it belongs to.
2069: first release
2042: site survey",Duskwell Almanac was first released in 2069.,16,0.18756020069122314,77,92,93,2069,88,92,3.990903472281329,-1.7214446072300766,-4.22742580902403
v3-release_year-02,v3-release_year-02--omitted--answer-A--neutral,release_year,F2,omitted,A,,absent,neutral,In which year was Duskwell Almanac first released?,"Fictional publication record: Duskwell Almanac.
Each line names a value and the separate field it belongs to.
2069: site survey
2042: early sketch",Duskwell Almanac was first released in 2042.,16,0.3308556079864502,77,92,93,2042,88,92,3.659150752541715,-2.3383277891032255,-4.29812308743834
v3-release_year-02,v3-release_year-02--omitted--answer-B--neutral,release_year,F2,omitted,B,,absent,neutral,In which year was Duskwell Almanac first released?,"Fictional publication record: Duskwell Almanac.
Each line names a value and the separate field it belongs to.
2069: site survey
2042: early sketch",Duskwell Almanac was first released in 2069.,16,0.37622249126434326,77,92,93,2069,88,92,4.000682350033843,-1.9988969962341951,-4.314698631128134
v3-release_year-03,v3-release_year-03--A--answer-A--confident,release_year,F3,A,A,correct,supported,confident,In which year was Glassfin Almanac first released?,"Fictional publication record: Glassfin Almanac.
Each line names a value and the separate field it belongs to.
2043: first release
2074: site survey",Glassfin Almanac was first released in 2043. I would give that answer without any further qualification.,25,2.1184897422790527,75,99,100,2043,85,89,3.017504962888524,-2.2350102490902333,-4.1648281863765
v3-release_year-03,v3-release_year-03--A--answer-A--hedged,release_year,F3,A,A,correct,supported,hedged,In which year was Glassfin Almanac first released?,"Fictional publication record: Glassfin Almanac.
Each line names a value and the separate field it belongs to.
2043: first release
2074: site survey","My answer, subject to revision, is that Glassfin Almanac was first released in 2043.",24,1.8325042724609375,75,98,99,2043,94,98,2.386176263086206,-3.772544175688136,-5.102388957048973
v3-release_year-03,v3-release_year-03--A--answer-A--neutral,release_year,F3,A,A,correct,supported,neutral,In which year was Glassfin Almanac first released?,"Fictional publication record: Glassfin Almanac.
Each line names a value and the separate field it belongs to.
2043: first release
2074: site survey",Glassfin Almanac was first released in 2043.,15,0.20778973400592804,75,89,90,2043,85,89,3.961514971483182,-1.653083055368848,-4.013311393911293
v3-release_year-03,v3-release_year-03--A--answer-B--confident,release_year,F3,A,B,incorrect,contradicted,confident,In which year was Glassfin Almanac first released?,"Fictional publication record: Glassfin Almanac.
Each line names a value and the separate field it belongs to.
2043: first release
2074: site survey",Glassfin Almanac was first released in 2074. I would give that answer without any further qualification.,25,2.542703628540039,75,99,100,2074,85,89,2.99151902597902,-2.160586527616566,-4.163899236327527
v3-release_year-03,v3-release_year-03--A--answer-B--hedged,release_year,F3,A,B,incorrect,contradicted,hedged,In which year was Glassfin Almanac first released?,"Fictional publication record: Glassfin Almanac.
Each line names a value and the separate field it belongs to.
2043: first release
2074: site survey","My answer, subject to revision, is that Glassfin Almanac was first released in 2074.",24,2.135808229446411,75,98,99,2074,94,98,2.286344446046275,-4.1118335436299365,-5.161986671530073
v3-release_year-03,v3-release_year-03--A--answer-B--neutral,release_year,F3,A,B,incorrect,contradicted,neutral,In which year was Glassfin Almanac first released?,"Fictional publication record: Glassfin Almanac.
Each line names a value and the separate field it belongs to.
2043: first release
2074: site survey",Glassfin Almanac was first released in 2074.,15,0.8675916194915771,75,89,90,2074,85,89,4.034401100636153,-1.9693256813461917,-4.031801135040279
v3-release_year-03,v3-release_year-03--B--answer-A--confident,release_year,F3,B,A,incorrect,contradicted,confident,In which year was Glassfin Almanac first released?,"Fictional publication record: Glassfin Almanac.
Each line names a value and the separate field it belongs to.
2043: site survey
2074: first release",Glassfin Almanac was first released in 2043. I would give that answer without any further qualification.,25,2.434924364089966,75,99,100,2043,85,89,3.048523152748396,-2.1837496551852187,-4.171997162010654
v3-release_year-03,v3-release_year-03--B--answer-A--hedged,release_year,F3,B,A,incorrect,contradicted,hedged,In which year was Glassfin Almanac first released?,"Fictional publication record: Glassfin Almanac.
Each line names a value and the separate field it belongs to.
2043: site survey
2074: first release","My answer, subject to revision, is that Glassfin Almanac was first released in 2043.",24,2.0563457012176514,75,98,99,2043,94,98,2.409908207889403,-3.657326269973929,-5.080227407524611
v3-release_year-03,v3-release_year-03--B--answer-A--neutral,release_year,F3,B,A,incorrect,contradicted,neutral,In which year was Glassfin Almanac first released?,"Fictional publication record: Glassfin Almanac.
Each line names a value and the separate field it belongs to.
2043: site survey
2074: first release",Glassfin Almanac was first released in 2043.,15,0.7917601466178894,75,89,90,2043,85,89,4.0363829321312945,-1.6889507468211613,-4.00274607066406
v3-release_year-03,v3-release_year-03--B--answer-B--confident,release_year,F3,B,B,correct,supported,confident,In which year was Glassfin Almanac first released?,"Fictional publication record: Glassfin Almanac.
Each line names a value and the separate field it belongs to.
2043: site survey
2074: first release",Glassfin Almanac was first released in 2074. I would give that answer without any further qualification.,25,2.2019054889678955,75,99,100,2074,85,89,2.984227039765747,-2.1974344964167174,-4.17779003998037
v3-release_year-03,v3-release_year-03--B--answer-B--hedged,release_year,F3,B,B,correct,supported,hedged,In which year was Glassfin Almanac first released?,"Fictional publication record: Glassfin Almanac.
Each line names a value and the separate field it belongs to.
2043: site survey
2074: first release","My answer, subject to revision, is that Glassfin Almanac was first released in 2074.",24,1.799931526184082,75,98,99,2074,94,98,2.327888856725458,-4.030888949924808,-5.1375917874788115
v3-release_year-03,v3-release_year-03--B--answer-B--neutral,release_year,F3,B,B,correct,supported,neutral,In which year was Glassfin Almanac first released?,"Fictional publication record: Glassfin Almanac.
Each line names a value and the separate field it belongs to.
2043: site survey
2074: first release",Glassfin Almanac was first released in 2074.,15,0.23149389028549194,75,89,90,2074,85,89,3.980692751865991,-2.1062548927324514,-4.0184047440749335
v3-release_year-03,v3-release_year-03--omitted--answer-A--neutral,release_year,F3,omitted,A,,absent,neutral,In which year was Glassfin Almanac first released?,"Fictional publication record: Glassfin Almanac.
Each line names a value and the separate field it belongs to.
2043: early sketch
2074: site survey",Glassfin Almanac was first released in 2043.,15,0.2876589596271515,75,89,90,2043,85,89,3.996723110260448,-1.8504794593368274,-4.168532461060218
v3-release_year-03,v3-release_year-03--omitted--answer-B--neutral,release_year,F3,omitted,B,,absent,neutral,In which year was Glassfin Almanac first released?,"Fictional publication record: Glassfin Almanac.
Each line names a value and the separate field it belongs to.
2043: early sketch
2074: site survey",Glassfin Almanac was first released in 2074.,15,0.4585868716239929,75,89,90,2074,85,89,3.9593475443494253,-2.3358258965556997,-4.2038852537827625
v3-release_year-04,v3-release_year-04--A--answer-A--confident,release_year,F1,A,A,correct,supported,confident,In which year was Waystone Almanac first released?,"Fictional publication record: Waystone Almanac.
Each line names a value and the separate field it belongs to.
2081: site survey
2044: first release","Unequivocally, Waystone Almanac was first released in 2044.",20,1.2729042768478394,75,94,95,2044,90,94,4.348630265394634,0.33696085728683445,-2.618300969590559
v3-release_year-04,v3-release_year-04--A--answer-A--hedged,release_year,F1,A,A,correct,supported,hedged,In which year was Waystone Almanac first released?,"Fictional publication record: Waystone Almanac.
Each line names a value and the separate field it belongs to.
2081: site survey
2044: first release","As far as I can tell, Waystone Almanac was first released in 2044.",22,1.3242396116256714,75,96,97,2044,92,96,2.8971077121387987,-4.573057729273178,-5.182478409403741
v3-release_year-04,v3-release_year-04--A--answer-A--neutral,release_year,F1,A,A,correct,supported,neutral,In which year was Waystone Almanac first released?,"Fictional publication record: Waystone Almanac.
Each line names a value and the separate field it belongs to.
2081: site survey
2044: first release",Waystone Almanac was first released in 2044.,15,0.17666460573673248,75,89,90,2044,85,89,4.042213384327598,-2.036116076005482,-4.084246073416547
v3-release_year-04,v3-release_year-04--A--answer-B--confident,release_year,F1,A,B,incorrect,contradicted,confident,In which year was Waystone Almanac first released?,"Fictional publication record: Waystone Almanac.
Each line names a value and the separate field it belongs to.
2081: site survey
2044: first release","Unequivocally, Waystone Almanac was first released in 2081.",20,1.9898189306259155,75,94,95,2081,90,94,4.288134489495543,0.4052324602595172,-2.730355698622915
v3-release_year-04,v3-release_year-04--A--answer-B--hedged,release_year,F1,A,B,incorrect,contradicted,hedged,In which year was Waystone Almanac first released?,"Fictional publication record: Waystone Almanac.
Each line names a value and the separate field it belongs to.
2081: site survey
2044: first release","As far as I can tell, Waystone Almanac was first released in 2081.",22,1.8960880041122437,75,96,97,2081,92,96,2.88333006566627,-4.442561295442186,-5.301059630909879
v3-release_year-04,v3-release_year-04--A--answer-B--neutral,release_year,F1,A,B,incorrect,contradicted,neutral,In which year was Waystone Almanac first released?,"Fictional publication record: Waystone Almanac.
Each line names a value and the separate field it belongs to.
2081: site survey
2044: first release",Waystone Almanac was first released in 2081.,15,1.0255993604660034,75,89,90,2081,85,89,4.1784733562614225,-1.8676838343477957,-4.2417430234182305
v3-release_year-04,v3-release_year-04--B--answer-A--confident,release_year,F1,B,A,incorrect,contradicted,confident,In which year was Waystone Almanac first released?,"Fictional publication record: Waystone Almanac.
Each line names a value and the separate field it belongs to.
2081: first release
2044: site survey","Unequivocally, Waystone Almanac was first released in 2044.",20,1.670541763305664,75,94,95,2044,90,94,4.308826902880918,0.44290539928778017,-2.586817234597274
v3-release_year-04,v3-release_year-04--B--answer-A--hedged,release_year,F1,B,A,incorrect,contradicted,hedged,In which year was Waystone Almanac first released?,"Fictional publication record: Waystone Almanac.
Each line names a value and the separate field it belongs to.
2081: first release
2044: site survey","As far as I can tell, Waystone Almanac was first released in 2044.",22,1.610375165939331,75,96,97,2044,92,96,2.915491051624745,-4.529288909601481,-5.198283843682729
v3-release_year-04,v3-release_year-04--B--answer-A--neutral,release_year,F1,B,A,incorrect,contradicted,neutral,In which year was Waystone Almanac first released?,"Fictional publication record: Waystone Almanac.
Each line names a value and the separate field it belongs to.
2081: first release
2044: site survey",Waystone Almanac was first released in 2044.,15,0.7047950625419617,75,89,90,2044,85,89,4.059209143496983,-1.9729022711210968,-4.115982439276551
v3-release_year-04,v3-release_year-04--B--answer-B--confident,release_year,F1,B,B,correct,supported,confident,In which year was Waystone Almanac first released?,"Fictional publication record: Waystone Almanac.
Each line names a value and the separate field it belongs to.
2081: first release
2044: site survey","Unequivocally, Waystone Almanac was first released in 2081.",20,1.31283700466156,75,94,95,2081,90,94,4.276589727343681,0.4832226399487469,-2.6950352502189383
v3-release_year-04,v3-release_year-04--B--answer-B--hedged,release_year,F1,B,B,correct,supported,hedged,In which year was Waystone Almanac first released?,"Fictional publication record: Waystone Almanac.
Each line names a value and the separate field it belongs to.
2081: first release
2044: site survey","As far as I can tell, Waystone Almanac was first released in 2081.",22,1.321832299232483,75,96,97,2081,92,96,2.882094236932118,-4.451452952474579,-5.311204368779886
v3-release_year-04,v3-release_year-04--B--answer-B--neutral,release_year,F1,B,B,correct,supported,neutral,In which year was Waystone Almanac first released?,"Fictional publication record: Waystone Almanac.
Each line names a value and the separate field it belongs to.
2081: first release
2044: site survey",Waystone Almanac was first released in 2081.,15,0.19769567251205444,75,89,90,2081,85,89,4.138232511181789,-1.844207452377076,-4.278139821403329
v3-release_year-04,v3-release_year-04--omitted--answer-A--neutral,release_year,F1,omitted,A,,absent,neutral,In which year was Waystone Almanac first released?,"Fictional publication record: Waystone Almanac.
Each line names a value and the separate field it belongs to.
2081: site survey
2044: early sketch",Waystone Almanac was first released in 2044.,15,0.3943861722946167,75,89,90,2044,85,89,4.061767075024364,-2.2677373122504005,-4.221126819605541
v3-release_year-04,v3-release_year-04--omitted--answer-B--neutral,release_year,F1,omitted,B,,absent,neutral,In which year was Waystone Almanac first released?,"Fictional publication record: Waystone Almanac.
Each line names a value and the separate field it belongs to.
2081: site survey
2044: early sketch",Waystone Almanac was first released in 2081.,15,0.37977778911590576,75,89,90,2081,85,89,4.15462240661444,-2.122034984322154,-4.361907061449112
v3-release_year-05,v3-release_year-05--A--answer-A--confident,release_year,F2,A,A,correct,supported,confident,In which year was Thistlebay Almanac first released?,"Fictional publication record: Thistlebay Almanac.
Each line names a value and the separate field it belongs to.
2045: first release
2062: site survey",Thistlebay Almanac was first released in 2045. I have no reservations about that answer.,24,1.7944278717041016,77,100,101,2045,88,92,3.024397818545014,0.17359328938201612,-3.8061545727831927
v3-release_year-05,v3-release_year-05--A--answer-A--hedged,release_year,F2,A,A,correct,supported,hedged,In which year was Thistlebay Almanac first released?,"Fictional publication record: Thistlebay Almanac.
Each line names a value and the separate field it belongs to.
2045: first release
2062: site survey",Thistlebay Almanac was first released in 2045. I have some reservations about that answer.,24,1.994050145149231,77,100,101,2045,88,92,-1.4828025050088427,-9.20561312469452,-5.805868081588525
v3-release_year-05,v3-release_year-05--A--answer-A--neutral,release_year,F2,A,A,correct,supported,neutral,In which year was Thistlebay Almanac first released?,"Fictional publication record: Thistlebay Almanac.
Each line names a value and the separate field it belongs to.
2045: first release
2062: site survey",Thistlebay Almanac was first released in 2045.,16,0.22469210624694824,77,92,93,2045,88,92,4.111861167223891,-1.9615414836462937,-4.155049099814908
v3-release_year-05,v3-release_year-05--A--answer-B--confident,release_year,F2,A,B,incorrect,contradicted,confident,In which year was Thistlebay Almanac first released?,"Fictional publication record: Thistlebay Almanac.
Each line names a value and the separate field it belongs to.
2045: first release
2062: site survey",Thistlebay Almanac was first released in 2062. I have no reservations about that answer.,24,2.2838661670684814,77,100,101,2062,88,92,3.0061887521526844,0.18890968918500706,-3.822527663624112
v3-release_year-05,v3-release_year-05--A--answer-B--hedged,release_year,F2,A,B,incorrect,contradicted,hedged,In which year was Thistlebay Almanac first released?,"Fictional publication record: Thistlebay Almanac.
Each line names a value and the separate field it belongs to.
2045: first release
2062: site survey",Thistlebay Almanac was first released in 2062. I have some reservations about that answer.,24,2.469597339630127,77,100,101,2062,88,92,-1.56069660202202,-9.155328107800537,-5.811007225135702
v3-release_year-05,v3-release_year-05--A--answer-B--neutral,release_year,F2,A,B,incorrect,contradicted,neutral,In which year was Thistlebay Almanac first released?,"Fictional publication record: Thistlebay Almanac.
Each line names a value and the separate field it belongs to.
2045: first release
2062: site survey",Thistlebay Almanac was first released in 2062.,16,0.9472543001174927,77,92,93,2062,88,92,3.900182953862196,-2.0742944178090865,-4.186820868550196
v3-release_year-05,v3-release_year-05--B--answer-A--confident,release_year,F2,B,A,incorrect,contradicted,confident,In which year was Thistlebay Almanac first released?,"Fictional publication record: Thistlebay Almanac.
Each line names a value and the separate field it belongs to.
2045: site survey
2062: first release",Thistlebay Almanac was first released in 2045. I have no reservations about that answer.,24,2.1276557445526123,77,100,101,2045,88,92,2.9574085818380795,0.12425498173475258,-3.7877154847882286
v3-release_year-05,v3-release_year-05--B--answer-A--hedged,release_year,F2,B,A,incorrect,contradicted,hedged,In which year was Thistlebay Almanac first released?,"Fictional publication record: Thistlebay Almanac.
Each line names a value and the separate field it belongs to.
2045: site survey
2062: first release",Thistlebay Almanac was first released in 2045. I have some reservations about that answer.,24,2.327021598815918,77,100,101,2045,88,92,-1.528865797558955,-9.218472053862225,-5.780034427688909
v3-release_year-05,v3-release_year-05--B--answer-A--neutral,release_year,F2,B,A,incorrect,contradicted,neutral,In which year was Thistlebay Almanac first released?,"Fictional publication record: Thistlebay Almanac.
Each line names a value and the separate field it belongs to.
2045: site survey
2062: first release",Thistlebay Almanac was first released in 2045.,16,0.8527597188949585,77,92,93,2045,88,92,4.072772712857461,-1.9538073523705957,-4.113622837643343
v3-release_year-05,v3-release_year-05--B--answer-B--confident,release_year,F2,B,B,correct,supported,confident,In which year was Thistlebay Almanac first released?,"Fictional publication record: Thistlebay Almanac.
Each line names a value and the separate field it belongs to.
2045: site survey
2062: first release",Thistlebay Almanac was first released in 2062. I have no reservations about that answer.,24,1.8168835639953613,77,100,101,2062,88,92,2.963450047841544,0.09574356442251497,-3.807089200450754
v3-release_year-05,v3-release_year-05--B--answer-B--hedged,release_year,F2,B,B,correct,supported,hedged,In which year was Thistlebay Almanac first released?,"Fictional publication record: Thistlebay Almanac.
Each line names a value and the separate field it belongs to.
2045: site survey
2062: first release",Thistlebay Almanac was first released in 2062. I have some reservations about that answer.,24,2.023573398590088,77,100,101,2062,88,92,-1.5304765166994283,-9.203493932628769,-5.7834084005549515
v3-release_year-05,v3-release_year-05--B--answer-B--neutral,release_year,F2,B,B,correct,supported,neutral,In which year was Thistlebay Almanac first released?,"Fictional publication record: Thistlebay Almanac.
Each line names a value and the separate field it belongs to.
2045: site survey
2062: first release",Thistlebay Almanac was first released in 2062.,16,0.21747255325317383,77,92,93,2062,88,92,3.8694767751692782,-2.1094929174018096,-4.141903875720193
v3-release_year-05,v3-release_year-05--omitted--answer-A--neutral,release_year,F2,omitted,A,,absent,neutral,In which year was Thistlebay Almanac first released?,"Fictional publication record: Thistlebay Almanac.
Each line names a value and the separate field it belongs to.
2045: early sketch
2062: site survey",Thistlebay Almanac was first released in 2045.,16,0.32963716983795166,77,92,93,2045,88,92,4.04911060838618,-2.146254393487211,-4.267291805300396
v3-release_year-05,v3-release_year-05--omitted--answer-B--neutral,release_year,F2,omitted,B,,absent,neutral,In which year was Thistlebay Almanac first released?,"Fictional publication record: Thistlebay Almanac.
Each line names a value and the separate field it belongs to.
2045: early sketch
2062: site survey",Thistlebay Almanac was first released in 2062.,16,0.44031667709350586,77,92,93,2062,88,92,3.793859688896269,-2.3949576143818794,-4.325899209040998
v3-release_year-06,v3-release_year-06--A--answer-A--confident,release_year,F3,A,A,correct,supported,confident,In which year was Sundrift Almanac first released?,"Fictional publication record: Sundrift Almanac.
Each line names a value and the separate field it belongs to.
2077: site survey
2046: first release",Sundrift Almanac was first released in 2046. I would give that answer without any further qualification.,26,2.1144816875457764,75,100,101,2046,86,90,3.080802842089683,-2.45898237038962,-4.159453569434014
v3-release_year-06,v3-release_year-06--A--answer-A--hedged,release_year,F3,A,A,correct,supported,hedged,In which year was Sundrift Almanac first released?,"Fictional publication record: Sundrift Almanac.
Each line names a value and the separate field it belongs to.
2077: site survey
2046: first release","My answer, subject to revision, is that Sundrift Almanac was first released in 2046.",24,1.9116872549057007,75,98,99,2046,94,98,2.4533154756140214,-3.887103257788306,-5.129247909449349
v3-release_year-06,v3-release_year-06--A--answer-A--neutral,release_year,F3,A,A,correct,supported,neutral,In which year was Sundrift Almanac first released?,"Fictional publication record: Sundrift Almanac.
Each line names a value and the separate field it belongs to.
2077: site survey
2046: first release",Sundrift Almanac was first released in 2046.,16,0.1685394048690796,75,90,91,2046,86,90,4.182057886952062,-1.9852370417257221,-4.007458395017348
v3-release_year-06,v3-release_year-06--A--answer-B--confident,release_year,F3,A,B,incorrect,contradicted,confident,In which year was Sundrift Almanac first released?,"Fictional publication record: Sundrift Almanac.
Each line names a value and the separate field it belongs to.
2077: site survey
2046: first release",Sundrift Almanac was first released in 2077. I would give that answer without any further qualification.,26,2.424741268157959,75,100,101,2077,86,90,3.1859156011577072,-2.3252414813604,-4.184437914831481
v3-release_year-06,v3-release_year-06--A--answer-B--hedged,release_year,F3,A,B,incorrect,contradicted,hedged,In which year was Sundrift Almanac first released?,"Fictional publication record: Sundrift Almanac.
Each line names a value and the separate field it belongs to.
2077: site survey
2046: first release","My answer, subject to revision, is that Sundrift Almanac was first released in 2077.",24,2.2496039867401123,75,98,99,2077,94,98,2.6025287733069433,-4.004760941047254,-5.180715587412767
v3-release_year-06,v3-release_year-06--A--answer-B--neutral,release_year,F3,A,B,incorrect,contradicted,neutral,In which year was Sundrift Almanac first released?,"Fictional publication record: Sundrift Almanac.
Each line names a value and the separate field it belongs to.
2077: site survey
2046: first release",Sundrift Almanac was first released in 2077.,16,0.795453667640686,75,90,91,2077,86,90,4.277310599418429,-2.0073927400646925,-4.0499549441901035
v3-release_year-06,v3-release_year-06--B--answer-A--confident,release_year,F3,B,A,incorrect,contradicted,confident,In which year was Sundrift Almanac first released?,"Fictional publication record: Sundrift Almanac.
Each line names a value and the separate field it belongs to.
2077: first release
2046: site survey",Sundrift Almanac was first released in 2046. I would give that answer without any further qualification.,26,2.387695550918579,75,100,101,2046,86,90,3.1493094789395304,-2.461576617763591,-4.170160508311222
v3-release_year-06,v3-release_year-06--B--answer-A--hedged,release_year,F3,B,A,incorrect,contradicted,hedged,In which year was Sundrift Almanac first released?,"Fictional publication record: Sundrift Almanac.
Each line names a value and the separate field it belongs to.
2077: first release
2046: site survey","My answer, subject to revision, is that Sundrift Almanac was first released in 2046.",24,2.1492042541503906,75,98,99,2046,94,98,2.386964339232464,-4.00755999015541,-5.15784690789704
v3-release_year-06,v3-release_year-06--B--answer-A--neutral,release_year,F3,B,A,incorrect,contradicted,neutral,In which year was Sundrift Almanac first released?,"Fictional publication record: Sundrift Almanac.
Each line names a value and the separate field it belongs to.
2077: first release
2046: site survey",Sundrift Almanac was first released in 2046.,16,0.7111207246780396,75,90,91,2046,86,90,4.149506011959785,-1.99707212337034,-4.044858830051002
v3-release_year-06,v3-release_year-06--B--answer-B--confident,release_year,F3,B,B,correct,supported,confident,In which year was Sundrift Almanac first released?,"Fictional publication record: Sundrift Almanac.
Each line names a value and the separate field it belongs to.
2077: first release
2046: site survey",Sundrift Almanac was first released in 2077. I would give that answer without any further qualification.,26,2.0555579662323,75,100,101,2077,86,90,3.1732107265362153,-2.3569160728926786,-4.177675397767314
v3-release_year-06,v3-release_year-06--B--answer-B--hedged,release_year,F3,B,B,correct,supported,hedged,In which year was Sundrift Almanac first released?,"Fictional publication record: Sundrift Almanac.
Each line names a value and the separate field it belongs to.
2077: first release
2046: site survey","My answer, subject to revision, is that Sundrift Almanac was first released in 2077.",24,1.9338836669921875,75,98,99,2077,94,98,2.5116164343136322,-4.043817101102661,-5.195959522375262
v3-release_year-06,v3-release_year-06--B--answer-B--neutral,release_year,F3,B,B,correct,supported,neutral,In which year was Sundrift Almanac first released?,"Fictional publication record: Sundrift Almanac.
Each line names a value and the separate field it belongs to.
2077: first release
2046: site survey",Sundrift Almanac was first released in 2077.,16,0.19368016719818115,75,90,91,2077,86,90,4.241603470847679,-1.9722000090493375,-4.077565271023918
v3-release_year-06,v3-release_year-06--omitted--answer-A--neutral,release_year,F3,omitted,A,,absent,neutral,In which year was Sundrift Almanac first released?,"Fictional publication record: Sundrift Almanac.
Each line names a value and the separate field it belongs to.
2077: site survey
2046: early sketch",Sundrift Almanac was first released in 2046.,16,0.2691941261291504,75,90,91,2046,86,90,4.125741535336596,-2.2546013885599194,-4.158961406774013
v3-release_year-06,v3-release_year-06--omitted--answer-B--neutral,release_year,F3,omitted,B,,absent,neutral,In which year was Sundrift Almanac first released?,"Fictional publication record: Sundrift Almanac.
Each line names a value and the separate field it belongs to.
2077: site survey
2046: early sketch",Sundrift Almanac was first released in 2077.,16,0.28788185119628906,75,90,91,2077,86,90,4.2987499575386305,-2.297019212336101,-4.1920192602956465
v3-release_year-07,v3-release_year-07--A--answer-A--confident,release_year,F1,A,A,correct,supported,confident,In which year was Lindenmark Almanac first released?,"Fictional publication record: Lindenmark Almanac.
Each line names a value and the separate field it belongs to.
2047: first release
2088: site survey","Unequivocally, Lindenmark Almanac was first released in 2047.",20,1.3084478378295898,75,94,95,2047,90,94,4.282782455639857,0.5208456692395899,-2.6286754762145934
v3-release_year-07,v3-release_year-07--A--answer-A--hedged,release_year,F1,A,A,correct,supported,hedged,In which year was Lindenmark Almanac first released?,"Fictional publication record: Lindenmark Almanac.
Each line names a value and the separate field it belongs to.
2047: first release
2088: site survey","As far as I can tell, Lindenmark Almanac was first released in 2047.",22,1.244373083114624,75,96,97,2047,92,96,2.9818768479527855,-4.5762126439422195,-5.348718552749615
v3-release_year-07,v3-release_year-07--A--answer-A--neutral,release_year,F1,A,A,correct,supported,neutral,In which year was Lindenmark Almanac first released?,"Fictional publication record: Lindenmark Almanac.
Each line names a value and the separate field it belongs to.
2047: first release
2088: site survey",Lindenmark Almanac was first released in 2047.,16,0.19161105155944824,75,90,91,2047,86,90,4.213852461113498,-1.828315384127116,-4.239832654749501
v3-release_year-07,v3-release_year-07--A--answer-B--confident,release_year,F1,A,B,incorrect,contradicted,confident,In which year was Lindenmark Almanac first released?,"Fictional publication record: Lindenmark Almanac.
Each line names a value and the separate field it belongs to.
2047: first release
2088: site survey","Unequivocally, Lindenmark Almanac was first released in 2088.",20,2.2432925701141357,75,94,95,2088,90,94,4.15585722718925,0.10651465457907605,-2.7632367206841866
v3-release_year-07,v3-release_year-07--A--answer-B--hedged,release_year,F1,A,B,incorrect,contradicted,hedged,In which year was Lindenmark Almanac first released?,"Fictional publication record: Lindenmark Almanac.
Each line names a value and the separate field it belongs to.
2047: first release
2088: site survey","As far as I can tell, Lindenmark Almanac was first released in 2088.",22,1.9703434705734253,75,96,97,2088,92,96,2.6801269551721036,-4.522545777781056,-5.467509277179495
v3-release_year-07,v3-release_year-07--A--answer-B--neutral,release_year,F1,A,B,incorrect,contradicted,neutral,In which year was Lindenmark Almanac first released?,"Fictional publication record: Lindenmark Almanac.
Each line names a value and the separate field it belongs to.
2047: first release
2088: site survey",Lindenmark Almanac was first released in 2088.,16,1.2964669466018677,75,90,91,2088,86,90,3.8162353428917752,-2.191781138639562,-4.446886138155791
v3-release_year-07,v3-release_year-07--B--answer-A--confident,release_year,F1,B,A,incorrect,contradicted,confident,In which year was Lindenmark Almanac first released?,"Fictional publication record: Lindenmark Almanac.
Each line names a value and the separate field it belongs to.
2047: site survey
2088: first release","Unequivocally, Lindenmark Almanac was first released in 2047.",20,1.6741994619369507,75,94,95,2047,90,94,4.292748066106356,0.5001430622981169,-2.6662038499127445
v3-release_year-07,v3-release_year-07--B--answer-A--hedged,release_year,F1,B,A,incorrect,contradicted,hedged,In which year was Lindenmark Almanac first released?,"Fictional publication record: Lindenmark Almanac.
Each line names a value and the separate field it belongs to.
2047: site survey
2088: first release","As far as I can tell, Lindenmark Almanac was first released in 2047.",22,1.5830615758895874,75,96,97,2047,92,96,2.942058405013298,-4.523949175696044,-5.339952996499675
v3-release_year-07,v3-release_year-07--B--answer-A--neutral,release_year,F1,B,A,incorrect,contradicted,neutral,In which year was Lindenmark Almanac first released?,"Fictional publication record: Lindenmark Almanac.
Each line names a value and the separate field it belongs to.
2047: site survey
2088: first release",Lindenmark Almanac was first released in 2047.,16,0.6886368989944458,75,90,91,2047,86,90,4.225517248945444,-1.850543854309972,-4.230199273600438
v3-release_year-07,v3-release_year-07--B--answer-B--confident,release_year,F1,B,B,correct,supported,confident,In which year was Lindenmark Almanac first released?,"Fictional publication record: Lindenmark Almanac.
Each line names a value and the separate field it belongs to.
2047: site survey
2088: first release","Unequivocally, Lindenmark Almanac was first released in 2088.",20,1.3219174146652222,75,94,95,2088,90,94,4.178356880730115,0.181306378391337,-2.8028141797984985
v3-release_year-07,v3-release_year-07--B--answer-B--hedged,release_year,F1,B,B,correct,supported,hedged,In which year was Lindenmark Almanac first released?,"Fictional publication record: Lindenmark Almanac.
Each line names a value and the separate field it belongs to.
2047: site survey
2088: first release","As far as I can tell, Lindenmark Almanac was first released in 2088.",22,1.2850251197814941,75,96,97,2088,92,96,2.579338473871155,-4.60107747614656,-5.468511658800642
v3-release_year-07,v3-release_year-07--B--answer-B--neutral,release_year,F1,B,B,correct,supported,neutral,In which year was Lindenmark Almanac first released?,"Fictional publication record: Lindenmark Almanac.
Each line names a value and the separate field it belongs to.
2047: site survey
2088: first release",Lindenmark Almanac was first released in 2088.,16,0.179529070854187,75,90,91,2088,86,90,3.8364571973547306,-2.2004764805807278,-4.440221609131434
v3-release_year-07,v3-release_year-07--omitted--answer-A--neutral,release_year,F1,omitted,A,,absent,neutral,In which year was Lindenmark Almanac first released?,"Fictional publication record: Lindenmark Almanac.
Each line names a value and the separate field it belongs to.
2047: early sketch
2088: site survey",Lindenmark Almanac was first released in 2047.,16,0.28612804412841797,75,90,91,2047,86,90,4.193438664510247,-2.2035663549572755,-4.34236482134628
v3-release_year-07,v3-release_year-07--omitted--answer-B--neutral,release_year,F1,omitted,B,,absent,neutral,In which year was Lindenmark Almanac first released?,"Fictional publication record: Lindenmark Almanac.
Each line names a value and the separate field it belongs to.
2047: early sketch
2088: site survey",Lindenmark Almanac was first released in 2088.,16,0.3732978105545044,75,90,91,2088,86,90,3.7245861132702838,-2.5172957653723613,-4.558579812749038
v3-release_year-08,v3-release_year-08--A--answer-A--confident,release_year,F2,A,A,correct,supported,confident,In which year was Rainforge Almanac first released?,"Fictional publication record: Rainforge Almanac.
Each line names a value and the separate field it belongs to.
2053: site survey
2048: first release",Rainforge Almanac was first released in 2048. I have no reservations about that answer.,23,1.8587689399719238,75,97,98,2048,85,89,3.0126269263512184,-0.14837115333747242,-3.744528488877255
v3-release_year-08,v3-release_year-08--A--answer-A--hedged,release_year,F2,A,A,correct,supported,hedged,In which year was Rainforge Almanac first released?,"Fictional publication record: Rainforge Almanac.
Each line names a value and the separate field it belongs to.
2053: site survey
2048: first release",Rainforge Almanac was first released in 2048. I have some reservations about that answer.,23,2.045431137084961,75,97,98,2048,85,89,-1.4659822268128777,-9.409486998842404,-5.771946361101699
v3-release_year-08,v3-release_year-08--A--answer-A--neutral,release_year,F2,A,A,correct,supported,neutral,In which year was Rainforge Almanac first released?,"Fictional publication record: Rainforge Almanac.
Each line names a value and the separate field it belongs to.
2053: site survey
2048: first release",Rainforge Almanac was first released in 2048.,15,0.24521572887897491,75,89,90,2048,85,89,3.967980965257579,-2.2390077883333195,-3.980582954290523
v3-release_year-08,v3-release_year-08--A--answer-B--confident,release_year,F2,A,B,incorrect,contradicted,confident,In which year was Rainforge Almanac first released?,"Fictional publication record: Rainforge Almanac.
Each line names a value and the separate field it belongs to.
2053: site survey
2048: first release",Rainforge Almanac was first released in 2053. I have no reservations about that answer.,23,2.1486222743988037,75,97,98,2053,85,89,3.133950792977587,0.06593775905466748,-3.745457800297435
v3-release_year-08,v3-release_year-08--A--answer-B--hedged,release_year,F2,A,B,incorrect,contradicted,hedged,In which year was Rainforge Almanac first released?,"Fictional publication record: Rainforge Almanac.
Each line names a value and the separate field it belongs to.
2053: site survey
2048: first release",Rainforge Almanac was first released in 2053. I have some reservations about that answer.,23,2.365722417831421,75,97,98,2053,85,89,-1.2480294818950632,-9.134408089539763,-5.767528761660809
v3-release_year-08,v3-release_year-08--A--answer-B--neutral,release_year,F2,A,B,incorrect,contradicted,neutral,In which year was Rainforge Almanac first released?,"Fictional publication record: Rainforge Almanac.
Each line names a value and the separate field it belongs to.
2053: site survey
2048: first release",Rainforge Almanac was first released in 2053.,15,0.7960197329521179,75,89,90,2053,85,89,4.151123840379398,-1.7638753756082721,-3.9904792360322263
v3-release_year-08,v3-release_year-08--B--answer-A--confident,release_year,F2,B,A,incorrect,contradicted,confident,In which year was Rainforge Almanac first released?,"Fictional publication record: Rainforge Almanac.
Each line names a value and the separate field it belongs to.
2053: first release
2048: site survey",Rainforge Almanac was first released in 2048. I have no reservations about that answer.,23,2.3100688457489014,75,97,98,2048,85,89,2.9433816296383686,-0.24157814850089565,-3.778260562748935
v3-release_year-08,v3-release_year-08--B--answer-A--hedged,release_year,F2,B,A,incorrect,contradicted,hedged,In which year was Rainforge Almanac first released?,"Fictional publication record: Rainforge Almanac.
Each line names a value and the separate field it belongs to.
2053: first release
2048: site survey",Rainforge Almanac was first released in 2048. I have some reservations about that answer.,23,2.428337574005127,75,97,98,2048,85,89,-1.394903416548595,-9.408358508465108,-5.803828549623776
v3-release_year-08,v3-release_year-08--B--answer-A--neutral,release_year,F2,B,A,incorrect,contradicted,neutral,In which year was Rainforge Almanac first released?,"Fictional publication record: Rainforge Almanac.
Each line names a value and the separate field it belongs to.
2053: first release
2048: site survey",Rainforge Almanac was first released in 2048.,15,0.9704681634902954,75,89,90,2048,85,89,3.9688098377036667,-2.1471670488067893,-4.015985299942102
v3-release_year-08,v3-release_year-08--B--answer-B--confident,release_year,F2,B,B,correct,supported,confident,In which year was Rainforge Almanac first released?,"Fictional publication record: Rainforge Almanac.
Each line names a value and the separate field it belongs to.
2053: first release
2048: site survey",Rainforge Almanac was first released in 2053. I have no reservations about that answer.,23,1.8315755128860474,75,97,98,2053,85,89,3.097602105608171,0.058567207043472624,-3.7666088008738443
v3-release_year-08,v3-release_year-08--B--answer-B--hedged,release_year,F2,B,B,correct,supported,hedged,In which year was Rainforge Almanac first released?,"Fictional publication record: Rainforge Almanac.
Each line names a value and the separate field it belongs to.
2053: first release
2048: site survey",Rainforge Almanac was first released in 2053. I have some reservations about that answer.,23,2.039865493774414,75,97,98,2053,85,89,-1.278855730829609,-9.164971683144815,-5.79670664967724
v3-release_year-08,v3-release_year-08--B--answer-B--neutral,release_year,F2,B,B,correct,supported,neutral,In which year was Rainforge Almanac first released?,"Fictional publication record: Rainforge Almanac.
Each line names a value and the separate field it belongs to.
2053: first release
2048: site survey",Rainforge Almanac was first released in 2053.,15,0.24586613476276398,75,89,90,2053,85,89,4.12650617876721,-1.6835674585210247,-4.0272115946157765
v3-release_year-08,v3-release_year-08--omitted--answer-A--neutral,release_year,F2,omitted,A,,absent,neutral,In which year was Rainforge Almanac first released?,"Fictional publication record: Rainforge Almanac.
Each line names a value and the separate field it belongs to.
2053: site survey
2048: early sketch",Rainforge Almanac was first released in 2048.,15,0.367086797952652,75,89,90,2048,85,89,3.853066331923223,-2.4213456899132546,-4.130901958256745
v3-release_year-08,v3-release_year-08--omitted--answer-B--neutral,release_year,F2,omitted,B,,absent,neutral,In which year was Rainforge Almanac first released?,"Fictional publication record: Rainforge Almanac.
Each line names a value and the separate field it belongs to.
2053: site survey
2048: early sketch",Rainforge Almanac was first released in 2053.,15,0.2935143709182739,75,89,90,2053,85,89,4.1957873943140855,-1.9335561856931887,-4.123184561846422
v3-release_year-09,v3-release_year-09--A--answer-A--confident,release_year,F3,A,A,correct,supported,confident,In which year was Tidebell Almanac first released?,"Fictional publication record: Tidebell Almanac.
Each line names a value and the separate field it belongs to.
2049: first release
2064: site survey",Tidebell Almanac was first released in 2049. I would give that answer without any further qualification.,26,2.0922904014587402,75,100,101,2049,86,90,3.160933930466012,-2.291976792804486,-4.2335886187909715
v3-release_year-09,v3-release_year-09--A--answer-A--hedged,release_year,F3,A,A,correct,supported,hedged,In which year was Tidebell Almanac first released?,"Fictional publication record: Tidebell Almanac.
Each line names a value and the separate field it belongs to.
2049: first release
2064: site survey","My answer, subject to revision, is that Tidebell Almanac was first released in 2049.",24,1.956624984741211,75,98,99,2049,94,98,2.5206693011217647,-3.9268853200237315,-5.215661968355246
v3-release_year-09,v3-release_year-09--A--answer-A--neutral,release_year,F3,A,A,correct,supported,neutral,In which year was Tidebell Almanac first released?,"Fictional publication record: Tidebell Almanac.
Each line names a value and the separate field it belongs to.
2049: first release
2064: site survey",Tidebell Almanac was first released in 2049.,16,0.23725903034210205,75,90,91,2049,86,90,4.2068150349463584,-1.753614701083254,-4.133954523285181
v3-release_year-09,v3-release_year-09--A--answer-B--confident,release_year,F3,A,B,incorrect,contradicted,confident,In which year was Tidebell Almanac first released?,"Fictional publication record: Tidebell Almanac.
Each line names a value and the separate field it belongs to.
2049: first release
2064: site survey",Tidebell Almanac was first released in 2064. I would give that answer without any further qualification.,26,2.6706137657165527,75,100,101,2064,86,90,3.110864714574515,-2.3833056837246054,-4.250903565277992
v3-release_year-09,v3-release_year-09--A--answer-B--hedged,release_year,F3,A,B,incorrect,contradicted,hedged,In which year was Tidebell Almanac first released?,"Fictional publication record: Tidebell Almanac.
Each line names a value and the separate field it belongs to.
2049: first release
2064: site survey","My answer, subject to revision, is that Tidebell Almanac was first released in 2064.",24,2.394463300704956,75,98,99,2064,94,98,2.3744302066324807,-4.204208380500234,-5.272173056674151
v3-release_year-09,v3-release_year-09--A--answer-B--neutral,release_year,F3,A,B,incorrect,contradicted,neutral,In which year was Tidebell Almanac first released?,"Fictional publication record: Tidebell Almanac.
Each line names a value and the separate field it belongs to.
2049: first release
2064: site survey",Tidebell Almanac was first released in 2064.,16,1.1515114307403564,75,90,91,2064,86,90,4.116563532584672,-2.084031429139002,-4.172452807712489
v3-release_year-09,v3-release_year-09--B--answer-A--confident,release_year,F3,B,A,incorrect,contradicted,confident,In which year was Tidebell Almanac first released?,"Fictional publication record: Tidebell Almanac.
Each line names a value and the separate field it belongs to.
2049: site survey
2064: first release",Tidebell Almanac was first released in 2049. I would give that answer without any further qualification.,26,2.4389536380767822,75,100,101,2049,86,90,3.156648593310046,-2.356460024616665,-4.236044103294949
v3-release_year-09,v3-release_year-09--B--answer-A--hedged,release_year,F3,B,A,incorrect,contradicted,hedged,In which year was Tidebell Almanac first released?,"Fictional publication record: Tidebell Almanac.
Each line names a value and the separate field it belongs to.
2049: site survey
2064: first release","My answer, subject to revision, is that Tidebell Almanac was first released in 2049.",24,2.240379571914673,75,98,99,2049,94,98,2.6396815869527845,-3.77110948199129,-5.210715044542759
v3-release_year-09,v3-release_year-09--B--answer-A--neutral,release_year,F3,B,A,incorrect,contradicted,neutral,In which year was Tidebell Almanac first released?,"Fictional publication record: Tidebell Almanac.
Each line names a value and the separate field it belongs to.
2049: site survey
2064: first release",Tidebell Almanac was first released in 2049.,16,0.8670824766159058,75,90,91,2049,86,90,4.230788497610211,-1.8030800433539858,-4.120315507871281
v3-release_year-09,v3-release_year-09--B--answer-B--confident,release_year,F3,B,B,correct,supported,confident,In which year was Tidebell Almanac first released?,"Fictional publication record: Tidebell Almanac.
Each line names a value and the separate field it belongs to.
2049: site survey
2064: first release",Tidebell Almanac was first released in 2064. I would give that answer without any further qualification.,26,2.1305530071258545,75,100,101,2064,86,90,3.1219450487542892,-2.3648370504418432,-4.24392459868945
v3-release_year-09,v3-release_year-09--B--answer-B--hedged,release_year,F3,B,B,correct,supported,hedged,In which year was Tidebell Almanac first released?,"Fictional publication record: Tidebell Almanac.
Each line names a value and the separate field it belongs to.
2049: site survey
2064: first release","My answer, subject to revision, is that Tidebell Almanac was first released in 2064.",24,1.9266055822372437,75,98,99,2064,94,98,2.438457346814028,-4.121511433737,-5.265271245160967
v3-release_year-09,v3-release_year-09--B--answer-B--neutral,release_year,F3,B,B,correct,supported,neutral,In which year was Tidebell Almanac first released?,"Fictional publication record: Tidebell Almanac.
Each line names a value and the separate field it belongs to.
2049: site survey
2064: first release",Tidebell Almanac was first released in 2064.,16,0.20921802520751953,75,90,91,2064,86,90,4.1772576421028536,-2.0881473227810514,-4.145604437587143
v3-release_year-09,v3-release_year-09--omitted--answer-A--neutral,release_year,F3,omitted,A,,absent,neutral,In which year was Tidebell Almanac first released?,"Fictional publication record: Tidebell Almanac.
Each line names a value and the separate field it belongs to.
2049: early sketch
2064: site survey",Tidebell Almanac was first released in 2049.,16,0.2572474479675293,75,90,91,2049,86,90,4.116947541602884,-2.1149758028719567,-4.244974241351158
v3-release_year-09,v3-release_year-09--omitted--answer-B--neutral,release_year,F3,omitted,B,,absent,neutral,In which year was Tidebell Almanac first released?,"Fictional publication record: Tidebell Almanac.
Each line names a value and the separate field it belongs to.
2049: early sketch
2064: site survey",Tidebell Almanac was first released in 2064.,16,0.3827025890350342,75,90,91,2064,86,90,4.068757531548375,-2.4274347256082844,-4.2799643315924865
v3-release_year-10,v3-release_year-10--A--answer-A--confident,release_year,F1,A,A,correct,supported,confident,In which year was Wrenpath Almanac first released?,"Fictional publication record: Wrenpath Almanac.
Each line names a value and the separate field it belongs to.
2071: site survey
2050: first release","Unequivocally, Wrenpath Almanac was first released in 2050.",21,1.3121683597564697,77,97,98,2050,93,97,4.174576042243382,-0.02533388688281346,-2.749877059386744
v3-release_year-10,v3-release_year-10--A--answer-A--hedged,release_year,F1,A,A,correct,supported,hedged,In which year was Wrenpath Almanac first released?,"Fictional publication record: Wrenpath Almanac.
Each line names a value and the separate field it belongs to.
2071: site survey
2050: first release","As far as I can tell, Wrenpath Almanac was first released in 2050.",23,1.2345634698867798,77,99,100,2050,95,99,2.6636552205015565,-4.788802314374602,-5.298080518432025
v3-release_year-10,v3-release_year-10--A--answer-A--neutral,release_year,F1,A,A,correct,supported,neutral,In which year was Wrenpath Almanac first released?,"Fictional publication record: Wrenpath Almanac.
Each line names a value and the separate field it belongs to.
2071: site survey
2050: first release",Wrenpath Almanac was first released in 2050.,16,0.2403339147567749,77,92,93,2050,88,92,3.8732244019327453,-2.226609625046854,-4.332817920835768
v3-release_year-10,v3-release_year-10--A--answer-B--confident,release_year,F1,A,B,incorrect,contradicted,confident,In which year was Wrenpath Almanac first released?,"Fictional publication record: Wrenpath Almanac.
Each line names a value and the separate field it belongs to.
2071: site survey
2050: first release","Unequivocally, Wrenpath Almanac was first released in 2071.",21,1.7611101865768433,77,97,98,2071,93,97,4.236668771125329,0.47428269748150087,-2.6979577649008366
v3-release_year-10,v3-release_year-10--A--answer-B--hedged,release_year,F1,A,B,incorrect,contradicted,hedged,In which year was Wrenpath Almanac first released?,"Fictional publication record: Wrenpath Almanac.
Each line names a value and the separate field it belongs to.
2071: site survey
2050: first release","As far as I can tell, Wrenpath Almanac was first released in 2071.",23,1.566785454750061,77,99,100,2071,95,99,2.7249730062840722,-4.449010297287865,-5.263037159303023
v3-release_year-10,v3-release_year-10--A--answer-B--neutral,release_year,F1,A,B,incorrect,contradicted,neutral,In which year was Wrenpath Almanac first released?,"Fictional publication record: Wrenpath Almanac.
Each line names a value and the separate field it belongs to.
2071: site survey
2050: first release",Wrenpath Almanac was first released in 2071.,16,0.8672055006027222,77,92,93,2071,88,92,3.9663025759349972,-1.756946196633982,-4.260055268353192
v3-release_year-10,v3-release_year-10--B--answer-A--confident,release_year,F1,B,A,incorrect,contradicted,confident,In which year was Wrenpath Almanac first released?,"Fictional publication record: Wrenpath Almanac.
Each line names a value and the separate field it belongs to.
2071: first release
2050: site survey","Unequivocally, Wrenpath Almanac was first released in 2050.",21,1.7871822118759155,77,97,98,2050,93,97,4.131371974945037,-0.07203358919562342,-2.7243899484880107
v3-release_year-10,v3-release_year-10--B--answer-A--hedged,release_year,F1,B,A,incorrect,contradicted,hedged,In which year was Wrenpath Almanac first released?,"Fictional publication record: Wrenpath Almanac.
Each line names a value and the separate field it belongs to.
2071: first release
2050: site survey","As far as I can tell, Wrenpath Almanac was first released in 2050.",23,1.608218789100647,77,99,100,2050,95,99,2.6941044958265454,-4.797098263488432,-5.309715930736539
v3-release_year-10,v3-release_year-10--B--answer-A--neutral,release_year,F1,B,A,incorrect,contradicted,neutral,In which year was Wrenpath Almanac first released?,"Fictional publication record: Wrenpath Almanac.
Each line names a value and the separate field it belongs to.
2071: first release
2050: site survey",Wrenpath Almanac was first released in 2050.,16,0.8789668083190918,77,92,93,2050,88,92,3.8282844676102092,-2.2283801923207633,-4.347408902503885
v3-release_year-10,v3-release_year-10--B--answer-B--confident,release_year,F1,B,B,correct,supported,confident,In which year was Wrenpath Almanac first released?,"Fictional publication record: Wrenpath Almanac.
Each line names a value and the separate field it belongs to.
2071: first release
2050: site survey","Unequivocally, Wrenpath Almanac was first released in 2071.",21,1.322443962097168,77,97,98,2071,93,97,4.199645705607331,0.5004524318475001,-2.6645328555513923
v3-release_year-10,v3-release_year-10--B--answer-B--hedged,release_year,F1,B,B,correct,supported,hedged,In which year was Wrenpath Almanac first released?,"Fictional publication record: Wrenpath Almanac.
Each line names a value and the separate field it belongs to.
2071: first release
2050: site survey","As far as I can tell, Wrenpath Almanac was first released in 2071.",23,1.2459124326705933,77,99,100,2071,95,99,2.71993860244085,-4.541528673559674,-5.276158294357026
v3-release_year-10,v3-release_year-10--B--answer-B--neutral,release_year,F1,B,B,correct,supported,neutral,In which year was Wrenpath Almanac first released?,"Fictional publication record: Wrenpath Almanac.
Each line names a value and the separate field it belongs to.
2071: first release
2050: site survey",Wrenpath Almanac was first released in 2071.,16,0.2361530065536499,77,92,93,2071,88,92,3.9642591921966215,-1.7060152252270224,-4.278222584062719
v3-release_year-10,v3-release_year-10--omitted--answer-A--neutral,release_year,F1,omitted,A,,absent,neutral,In which year was Wrenpath Almanac first released?,"Fictional publication record: Wrenpath Almanac.
Each line names a value and the separate field it belongs to.
2071: site survey
2050: early sketch",Wrenpath Almanac was first released in 2050.,16,0.35405921936035156,77,92,93,2050,88,92,3.816344138475669,-2.5263188077632153,-4.441279784492672
v3-release_year-10,v3-release_year-10--omitted--answer-B--neutral,release_year,F1,omitted,B,,absent,neutral,In which year was Wrenpath Almanac first released?,"Fictional publication record: Wrenpath Almanac.
Each line names a value and the separate field it belongs to.
2071: site survey
2050: early sketch",Wrenpath Almanac was first released in 2071.,16,0.35344159603118896,77,92,93,2071,88,92,3.955441780845089,-2.1291854413796822,-4.383363232673478
v3-release_year-11,v3-release_year-11--A--answer-A--confident,release_year,F2,A,A,correct,supported,confident,In which year was Cloudmere Almanac first released?,"Fictional publication record: Cloudmere Almanac.
Each line names a value and the separate field it belongs to.
2051: first release
2086: site survey",Cloudmere Almanac was first released in 2051. I have no reservations about that answer.,23,1.8066377639770508,75,97,98,2051,85,89,3.1734911048233956,0.02695673633374207,-3.8379191030277116
v3-release_year-11,v3-release_year-11--A--answer-A--hedged,release_year,F2,A,A,correct,supported,hedged,In which year was Cloudmere Almanac first released?,"Fictional publication record: Cloudmere Almanac.
Each line names a value and the separate field it belongs to.
2051: first release
2086: site survey",Cloudmere Almanac was first released in 2051. I have some reservations about that answer.,23,1.9410725831985474,75,97,98,2051,85,89,-1.1808010384755407,-9.093099339181457,-5.869173701251451
v3-release_year-11,v3-release_year-11--A--answer-A--neutral,release_year,F2,A,A,correct,supported,neutral,In which year was Cloudmere Almanac first released?,"Fictional publication record: Cloudmere Almanac.
Each line names a value and the separate field it belongs to.
2051: first release
2086: site survey",Cloudmere Almanac was first released in 2051.,15,0.20691858232021332,75,89,90,2051,85,89,4.115109958646375,-1.7947902891789846,-4.10893989346849
v3-release_year-11,v3-release_year-11--A--answer-B--confident,release_year,F2,A,B,incorrect,contradicted,confident,In which year was Cloudmere Almanac first released?,"Fictional publication record: Cloudmere Almanac.
Each line names a value and the separate field it belongs to.
2051: first release
2086: site survey",Cloudmere Almanac was first released in 2086. I have no reservations about that answer.,23,2.380915403366089,75,97,98,2086,85,89,3.0278094722905147,-0.20196996464780648,-3.938455391308212
v3-release_year-11,v3-release_year-11--A--answer-B--hedged,release_year,F2,A,B,incorrect,contradicted,hedged,In which year was Cloudmere Almanac first released?,"Fictional publication record: Cloudmere Almanac.
Each line names a value and the separate field it belongs to.
2051: first release
2086: site survey",Cloudmere Almanac was first released in 2086. I have some reservations about that answer.,23,2.456721544265747,75,97,98,2086,85,89,-1.2958099741118017,-9.3267240298836,-5.953815517724393
v3-release_year-11,v3-release_year-11--A--answer-B--neutral,release_year,F2,A,B,incorrect,contradicted,neutral,In which year was Cloudmere Almanac first released?,"Fictional publication record: Cloudmere Almanac.
Each line names a value and the separate field it belongs to.
2051: first release
2086: site survey",Cloudmere Almanac was first released in 2086.,15,1.0648396015167236,75,89,90,2086,85,89,3.8712607494267584,-2.3790717703959396,-4.247097435052387
v3-release_year-11,v3-release_year-11--B--answer-A--confident,release_year,F2,B,A,incorrect,contradicted,confident,In which year was Cloudmere Almanac first released?,"Fictional publication record: Cloudmere Almanac.
Each line names a value and the separate field it belongs to.
2051: site survey
2086: first release",Cloudmere Almanac was first released in 2051. I have no reservations about that answer.,23,2.0542104244232178,75,97,98,2051,85,89,3.16721581966757,-0.000836487895948812,-3.82248541261177
v3-release_year-11,v3-release_year-11--B--answer-A--hedged,release_year,F2,B,A,incorrect,contradicted,hedged,In which year was Cloudmere Almanac first released?,"Fictional publication record: Cloudmere Almanac.
Each line names a value and the separate field it belongs to.
2051: site survey
2086: first release",Cloudmere Almanac was first released in 2051. I have some reservations about that answer.,23,2.223775863647461,75,97,98,2051,85,89,-1.130674653086121,-9.147821646110351,-5.861126530091332
v3-release_year-11,v3-release_year-11--B--answer-A--neutral,release_year,F2,B,A,incorrect,contradicted,neutral,In which year was Cloudmere Almanac first released?,"Fictional publication record: Cloudmere Almanac.
Each line names a value and the separate field it belongs to.
2051: site survey
2086: first release",Cloudmere Almanac was first released in 2051.,15,0.6921359896659851,75,89,90,2051,85,89,4.1830590856219425,-1.8750321142422812,-4.103812585291801
v3-release_year-11,v3-release_year-11--B--answer-B--confident,release_year,F2,B,B,correct,supported,confident,In which year was Cloudmere Almanac first released?,"Fictional publication record: Cloudmere Almanac.
Each line names a value and the separate field it belongs to.
2051: site survey
2086: first release",Cloudmere Almanac was first released in 2086. I have no reservations about that answer.,23,1.8383145332336426,75,97,98,2086,85,89,3.0568326838587927,-0.18043575782597177,-3.924669991321842
v3-release_year-11,v3-release_year-11--B--answer-B--hedged,release_year,F2,B,B,correct,supported,hedged,In which year was Cloudmere Almanac first released?,"Fictional publication record: Cloudmere Almanac.
Each line names a value and the separate field it belongs to.
2051: site survey
2086: first release",Cloudmere Almanac was first released in 2086. I have some reservations about that answer.,23,1.9704809188842773,75,97,98,2086,85,89,-1.2865559098586283,-9.337520684724419,-5.94205027936742
v3-release_year-11,v3-release_year-11--B--answer-B--neutral,release_year,F2,B,B,correct,supported,neutral,In which year was Cloudmere Almanac first released?,"Fictional publication record: Cloudmere Almanac.
Each line names a value and the separate field it belongs to.
2051: site survey
2086: first release",Cloudmere Almanac was first released in 2086.,15,0.19043336808681488,75,89,90,2086,85,89,3.9382625839997836,-2.3603344198558722,-4.240323329555295
v3-release_year-11,v3-release_year-11--omitted--answer-A--neutral,release_year,F2,omitted,A,,absent,neutral,In which year was Cloudmere Almanac first released?,"Fictional publication record: Cloudmere Almanac.
Each line names a value and the separate field it belongs to.
2051: early sketch
2086: site survey",Cloudmere Almanac was first released in 2051.,15,0.2616516053676605,75,89,90,2051,85,89,4.040873603249841,-2.200356666047883,-4.298511533704838
v3-release_year-11,v3-release_year-11--omitted--answer-B--neutral,release_year,F2,omitted,B,,absent,neutral,In which year was Cloudmere Almanac first released?,"Fictional publication record: Cloudmere Almanac.
Each line names a value and the separate field it belongs to.
2051: early sketch
2086: site survey",Cloudmere Almanac was first released in 2086.,15,0.3554251492023468,75,89,90,2086,85,89,3.837164206240984,-2.6309059452128,-4.440007812862867
v3-release_year-12,v3-release_year-12--A--answer-A--confident,release_year,F3,A,A,correct,supported,confident,In which year was Starling Almanac first released?,"Fictional publication record: Starling Almanac.
Each line names a value and the separate field it belongs to.
2067: site survey
2052: first release",Starling Almanac was first released in 2052. I would give that answer without any further qualification.,25,2.1980271339416504,75,99,100,2052,85,89,2.95101199960832,-2.246106278273989,-4.291141764116374
v3-release_year-12,v3-release_year-12--A--answer-A--hedged,release_year,F3,A,A,correct,supported,hedged,In which year was Starling Almanac first released?,"Fictional publication record: Starling Almanac.
Each line names a value and the separate field it belongs to.
2067: site survey
2052: first release","My answer, subject to revision, is that Starling Almanac was first released in 2052.",24,1.8743950128555298,75,98,99,2052,94,98,2.295306624827628,-4.053737600055936,-5.26656312222164
v3-release_year-12,v3-release_year-12--A--answer-A--neutral,release_year,F3,A,A,correct,supported,neutral,In which year was Starling Almanac first released?,"Fictional publication record: Starling Almanac.
Each line names a value and the separate field it belongs to.
2067: site survey
2052: first release",Starling Almanac was first released in 2052.,15,0.2204054445028305,75,89,90,2052,85,89,3.9424378628710213,-2.0531976781526153,-4.2362884537223975
v3-release_year-12,v3-release_year-12--A--answer-B--confident,release_year,F3,A,B,incorrect,contradicted,confident,In which year was Starling Almanac first released?,"Fictional publication record: Starling Almanac.
Each line names a value and the separate field it belongs to.
2067: site survey
2052: first release",Starling Almanac was first released in 2067. I would give that answer without any further qualification.,25,2.540529251098633,75,99,100,2067,85,89,3.031660847886509,-2.2753800990255573,-4.276919272901488
v3-release_year-12,v3-release_year-12--A--answer-B--hedged,release_year,F3,A,B,incorrect,contradicted,hedged,In which year was Starling Almanac first released?,"Fictional publication record: Starling Almanac.
Each line names a value and the separate field it belongs to.
2067: site survey
2052: first release","My answer, subject to revision, is that Starling Almanac was first released in 2067.",24,2.2186012268066406,75,98,99,2067,94,98,2.509139598576211,-4.068902778104698,-5.229867037653365
v3-release_year-12,v3-release_year-12--A--answer-B--neutral,release_year,F3,A,B,incorrect,contradicted,neutral,In which year was Starling Almanac first released?,"Fictional publication record: Starling Almanac.
Each line names a value and the separate field it belongs to.
2067: site survey
2052: first release",Starling Almanac was first released in 2067.,15,0.8984726071357727,75,89,90,2067,85,89,4.199249503903727,-2.094406431822639,-4.1763241460367375
v3-release_year-12,v3-release_year-12--B--answer-A--confident,release_year,F3,B,A,incorrect,contradicted,confident,In which year was Starling Almanac first released?,"Fictional publication record: Starling Almanac.
Each line names a value and the separate field it belongs to.
2067: first release
2052: site survey",Starling Almanac was first released in 2052. I would give that answer without any further qualification.,25,2.5525362491607666,75,99,100,2052,85,89,2.9580097562586296,-2.2462944866859607,-4.305773740995119
v3-release_year-12,v3-release_year-12--B--answer-A--hedged,release_year,F3,B,A,incorrect,contradicted,hedged,In which year was Starling Almanac first released?,"Fictional publication record: Starling Almanac.
Each line names a value and the separate field it belongs to.
2067: first release
2052: site survey","My answer, subject to revision, is that Starling Almanac was first released in 2052.",24,2.183467149734497,75,98,99,2052,94,98,2.2058561010393354,-4.144019356708754,-5.305884902384452
v3-release_year-12,v3-release_year-12--B--answer-A--neutral,release_year,F3,B,A,incorrect,contradicted,neutral,In which year was Starling Almanac first released?,"Fictional publication record: Starling Almanac.
Each line names a value and the separate field it belongs to.
2067: first release
2052: site survey",Starling Almanac was first released in 2052.,15,0.8373038172721863,75,89,90,2052,85,89,3.919836964753839,-1.9657847996491473,-4.264464525578879
v3-release_year-12,v3-release_year-12--B--answer-B--confident,release_year,F3,B,B,correct,supported,confident,In which year was Starling Almanac first released?,"Fictional publication record: Starling Almanac.
Each line names a value and the separate field it belongs to.
2067: first release
2052: site survey",Starling Almanac was first released in 2067. I would give that answer without any further qualification.,25,2.169638156890869,75,99,100,2067,85,89,3.0540150666657837,-2.1726667969771345,-4.258811610278678
v3-release_year-12,v3-release_year-12--B--answer-B--hedged,release_year,F3,B,B,correct,supported,hedged,In which year was Starling Almanac first released?,"Fictional publication record: Starling Almanac.
Each line names a value and the separate field it belongs to.
2067: first release
2052: site survey","My answer, subject to revision, is that Starling Almanac was first released in 2067.",24,1.9279857873916626,75,98,99,2067,94,98,2.447942496495132,-4.086315418654748,-5.248009781189567
v3-release_year-12,v3-release_year-12--B--answer-B--neutral,release_year,F3,B,B,correct,supported,neutral,In which year was Starling Almanac first released?,"Fictional publication record: Starling Almanac.
Each line names a value and the separate field it belongs to.
2067: first release
2052: site survey",Starling Almanac was first released in 2067.,15,0.2448989897966385,75,89,90,2067,85,89,4.169547320294825,-1.9380576701094745,-4.18962127861302
v3-release_year-12,v3-release_year-12--omitted--answer-A--neutral,release_year,F3,omitted,A,,absent,neutral,In which year was Starling Almanac first released?,"Fictional publication record: Starling Almanac.
Each line names a value and the separate field it belongs to.
2067: site survey
2052: early sketch",Starling Almanac was first released in 2052.,15,0.36101314425468445,75,89,90,2052,85,89,3.8718287796622866,-2.26037116960869,-4.327998149480003
v3-release_year-12,v3-release_year-12--omitted--answer-B--neutral,release_year,F3,omitted,B,,absent,neutral,In which year was Starling Almanac first released?,"Fictional publication record: Starling Almanac.
Each line names a value and the separate field it belongs to.
2067: site survey
2052: early sketch",Starling Almanac was first released in 2067.,15,0.41484400629997253,75,89,90,2067,85,89,4.144909917098719,-2.3114514280628264,-4.2874934818638755
v3-material-01,v3-material-01--A--answer-A--confident,material,F1,A,A,correct,supported,confident,What material forms the outer shell of Petal Lamp?,"Fictional lamp record: Petal Lamp.
Each line names a value and the separate field it belongs to.
granite: outer shell
marble: display stand","Unequivocally, Petal Lamp has an outer shell made of granite.",16,2.328523874282837,68,83,84,granite,82,83,2.610458387541653,-0.4096241510420846,-3.3918096633430976
v3-material-01,v3-material-01--A--answer-A--hedged,material,F1,A,A,correct,supported,hedged,What material forms the outer shell of Petal Lamp?,"Fictional lamp record: Petal Lamp.
Each line names a value and the separate field it belongs to.
granite: outer shell
marble: display stand","As far as I can tell, Petal Lamp has an outer shell made of granite.",18,2.030019998550415,68,85,86,granite,84,85,1.8886594081581254,-3.9980262500570203,-5.936865145933269
v3-material-01,v3-material-01--A--answer-A--neutral,material,F1,A,A,correct,supported,neutral,What material forms the outer shell of Petal Lamp?,"Fictional lamp record: Petal Lamp.
Each line names a value and the separate field it belongs to.
granite: outer shell
marble: display stand",Petal Lamp has an outer shell made of granite.,11,1.3651878833770752,68,78,79,granite,77,78,2.5360984712587413,-2.67460585837307,-5.4293619602939955
v3-material-01,v3-material-01--A--answer-B--confident,material,F1,A,B,incorrect,contradicted,confident,What material forms the outer shell of Petal Lamp?,"Fictional lamp record: Petal Lamp.
Each line names a value and the separate field it belongs to.
granite: outer shell
marble: display stand","Unequivocally, Petal Lamp has an outer shell made of marble.",16,2.7529256343841553,68,83,84,marble,82,83,2.5037568772389553,-0.7286440332876005,-3.4840109981437664
v3-material-01,v3-material-01--A--answer-B--hedged,material,F1,A,B,incorrect,contradicted,hedged,What material forms the outer shell of Petal Lamp?,"Fictional lamp record: Petal Lamp.
Each line names a value and the separate field it belongs to.
granite: outer shell
marble: display stand","As far as I can tell, Petal Lamp has an outer shell made of marble.",18,2.3543965816497803,68,85,86,marble,84,85,1.667710307789446,-4.201099958009713,-6.017238096408375
v3-material-01,v3-material-01--A--answer-B--neutral,material,F1,A,B,incorrect,contradicted,neutral,What material forms the outer shell of Petal Lamp?,"Fictional lamp record: Petal Lamp.
Each line names a value and the separate field it belongs to.
granite: outer shell
marble: display stand",Petal Lamp has an outer shell made of marble.,11,2.070669412612915,68,78,79,marble,77,78,2.4508881396213984,-2.713044561666694,-5.566343042071113
v3-material-01,v3-material-01--B--answer-A--confident,material,F1,B,A,incorrect,contradicted,confident,What material forms the outer shell of Petal Lamp?,"Fictional lamp record: Petal Lamp.
Each line names a value and the separate field it belongs to.
granite: display stand
marble: outer shell","Unequivocally, Petal Lamp has an outer shell made of granite.",16,2.9809322357177734,68,83,84,granite,82,83,2.6753878215940015,-0.532210239969433,-3.3932357992002355
v3-material-01,v3-material-01--B--answer-A--hedged,material,F1,B,A,incorrect,contradicted,hedged,What material forms the outer shell of Petal Lamp?,"Fictional lamp record: Petal Lamp.
Each line names a value and the separate field it belongs to.
granite: display stand
marble: outer shell","As far as I can tell, Petal Lamp has an outer shell made of granite.",18,2.4746179580688477,68,85,86,granite,84,85,1.9222568065377716,-4.13228329246722,-5.951223385855306
v3-material-01,v3-material-01--B--answer-A--neutral,material,F1,B,A,incorrect,contradicted,neutral,What material forms the outer shell of Petal Lamp?,"Fictional lamp record: Petal Lamp.
Each line names a value and the separate field it belongs to.
granite: display stand
marble: outer shell",Petal Lamp has an outer shell made of granite.,11,2.5787038803100586,68,78,79,granite,77,78,2.544675902835224,-2.786639961543581,-5.410485641018859
v3-material-01,v3-material-01--B--answer-B--confident,material,F1,B,B,correct,supported,confident,What material forms the outer shell of Petal Lamp?,"Fictional lamp record: Petal Lamp.
Each line names a value and the separate field it belongs to.
granite: display stand
marble: outer shell","Unequivocally, Petal Lamp has an outer shell made of marble.",16,2.363819122314453,68,83,84,marble,82,83,2.5499283546781575,-0.916196698779105,-3.489248645800196
v3-material-01,v3-material-01--B--answer-B--hedged,material,F1,B,B,correct,supported,hedged,What material forms the outer shell of Petal Lamp?,"Fictional lamp record: Petal Lamp.
Each line names a value and the separate field it belongs to.
granite: display stand
marble: outer shell","As far as I can tell, Petal Lamp has an outer shell made of marble.",18,2.0217108726501465,68,85,86,marble,84,85,1.6552630083136584,-4.443873326856457,-6.037605435315154
v3-material-01,v3-material-01--B--answer-B--neutral,material,F1,B,B,correct,supported,neutral,What material forms the outer shell of Petal Lamp?,"Fictional lamp record: Petal Lamp.
Each line names a value and the separate field it belongs to.
granite: display stand
marble: outer shell",Petal Lamp has an outer shell made of marble.,11,1.6011871099472046,68,78,79,marble,77,78,2.4571262255961095,-2.9441178896572477,-5.560954102872025
v3-material-01,v3-material-01--omitted--answer-A--neutral,material,F1,omitted,A,,absent,neutral,What material forms the outer shell of Petal Lamp?,"Fictional lamp record: Petal Lamp.
Each line names a value and the separate field it belongs to.
granite: packing sleeve
marble: display stand",Petal Lamp has an outer shell made of granite.,11,1.2157893180847168,68,78,79,granite,77,78,2.4469532972312775,-2.8304000872174586,-5.527603595926209
v3-material-01,v3-material-01--omitted--answer-B--neutral,material,F1,omitted,B,,absent,neutral,What material forms the outer shell of Petal Lamp?,"Fictional lamp record: Petal Lamp.
Each line names a value and the separate field it belongs to.
granite: packing sleeve
marble: display stand",Petal Lamp has an outer shell made of marble.,11,1.387336015701294,68,78,79,marble,77,78,2.3751776223876755,-2.943027741103411,-5.672740856273434
v3-material-02,v3-material-02--A--answer-A--confident,material,F2,A,A,correct,supported,confident,What material forms the outer shell of Moraine Lamp?,"Fictional lamp record: Moraine Lamp.
Each line names a value and the separate field it belongs to.
limestone: display stand
sandstone: outer shell",Moraine Lamp has an outer shell made of sandstone. I have no reservations about that answer.,20,2.5573878288269043,68,87,88,sandstone,77,79,1.9499900738117526,-0.38832182361093603,-4.793575991263447
v3-material-02,v3-material-02--A--answer-A--hedged,material,F2,A,A,correct,supported,hedged,What material forms the outer shell of Moraine Lamp?,"Fictional lamp record: Moraine Lamp.
Each line names a value and the separate field it belongs to.
limestone: display stand
sandstone: outer shell",Moraine Lamp has an outer shell made of sandstone. I have some reservations about that answer.,20,2.6606297492980957,68,87,88,sandstone,77,79,-2.064431461918784,-8.547337971796892,-6.911296013428469
v3-material-02,v3-material-02--A--answer-A--neutral,material,F2,A,A,correct,supported,neutral,What material forms the outer shell of Moraine Lamp?,"Fictional lamp record: Moraine Lamp.
Each line names a value and the separate field it belongs to.
limestone: display stand
sandstone: outer shell",Moraine Lamp has an outer shell made of sandstone.,12,1.1036324501037598,68,79,80,sandstone,77,79,2.4731083679735706,-2.9900052614710493,-5.551396370203031
v3-material-02,v3-material-02--A--answer-B--confident,material,F2,A,B,incorrect,contradicted,confident,What material forms the outer shell of Moraine Lamp?,"Fictional lamp record: Moraine Lamp.
Each line names a value and the separate field it belongs to.
limestone: display stand
sandstone: outer shell",Moraine Lamp has an outer shell made of limestone. I have no reservations about that answer.,19,3.1844005584716797,68,86,87,limestone,77,78,1.9840143843923903,-0.22598868816392875,-4.780162565719086
v3-material-02,v3-material-02--A--answer-B--hedged,material,F2,A,B,incorrect,contradicted,hedged,What material forms the outer shell of Moraine Lamp?,"Fictional lamp record: Moraine Lamp.
Each line names a value and the separate field it belongs to.
limestone: display stand
sandstone: outer shell",Moraine Lamp has an outer shell made of limestone. I have some reservations about that answer.,19,3.2718193531036377,68,86,87,limestone,77,78,-1.9748348795713655,-8.567720389657321,-7.048041807486297
v3-material-02,v3-material-02--A--answer-B--neutral,material,F2,A,B,incorrect,contradicted,neutral,What material forms the outer shell of Moraine Lamp?,"Fictional lamp record: Moraine Lamp.
Each line names a value and the separate field it belongs to.
limestone: display stand
sandstone: outer shell",Moraine Lamp has an outer shell made of limestone.,11,1.9767886400222778,68,78,79,limestone,77,78,2.4388511225166782,-2.622821563272278,-5.6656510866337175
v3-material-02,v3-material-02--B--answer-A--confident,material,F2,B,A,incorrect,contradicted,confident,What material forms the outer shell of Moraine Lamp?,"Fictional lamp record: Moraine Lamp.
Each line names a value and the separate field it belongs to.
limestone: outer shell
sandstone: display stand",Moraine Lamp has an outer shell made of sandstone. I have no reservations about that answer.,20,2.9917190074920654,68,87,88,sandstone,77,79,2.0031929812789153,-0.4192252231858047,-4.7858242187903235
v3-material-02,v3-material-02--B--answer-A--hedged,material,F2,B,A,incorrect,contradicted,hedged,What material forms the outer shell of Moraine Lamp?,"Fictional lamp record: Moraine Lamp.
Each line names a value and the separate field it belongs to.
limestone: outer shell
sandstone: display stand",Moraine Lamp has an outer shell made of sandstone. I have some reservations about that answer.,20,3.0483603477478027,68,87,88,sandstone,77,79,-2.0724917953713526,-8.593442194350548,-6.908901245798708
v3-material-02,v3-material-02--B--answer-A--neutral,material,F2,B,A,incorrect,contradicted,neutral,What material forms the outer shell of Moraine Lamp?,"Fictional lamp record: Moraine Lamp.
Each line names a value and the separate field it belongs to.
limestone: outer shell
sandstone: display stand",Moraine Lamp has an outer shell made of sandstone.,12,1.9323736429214478,68,79,80,sandstone,77,79,2.5785441762363766,-2.753443998122484,-5.530048738417166
v3-material-02,v3-material-02--B--answer-B--confident,material,F2,B,B,correct,supported,confident,What material forms the outer shell of Moraine Lamp?,"Fictional lamp record: Moraine Lamp.
Each line names a value and the separate field it belongs to.
limestone: outer shell
sandstone: display stand",Moraine Lamp has an outer shell made of limestone. I have no reservations about that answer.,19,2.658998489379883,68,86,87,limestone,77,78,2.0509881025078194,-0.14677424417650925,-4.7558563800901545
v3-material-02,v3-material-02--B--answer-B--hedged,material,F2,B,B,correct,supported,hedged,What material forms the outer shell of Moraine Lamp?,"Fictional lamp record: Moraine Lamp.
Each line names a value and the separate field it belongs to.
limestone: outer shell
sandstone: display stand",Moraine Lamp has an outer shell made of limestone. I have some reservations about that answer.,19,2.7804958820343018,68,86,87,limestone,77,78,-1.8421259088952127,-8.535422064637714,-7.035271655942068
v3-material-02,v3-material-02--B--answer-B--neutral,material,F2,B,B,correct,supported,neutral,What material forms the outer shell of Moraine Lamp?,"Fictional lamp record: Moraine Lamp.
Each line names a value and the separate field it belongs to.
limestone: outer shell
sandstone: display stand",Moraine Lamp has an outer shell made of limestone.,11,1.11279296875,68,78,79,limestone,77,78,2.530256409449012,-2.3149002968056998,-5.647324673212979
v3-material-02,v3-material-02--omitted--answer-A--neutral,material,F2,omitted,A,,absent,neutral,What material forms the outer shell of Moraine Lamp?,"Fictional lamp record: Moraine Lamp.
Each line names a value and the separate field it belongs to.
limestone: display stand
sandstone: packing sleeve",Moraine Lamp has an outer shell made of sandstone.,12,1.1557294130325317,68,79,80,sandstone,77,79,2.5112374250541682,-2.907708403274949,-5.5998648994719264
v3-material-02,v3-material-02--omitted--answer-B--neutral,material,F2,omitted,B,,absent,neutral,What material forms the outer shell of Moraine Lamp?,"Fictional lamp record: Moraine Lamp.
Each line names a value and the separate field it belongs to.
limestone: display stand
sandstone: packing sleeve",Moraine Lamp has an outer shell made of limestone.,11,1.1259270906448364,68,78,79,limestone,77,78,2.4990309423001578,-2.5631241723763103,-5.6816217432276135
v3-material-03,v3-material-03--A--answer-A--confident,material,F3,A,A,correct,supported,confident,What material forms the outer shell of Fable Lamp?,"Fictional lamp record: Fable Lamp.
Each line names a value and the separate field it belongs to.
oak veneer: outer shell
ash veneer: display stand",Fable Lamp has an outer shell made of oak veneer. I would give that answer without any further qualification.,23,2.406404972076416,71,93,94,oak veneer,80,83,2.8033471077779772,-1.8242629115979416,-4.9964236891573535
v3-material-03,v3-material-03--A--answer-A--hedged,material,F3,A,A,correct,supported,hedged,What material forms the outer shell of Fable Lamp?,"Fictional lamp record: Fable Lamp.
Each line names a value and the separate field it belongs to.
oak veneer: outer shell
ash veneer: display stand","My answer, subject to revision, is that Fable Lamp has an outer shell made of oak veneer.",22,2.326112985610962,71,92,93,oak veneer,89,92,1.1898116012203181,-4.003749803105753,-5.999669138195997
v3-material-03,v3-material-03--A--answer-A--neutral,material,F3,A,A,correct,supported,neutral,What material forms the outer shell of Fable Lamp?,"Fictional lamp record: Fable Lamp.
Each line names a value and the separate field it belongs to.
oak veneer: outer shell
ash veneer: display stand",Fable Lamp has an outer shell made of oak veneer.,13,0.6220239400863647,71,83,84,oak veneer,80,83,2.6615193102454824,-2.9934253010896326,-5.57430860031965
v3-material-03,v3-material-03--A--answer-B--confident,material,F3,A,B,incorrect,contradicted,confident,What material forms the outer shell of Fable Lamp?,"Fictional lamp record: Fable Lamp.
Each line names a value and the separate field it belongs to.
oak veneer: outer shell
ash veneer: display stand",Fable Lamp has an outer shell made of ash veneer. I would give that answer without any further qualification.,23,2.8607475757598877,71,93,94,ash veneer,80,83,2.824193785055472,-1.8466680286225075,-4.96437161634737
v3-material-03,v3-material-03--A--answer-B--hedged,material,F3,A,B,incorrect,contradicted,hedged,What material forms the outer shell of Fable Lamp?,"Fictional lamp record: Fable Lamp.
Each line names a value and the separate field it belongs to.
oak veneer: outer shell
ash veneer: display stand","My answer, subject to revision, is that Fable Lamp has an outer shell made of ash veneer.",22,2.7183117866516113,71,92,93,ash veneer,89,92,1.1311092500195707,-3.985232984910637,-5.977262652637804
v3-material-03,v3-material-03--A--answer-B--neutral,material,F3,A,B,incorrect,contradicted,neutral,What material forms the outer shell of Fable Lamp?,"Fictional lamp record: Fable Lamp.
Each line names a value and the separate field it belongs to.
oak veneer: outer shell
ash veneer: display stand",Fable Lamp has an outer shell made of ash veneer.,13,1.3959826231002808,71,83,84,ash veneer,80,83,2.6614160521591423,-2.861136098250638,-5.533067238240642
v3-material-03,v3-material-03--B--answer-A--confident,material,F3,B,A,incorrect,contradicted,confident,What material forms the outer shell of Fable Lamp?,"Fictional lamp record: Fable Lamp.
Each line names a value and the separate field it belongs to.
oak veneer: display stand
ash veneer: outer shell",Fable Lamp has an outer shell made of oak veneer. I would give that answer without any further qualification.,23,2.8937947750091553,71,93,94,oak veneer,80,83,2.7685752906862473,-1.8885586269008592,-4.993762209859436
v3-material-03,v3-material-03--B--answer-A--hedged,material,F3,B,A,incorrect,contradicted,hedged,What material forms the outer shell of Fable Lamp?,"Fictional lamp record: Fable Lamp.
Each line names a value and the separate field it belongs to.
oak veneer: display stand
ash veneer: outer shell","My answer, subject to revision, is that Fable Lamp has an outer shell made of oak veneer.",22,2.7474870681762695,71,92,93,oak veneer,89,92,1.2196197646637839,-3.897179201866653,-6.009437564894456
v3-material-03,v3-material-03--B--answer-A--neutral,material,F3,B,A,incorrect,contradicted,neutral,What material forms the outer shell of Fable Lamp?,"Fictional lamp record: Fable Lamp.
Each line names a value and the separate field it belongs to.
oak veneer: display stand
ash veneer: outer shell",Fable Lamp has an outer shell made of oak veneer.,13,1.491127848625183,71,83,84,oak veneer,80,83,2.6520872045787014,-3.0073124842162122,-5.582720572057896
v3-material-03,v3-material-03--B--answer-B--confident,material,F3,B,B,correct,supported,confident,What material forms the outer shell of Fable Lamp?,"Fictional lamp record: Fable Lamp.
Each line names a value and the separate field it belongs to.
oak veneer: display stand
ash veneer: outer shell",Fable Lamp has an outer shell made of ash veneer. I would give that answer without any further qualification.,23,2.4484057426452637,71,93,94,ash veneer,80,83,2.783405738258721,-1.9061899280613002,-4.973822773786178
v3-material-03,v3-material-03--B--answer-B--hedged,material,F3,B,B,correct,supported,hedged,What material forms the outer shell of Fable Lamp?,"Fictional lamp record: Fable Lamp.
Each line names a value and the separate field it belongs to.
oak veneer: display stand
ash veneer: outer shell","My answer, subject to revision, is that Fable Lamp has an outer shell made of ash veneer.",22,2.3125431537628174,71,92,93,ash veneer,89,92,1.117336794970487,-3.9149750187964805,-5.994224924847937
v3-material-03,v3-material-03--B--answer-B--neutral,material,F3,B,B,correct,supported,neutral,What material forms the outer shell of Fable Lamp?,"Fictional lamp record: Fable Lamp.
Each line names a value and the separate field it belongs to.
oak veneer: display stand
ash veneer: outer shell",Fable Lamp has an outer shell made of ash veneer.,13,0.6784283518791199,71,83,84,ash veneer,80,83,2.6169511980159603,-2.8457606927475085,-5.555843256355885
v3-material-03,v3-material-03--omitted--answer-A--neutral,material,F3,omitted,A,,absent,neutral,What material forms the outer shell of Fable Lamp?,"Fictional lamp record: Fable Lamp.
Each line names a value and the separate field it belongs to.
oak veneer: packing sleeve
ash veneer: display stand",Fable Lamp has an outer shell made of oak veneer.,13,0.6376640796661377,71,83,84,oak veneer,80,83,2.720884553280096,-2.913266953594678,-5.688689085901458
v3-material-03,v3-material-03--omitted--answer-B--neutral,material,F3,omitted,B,,absent,neutral,What material forms the outer shell of Fable Lamp?,"Fictional lamp record: Fable Lamp.
Each line names a value and the separate field it belongs to.
oak veneer: packing sleeve
ash veneer: display stand",Fable Lamp has an outer shell made of ash veneer.,13,0.7720376253128052,71,83,84,ash veneer,80,83,2.6797484343292384,-2.690316680411532,-5.642209912680447
v3-material-04,v3-material-04--A--answer-A--confident,material,F1,A,A,correct,supported,confident,What material forms the outer shell of Compass Lamp?,"Fictional lamp record: Compass Lamp.
Each line names a value and the separate field it belongs to.
pine timber: display stand
beech timber: outer shell","Unequivocally, Compass Lamp has an outer shell made of beech timber.",17,2.257521629333496,67,83,84,beech timber,80,83,2.8472864775891447,-0.28577774079261764,-3.682686517375065
v3-material-04,v3-material-04--A--answer-A--hedged,material,F1,A,A,correct,supported,hedged,What material forms the outer shell of Compass Lamp?,"Fictional lamp record: Compass Lamp.
Each line names a value and the separate field it belongs to.
pine timber: display stand
beech timber: outer shell","As far as I can tell, Compass Lamp has an outer shell made of beech timber.",19,1.9308067560195923,67,85,86,beech timber,82,85,1.7926389594556862,-3.633002480702698,-5.926725067745828
v3-material-04,v3-material-04--A--answer-A--neutral,material,F1,A,A,correct,supported,neutral,What material forms the outer shell of Compass Lamp?,"Fictional lamp record: Compass Lamp.
Each line names a value and the separate field it belongs to.
pine timber: display stand
beech timber: outer shell",Compass Lamp has an outer shell made of beech timber.,13,1.1167439222335815,67,79,80,beech timber,76,79,2.571443958985741,-2.467235065309889,-5.350779986683719
v3-material-04,v3-material-04--A--answer-B--confident,material,F1,A,B,incorrect,contradicted,confident,What material forms the outer shell of Compass Lamp?,"Fictional lamp record: Compass Lamp.
Each line names a value and the separate field it belongs to.
pine timber: display stand
beech timber: outer shell","Unequivocally, Compass Lamp has an outer shell made of pine timber.",16,2.972449541091919,67,82,83,pine timber,80,82,2.7971502771687984,-0.2477190703069173,-3.741855966334304
v3-material-04,v3-material-04--A--answer-B--hedged,material,F1,A,B,incorrect,contradicted,hedged,What material forms the outer shell of Compass Lamp?,"Fictional lamp record: Compass Lamp.
Each line names a value and the separate field it belongs to.
pine timber: display stand
beech timber: outer shell","As far as I can tell, Compass Lamp has an outer shell made of pine timber.",18,2.481990337371826,67,84,85,pine timber,82,84,1.8913720883362766,-3.6756645811670867,-6.055145702973668
v3-material-04,v3-material-04--A--answer-B--neutral,material,F1,A,B,incorrect,contradicted,neutral,What material forms the outer shell of Compass Lamp?,"Fictional lamp record: Compass Lamp.
Each line names a value and the separate field it belongs to.
pine timber: display stand
beech timber: outer shell",Compass Lamp has an outer shell made of pine timber.,12,2.0950682163238525,67,78,79,pine timber,76,78,2.5407259728599128,-2.664060238867266,-5.503771790171597
v3-material-04,v3-material-04--B--answer-A--confident,material,F1,B,A,incorrect,contradicted,confident,What material forms the outer shell of Compass Lamp?,"Fictional lamp record: Compass Lamp.
Each line names a value and the separate field it belongs to.
pine timber: outer shell
beech timber: display stand","Unequivocally, Compass Lamp has an outer shell made of beech timber.",17,2.9544692039489746,67,83,84,beech timber,80,83,2.8418322990705525,-0.1573866016921348,-3.6571696335701294
v3-material-04,v3-material-04--B--answer-A--hedged,material,F1,B,A,incorrect,contradicted,hedged,What material forms the outer shell of Compass Lamp?,"Fictional lamp record: Compass Lamp.
Each line names a value and the separate field it belongs to.
pine timber: outer shell
beech timber: display stand","As far as I can tell, Compass Lamp has an outer shell made of beech timber.",19,2.506802558898926,67,85,86,beech timber,82,85,1.912741847137542,-3.5453933179251678,-5.919205868379365
v3-material-04,v3-material-04--B--answer-A--neutral,material,F1,B,A,incorrect,contradicted,neutral,What material forms the outer shell of Compass Lamp?,"Fictional lamp record: Compass Lamp.
Each line names a value and the separate field it belongs to.
pine timber: outer shell
beech timber: display stand",Compass Lamp has an outer shell made of beech timber.,13,2.116306781768799,67,79,80,beech timber,76,79,2.650238693835127,-2.311102578037585,-5.327027952785154
v3-material-04,v3-material-04--B--answer-B--confident,material,F1,B,B,correct,supported,confident,What material forms the outer shell of Compass Lamp?,"Fictional lamp record: Compass Lamp.
Each line names a value and the separate field it belongs to.
pine timber: outer shell
beech timber: display stand","Unequivocally, Compass Lamp has an outer shell made of pine timber.",16,2.4860706329345703,67,82,83,pine timber,80,82,2.873185287600159,-0.04250697840454265,-3.690860643041614
v3-material-04,v3-material-04--B--answer-B--hedged,material,F1,B,B,correct,supported,hedged,What material forms the outer shell of Compass Lamp?,"Fictional lamp record: Compass Lamp.
Each line names a value and the separate field it belongs to.
pine timber: outer shell
beech timber: display stand","As far as I can tell, Compass Lamp has an outer shell made of pine timber.",18,2.0855283737182617,67,84,85,pine timber,82,84,1.9606862243743186,-3.5661305460537798,-6.039171903003318
v3-material-04,v3-material-04--B--answer-B--neutral,material,F1,B,B,correct,supported,neutral,What material forms the outer shell of Compass Lamp?,"Fictional lamp record: Compass Lamp.
Each line names a value and the separate field it belongs to.
pine timber: outer shell
beech timber: display stand",Compass Lamp has an outer shell made of pine timber.,12,1.2455412149429321,67,78,79,pine timber,76,78,2.5846002034115787,-2.449686163836837,-5.454518917489723
v3-material-04,v3-material-04--omitted--answer-A--neutral,material,F1,omitted,A,,absent,neutral,What material forms the outer shell of Compass Lamp?,"Fictional lamp record: Compass Lamp.
Each line names a value and the separate field it belongs to.
pine timber: display stand
beech timber: packing sleeve",Compass Lamp has an outer shell made of beech timber.,13,1.336183786392212,67,79,80,beech timber,76,79,2.593098467701079,-2.3847703052138107,-5.455385854008509
v3-material-04,v3-material-04--omitted--answer-B--neutral,material,F1,omitted,B,,absent,neutral,What material forms the outer shell of Compass Lamp?,"Fictional lamp record: Compass Lamp.
Each line names a value and the separate field it belongs to.
pine timber: display stand
beech timber: packing sleeve",Compass Lamp has an outer shell made of pine timber.,12,1.174944281578064,67,78,79,pine timber,76,78,2.6228832359415803,-2.5528185322768158,-5.584614474959851
v3-material-05,v3-material-05--A--answer-A--confident,material,F2,A,A,correct,supported,confident,What material forms the outer shell of Seabrook Lamp?,"Fictional lamp record: Seabrook Lamp.
Each line names a value and the separate field it belongs to.
mohair: outer shell
cashmere: display stand",Seabrook Lamp has an outer shell made of mohair. I have no reservations about that answer.,23,2.1845285892486572,73,95,96,mohair,84,87,2.0187229383030556,-0.47636252223463693,-4.751053001298608
v3-material-05,v3-material-05--A--answer-A--hedged,material,F2,A,A,correct,supported,hedged,What material forms the outer shell of Seabrook Lamp?,"Fictional lamp record: Seabrook Lamp.
Each line names a value and the separate field it belongs to.
mohair: outer shell
cashmere: display stand",Seabrook Lamp has an outer shell made of mohair. I have some reservations about that answer.,23,2.297839879989624,73,95,96,mohair,84,87,-2.0751606349488823,-8.7503606725064,-6.60266570024429
v3-material-05,v3-material-05--A--answer-A--neutral,material,F2,A,A,correct,supported,neutral,What material forms the outer shell of Seabrook Lamp?,"Fictional lamp record: Seabrook Lamp.
Each line names a value and the separate field it belongs to.
mohair: outer shell
cashmere: display stand",Seabrook Lamp has an outer shell made of mohair.,15,0.8001589179039001,73,87,88,mohair,84,87,2.865051464736746,-2.4683833533711566,-5.29390326824419
v3-material-05,v3-material-05--A--answer-B--confident,material,F2,A,B,incorrect,contradicted,confident,What material forms the outer shell of Seabrook Lamp?,"Fictional lamp record: Seabrook Lamp.
Each line names a value and the separate field it belongs to.
mohair: outer shell
cashmere: display stand",Seabrook Lamp has an outer shell made of cashmere. I have no reservations about that answer.,22,2.6447739601135254,73,94,95,cashmere,84,86,1.9670205758857127,-0.643325736595906,-4.558224061596933
v3-material-05,v3-material-05--A--answer-B--hedged,material,F2,A,B,incorrect,contradicted,hedged,What material forms the outer shell of Seabrook Lamp?,"Fictional lamp record: Seabrook Lamp.
Each line names a value and the separate field it belongs to.
mohair: outer shell
cashmere: display stand",Seabrook Lamp has an outer shell made of cashmere. I have some reservations about that answer.,22,2.743591547012329,73,94,95,cashmere,84,86,-2.2105169457511264,-8.84921482049707,-6.463601872227908
v3-material-05,v3-material-05--A--answer-B--neutral,material,F2,A,B,incorrect,contradicted,neutral,What material forms the outer shell of Seabrook Lamp?,"Fictional lamp record: Seabrook Lamp.
Each line names a value and the separate field it belongs to.
mohair: outer shell
cashmere: display stand",Seabrook Lamp has an outer shell made of cashmere.,14,1.622470736503601,73,86,87,cashmere,84,86,2.437788750903092,-2.6631948333669406,-4.9647066119280785
v3-material-05,v3-material-05--B--answer-A--confident,material,F2,B,A,incorrect,contradicted,confident,What material forms the outer shell of Seabrook Lamp?,"Fictional lamp record: Seabrook Lamp.
Each line names a value and the separate field it belongs to.
mohair: display stand
cashmere: outer shell",Seabrook Lamp has an outer shell made of mohair. I have no reservations about that answer.,23,2.6546459197998047,73,95,96,mohair,84,87,2.0467565238697176,-0.5439066775700622,-4.778855739726086
v3-material-05,v3-material-05--B--answer-A--hedged,material,F2,B,A,incorrect,contradicted,hedged,What material forms the outer shell of Seabrook Lamp?,"Fictional lamp record: Seabrook Lamp.
Each line names a value and the separate field it belongs to.
mohair: display stand
cashmere: outer shell",Seabrook Lamp has an outer shell made of mohair. I have some reservations about that answer.,23,2.7523744106292725,73,95,96,mohair,84,87,-2.116157113629245,-8.75776800990987,-6.631469245985829
v3-material-05,v3-material-05--B--answer-A--neutral,material,F2,B,A,incorrect,contradicted,neutral,What material forms the outer shell of Seabrook Lamp?,"Fictional lamp record: Seabrook Lamp.
Each line names a value and the separate field it belongs to.
mohair: display stand
cashmere: outer shell",Seabrook Lamp has an outer shell made of mohair.,15,1.5631921291351318,73,87,88,mohair,84,87,2.8089734275765497,-2.578783784170867,-5.3314681011709215
v3-material-05,v3-material-05--B--answer-B--confident,material,F2,B,B,correct,supported,confident,What material forms the outer shell of Seabrook Lamp?,"Fictional lamp record: Seabrook Lamp.
Each line names a value and the separate field it belongs to.
mohair: display stand
cashmere: outer shell",Seabrook Lamp has an outer shell made of cashmere. I have no reservations about that answer.,22,2.275175094604492,73,94,95,cashmere,84,86,2.0102944409770207,-0.7041958409089968,-4.579842915315559
v3-material-05,v3-material-05--B--answer-B--hedged,material,F2,B,B,correct,supported,hedged,What material forms the outer shell of Seabrook Lamp?,"Fictional lamp record: Seabrook Lamp.
Each line names a value and the separate field it belongs to.
mohair: display stand
cashmere: outer shell",Seabrook Lamp has an outer shell made of cashmere. I have some reservations about that answer.,22,2.4229605197906494,73,94,95,cashmere,84,86,-2.2217190679914087,-8.853333242967818,-6.481141377755282
v3-material-05,v3-material-05--B--answer-B--neutral,material,F2,B,B,correct,supported,neutral,What material forms the outer shell of Seabrook Lamp?,"Fictional lamp record: Seabrook Lamp.
Each line names a value and the separate field it belongs to.
mohair: display stand
cashmere: outer shell",Seabrook Lamp has an outer shell made of cashmere.,14,1.0062650442123413,73,86,87,cashmere,84,86,2.376699676554261,-2.7880970730915102,-4.994002436124328
v3-material-05,v3-material-05--omitted--answer-A--neutral,material,F2,omitted,A,,absent,neutral,What material forms the outer shell of Seabrook Lamp?,"Fictional lamp record: Seabrook Lamp.
Each line names a value and the separate field it belongs to.
mohair: packing sleeve
cashmere: display stand",Seabrook Lamp has an outer shell made of mohair.,15,0.9545518159866333,73,87,88,mohair,84,87,2.868683507340366,-2.4311616629372863,-5.462988349668796
v3-material-05,v3-material-05--omitted--answer-B--neutral,material,F2,omitted,B,,absent,neutral,What material forms the outer shell of Seabrook Lamp?,"Fictional lamp record: Seabrook Lamp.
Each line names a value and the separate field it belongs to.
mohair: packing sleeve
cashmere: display stand",Seabrook Lamp has an outer shell made of cashmere.,14,1.1695483922958374,73,86,87,cashmere,84,86,2.4154031832389116,-2.6851014455157265,-5.11158857943436
v3-material-06,v3-material-06--A--answer-A--confident,material,F3,A,A,correct,supported,confident,What material forms the outer shell of Bramble Lamp?,"Fictional lamp record: Bramble Lamp.
Each line names a value and the separate field it belongs to.
jute canvas: display stand
hemp canvas: outer shell",Bramble Lamp has an outer shell made of hemp canvas. I would give that answer without any further qualification.,23,2.7597267627716064,70,92,93,hemp canvas,80,82,2.6462240113540743,-1.766483290303622,-4.921201271487501
v3-material-06,v3-material-06--A--answer-A--hedged,material,F3,A,A,correct,supported,hedged,What material forms the outer shell of Bramble Lamp?,"Fictional lamp record: Bramble Lamp.
Each line names a value and the separate field it belongs to.
jute canvas: display stand
hemp canvas: outer shell","My answer, subject to revision, is that Bramble Lamp has an outer shell made of hemp canvas.",21,2.7061915397644043,70,90,91,hemp canvas,88,90,0.9480693149172138,-4.074482249693424,-6.125998012335007
v3-material-06,v3-material-06--A--answer-A--neutral,material,F3,A,A,correct,supported,neutral,What material forms the outer shell of Bramble Lamp?,"Fictional lamp record: Bramble Lamp.
Each line names a value and the separate field it belongs to.
jute canvas: display stand
hemp canvas: outer shell",Bramble Lamp has an outer shell made of hemp canvas.,13,1.1500544548034668,70,82,83,hemp canvas,80,82,2.3393583979359573,-2.7820074953335023,-5.441798044878167
v3-material-06,v3-material-06--A--answer-B--confident,material,F3,A,B,incorrect,contradicted,confident,What material forms the outer shell of Bramble Lamp?,"Fictional lamp record: Bramble Lamp.
Each line names a value and the separate field it belongs to.
jute canvas: display stand
hemp canvas: outer shell",Bramble Lamp has an outer shell made of jute canvas. I would give that answer without any further qualification.,24,3.1553115844726562,70,93,94,jute canvas,80,83,2.6348959474779794,-1.9324337592708727,-4.970622391782052
v3-material-06,v3-material-06--A--answer-B--hedged,material,F3,A,B,incorrect,contradicted,hedged,What material forms the outer shell of Bramble Lamp?,"Fictional lamp record: Bramble Lamp.
Each line names a value and the separate field it belongs to.
jute canvas: display stand
hemp canvas: outer shell","My answer, subject to revision, is that Bramble Lamp has an outer shell made of jute canvas.",22,3.008046865463257,70,91,92,jute canvas,88,91,0.9018765241510561,-4.144652812541902,-6.114426890864912
v3-material-06,v3-material-06--A--answer-B--neutral,material,F3,A,B,incorrect,contradicted,neutral,What material forms the outer shell of Bramble Lamp?,"Fictional lamp record: Bramble Lamp.
Each line names a value and the separate field it belongs to.
jute canvas: display stand
hemp canvas: outer shell",Bramble Lamp has an outer shell made of jute canvas.,14,1.9082660675048828,70,83,84,jute canvas,80,83,2.1709894332856923,-3.027887684934274,-5.481374387674619
v3-material-06,v3-material-06--B--answer-A--confident,material,F3,B,A,incorrect,contradicted,confident,What material forms the outer shell of Bramble Lamp?,"Fictional lamp record: Bramble Lamp.
Each line names a value and the separate field it belongs to.
jute canvas: outer shell
hemp canvas: display stand",Bramble Lamp has an outer shell made of hemp canvas. I would give that answer without any further qualification.,23,3.0906543731689453,70,92,93,hemp canvas,80,82,2.6429597739105586,-1.6552334071127337,-4.912440815678058
v3-material-06,v3-material-06--B--answer-A--hedged,material,F3,B,A,incorrect,contradicted,hedged,What material forms the outer shell of Bramble Lamp?,"Fictional lamp record: Bramble Lamp.
Each line names a value and the separate field it belongs to.
jute canvas: outer shell
hemp canvas: display stand","My answer, subject to revision, is that Bramble Lamp has an outer shell made of hemp canvas.",21,3.1387765407562256,70,90,91,hemp canvas,88,90,0.9015603531315511,-3.989756134924779,-6.076024320205566
v3-material-06,v3-material-06--B--answer-A--neutral,material,F3,B,A,incorrect,contradicted,neutral,What material forms the outer shell of Bramble Lamp?,"Fictional lamp record: Bramble Lamp.
Each line names a value and the separate field it belongs to.
jute canvas: outer shell
hemp canvas: display stand",Bramble Lamp has an outer shell made of hemp canvas.,13,1.7479630708694458,70,82,83,hemp canvas,80,82,2.31260114731698,-2.7083214644966067,-5.40587335788225
v3-material-06,v3-material-06--B--answer-B--confident,material,F3,B,B,correct,supported,confident,What material forms the outer shell of Bramble Lamp?,"Fictional lamp record: Bramble Lamp.
Each line names a value and the separate field it belongs to.
jute canvas: outer shell
hemp canvas: display stand",Bramble Lamp has an outer shell made of jute canvas. I would give that answer without any further qualification.,24,2.5936989784240723,70,93,94,jute canvas,80,83,2.636040940643949,-1.911295323675201,-4.942033786192839
v3-material-06,v3-material-06--B--answer-B--hedged,material,F3,B,B,correct,supported,hedged,What material forms the outer shell of Bramble Lamp?,"Fictional lamp record: Bramble Lamp.
Each line names a value and the separate field it belongs to.
jute canvas: outer shell
hemp canvas: display stand","My answer, subject to revision, is that Bramble Lamp has an outer shell made of jute canvas.",22,2.5791895389556885,70,91,92,jute canvas,88,91,0.96286664789368,-4.0766909208960245,-6.0620358005696335
v3-material-06,v3-material-06--B--answer-B--neutral,material,F3,B,B,correct,supported,neutral,What material forms the outer shell of Bramble Lamp?,"Fictional lamp record: Bramble Lamp.
Each line names a value and the separate field it belongs to.
jute canvas: outer shell
hemp canvas: display stand",Bramble Lamp has an outer shell made of jute canvas.,14,0.9193688631057739,70,83,84,jute canvas,80,83,2.1478817497611553,-2.981404960906962,-5.428440426161393
v3-material-06,v3-material-06--omitted--answer-A--neutral,material,F3,omitted,A,,absent,neutral,What material forms the outer shell of Bramble Lamp?,"Fictional lamp record: Bramble Lamp.
Each line names a value and the separate field it belongs to.
jute canvas: display stand
hemp canvas: packing sleeve",Bramble Lamp has an outer shell made of hemp canvas.,13,1.19259774684906,70,82,83,hemp canvas,80,82,2.3913702767462457,-2.5448523379461334,-5.501342600591681
v3-material-06,v3-material-06--omitted--answer-B--neutral,material,F3,omitted,B,,absent,neutral,What material forms the outer shell of Bramble Lamp?,"Fictional lamp record: Bramble Lamp.
Each line names a value and the separate field it belongs to.
jute canvas: display stand
hemp canvas: packing sleeve",Bramble Lamp has an outer shell made of jute canvas.,14,1.0348570346832275,70,83,84,jute canvas,80,83,2.2466621872471877,-2.889375567265713,-5.551136769496334
v3-material-07,v3-material-07--A--answer-A--confident,material,F1,A,A,correct,supported,confident,What material forms the outer shell of Hollow Lamp?,"Fictional lamp record: Hollow Lamp.
Each line names a value and the separate field it belongs to.
polyester: outer shell
acrylic: display stand","Unequivocally, Hollow Lamp has an outer shell made of polyester.",15,2.2793502807617188,66,80,81,polyester,79,80,2.5383432558885994,-1.0795353369602272,-3.583509235214371
v3-material-07,v3-material-07--A--answer-A--hedged,material,F1,A,A,correct,supported,hedged,What material forms the outer shell of Hollow Lamp?,"Fictional lamp record: Hollow Lamp.
Each line names a value and the separate field it belongs to.
polyester: outer shell
acrylic: display stand","As far as I can tell, Hollow Lamp has an outer shell made of polyester.",17,2.003710985183716,66,82,83,polyester,81,82,1.4221749657880511,-4.6435443225921516,-6.169480961545397
v3-material-07,v3-material-07--A--answer-A--neutral,material,F1,A,A,correct,supported,neutral,What material forms the outer shell of Hollow Lamp?,"Fictional lamp record: Hollow Lamp.
Each line names a value and the separate field it belongs to.
polyester: outer shell
acrylic: display stand",Hollow Lamp has an outer shell made of polyester.,11,0.7939243316650391,66,76,77,polyester,75,76,2.06251158947415,-3.4936372472893917,-5.788397515280627
v3-material-07,v3-material-07--A--answer-B--confident,material,F1,A,B,incorrect,contradicted,confident,What material forms the outer shell of Hollow Lamp?,"Fictional lamp record: Hollow Lamp.
Each line names a value and the separate field it belongs to.
polyester: outer shell
acrylic: display stand","Unequivocally, Hollow Lamp has an outer shell made of acrylic.",15,2.9500956535339355,66,80,81,acrylic,79,80,2.472935770094394,-1.3902764428765046,-3.552329938233008
v3-material-07,v3-material-07--A--answer-B--hedged,material,F1,A,B,incorrect,contradicted,hedged,What material forms the outer shell of Hollow Lamp?,"Fictional lamp record: Hollow Lamp.
Each line names a value and the separate field it belongs to.
polyester: outer shell
acrylic: display stand","As far as I can tell, Hollow Lamp has an outer shell made of acrylic.",17,2.5369231700897217,66,82,83,acrylic,81,82,1.4975368314751942,-4.659241116925999,-6.100941455211508
v3-material-07,v3-material-07--A--answer-B--neutral,material,F1,A,B,incorrect,contradicted,neutral,What material forms the outer shell of Hollow Lamp?,"Fictional lamp record: Hollow Lamp.
Each line names a value and the separate field it belongs to.
polyester: outer shell
acrylic: display stand",Hollow Lamp has an outer shell made of acrylic.,11,1.806436538696289,66,76,77,acrylic,75,76,2.1214873945896136,-3.3715379045063,-5.703403924687731
v3-material-07,v3-material-07--B--answer-A--confident,material,F1,B,A,incorrect,contradicted,confident,What material forms the outer shell of Hollow Lamp?,"Fictional lamp record: Hollow Lamp.
Each line names a value and the separate field it belongs to.
polyester: display stand
acrylic: outer shell","Unequivocally, Hollow Lamp has an outer shell made of polyester.",15,2.802133083343506,66,80,81,polyester,79,80,2.5016896628566316,-1.080470615674364,-3.668021208809195
v3-material-07,v3-material-07--B--answer-A--hedged,material,F1,B,A,incorrect,contradicted,hedged,What material forms the outer shell of Hollow Lamp?,"Fictional lamp record: Hollow Lamp.
Each line names a value and the separate field it belongs to.
polyester: display stand
acrylic: outer shell","As far as I can tell, Hollow Lamp has an outer shell made of polyester.",17,2.471219301223755,66,82,83,polyester,81,82,1.4138198327188138,-4.505459555348838,-6.1761414596968605
v3-material-07,v3-material-07--B--answer-A--neutral,material,F1,B,A,incorrect,contradicted,neutral,What material forms the outer shell of Hollow Lamp?,"Fictional lamp record: Hollow Lamp.
Each line names a value and the separate field it belongs to.
polyester: display stand
acrylic: outer shell",Hollow Lamp has an outer shell made of polyester.,11,1.8702219724655151,66,76,77,polyester,75,76,2.0229192501063613,-3.555374281219464,-5.847512692766761
v3-material-07,v3-material-07--B--answer-B--confident,material,F1,B,B,correct,supported,confident,What material forms the outer shell of Hollow Lamp?,"Fictional lamp record: Hollow Lamp.
Each line names a value and the separate field it belongs to.
polyester: display stand
acrylic: outer shell","Unequivocally, Hollow Lamp has an outer shell made of acrylic.",15,2.1747686862945557,66,80,81,acrylic,79,80,2.4678707084618026,-1.5068239391005656,-3.6316873950713298
v3-material-07,v3-material-07--B--answer-B--hedged,material,F1,B,B,correct,supported,hedged,What material forms the outer shell of Hollow Lamp?,"Fictional lamp record: Hollow Lamp.
Each line names a value and the separate field it belongs to.
polyester: display stand
acrylic: outer shell","As far as I can tell, Hollow Lamp has an outer shell made of acrylic.",17,1.9789477586746216,66,82,83,acrylic,81,82,1.481293266690769,-4.638900187241794,-6.115578960727477
v3-material-07,v3-material-07--B--answer-B--neutral,material,F1,B,B,correct,supported,neutral,What material forms the outer shell of Hollow Lamp?,"Fictional lamp record: Hollow Lamp.
Each line names a value and the separate field it belongs to.
polyester: display stand
acrylic: outer shell",Hollow Lamp has an outer shell made of acrylic.,11,0.9276586174964905,66,76,77,acrylic,75,76,2.131096973423163,-3.4372907833228887,-5.761162079067593
v3-material-07,v3-material-07--omitted--answer-A--neutral,material,F1,omitted,A,,absent,neutral,What material forms the outer shell of Hollow Lamp?,"Fictional lamp record: Hollow Lamp.
Each line names a value and the separate field it belongs to.
polyester: packing sleeve
acrylic: display stand",Hollow Lamp has an outer shell made of polyester.,11,0.7479596734046936,66,76,77,polyester,75,76,2.157634640882274,-3.2692639533663845,-5.860136796675241
v3-material-07,v3-material-07--omitted--answer-B--neutral,material,F1,omitted,B,,absent,neutral,What material forms the outer shell of Hollow Lamp?,"Fictional lamp record: Hollow Lamp.
Each line names a value and the separate field it belongs to.
polyester: packing sleeve
acrylic: display stand",Hollow Lamp has an outer shell made of acrylic.,11,0.7780624628067017,66,76,77,acrylic,75,76,2.2169086028160487,-3.2917015936339364,-5.782345507510694
v3-material-08,v3-material-08--A--answer-A--confident,material,F2,A,A,correct,supported,confident,What material forms the outer shell of Bellweather Lamp?,"Fictional lamp record: Bellweather Lamp.
Each line names a value and the separate field it belongs to.
nickel: display stand
titanium: outer shell",Bellweather Lamp has an outer shell made of titanium. I have no reservations about that answer.,19,3.1167445182800293,69,87,88,titanium,78,79,1.8221506133952055,-0.34013123573645465,-4.712617544676931
v3-material-08,v3-material-08--A--answer-A--hedged,material,F2,A,A,correct,supported,hedged,What material forms the outer shell of Bellweather Lamp?,"Fictional lamp record: Bellweather Lamp.
Each line names a value and the separate field it belongs to.
nickel: display stand
titanium: outer shell",Bellweather Lamp has an outer shell made of titanium. I have some reservations about that answer.,19,3.345252513885498,69,87,88,titanium,78,79,-2.3271455176719584,-8.668110062398123,-6.936569211859208
v3-material-08,v3-material-08--A--answer-A--neutral,material,F2,A,A,correct,supported,neutral,What material forms the outer shell of Bellweather Lamp?,"Fictional lamp record: Bellweather Lamp.
Each line names a value and the separate field it belongs to.
nickel: display stand
titanium: outer shell",Bellweather Lamp has an outer shell made of titanium.,11,1.8204151391983032,69,79,80,titanium,78,79,2.5056314821083925,-2.593948742449868,-5.451865328678575
v3-material-08,v3-material-08--A--answer-B--confident,material,F2,A,B,incorrect,contradicted,confident,What material forms the outer shell of Bellweather Lamp?,"Fictional lamp record: Bellweather Lamp.
Each line names a value and the separate field it belongs to.
nickel: display stand
titanium: outer shell",Bellweather Lamp has an outer shell made of nickel. I have no reservations about that answer.,19,3.7772111892700195,69,87,88,nickel,78,79,1.865631695317583,-0.31371830308872384,-4.81523993853147
v3-material-08,v3-material-08--A--answer-B--hedged,material,F2,A,B,incorrect,contradicted,hedged,What material forms the outer shell of Bellweather Lamp?,"Fictional lamp record: Bellweather Lamp.
Each line names a value and the separate field it belongs to.
nickel: display stand
titanium: outer shell",Bellweather Lamp has an outer shell made of nickel. I have some reservations about that answer.,19,3.7848823070526123,69,87,88,nickel,78,79,-2.2519776131515377,-8.628272838756168,-7.0548758252024415
v3-material-08,v3-material-08--A--answer-B--neutral,material,F2,A,B,incorrect,contradicted,neutral,What material forms the outer shell of Bellweather Lamp?,"Fictional lamp record: Bellweather Lamp.
Each line names a value and the separate field it belongs to.
nickel: display stand
titanium: outer shell",Bellweather Lamp has an outer shell made of nickel.,11,2.9142611026763916,69,79,80,nickel,78,79,2.4458481466112563,-3.1976610036330673,-5.662175087474333
v3-material-08,v3-material-08--B--answer-A--confident,material,F2,B,A,incorrect,contradicted,confident,What material forms the outer shell of Bellweather Lamp?,"Fictional lamp record: Bellweather Lamp.
Each line names a value and the separate field it belongs to.
nickel: outer shell
titanium: display stand",Bellweather Lamp has an outer shell made of titanium. I have no reservations about that answer.,19,3.409419059753418,69,87,88,titanium,78,79,1.7680693898769122,-0.40340431665089305,-4.712855110227685
v3-material-08,v3-material-08--B--answer-A--hedged,material,F2,B,A,incorrect,contradicted,hedged,What material forms the outer shell of Bellweather Lamp?,"Fictional lamp record: Bellweather Lamp.
Each line names a value and the separate field it belongs to.
nickel: outer shell
titanium: display stand",Bellweather Lamp has an outer shell made of titanium. I have some reservations about that answer.,19,3.5994327068328857,69,87,88,titanium,78,79,-2.3132731094740784,-8.634725275191782,-6.940034077346014
v3-material-08,v3-material-08--B--answer-A--neutral,material,F2,B,A,incorrect,contradicted,neutral,What material forms the outer shell of Bellweather Lamp?,"Fictional lamp record: Bellweather Lamp.
Each line names a value and the separate field it belongs to.
nickel: outer shell
titanium: display stand",Bellweather Lamp has an outer shell made of titanium.,11,2.361264228820801,69,79,80,titanium,78,79,2.361944597498569,-2.6933375720538137,-5.475216597606674
v3-material-08,v3-material-08--B--answer-B--confident,material,F2,B,B,correct,supported,confident,What material forms the outer shell of Bellweather Lamp?,"Fictional lamp record: Bellweather Lamp.
Each line names a value and the separate field it belongs to.
nickel: outer shell
titanium: display stand",Bellweather Lamp has an outer shell made of nickel. I have no reservations about that answer.,19,3.057769775390625,69,87,88,nickel,78,79,1.8343723649054622,-0.3147196529720216,-4.833349046389824
v3-material-08,v3-material-08--B--answer-B--hedged,material,F2,B,B,correct,supported,hedged,What material forms the outer shell of Bellweather Lamp?,"Fictional lamp record: Bellweather Lamp.
Each line names a value and the separate field it belongs to.
nickel: outer shell
titanium: display stand",Bellweather Lamp has an outer shell made of nickel. I have some reservations about that answer.,19,3.112179756164551,69,87,88,nickel,78,79,-2.2185907557830022,-8.55230443298089,-7.060549264271535
v3-material-08,v3-material-08--B--answer-B--neutral,material,F2,B,B,correct,supported,neutral,What material forms the outer shell of Bellweather Lamp?,"Fictional lamp record: Bellweather Lamp.
Each line names a value and the separate field it belongs to.
nickel: outer shell
titanium: display stand",Bellweather Lamp has an outer shell made of nickel.,11,1.5084389448165894,69,79,80,nickel,78,79,2.3710433001774978,-3.229917375005334,-5.677943233990308
v3-material-08,v3-material-08--omitted--answer-A--neutral,material,F2,omitted,A,,absent,neutral,What material forms the outer shell of Bellweather Lamp?,"Fictional lamp record: Bellweather Lamp.
Each line names a value and the separate field it belongs to.
nickel: display stand
titanium: packing sleeve",Bellweather Lamp has an outer shell made of titanium.,11,1.6477866172790527,69,79,80,titanium,78,79,2.4897525353928995,-2.652014828574647,-5.601656108180604
v3-material-08,v3-material-08--omitted--answer-B--neutral,material,F2,omitted,B,,absent,neutral,What material forms the outer shell of Bellweather Lamp?,"Fictional lamp record: Bellweather Lamp.
Each line names a value and the separate field it belongs to.
nickel: display stand
titanium: packing sleeve",Bellweather Lamp has an outer shell made of nickel.,11,1.9583022594451904,69,79,80,nickel,78,79,2.4844223717748846,-3.2586671062444332,-5.800918610189168
v3-material-09,v3-material-09--A--answer-A--confident,material,F3,A,A,correct,supported,confident,What material forms the outer shell of Aster Lamp?,"Fictional lamp record: Aster Lamp.
Each line names a value and the separate field it belongs to.
slate: outer shell
travertine: display stand",Aster Lamp has an outer shell made of slate. I would give that answer without any further qualification.,21,2.6823506355285645,68,88,89,slate,77,78,2.6705656718563957,-1.6659743883679583,-4.783558947897021
v3-material-09,v3-material-09--A--answer-A--hedged,material,F3,A,A,correct,supported,hedged,What material forms the outer shell of Aster Lamp?,"Fictional lamp record: Aster Lamp.
Each line names a value and the separate field it belongs to.
slate: outer shell
travertine: display stand","My answer, subject to revision, is that Aster Lamp has an outer shell made of slate.",19,2.853205919265747,68,86,87,slate,85,86,0.7917403802125189,-4.4004557339119215,-5.985239409972976
v3-material-09,v3-material-09--A--answer-A--neutral,material,F3,A,A,correct,supported,neutral,What material forms the outer shell of Aster Lamp?,"Fictional lamp record: Aster Lamp.
Each line names a value and the separate field it belongs to.
slate: outer shell
travertine: display stand",Aster Lamp has an outer shell made of slate.,11,0.5978744029998779,68,78,79,slate,77,78,2.169175279428834,-3.2716291060294926,-5.254311227586425
v3-material-09,v3-material-09--A--answer-B--confident,material,F3,A,B,incorrect,contradicted,confident,What material forms the outer shell of Aster Lamp?,"Fictional lamp record: Aster Lamp.
Each line names a value and the separate field it belongs to.
slate: outer shell
travertine: display stand",Aster Lamp has an outer shell made of travertine. I would give that answer without any further qualification.,23,2.9540278911590576,68,90,91,travertine,77,80,2.6402875106113814,-1.841442756926541,-4.576206869951744
v3-material-09,v3-material-09--A--answer-B--hedged,material,F3,A,B,incorrect,contradicted,hedged,What material forms the outer shell of Aster Lamp?,"Fictional lamp record: Aster Lamp.
Each line names a value and the separate field it belongs to.
slate: outer shell
travertine: display stand","My answer, subject to revision, is that Aster Lamp has an outer shell made of travertine.",21,3.1379611492156982,68,88,89,travertine,85,88,0.8098681926035237,-4.248689295876253,-5.701528446804347
v3-material-09,v3-material-09--A--answer-B--neutral,material,F3,A,B,incorrect,contradicted,neutral,What material forms the outer shell of Aster Lamp?,"Fictional lamp record: Aster Lamp.
Each line names a value and the separate field it belongs to.
slate: outer shell
travertine: display stand",Aster Lamp has an outer shell made of travertine.,13,1.4719840288162231,68,80,81,travertine,77,80,2.3287490285952015,-2.467111371076022,-4.86525172103448
v3-material-09,v3-material-09--B--answer-A--confident,material,F3,B,A,incorrect,contradicted,confident,What material forms the outer shell of Aster Lamp?,"Fictional lamp record: Aster Lamp.
Each line names a value and the separate field it belongs to.
slate: display stand
travertine: outer shell",Aster Lamp has an outer shell made of slate. I would give that answer without any further qualification.,21,3.8810322284698486,68,88,89,slate,77,78,2.6077615176531372,-1.791671709994264,-4.782297034354536
v3-material-09,v3-material-09--B--answer-A--hedged,material,F3,B,A,incorrect,contradicted,hedged,What material forms the outer shell of Aster Lamp?,"Fictional lamp record: Aster Lamp.
Each line names a value and the separate field it belongs to.
slate: display stand
travertine: outer shell","My answer, subject to revision, is that Aster Lamp has an outer shell made of slate.",19,3.953012228012085,68,86,87,slate,85,86,0.7139800489619738,-4.454007344240213,-5.987839203260015
v3-material-09,v3-material-09--B--answer-A--neutral,material,F3,B,A,incorrect,contradicted,neutral,What material forms the outer shell of Aster Lamp?,"Fictional lamp record: Aster Lamp.
Each line names a value and the separate field it belongs to.
slate: display stand
travertine: outer shell",Aster Lamp has an outer shell made of slate.,11,2.988818407058716,68,78,79,slate,77,78,2.0823242785646476,-3.25845595990665,-5.229528013548667
v3-material-09,v3-material-09--B--answer-B--confident,material,F3,B,B,correct,supported,confident,What material forms the outer shell of Aster Lamp?,"Fictional lamp record: Aster Lamp.
Each line names a value and the separate field it belongs to.
slate: display stand
travertine: outer shell",Aster Lamp has an outer shell made of travertine. I would give that answer without any further qualification.,23,2.763486862182617,68,90,91,travertine,77,80,2.5566614961313685,-1.825517939539315,-4.549176210890624
v3-material-09,v3-material-09--B--answer-B--hedged,material,F3,B,B,correct,supported,hedged,What material forms the outer shell of Aster Lamp?,"Fictional lamp record: Aster Lamp.
Each line names a value and the separate field it belongs to.
slate: display stand
travertine: outer shell","My answer, subject to revision, is that Aster Lamp has an outer shell made of travertine.",21,2.881195306777954,68,88,89,travertine,85,88,0.7411316515726019,-4.199568092849129,-5.696931494272142
v3-material-09,v3-material-09--B--answer-B--neutral,material,F3,B,B,correct,supported,neutral,What material forms the outer shell of Aster Lamp?,"Fictional lamp record: Aster Lamp.
Each line names a value and the separate field it belongs to.
slate: display stand
travertine: outer shell",Aster Lamp has an outer shell made of travertine.,13,1.2043709754943848,68,80,81,travertine,77,80,2.2887934104188368,-2.4145446711152223,-4.837271758294961
v3-material-09,v3-material-09--omitted--answer-A--neutral,material,F3,omitted,A,,absent,neutral,What material forms the outer shell of Aster Lamp?,"Fictional lamp record: Aster Lamp.
Each line names a value and the separate field it belongs to.
slate: packing sleeve
travertine: display stand",Aster Lamp has an outer shell made of slate.,11,1.369056224822998,68,78,79,slate,77,78,2.1811081777351626,-3.172918414853795,-5.333229394100649
v3-material-09,v3-material-09--omitted--answer-B--neutral,material,F3,omitted,B,,absent,neutral,What material forms the outer shell of Aster Lamp?,"Fictional lamp record: Aster Lamp.
Each line names a value and the separate field it belongs to.
slate: packing sleeve
travertine: display stand",Aster Lamp has an outer shell made of travertine.,13,0.994756817817688,68,80,81,travertine,77,80,2.2822551585345847,-2.4445189628689095,-4.910149205673138
v3-material-10,v3-material-10--A--answer-A--confident,material,F1,A,A,correct,supported,confident,What material forms the outer shell of Rook Lamp?,"Fictional lamp record: Rook Lamp.
Each line names a value and the separate field it belongs to.
denim: display stand
suede: outer shell","Unequivocally, Rook Lamp has an outer shell made of suede.",16,2.3309097290039062,68,83,84,suede,82,83,2.4338255529779547,-1.839277031527945,-3.6498898029468494
v3-material-10,v3-material-10--A--answer-A--hedged,material,F1,A,A,correct,supported,hedged,What material forms the outer shell of Rook Lamp?,"Fictional lamp record: Rook Lamp.
Each line names a value and the separate field it belongs to.
denim: display stand
suede: outer shell","As far as I can tell, Rook Lamp has an outer shell made of suede.",18,1.976866364479065,68,85,86,suede,84,85,1.457143795677934,-4.853251651671961,-6.125379210361255
v3-material-10,v3-material-10--A--answer-A--neutral,material,F1,A,A,correct,supported,neutral,What material forms the outer shell of Rook Lamp?,"Fictional lamp record: Rook Lamp.
Each line names a value and the separate field it belongs to.
denim: display stand
suede: outer shell",Rook Lamp has an outer shell made of suede.,11,1.7788349390029907,68,78,79,suede,77,78,2.4527292289991203,-3.447564561284935,-5.655313683690332
v3-material-10,v3-material-10--A--answer-B--confident,material,F1,A,B,incorrect,contradicted,confident,What material forms the outer shell of Rook Lamp?,"Fictional lamp record: Rook Lamp.
Each line names a value and the separate field it belongs to.
denim: display stand
suede: outer shell","Unequivocally, Rook Lamp has an outer shell made of denim.",16,3.074890375137329,68,83,84,denim,82,83,2.4205439581670594,-1.3212307227443716,-3.4752616256200906
v3-material-10,v3-material-10--A--answer-B--hedged,material,F1,A,B,incorrect,contradicted,hedged,What material forms the outer shell of Rook Lamp?,"Fictional lamp record: Rook Lamp.
Each line names a value and the separate field it belongs to.
denim: display stand
suede: outer shell","As far as I can tell, Rook Lamp has an outer shell made of denim.",18,2.6047656536102295,68,85,86,denim,84,85,1.485904650467052,-4.527225634388617,-5.976927016749664
v3-material-10,v3-material-10--A--answer-B--neutral,material,F1,A,B,incorrect,contradicted,neutral,What material forms the outer shell of Rook Lamp?,"Fictional lamp record: Rook Lamp.
Each line names a value and the separate field it belongs to.
denim: display stand
suede: outer shell",Rook Lamp has an outer shell made of denim.,11,3.0516304969787598,68,78,79,denim,77,78,2.1962713459974275,-3.3311768930757517,-5.421600258315028
v3-material-10,v3-material-10--B--answer-A--confident,material,F1,B,A,incorrect,contradicted,confident,What material forms the outer shell of Rook Lamp?,"Fictional lamp record: Rook Lamp.
Each line names a value and the separate field it belongs to.
denim: outer shell
suede: display stand","Unequivocally, Rook Lamp has an outer shell made of suede.",16,2.8881659507751465,68,83,84,suede,82,83,2.428389462631393,-1.699774264559649,-3.670180714178187
v3-material-10,v3-material-10--B--answer-A--hedged,material,F1,B,A,incorrect,contradicted,hedged,What material forms the outer shell of Rook Lamp?,"Fictional lamp record: Rook Lamp.
Each line names a value and the separate field it belongs to.
denim: outer shell
suede: display stand","As far as I can tell, Rook Lamp has an outer shell made of suede.",18,2.474259614944458,68,85,86,suede,84,85,1.5907305604757567,-4.754464568884126,-6.139429908668258
v3-material-10,v3-material-10--B--answer-A--neutral,material,F1,B,A,incorrect,contradicted,neutral,What material forms the outer shell of Rook Lamp?,"Fictional lamp record: Rook Lamp.
Each line names a value and the separate field it belongs to.
denim: outer shell
suede: display stand",Rook Lamp has an outer shell made of suede.,11,2.3448896408081055,68,78,79,suede,77,78,2.4687308329811866,-3.377431830034254,-5.636182269051825
v3-material-10,v3-material-10--B--answer-B--confident,material,F1,B,B,correct,supported,confident,What material forms the outer shell of Rook Lamp?,"Fictional lamp record: Rook Lamp.
Each line names a value and the separate field it belongs to.
denim: outer shell
suede: display stand","Unequivocally, Rook Lamp has an outer shell made of denim.",16,2.1895666122436523,68,83,84,denim,82,83,2.3900547223811506,-1.4234122236357352,-3.495418190149552
v3-material-10,v3-material-10--B--answer-B--hedged,material,F1,B,B,correct,supported,hedged,What material forms the outer shell of Rook Lamp?,"Fictional lamp record: Rook Lamp.
Each line names a value and the separate field it belongs to.
denim: outer shell
suede: display stand","As far as I can tell, Rook Lamp has an outer shell made of denim.",18,1.8784539699554443,68,85,86,denim,84,85,1.4740866273748199,-4.554457423630404,-5.997226094226591
v3-material-10,v3-material-10--B--answer-B--neutral,material,F1,B,B,correct,supported,neutral,What material forms the outer shell of Rook Lamp?,"Fictional lamp record: Rook Lamp.
Each line names a value and the separate field it belongs to.
denim: outer shell
suede: display stand",Rook Lamp has an outer shell made of denim.,11,1.2134318351745605,68,78,79,denim,77,78,2.1465451998173597,-3.386406858941346,-5.4028748501081285
v3-material-10,v3-material-10--omitted--answer-A--neutral,material,F1,omitted,A,,absent,neutral,What material forms the outer shell of Rook Lamp?,"Fictional lamp record: Rook Lamp.
Each line names a value and the separate field it belongs to.
denim: display stand
suede: packing sleeve",Rook Lamp has an outer shell made of suede.,11,1.3861736059188843,68,78,79,suede,77,78,2.4567391615515812,-3.404895064459855,-5.787999099294528
v3-material-10,v3-material-10--omitted--answer-B--neutral,material,F1,omitted,B,,absent,neutral,What material forms the outer shell of Rook Lamp?,"Fictional lamp record: Rook Lamp.
Each line names a value and the separate field it belongs to.
denim: display stand
suede: packing sleeve",Rook Lamp has an outer shell made of denim.,11,1.5232253074645996,68,78,79,denim,77,78,2.27453880965016,-3.2848186233194245,-5.537972624676797
v3-material-11,v3-material-11--A--answer-A--confident,material,F2,A,A,correct,supported,confident,What material forms the outer shell of Dapple Lamp?,"Fictional lamp record: Dapple Lamp.
Each line names a value and the separate field it belongs to.
porcelain: outer shell
terracotta: display stand",Dapple Lamp has an outer shell made of porcelain. I have no reservations about that answer.,19,2.8229639530181885,69,87,88,porcelain,78,79,2.037410174386798,-0.024139345336986084,-4.720299476019676
v3-material-11,v3-material-11--A--answer-A--hedged,material,F2,A,A,correct,supported,hedged,What material forms the outer shell of Dapple Lamp?,"Fictional lamp record: Dapple Lamp.
Each line names a value and the separate field it belongs to.
porcelain: outer shell
terracotta: display stand",Dapple Lamp has an outer shell made of porcelain. I have some reservations about that answer.,19,2.915573835372925,69,87,88,porcelain,78,79,-2.1913329630426395,-8.591323352676692,-6.961584284360637
v3-material-11,v3-material-11--A--answer-A--neutral,material,F2,A,A,correct,supported,neutral,What material forms the outer shell of Dapple Lamp?,"Fictional lamp record: Dapple Lamp.
Each line names a value and the separate field it belongs to.
porcelain: outer shell
terracotta: display stand",Dapple Lamp has an outer shell made of porcelain.,11,1.253243327140808,69,79,80,porcelain,78,79,2.1966502042094818,-2.599104144173341,-5.5307874033917415
v3-material-11,v3-material-11--A--answer-B--confident,material,F2,A,B,incorrect,contradicted,confident,What material forms the outer shell of Dapple Lamp?,"Fictional lamp record: Dapple Lamp.
Each line names a value and the separate field it belongs to.
porcelain: outer shell
terracotta: display stand",Dapple Lamp has an outer shell made of terracotta. I have no reservations about that answer.,21,3.232043981552124,69,89,90,terracotta,78,81,1.8862715020589418,-0.4294438378637955,-4.810991190851145
v3-material-11,v3-material-11--A--answer-B--hedged,material,F2,A,B,incorrect,contradicted,hedged,What material forms the outer shell of Dapple Lamp?,"Fictional lamp record: Dapple Lamp.
Each line names a value and the separate field it belongs to.
porcelain: outer shell
terracotta: display stand",Dapple Lamp has an outer shell made of terracotta. I have some reservations about that answer.,21,3.242140293121338,69,89,90,terracotta,78,81,-2.373103755733327,-8.729030160499713,-6.830531944267739
v3-material-11,v3-material-11--A--answer-B--neutral,material,F2,A,B,incorrect,contradicted,neutral,What material forms the outer shell of Dapple Lamp?,"Fictional lamp record: Dapple Lamp.
Each line names a value and the separate field it belongs to.
porcelain: outer shell
terracotta: display stand",Dapple Lamp has an outer shell made of terracotta.,13,2.2391645908355713,69,81,82,terracotta,78,81,2.2771118834528012,-2.661081172224362,-5.501337098060539
v3-material-11,v3-material-11--B--answer-A--confident,material,F2,B,A,incorrect,contradicted,confident,What material forms the outer shell of Dapple Lamp?,"Fictional lamp record: Dapple Lamp.
Each line names a value and the separate field it belongs to.
porcelain: display stand
terracotta: outer shell",Dapple Lamp has an outer shell made of porcelain. I have no reservations about that answer.,19,3.5681843757629395,69,87,88,porcelain,78,79,1.9651883589607149,-0.11894199267381322,-4.763850300495368
v3-material-11,v3-material-11--B--answer-A--hedged,material,F2,B,A,incorrect,contradicted,hedged,What material forms the outer shell of Dapple Lamp?,"Fictional lamp record: Dapple Lamp.
Each line names a value and the separate field it belongs to.
porcelain: display stand
terracotta: outer shell",Dapple Lamp has an outer shell made of porcelain. I have some reservations about that answer.,19,3.569758653640747,69,87,88,porcelain,78,79,-2.261463703064246,-8.614962853713253,-7.007857572305625
v3-material-11,v3-material-11--B--answer-A--neutral,material,F2,B,A,incorrect,contradicted,neutral,What material forms the outer shell of Dapple Lamp?,"Fictional lamp record: Dapple Lamp.
Each line names a value and the separate field it belongs to.
porcelain: display stand
terracotta: outer shell",Dapple Lamp has an outer shell made of porcelain.,11,2.4666922092437744,69,79,80,porcelain,78,79,2.1137969059706876,-2.715843936465637,-5.610977834409491
v3-material-11,v3-material-11--B--answer-B--confident,material,F2,B,B,correct,supported,confident,What material forms the outer shell of Dapple Lamp?,"Fictional lamp record: Dapple Lamp.
Each line names a value and the separate field it belongs to.
porcelain: display stand
terracotta: outer shell",Dapple Lamp has an outer shell made of terracotta. I have no reservations about that answer.,21,2.6196413040161133,69,89,90,terracotta,78,81,1.8104022799775414,-0.5702626480289346,-4.838546500110303
v3-material-11,v3-material-11--B--answer-B--hedged,material,F2,B,B,correct,supported,hedged,What material forms the outer shell of Dapple Lamp?,"Fictional lamp record: Dapple Lamp.
Each line names a value and the separate field it belongs to.
porcelain: display stand
terracotta: outer shell",Dapple Lamp has an outer shell made of terracotta. I have some reservations about that answer.,21,2.7003209590911865,69,89,90,terracotta,78,81,-2.554984266423741,-8.745795431033882,-6.847408607565278
v3-material-11,v3-material-11--B--answer-B--neutral,material,F2,B,B,correct,supported,neutral,What material forms the outer shell of Dapple Lamp?,"Fictional lamp record: Dapple Lamp.
Each line names a value and the separate field it belongs to.
porcelain: display stand
terracotta: outer shell",Dapple Lamp has an outer shell made of terracotta.,13,1.212815523147583,69,81,82,terracotta,78,81,2.263071147237177,-2.772788154356294,-5.533600316355677
v3-material-11,v3-material-11--omitted--answer-A--neutral,material,F2,omitted,A,,absent,neutral,What material forms the outer shell of Dapple Lamp?,"Fictional lamp record: Dapple Lamp.
Each line names a value and the separate field it belongs to.
porcelain: packing sleeve
terracotta: display stand",Dapple Lamp has an outer shell made of porcelain.,11,1.1532683372497559,69,79,80,porcelain,78,79,2.1837414941652558,-2.569599405576687,-5.716840385571192
v3-material-11,v3-material-11--omitted--answer-B--neutral,material,F2,omitted,B,,absent,neutral,What material forms the outer shell of Dapple Lamp?,"Fictional lamp record: Dapple Lamp.
Each line names a value and the separate field it belongs to.
porcelain: packing sleeve
terracotta: display stand",Dapple Lamp has an outer shell made of terracotta.,13,1.5942137241363525,69,81,82,terracotta,78,81,2.2820993632615885,-2.7234296989264344,-5.662801712287178
v3-material-12,v3-material-12--A--answer-A--confident,material,F3,A,A,correct,supported,confident,What material forms the outer shell of Wisp Lamp?,"Fictional lamp record: Wisp Lamp.
Each line names a value and the separate field it belongs to.
fiberglass: display stand
rattan: outer shell",Wisp Lamp has an outer shell made of rattan. I would give that answer without any further qualification.,22,2.962618827819824,69,90,91,rattan,78,80,2.4424594927840975,-1.7421609519078447,-5.257448974333422
v3-material-12,v3-material-12--A--answer-A--hedged,material,F3,A,A,correct,supported,hedged,What material forms the outer shell of Wisp Lamp?,"Fictional lamp record: Wisp Lamp.
Each line names a value and the separate field it belongs to.
fiberglass: display stand
rattan: outer shell","My answer, subject to revision, is that Wisp Lamp has an outer shell made of rattan.",21,2.7689709663391113,69,89,90,rattan,87,89,0.6196817849227177,-4.891813570969666,-6.297374290160322
v3-material-12,v3-material-12--A--answer-A--neutral,material,F3,A,A,correct,supported,neutral,What material forms the outer shell of Wisp Lamp?,"Fictional lamp record: Wisp Lamp.
Each line names a value and the separate field it belongs to.
fiberglass: display stand
rattan: outer shell",Wisp Lamp has an outer shell made of rattan.,12,1.4258791208267212,69,80,81,rattan,78,80,2.209702918827829,-3.3438525668114196,-6.145201658036375
v3-material-12,v3-material-12--A--answer-B--confident,material,F3,A,B,incorrect,contradicted,confident,What material forms the outer shell of Wisp Lamp?,"Fictional lamp record: Wisp Lamp.
Each line names a value and the separate field it belongs to.
fiberglass: display stand
rattan: outer shell",Wisp Lamp has an outer shell made of fiberglass. I would give that answer without any further qualification.,21,3.5956051349639893,69,89,90,fiberglass,78,79,2.467672157813897,-1.7763007427689816,-5.233517498595514
v3-material-12,v3-material-12--A--answer-B--hedged,material,F3,A,B,incorrect,contradicted,hedged,What material forms the outer shell of Wisp Lamp?,"Fictional lamp record: Wisp Lamp.
Each line names a value and the separate field it belongs to.
fiberglass: display stand
rattan: outer shell","My answer, subject to revision, is that Wisp Lamp has an outer shell made of fiberglass.",20,3.3874239921569824,69,88,89,fiberglass,87,88,0.6690815737139089,-4.186672912647321,-6.285255000797536
v3-material-12,v3-material-12--A--answer-B--neutral,material,F3,A,B,incorrect,contradicted,neutral,What material forms the outer shell of Wisp Lamp?,"Fictional lamp record: Wisp Lamp.
Each line names a value and the separate field it belongs to.
fiberglass: display stand
rattan: outer shell",Wisp Lamp has an outer shell made of fiberglass.,11,2.5969011783599854,69,79,80,fiberglass,78,79,2.1314396776493196,-3.0675164038376566,-6.110422845188209
v3-material-12,v3-material-12--B--answer-A--confident,material,F3,B,A,incorrect,contradicted,confident,What material forms the outer shell of Wisp Lamp?,"Fictional lamp record: Wisp Lamp.
Each line names a value and the separate field it belongs to.
fiberglass: outer shell
rattan: display stand",Wisp Lamp has an outer shell made of rattan. I would give that answer without any further qualification.,22,3.524123191833496,69,90,91,rattan,78,80,2.5448190872760272,-1.689158072469252,-5.2664383776813875
v3-material-12,v3-material-12--B--answer-A--hedged,material,F3,B,A,incorrect,contradicted,hedged,What material forms the outer shell of Wisp Lamp?,"Fictional lamp record: Wisp Lamp.
Each line names a value and the separate field it belongs to.
fiberglass: outer shell
rattan: display stand","My answer, subject to revision, is that Wisp Lamp has an outer shell made of rattan.",21,3.3769538402557373,69,89,90,rattan,87,89,0.7047348296509424,-4.799651294944377,-6.245755743063401
v3-material-12,v3-material-12--B--answer-A--neutral,material,F3,B,A,incorrect,contradicted,neutral,What material forms the outer shell of Wisp Lamp?,"Fictional lamp record: Wisp Lamp.
Each line names a value and the separate field it belongs to.
fiberglass: outer shell
rattan: display stand",Wisp Lamp has an outer shell made of rattan.,12,2.4983530044555664,69,80,81,rattan,78,80,2.2447932087058424,-3.317130987725377,-6.14634013156991
v3-material-12,v3-material-12--B--answer-B--confident,material,F3,B,B,correct,supported,confident,What material forms the outer shell of Wisp Lamp?,"Fictional lamp record: Wisp Lamp.
Each line names a value and the separate field it belongs to.
fiberglass: outer shell
rattan: display stand",Wisp Lamp has an outer shell made of fiberglass. I would give that answer without any further qualification.,21,2.8632988929748535,69,89,90,fiberglass,78,79,2.534401433303185,-1.6355218134326568,-5.225674419488504
v3-material-12,v3-material-12--B--answer-B--hedged,material,F3,B,B,correct,supported,hedged,What material forms the outer shell of Wisp Lamp?,"Fictional lamp record: Wisp Lamp.
Each line names a value and the separate field it belongs to.
fiberglass: outer shell
rattan: display stand","My answer, subject to revision, is that Wisp Lamp has an outer shell made of fiberglass.",20,2.8513400554656982,69,88,89,fiberglass,87,88,0.7426598664304757,-4.137704430575413,-6.231597469862208
v3-material-12,v3-material-12--B--answer-B--neutral,material,F3,B,B,correct,supported,neutral,What material forms the outer shell of Wisp Lamp?,"Fictional lamp record: Wisp Lamp.
Each line names a value and the separate field it belongs to.
fiberglass: outer shell
rattan: display stand",Wisp Lamp has an outer shell made of fiberglass.,11,1.2290977239608765,69,79,80,fiberglass,78,79,2.2105998048870226,-3.057476793901886,-6.100683812648693
v3-material-12,v3-material-12--omitted--answer-A--neutral,material,F3,omitted,A,,absent,neutral,What material forms the outer shell of Wisp Lamp?,"Fictional lamp record: Wisp Lamp.
Each line names a value and the separate field it belongs to.
fiberglass: display stand
rattan: packing sleeve",Wisp Lamp has an outer shell made of rattan.,12,1.5484504699707031,69,80,81,rattan,78,80,2.238582677674394,-3.3501690040302483,-6.224634115899354
v3-material-12,v3-material-12--omitted--answer-B--neutral,material,F3,omitted,B,,absent,neutral,What material forms the outer shell of Wisp Lamp?,"Fictional lamp record: Wisp Lamp.
Each line names a value and the separate field it belongs to.
fiberglass: display stand
rattan: packing sleeve",Wisp Lamp has an outer shell made of fiberglass.,11,1.2063313722610474,69,79,80,fiberglass,78,79,2.2110767887948635,-2.9961158987629593,-6.1715040547244095
