sample_id,run,source_id,source_dataset,source_split,answer_origin,model,question,context,reference_answers,sample_index,response_text,semantic_cluster,cluster_assignment_entropy,predictive_entropy,prompt_token_count,final_prompt_token_index,prompt_was_truncated,mean_token_logprob,sequence_logprob,token_count
run_b--56e200e4cd28a01900c67c18--sample-00,run_b,56e200e4cd28a01900c67c18,squad_v2,validation,sampled_model_generation,Qwen/Qwen2.5-0.5B-Instruct,In the most basic sense what did a Turing machine emulate?,"Before the actual research explicitly devoted to the complexity of algorithmic problems started off, numerous foundations were laid out by various researchers. Most influential among these was the definition of Turing machines by Alan Turing in 1936, which turned out to be a very robust and flexible simplification of a computer.","a computer
a computer
a computer",0,A Turing machine emulates an automatic calculating machine or logic processor,0,1.6094379124341005,2.3779050929394243,103,102,,-2.045221814458879,-24.542661773506552,12
run_b--56e200e4cd28a01900c67c18--sample-01,run_b,56e200e4cd28a01900c67c18,squad_v2,validation,sampled_model_generation,Qwen/Qwen2.5-0.5B-Instruct,In the most basic sense what did a Turing machine emulate?,"Before the actual research explicitly devoted to the complexity of algorithmic problems started off, numerous foundations were laid out by various researchers. Most influential among these was the definition of Turing machines by Alan Turing in 1936, which turned out to be a very robust and flexible simplification of a computer.","a computer
a computer
a computer",1,A Turing machine emulates an ordinary computer either by counting up,1,1.6094379124341005,2.3779050929394243,103,102,,-2.0671081507656104,-24.805297809187323,12
run_b--56e200e4cd28a01900c67c18--sample-02,run_b,56e200e4cd28a01900c67c18,squad_v2,validation,sampled_model_generation,Qwen/Qwen2.5-0.5B-Instruct,In the most basic sense what did a Turing machine emulate?,"Before the actual research explicitly devoted to the complexity of algorithmic problems started off, numerous foundations were laid out by various researchers. Most influential among these was the definition of Turing machines by Alan Turing in 1936, which turned out to be a very robust and flexible simplification of a computer.","a computer
a computer
a computer",2,A Turing machine emulates computation based on specific steps defined abstract,2,1.6094379124341005,2.3779050929394243,103,102,,-2.1371601107142246,-25.645921328570694,12
run_b--56e200e4cd28a01900c67c18--sample-03,run_b,56e200e4cd28a01900c67c18,squad_v2,validation,sampled_model_generation,Qwen/Qwen2.5-0.5B-Instruct,In the most basic sense what did a Turing machine emulate?,"Before the actual research explicitly devoted to the complexity of algorithmic problems started off, numerous foundations were laid out by various researchers. Most influential among these was the definition of Turing machines by Alan Turing in 1936, which turned out to be a very robust and flexible simplification of a computer.","a computer
a computer
a computer",3,A Turing machine emulates computations in everyday language and ordinary means,3,1.6094379124341005,2.3779050929394243,103,102,,-2.6714522927456223,-32.05742751294747,12
run_b--56e200e4cd28a01900c67c18--sample-04,run_b,56e200e4cd28a01900c67c18,squad_v2,validation,sampled_model_generation,Qwen/Qwen2.5-0.5B-Instruct,In the most basic sense what did a Turing machine emulate?,"Before the actual research explicitly devoted to the complexity of algorithmic problems started off, numerous foundations were laid out by various researchers. Most influential among these was the definition of Turing machines by Alan Turing in 1936, which turned out to be a very robust and flexible simplification of a computer.","a computer
a computer
a computer",4,A Turing machine emulates code execution across devices without instructions or,4,1.6094379124341005,2.3779050929394243,103,102,,-2.9685830960127837,-35.6229971521534,12
run_b--5733a45d4776f41900660f26--sample-00,run_b,5733a45d4776f41900660f26,squad_v2,validation,sampled_model_generation,Qwen/Qwen2.5-0.5B-Instruct,When is the oldest armed seal of Warsaw from?,"The mermaid (syrenka) is Warsaw's symbol and can be found on statues throughout the city and on the city's coat of arms. This imagery has been in use since at least the mid-14th century. The oldest existing armed seal of Warsaw is from the year 1390, consisting of a round seal bordered with the Latin inscription Sigilium Civitatis Varsoviensis (Seal of the city of Warsaw). City records as far back as 1609 document the use of a crude form of a sea monster with a female upper body and holding a sword in its claws. In 1653 the poet Zygmunt Laukowski asks the question:","1390
1390
1390",0,1390,0,1.3321790402101223,0.6147961559591446,185,184,,-1.23134020974976,-4.92536083899904,4
run_b--5733a45d4776f41900660f26--sample-01,run_b,5733a45d4776f41900660f26,squad_v2,validation,sampled_model_generation,Qwen/Qwen2.5-0.5B-Instruct,When is the oldest armed seal of Warsaw from?,"The mermaid (syrenka) is Warsaw's symbol and can be found on statues throughout the city and on the city's coat of arms. This imagery has been in use since at least the mid-14th century. The oldest existing armed seal of Warsaw is from the year 1390, consisting of a round seal bordered with the Latin inscription Sigilium Civitatis Varsoviensis (Seal of the city of Warsaw). City records as far back as 1609 document the use of a crude form of a sea monster with a female upper body and holding a sword in its claws. In 1653 the poet Zygmunt Laukowski asks the question:","1390
1390
1390",1,The oldest armed seal of Warsaw was inscribed Sigilium,1,1.3321790402101223,0.6147961559591446,185,184,,-0.7927508463678047,-9.513010156413657,12
run_b--5733a45d4776f41900660f26--sample-02,run_b,5733a45d4776f41900660f26,squad_v2,validation,sampled_model_generation,Qwen/Qwen2.5-0.5B-Instruct,When is the oldest armed seal of Warsaw from?,"The mermaid (syrenka) is Warsaw's symbol and can be found on statues throughout the city and on the city's coat of arms. This imagery has been in use since at least the mid-14th century. The oldest existing armed seal of Warsaw is from the year 1390, consisting of a round seal bordered with the Latin inscription Sigilium Civitatis Varsoviensis (Seal of the city of Warsaw). City records as far back as 1609 document the use of a crude form of a sea monster with a female upper body and holding a sword in its claws. In 1653 the poet Zygmunt Laukowski asks the question:","1390
1390
1390",2,The oldest armed seal of Warsaw dates back to 13,2,1.3321790402101223,0.6147961559591446,185,184,,-0.3024874203450357,-3.6298490441404283,12
run_b--5733a45d4776f41900660f26--sample-03,run_b,5733a45d4776f41900660f26,squad_v2,validation,sampled_model_generation,Qwen/Qwen2.5-0.5B-Instruct,When is the oldest armed seal of Warsaw from?,"The mermaid (syrenka) is Warsaw's symbol and can be found on statues throughout the city and on the city's coat of arms. This imagery has been in use since at least the mid-14th century. The oldest existing armed seal of Warsaw is from the year 1390, consisting of a round seal bordered with the Latin inscription Sigilium Civitatis Varsoviensis (Seal of the city of Warsaw). City records as far back as 1609 document the use of a crude form of a sea monster with a female upper body and holding a sword in its claws. In 1653 the poet Zygmunt Laukowski asks the question:","1390
1390
1390",3,The oldest armed seal of Warsaw dates back to around 1,3,1.3321790402101223,0.6147961559591446,185,184,,-0.35184173680803116,-4.222100841696374,12
run_b--5733a45d4776f41900660f26--sample-04,run_b,5733a45d4776f41900660f26,squad_v2,validation,sampled_model_generation,Qwen/Qwen2.5-0.5B-Instruct,When is the oldest armed seal of Warsaw from?,"The mermaid (syrenka) is Warsaw's symbol and can be found on statues throughout the city and on the city's coat of arms. This imagery has been in use since at least the mid-14th century. The oldest existing armed seal of Warsaw is from the year 1390, consisting of a round seal bordered with the Latin inscription Sigilium Civitatis Varsoviensis (Seal of the city of Warsaw). City records as far back as 1609 document the use of a crude form of a sea monster with a female upper body and holding a sword in its claws. In 1653 the poet Zygmunt Laukowski asks the question:","1390
1390
1390",4,The oldest existing armed seal of Warsaw was from 13,2,1.3321790402101223,0.6147961559591446,185,184,,-0.3955605665250914,-4.746726798301097,12
run_b--5706111a52bb89140068984f--sample-00,run_b,5706111a52bb89140068984f,squad_v2,validation,sampled_model_generation,Qwen/Qwen2.5-0.5B-Instruct,"A single line connects San Bernardino, Riverside and what other county?","Six of the seven lines of the commuter rail system, Metrolink, run out of Downtown Los Angeles, connecting Los Angeles, Ventura, San Bernardino, Riverside, Orange, and San Diego counties with the other line connecting San Bernardino, Riverside, and Orange counties directly.","Orange
Orange
Orange",0,It is not explicitly stated in the passage which other county the,0,1.3321790402101223,1.2955092352659752,97,96,,-1.5884210923686624,-19.06105310842395,12
run_b--5706111a52bb89140068984f--sample-01,run_b,5706111a52bb89140068984f,squad_v2,validation,sampled_model_generation,Qwen/Qwen2.5-0.5B-Instruct,"A single line connects San Bernardino, Riverside and what other county?","Six of the seven lines of the commuter rail system, Metrolink, run out of Downtown Los Angeles, connecting Los Angeles, Ventura, San Bernardino, Riverside, Orange, and San Diego counties with the other line connecting San Bernardino, Riverside, and Orange counties directly.","Orange
Orange
Orange",1,San Diego.,1,1.3321790402101223,1.2955092352659752,97,96,,-0.9376740561177334,-2.8130221683532,3
run_b--5706111a52bb89140068984f--sample-02,run_b,5706111a52bb89140068984f,squad_v2,validation,sampled_model_generation,Qwen/Qwen2.5-0.5B-Instruct,"A single line connects San Bernardino, Riverside and what other county?","Six of the seven lines of the commuter rail system, Metrolink, run out of Downtown Los Angeles, connecting Los Angeles, Ventura, San Bernardino, Riverside, Orange, and San Diego counties with the other line connecting San Bernardino, Riverside, and Orange counties directly.","Orange
Orange
Orange",2,San Diego County,1,1.3321790402101223,1.2955092352659752,97,96,,-0.9026360617329677,-2.707908185198903,3
run_b--5706111a52bb89140068984f--sample-03,run_b,5706111a52bb89140068984f,squad_v2,validation,sampled_model_generation,Qwen/Qwen2.5-0.5B-Instruct,"A single line connects San Bernardino, Riverside and what other county?","Six of the seven lines of the commuter rail system, Metrolink, run out of Downtown Los Angeles, connecting Los Angeles, Ventura, San Bernardino, Riverside, Orange, and San Diego counties with the other line connecting San Bernardino, Riverside, and Orange counties directly.","Orange
Orange
Orange",3,Riverside County,2,1.3321790402101223,1.2955092352659752,97,96,,-1.1539579171221703,-4.615831668488681,4
run_b--5706111a52bb89140068984f--sample-04,run_b,5706111a52bb89140068984f,squad_v2,validation,sampled_model_generation,Qwen/Qwen2.5-0.5B-Instruct,"A single line connects San Bernardino, Riverside and what other county?","Six of the seven lines of the commuter rail system, Metrolink, run out of Downtown Los Angeles, connecting Los Angeles, Ventura, San Bernardino, Riverside, Orange, and San Diego counties with the other line connecting San Bernardino, Riverside, and Orange counties directly.","Orange
Orange
Orange",4,Orange County,3,1.3321790402101223,1.2955092352659752,97,96,,-1.8948570489883423,-3.7897140979766846,2
run_b--57287b4a4b864d1900164a2c--sample-00,run_b,57287b4a4b864d1900164a2c,squad_v2,validation,sampled_model_generation,Qwen/Qwen2.5-0.5B-Instruct,How did some suspect that Polo learned about China instead of by actually visiting it?,"The first recorded travels by Europeans to China and back date from this time. The most famous traveler of the period was the Venetian Marco Polo, whose account of his trip to ""Cambaluc,"" the capital of the Great Khan, and of life there astounded the people of Europe. The account of his travels, Il milione (or, The Million, known in English as the Travels of Marco Polo), appeared about the year 1299. Some argue over the accuracy of Marco Polo's accounts due to the lack of mentioning the Great Wall of China, tea houses, which would have been a prominent sight since Europeans had yet to adopt a tea culture, as well the practice of foot binding by the women in capital of the Great Khan. Some suggest that Marco Polo acquired much of his knowledge through contact with Persian traders since many of the places he named were in Persian.","through contact with Persian traders
through contact with Persian traders
through contact with Persian traders",0,Some suspects that Polo learned about China because they saw palm trees,0,1.6094379124341005,2.9650367083920477,226,225,,-1.6505314564953248,-19.806377477943897,12
run_b--57287b4a4b864d1900164a2c--sample-01,run_b,57287b4a4b864d1900164a2c,squad_v2,validation,sampled_model_generation,Qwen/Qwen2.5-0.5B-Instruct,How did some suspect that Polo learned about China instead of by actually visiting it?,"The first recorded travels by Europeans to China and back date from this time. The most famous traveler of the period was the Venetian Marco Polo, whose account of his trip to ""Cambaluc,"" the capital of the Great Khan, and of life there astounded the people of Europe. The account of his travels, Il milione (or, The Million, known in English as the Travels of Marco Polo), appeared about the year 1299. Some argue over the accuracy of Marco Polo's accounts due to the lack of mentioning the Great Wall of China, tea houses, which would have been a prominent sight since Europeans had yet to adopt a tea culture, as well the practice of foot binding by the women in capital of the Great Khan. Some suggest that Marco Polo acquired much of his knowledge through contact with Persian traders since many of the places he named were in Persian.","through contact with Persian traders
through contact with Persian traders
through contact with Persian traders",1,The hypothesis is that almost all scholars use an extrapolation method,1,1.6094379124341005,2.9650367083920477,226,225,,-3.2945600437621274,-39.53472052514553,12
run_b--57287b4a4b864d1900164a2c--sample-02,run_b,57287b4a4b864d1900164a2c,squad_v2,validation,sampled_model_generation,Qwen/Qwen2.5-0.5B-Instruct,How did some suspect that Polo learned about China instead of by actually visiting it?,"The first recorded travels by Europeans to China and back date from this time. The most famous traveler of the period was the Venetian Marco Polo, whose account of his trip to ""Cambaluc,"" the capital of the Great Khan, and of life there astounded the people of Europe. The account of his travels, Il milione (or, The Million, known in English as the Travels of Marco Polo), appeared about the year 1299. Some argue over the accuracy of Marco Polo's accounts due to the lack of mentioning the Great Wall of China, tea houses, which would have been a prominent sight since Europeans had yet to adopt a tea culture, as well the practice of foot binding by the women in capital of the Great Khan. Some suggest that Marco Polo acquired much of his knowledge through contact with Persian traders since many of the places he named were in Persian.","through contact with Persian traders
through contact with Persian traders
through contact with Persian traders",2,The controversy surrounds Polo selecting his travel路线途径依据决定目的地,2,1.6094379124341005,2.9650367083920477,226,225,,-5.446064392725627,-65.35277271270752,12
run_b--57287b4a4b864d1900164a2c--sample-03,run_b,57287b4a4b864d1900164a2c,squad_v2,validation,sampled_model_generation,Qwen/Qwen2.5-0.5B-Instruct,How did some suspect that Polo learned about China instead of by actually visiting it?,"The first recorded travels by Europeans to China and back date from this time. The most famous traveler of the period was the Venetian Marco Polo, whose account of his trip to ""Cambaluc,"" the capital of the Great Khan, and of life there astounded the people of Europe. The account of his travels, Il milione (or, The Million, known in English as the Travels of Marco Polo), appeared about the year 1299. Some argue over the accuracy of Marco Polo's accounts due to the lack of mentioning the Great Wall of China, tea houses, which would have been a prominent sight since Europeans had yet to adopt a tea culture, as well the practice of foot binding by the women in capital of the Great Khan. Some suggest that Marco Polo acquired much of his knowledge through contact with Persian traders since many of the places he named were in Persian.","through contact with Persian traders
through contact with Persian traders
through contact with Persian traders",3,Some speculated that Polo learned more about Chinese geography based on appearances,3,1.6094379124341005,2.9650367083920477,226,225,,-2.1624849691482573,-25.949819629779086,12
run_b--57287b4a4b864d1900164a2c--sample-04,run_b,57287b4a4b864d1900164a2c,squad_v2,validation,sampled_model_generation,Qwen/Qwen2.5-0.5B-Instruct,How did some suspect that Polo learned about China instead of by actually visiting it?,"The first recorded travels by Europeans to China and back date from this time. The most famous traveler of the period was the Venetian Marco Polo, whose account of his trip to ""Cambaluc,"" the capital of the Great Khan, and of life there astounded the people of Europe. The account of his travels, Il milione (or, The Million, known in English as the Travels of Marco Polo), appeared about the year 1299. Some argue over the accuracy of Marco Polo's accounts due to the lack of mentioning the Great Wall of China, tea houses, which would have been a prominent sight since Europeans had yet to adopt a tea culture, as well the practice of foot binding by the women in capital of the Great Khan. Some suggest that Marco Polo acquired much of his knowledge through contact with Persian traders since many of the places he named were in Persian.","through contact with Persian traders
through contact with Persian traders
through contact with Persian traders",4,Historians speculate that anecdotal evidence suggests Polo may not have,4,1.6094379124341005,2.9650367083920477,226,225,,-2.2715426798289022,-27.258512157946825,12
run_b--571156152419e3140095559c--sample-00,run_b,571156152419e3140095559c,squad_v2,validation,sampled_model_generation,Qwen/Qwen2.5-0.5B-Instruct,Who invented the notion of a steam engine's duty?,"The historical measure of a steam engine's energy efficiency was its ""duty"". The concept of duty was first introduced by Watt in order to illustrate how much more efficient his engines were over the earlier Newcomen designs. Duty is the number of foot-pounds of work delivered by burning one bushel (94 pounds) of coal. The best examples of Newcomen designs had a duty of about 7 million, but most were closer to 5 million. Watt's original low-pressure designs were able to deliver duty as high as 25 million, but averaged about 17. This was a three-fold improvement over the average Newcomen design. Early Watt engines equipped with high-pressure steam improved this to 65 million.","Watt
Watt
Watt",0,Watt invented the notion of a steam engine's duty.,0,1.3321790402101223,1.5354324289646077,191,190,,-0.06521898007000952,-0.7826277608401142,12
run_b--571156152419e3140095559c--sample-01,run_b,571156152419e3140095559c,squad_v2,validation,sampled_model_generation,Qwen/Qwen2.5-0.5B-Instruct,Who invented the notion of a steam engine's duty?,"The historical measure of a steam engine's energy efficiency was its ""duty"". The concept of duty was first introduced by Watt in order to illustrate how much more efficient his engines were over the earlier Newcomen designs. Duty is the number of foot-pounds of work delivered by burning one bushel (94 pounds) of coal. The best examples of Newcomen designs had a duty of about 7 million, but most were closer to 5 million. Watt's original low-pressure designs were able to deliver duty as high as 25 million, but averaged about 17. This was a three-fold improvement over the average Newcomen design. Early Watt engines equipped with high-pressure steam improved this to 65 million.","Watt
Watt
Watt",1,The engineer who invented the notion of a steam engine's duty,1,1.3321790402101223,1.5354324289646077,191,190,,-0.6676634778220129,-8.011961733864155,12
run_b--571156152419e3140095559c--sample-02,run_b,571156152419e3140095559c,squad_v2,validation,sampled_model_generation,Qwen/Qwen2.5-0.5B-Instruct,Who invented the notion of a steam engine's duty?,"The historical measure of a steam engine's energy efficiency was its ""duty"". The concept of duty was first introduced by Watt in order to illustrate how much more efficient his engines were over the earlier Newcomen designs. Duty is the number of foot-pounds of work delivered by burning one bushel (94 pounds) of coal. The best examples of Newcomen designs had a duty of about 7 million, but most were closer to 5 million. Watt's original low-pressure designs were able to deliver duty as high as 25 million, but averaged about 17. This was a three-fold improvement over the average Newcomen design. Early Watt engines equipped with high-pressure steam improved this to 65 million.","Watt
Watt
Watt",2,Watt invented the metric system which laid the basis for modern,2,1.3321790402101223,1.5354324289646077,191,190,,-2.3023965769680217,-27.62875892361626,12
run_b--571156152419e3140095559c--sample-03,run_b,571156152419e3140095559c,squad_v2,validation,sampled_model_generation,Qwen/Qwen2.5-0.5B-Instruct,Who invented the notion of a steam engine's duty?,"The historical measure of a steam engine's energy efficiency was its ""duty"". The concept of duty was first introduced by Watt in order to illustrate how much more efficient his engines were over the earlier Newcomen designs. Duty is the number of foot-pounds of work delivered by burning one bushel (94 pounds) of coal. The best examples of Newcomen designs had a duty of about 7 million, but most were closer to 5 million. Watt's original low-pressure designs were able to deliver duty as high as 25 million, but averaged about 17. This was a three-fold improvement over the average Newcomen design. Early Watt engines equipped with high-pressure steam improved this to 65 million.","Watt
Watt
Watt",3,Newcomb Junior,3,1.3321790402101223,1.5354324289646077,191,190,,-4.576664129892985,-13.729992389678955,3
run_b--571156152419e3140095559c--sample-04,run_b,571156152419e3140095559c,squad_v2,validation,sampled_model_generation,Qwen/Qwen2.5-0.5B-Instruct,Who invented the notion of a steam engine's duty?,"The historical measure of a steam engine's energy efficiency was its ""duty"". The concept of duty was first introduced by Watt in order to illustrate how much more efficient his engines were over the earlier Newcomen designs. Duty is the number of foot-pounds of work delivered by burning one bushel (94 pounds) of coal. The best examples of Newcomen designs had a duty of about 7 million, but most were closer to 5 million. Watt's original low-pressure designs were able to deliver duty as high as 25 million, but averaged about 17. This was a three-fold improvement over the average Newcomen design. Early Watt engines equipped with high-pressure steam improved this to 65 million.","Watt
Watt
Watt",4,Watt invented the notion of a steam engine's duty.,0,1.3321790402101223,1.5354324289646077,191,190,,-0.06521898007000952,-0.7826277608401142,12
run_b--5710eca0a58dae1900cd6b3c--sample-00,run_b,5710eca0a58dae1900cd6b3c,squad_v2,validation,sampled_model_generation,Qwen/Qwen2.5-0.5B-Instruct,What town was actually granted to the Huguenots on arrival?,"In 1700 several hundred French Huguenots migrated from England to the colony of Virginia, where the English Crown had promised them land grants in Lower Norfolk County. When they arrived, colonial authorities offered them instead land 20 miles above the falls of the James River, at the abandoned Monacan village known as Manakin Town, now in Powhatan County. Some settlers landed in present-day Chesterfield County. On 12 May 1705, the Virginia General Assembly passed an act to naturalise the 148 Huguenots still resident at Manakintown. Of the original 390 settlers in the isolated settlement, many had died; others lived outside town on farms in the English style; and others moved to different areas. Gradually they intermarried with their English neighbors. Through the 18th and 19th centuries, descendants of the French migrated west into the Piedmont, and across the Appalachian Mountains into the West of what became Kentucky, Tennessee, Missouri, and other states. In the Manakintown area, the Huguenot Memorial Bridge across the James River and Huguenot Road were named in their honor, as were many local features, including several schools, including Huguenot High School.","Manakin Town
Manakin Town
Manakin Town",0,Manakintown was claimed on arrival.,0,1.3321790402101223,0.9732609130395738,309,308,,-1.44933133204985,-13.04398198844865,9
run_b--5710eca0a58dae1900cd6b3c--sample-01,run_b,5710eca0a58dae1900cd6b3c,squad_v2,validation,sampled_model_generation,Qwen/Qwen2.5-0.5B-Instruct,What town was actually granted to the Huguenots on arrival?,"In 1700 several hundred French Huguenots migrated from England to the colony of Virginia, where the English Crown had promised them land grants in Lower Norfolk County. When they arrived, colonial authorities offered them instead land 20 miles above the falls of the James River, at the abandoned Monacan village known as Manakin Town, now in Powhatan County. Some settlers landed in present-day Chesterfield County. On 12 May 1705, the Virginia General Assembly passed an act to naturalise the 148 Huguenots still resident at Manakintown. Of the original 390 settlers in the isolated settlement, many had died; others lived outside town on farms in the English style; and others moved to different areas. Gradually they intermarried with their English neighbors. Through the 18th and 19th centuries, descendants of the French migrated west into the Piedmont, and across the Appalachian Mountains into the West of what became Kentucky, Tennessee, Missouri, and other states. In the Manakintown area, the Huguenot Memorial Bridge across the James River and Huguenot Road were named in their honor, as were many local features, including several schools, including Huguenot High School.","Manakin Town
Manakin Town
Manakin Town",1,Manakin Town,0,1.3321790402101223,0.9732609130395738,309,308,,-0.7253800357381502,-2.176140107214451,3
run_b--5710eca0a58dae1900cd6b3c--sample-02,run_b,5710eca0a58dae1900cd6b3c,squad_v2,validation,sampled_model_generation,Qwen/Qwen2.5-0.5B-Instruct,What town was actually granted to the Huguenots on arrival?,"In 1700 several hundred French Huguenots migrated from England to the colony of Virginia, where the English Crown had promised them land grants in Lower Norfolk County. When they arrived, colonial authorities offered them instead land 20 miles above the falls of the James River, at the abandoned Monacan village known as Manakin Town, now in Powhatan County. Some settlers landed in present-day Chesterfield County. On 12 May 1705, the Virginia General Assembly passed an act to naturalise the 148 Huguenots still resident at Manakintown. Of the original 390 settlers in the isolated settlement, many had died; others lived outside town on farms in the English style; and others moved to different areas. Gradually they intermarried with their English neighbors. Through the 18th and 19th centuries, descendants of the French migrated west into the Piedmont, and across the Appalachian Mountains into the West of what became Kentucky, Tennessee, Missouri, and other states. In the Manakintown area, the Huguenot Memorial Bridge across the James River and Huguenot Road were named in their honor, as were many local features, including several schools, including Huguenot High School.","Manakin Town
Manakin Town
Manakin Town",2,"Manakin Town, now in Powhatan County",1,1.3321790402101223,0.9732609130395738,309,308,,-0.6623970104497857,-6.623970104497857,10
run_b--5710eca0a58dae1900cd6b3c--sample-03,run_b,5710eca0a58dae1900cd6b3c,squad_v2,validation,sampled_model_generation,Qwen/Qwen2.5-0.5B-Instruct,What town was actually granted to the Huguenots on arrival?,"In 1700 several hundred French Huguenots migrated from England to the colony of Virginia, where the English Crown had promised them land grants in Lower Norfolk County. When they arrived, colonial authorities offered them instead land 20 miles above the falls of the James River, at the abandoned Monacan village known as Manakin Town, now in Powhatan County. Some settlers landed in present-day Chesterfield County. On 12 May 1705, the Virginia General Assembly passed an act to naturalise the 148 Huguenots still resident at Manakintown. Of the original 390 settlers in the isolated settlement, many had died; others lived outside town on farms in the English style; and others moved to different areas. Gradually they intermarried with their English neighbors. Through the 18th and 19th centuries, descendants of the French migrated west into the Piedmont, and across the Appalachian Mountains into the West of what became Kentucky, Tennessee, Missouri, and other states. In the Manakintown area, the Huguenot Memorial Bridge across the James River and Huguenot Road were named in their honor, as were many local features, including several schools, including Huguenot High School.","Manakin Town
Manakin Town
Manakin Town",3,"On arrival, colonial authorities offered them land 20 miles",2,1.3321790402101223,0.9732609130395738,309,308,,-0.26429540512496413,-3.1715448614995694,12
run_b--5710eca0a58dae1900cd6b3c--sample-04,run_b,5710eca0a58dae1900cd6b3c,squad_v2,validation,sampled_model_generation,Qwen/Qwen2.5-0.5B-Instruct,What town was actually granted to the Huguenots on arrival?,"In 1700 several hundred French Huguenots migrated from England to the colony of Virginia, where the English Crown had promised them land grants in Lower Norfolk County. When they arrived, colonial authorities offered them instead land 20 miles above the falls of the James River, at the abandoned Monacan village known as Manakin Town, now in Powhatan County. Some settlers landed in present-day Chesterfield County. On 12 May 1705, the Virginia General Assembly passed an act to naturalise the 148 Huguenots still resident at Manakintown. Of the original 390 settlers in the isolated settlement, many had died; others lived outside town on farms in the English style; and others moved to different areas. Gradually they intermarried with their English neighbors. Through the 18th and 19th centuries, descendants of the French migrated west into the Piedmont, and across the Appalachian Mountains into the West of what became Kentucky, Tennessee, Missouri, and other states. In the Manakintown area, the Huguenot Memorial Bridge across the James River and Huguenot Road were named in their honor, as were many local features, including several schools, including Huguenot High School.","Manakin Town
Manakin Town
Manakin Town",4,"On arrival, colonial authorities offered them again land above the Fall",3,1.3321790402101223,0.9732609130395738,309,308,,-1.764900781835119,-21.178809382021427,12
run_b--571cd11add7acb1400e4c171--sample-00,run_b,571cd11add7acb1400e4c171,squad_v2,validation,sampled_model_generation,Qwen/Qwen2.5-0.5B-Instruct,What type of exercise does research show receives a boost in performance from oxygen?,"Oxygen, as a supposed mild euphoric, has a history of recreational use in oxygen bars and in sports. Oxygen bars are establishments, found in Japan, California, and Las Vegas, Nevada since the late 1990s that offer higher than normal O
2 exposure for a fee. Professional athletes, especially in American football, also sometimes go off field between plays to wear oxygen masks in order to get a ""boost"" in performance. The pharmacological effect is doubtful; a placebo effect is a more likely explanation. Available studies support a performance boost from enriched O
2 mixtures only if they are breathed during aerobic exercise.","aerobic
aerobic
aerobic
aerobic
aerobic exercise",0,Aerobic exercise.,0,0.9502705392332347,1.4163324304086078,174,173,,-0.4617655141861178,-2.308827570930589,5
run_b--571cd11add7acb1400e4c171--sample-01,run_b,571cd11add7acb1400e4c171,squad_v2,validation,sampled_model_generation,Qwen/Qwen2.5-0.5B-Instruct,What type of exercise does research show receives a boost in performance from oxygen?,"Oxygen, as a supposed mild euphoric, has a history of recreational use in oxygen bars and in sports. Oxygen bars are establishments, found in Japan, California, and Las Vegas, Nevada since the late 1990s that offer higher than normal O
2 exposure for a fee. Professional athletes, especially in American football, also sometimes go off field between plays to wear oxygen masks in order to get a ""boost"" in performance. The pharmacological effect is doubtful; a placebo effect is a more likely explanation. Available studies support a performance boost from enriched O
2 mixtures only if they are breathed during aerobic exercise.","aerobic
aerobic
aerobic
aerobic
aerobic exercise",1,Aerobic exercise,0,0.9502705392332347,1.4163324304086078,174,173,,-0.37823132968333084,-1.5129253187333234,4
run_b--571cd11add7acb1400e4c171--sample-02,run_b,571cd11add7acb1400e4c171,squad_v2,validation,sampled_model_generation,Qwen/Qwen2.5-0.5B-Instruct,What type of exercise does research show receives a boost in performance from oxygen?,"Oxygen, as a supposed mild euphoric, has a history of recreational use in oxygen bars and in sports. Oxygen bars are establishments, found in Japan, California, and Las Vegas, Nevada since the late 1990s that offer higher than normal O
2 exposure for a fee. Professional athletes, especially in American football, also sometimes go off field between plays to wear oxygen masks in order to get a ""boost"" in performance. The pharmacological effect is doubtful; a placebo effect is a more likely explanation. Available studies support a performance boost from enriched O
2 mixtures only if they are breathed during aerobic exercise.","aerobic
aerobic
aerobic
aerobic
aerobic exercise",2,Professional American football players tend to have improvements in running performance when,1,0.9502705392332347,1.4163324304086078,174,173,,-2.384457226842642,-28.613486722111702,12
run_b--571cd11add7acb1400e4c171--sample-03,run_b,571cd11add7acb1400e4c171,squad_v2,validation,sampled_model_generation,Qwen/Qwen2.5-0.5B-Instruct,What type of exercise does research show receives a boost in performance from oxygen?,"Oxygen, as a supposed mild euphoric, has a history of recreational use in oxygen bars and in sports. Oxygen bars are establishments, found in Japan, California, and Las Vegas, Nevada since the late 1990s that offer higher than normal O
2 exposure for a fee. Professional athletes, especially in American football, also sometimes go off field between plays to wear oxygen masks in order to get a ""boost"" in performance. The pharmacological effect is doubtful; a placebo effect is a more likely explanation. Available studies support a performance boost from enriched O
2 mixtures only if they are breathed during aerobic exercise.","aerobic
aerobic
aerobic
aerobic
aerobic exercise",3,Professional American football players regularly benefit from full-fledged research-based,2,0.9502705392332347,1.4163324304086078,174,173,,-3.395442567144831,-40.74531080573797,12
run_b--571cd11add7acb1400e4c171--sample-04,run_b,571cd11add7acb1400e4c171,squad_v2,validation,sampled_model_generation,Qwen/Qwen2.5-0.5B-Instruct,What type of exercise does research show receives a boost in performance from oxygen?,"Oxygen, as a supposed mild euphoric, has a history of recreational use in oxygen bars and in sports. Oxygen bars are establishments, found in Japan, California, and Las Vegas, Nevada since the late 1990s that offer higher than normal O
2 exposure for a fee. Professional athletes, especially in American football, also sometimes go off field between plays to wear oxygen masks in order to get a ""boost"" in performance. The pharmacological effect is doubtful; a placebo effect is a more likely explanation. Available studies support a performance boost from enriched O
2 mixtures only if they are breathed during aerobic exercise.","aerobic
aerobic
aerobic
aerobic
aerobic exercise",4,Aerobic exercise.,0,0.9502705392332347,1.4163324304086078,174,173,,-0.4617655141861178,-2.308827570930589,5
run_b--5725f190ec44d21400f3d770--sample-00,run_b,5725f190ec44d21400f3d770,squad_v2,validation,sampled_model_generation,Qwen/Qwen2.5-0.5B-Instruct,On which corner is the shopping center located?,"While many homes in the neighborhood date back to the 1930s or before, the neighborhood is also home to several public housing developments built between the 1960s and 1990s by the Fresno Housing Authority. The US Department of Housing and Urban Development has also built small subdivisions of single-family homes in the area for purchase by low-income working families. There have been numerous attempts to revitalize the neighborhood, including the construction of a modern shopping center on the corner of Fresno and B streets, an aborted attempt to build luxury homes and a golf course on the western edge of the neighborhood, and some new section 8 apartments have been built along Church Ave west of Elm St. Cargill Meat Solutions and Foster Farms both have large processing facilities in the neighborhood, and the stench from these (and other small industrial facilities) has long plagued area residents. The Fresno Chandler Executive Airport is also on the West Side. Due to its position on the edge of the city and years of neglect by developers, is not a true ""inner-city"" neighborhood, and there are many vacant lots, strawberry fields and vineyards throughout the neighborhood. The neighborhood has very little retail activity, aside from the area near Fresno Street and State Route 99 Freeway (Kearney Palm Shopping Center, built in the late 1990s) and small corner markets scattered throughout.","Fresno and B streets
Fresno and B streets
Fresno and B streets",0,On the corner of Fresno and B Streets,0,-0.0,0.3315724876796594,323,322,,-0.3235889581264928,-2.5887116650119424,8
run_b--5725f190ec44d21400f3d770--sample-01,run_b,5725f190ec44d21400f3d770,squad_v2,validation,sampled_model_generation,Qwen/Qwen2.5-0.5B-Instruct,On which corner is the shopping center located?,"While many homes in the neighborhood date back to the 1930s or before, the neighborhood is also home to several public housing developments built between the 1960s and 1990s by the Fresno Housing Authority. The US Department of Housing and Urban Development has also built small subdivisions of single-family homes in the area for purchase by low-income working families. There have been numerous attempts to revitalize the neighborhood, including the construction of a modern shopping center on the corner of Fresno and B streets, an aborted attempt to build luxury homes and a golf course on the western edge of the neighborhood, and some new section 8 apartments have been built along Church Ave west of Elm St. Cargill Meat Solutions and Foster Farms both have large processing facilities in the neighborhood, and the stench from these (and other small industrial facilities) has long plagued area residents. The Fresno Chandler Executive Airport is also on the West Side. Due to its position on the edge of the city and years of neglect by developers, is not a true ""inner-city"" neighborhood, and there are many vacant lots, strawberry fields and vineyards throughout the neighborhood. The neighborhood has very little retail activity, aside from the area near Fresno Street and State Route 99 Freeway (Kearney Palm Shopping Center, built in the late 1990s) and small corner markets scattered throughout.","Fresno and B streets
Fresno and B streets
Fresno and B streets",1,"The shopping center, located on the corner of Fresno and B",0,-0.0,0.3315724876796594,323,322,,-0.5590990266452233,-6.70918831974268,12
run_b--5725f190ec44d21400f3d770--sample-02,run_b,5725f190ec44d21400f3d770,squad_v2,validation,sampled_model_generation,Qwen/Qwen2.5-0.5B-Instruct,On which corner is the shopping center located?,"While many homes in the neighborhood date back to the 1930s or before, the neighborhood is also home to several public housing developments built between the 1960s and 1990s by the Fresno Housing Authority. The US Department of Housing and Urban Development has also built small subdivisions of single-family homes in the area for purchase by low-income working families. There have been numerous attempts to revitalize the neighborhood, including the construction of a modern shopping center on the corner of Fresno and B streets, an aborted attempt to build luxury homes and a golf course on the western edge of the neighborhood, and some new section 8 apartments have been built along Church Ave west of Elm St. Cargill Meat Solutions and Foster Farms both have large processing facilities in the neighborhood, and the stench from these (and other small industrial facilities) has long plagued area residents. The Fresno Chandler Executive Airport is also on the West Side. Due to its position on the edge of the city and years of neglect by developers, is not a true ""inner-city"" neighborhood, and there are many vacant lots, strawberry fields and vineyards throughout the neighborhood. The neighborhood has very little retail activity, aside from the area near Fresno Street and State Route 99 Freeway (Kearney Palm Shopping Center, built in the late 1990s) and small corner markets scattered throughout.","Fresno and B streets
Fresno and B streets
Fresno and B streets",2,The shopping center is located on the corner of Fresno and B,0,-0.0,0.3315724876796594,323,322,,-0.1038047029627099,-1.2456564355525188,12
run_b--5725f190ec44d21400f3d770--sample-03,run_b,5725f190ec44d21400f3d770,squad_v2,validation,sampled_model_generation,Qwen/Qwen2.5-0.5B-Instruct,On which corner is the shopping center located?,"While many homes in the neighborhood date back to the 1930s or before, the neighborhood is also home to several public housing developments built between the 1960s and 1990s by the Fresno Housing Authority. The US Department of Housing and Urban Development has also built small subdivisions of single-family homes in the area for purchase by low-income working families. There have been numerous attempts to revitalize the neighborhood, including the construction of a modern shopping center on the corner of Fresno and B streets, an aborted attempt to build luxury homes and a golf course on the western edge of the neighborhood, and some new section 8 apartments have been built along Church Ave west of Elm St. Cargill Meat Solutions and Foster Farms both have large processing facilities in the neighborhood, and the stench from these (and other small industrial facilities) has long plagued area residents. The Fresno Chandler Executive Airport is also on the West Side. Due to its position on the edge of the city and years of neglect by developers, is not a true ""inner-city"" neighborhood, and there are many vacant lots, strawberry fields and vineyards throughout the neighborhood. The neighborhood has very little retail activity, aside from the area near Fresno Street and State Route 99 Freeway (Kearney Palm Shopping Center, built in the late 1990s) and small corner markets scattered throughout.","Fresno and B streets
Fresno and B streets
Fresno and B streets",3,On the corner of Fresno and B streets.,0,-0.0,0.3315724876796594,323,322,,-0.4781941060597698,-4.303746954537928,9
run_b--5725f190ec44d21400f3d770--sample-04,run_b,5725f190ec44d21400f3d770,squad_v2,validation,sampled_model_generation,Qwen/Qwen2.5-0.5B-Instruct,On which corner is the shopping center located?,"While many homes in the neighborhood date back to the 1930s or before, the neighborhood is also home to several public housing developments built between the 1960s and 1990s by the Fresno Housing Authority. The US Department of Housing and Urban Development has also built small subdivisions of single-family homes in the area for purchase by low-income working families. There have been numerous attempts to revitalize the neighborhood, including the construction of a modern shopping center on the corner of Fresno and B streets, an aborted attempt to build luxury homes and a golf course on the western edge of the neighborhood, and some new section 8 apartments have been built along Church Ave west of Elm St. Cargill Meat Solutions and Foster Farms both have large processing facilities in the neighborhood, and the stench from these (and other small industrial facilities) has long plagued area residents. The Fresno Chandler Executive Airport is also on the West Side. Due to its position on the edge of the city and years of neglect by developers, is not a true ""inner-city"" neighborhood, and there are many vacant lots, strawberry fields and vineyards throughout the neighborhood. The neighborhood has very little retail activity, aside from the area near Fresno Street and State Route 99 Freeway (Kearney Palm Shopping Center, built in the late 1990s) and small corner markets scattered throughout.","Fresno and B streets
Fresno and B streets
Fresno and B streets",4,The shopping center is located at the corner of Fresno and B,0,-0.0,0.3315724876796594,323,322,,-0.19317564460410117,-2.318107735249214,12
run_b--57265aaf5951b619008f706d--sample-00,run_b,57265aaf5951b619008f706d,squad_v2,validation,sampled_model_generation,Qwen/Qwen2.5-0.5B-Instruct,How many auricles do most species have?,"The Lobata have a pair of lobes, which are muscular, cuplike extensions of the body that project beyond the mouth. Their inconspicuous tentacles originate from the corners of the mouth, running in convoluted grooves and spreading out over the inner surface of the lobes (rather than trailing far behind, as in the Cydippida). Between the lobes on either side of the mouth, many species of lobates have four auricles, gelatinous projections edged with cilia that produce water currents that help direct microscopic prey toward the mouth. This combination of structures enables lobates to feed continuously on suspended planktonic prey.","four
four
four",0,Most lobates have 4 auricles.,0,0.9502705392332347,1.193341745756863,172,171,,-0.37211224157363176,-3.349010174162686,9
run_b--57265aaf5951b619008f706d--sample-01,run_b,57265aaf5951b619008f706d,squad_v2,validation,sampled_model_generation,Qwen/Qwen2.5-0.5B-Instruct,How many auricles do most species have?,"The Lobata have a pair of lobes, which are muscular, cuplike extensions of the body that project beyond the mouth. Their inconspicuous tentacles originate from the corners of the mouth, running in convoluted grooves and spreading out over the inner surface of the lobes (rather than trailing far behind, as in the Cydippida). Between the lobes on either side of the mouth, many species of lobates have four auricles, gelatinous projections edged with cilia that produce water currents that help direct microscopic prey toward the mouth. This combination of structures enables lobates to feed continuously on suspended planktonic prey.","four
four
four",1,"Based on the information provided, 4 auricles are mentioned",1,0.9502705392332347,1.193341745756863,172,171,,-1.0489059795315068,-12.58687175437808,12
run_b--57265aaf5951b619008f706d--sample-02,run_b,57265aaf5951b619008f706d,squad_v2,validation,sampled_model_generation,Qwen/Qwen2.5-0.5B-Instruct,How many auricles do most species have?,"The Lobata have a pair of lobes, which are muscular, cuplike extensions of the body that project beyond the mouth. Their inconspicuous tentacles originate from the corners of the mouth, running in convoluted grooves and spreading out over the inner surface of the lobes (rather than trailing far behind, as in the Cydippida). Between the lobes on either side of the mouth, many species of lobates have four auricles, gelatinous projections edged with cilia that produce water currents that help direct microscopic prey toward the mouth. This combination of structures enables lobates to feed continuously on suspended planktonic prey.","four
four
four",2,The lionopus atnd most species have four auricles.,2,0.9502705392332347,1.193341745756863,172,171,,-3.3381688486163816,-40.05802618339658,12
run_b--57265aaf5951b619008f706d--sample-03,run_b,57265aaf5951b619008f706d,squad_v2,validation,sampled_model_generation,Qwen/Qwen2.5-0.5B-Instruct,How many auricles do most species have?,"The Lobata have a pair of lobes, which are muscular, cuplike extensions of the body that project beyond the mouth. Their inconspicuous tentacles originate from the corners of the mouth, running in convoluted grooves and spreading out over the inner surface of the lobes (rather than trailing far behind, as in the Cydippida). Between the lobes on either side of the mouth, many species of lobates have four auricles, gelatinous projections edged with cilia that produce water currents that help direct microscopic prey toward the mouth. This combination of structures enables lobates to feed continuously on suspended planktonic prey.","four
four
four",3,Most species of lobates have four auricles.,0,0.9502705392332347,1.193341745756863,172,171,,-0.19271622598171234,-1.9271622598171234,10
run_b--57265aaf5951b619008f706d--sample-04,run_b,57265aaf5951b619008f706d,squad_v2,validation,sampled_model_generation,Qwen/Qwen2.5-0.5B-Instruct,How many auricles do most species have?,"The Lobata have a pair of lobes, which are muscular, cuplike extensions of the body that project beyond the mouth. Their inconspicuous tentacles originate from the corners of the mouth, running in convoluted grooves and spreading out over the inner surface of the lobes (rather than trailing far behind, as in the Cydippida). Between the lobes on either side of the mouth, many species of lobates have four auricles, gelatinous projections edged with cilia that produce water currents that help direct microscopic prey toward the mouth. This combination of structures enables lobates to feed continuously on suspended planktonic prey.","four
four
four",4,Most species of lobates feature 4 auricles.,0,0.9502705392332347,1.193341745756863,172,171,,-1.014805433081082,-11.162859763891902,11
run_b--5726ddf6f1498d1400e8ee07--sample-00,run_b,5726ddf6f1498d1400e8ee07,squad_v2,validation,sampled_model_generation,Qwen/Qwen2.5-0.5B-Instruct,Which two compounds did Al-Muwaffaq differentiate between?,"The advances made in the Middle East in botany and chemistry led medicine in medieval Islam substantially to develop pharmacology. Muhammad ibn Zakarīya Rāzi (Rhazes) (865–915), for instance, acted to promote the medical uses of chemical compounds. Abu al-Qasim al-Zahrawi (Abulcasis) (936–1013) pioneered the preparation of medicines by sublimation and distillation. His Liber servitoris is of particular interest, as it provides the reader with recipes and explains how to prepare the `simples’ from which were compounded the complex drugs then generally used. Sabur Ibn Sahl (d 869), was, however, the first physician to initiate pharmacopoedia, describing a large variety of drugs and remedies for ailments. Al-Biruni (973–1050) wrote one of the most valuable Islamic works on pharmacology, entitled Kitab al-Saydalah (The Book of Drugs), in which he detailed the properties of drugs and outlined the role of pharmacy and the functions and duties of the pharmacist. Avicenna, too, described no less than 700 preparations, their properties, modes of action, and their indications. He devoted in fact a whole volume to simple drugs in The Canon of Medicine. Of great impact were also the works by al-Maridini of Baghdad and Cairo, and Ibn al-Wafid (1008–1074), both of which were printed in Latin more than fifty times, appearing as De Medicinis universalibus et particularibus by 'Mesue' the younger, and the Medicamentis simplicibus by 'Abenguefit'. Peter of Abano (1250–1316) translated and added a supplement to the work of al-Maridini under the title De Veneris. Al-Muwaffaq’s contributions in the field are also pioneering. Living in the 10th century, he wrote The foundations of the true properties of Remedies, amongst others describing arsenious oxide, and being acquainted with silicic acid. He made clear distinction between sodium carbonate and potassium carbonate, and drew attention to the poisonous nature of copper compounds, especially copper vitriol, and also lead compounds. He also describes the distillation of sea-water for drinking.[verification needed]","sodium carbonate and potassium carbonate
sodium carbonate and potassium carbonate
sodium carbonate and potassium carbonate",0,Al-Muwaffaq differentiated between sodium carbonate and potassium carbonate,0,1.3321790402101223,0.9588147784602674,533,532,,-0.0910823675027738,-1.0929884100332856,12
run_b--5726ddf6f1498d1400e8ee07--sample-01,run_b,5726ddf6f1498d1400e8ee07,squad_v2,validation,sampled_model_generation,Qwen/Qwen2.5-0.5B-Instruct,Which two compounds did Al-Muwaffaq differentiate between?,"The advances made in the Middle East in botany and chemistry led medicine in medieval Islam substantially to develop pharmacology. Muhammad ibn Zakarīya Rāzi (Rhazes) (865–915), for instance, acted to promote the medical uses of chemical compounds. Abu al-Qasim al-Zahrawi (Abulcasis) (936–1013) pioneered the preparation of medicines by sublimation and distillation. His Liber servitoris is of particular interest, as it provides the reader with recipes and explains how to prepare the `simples’ from which were compounded the complex drugs then generally used. Sabur Ibn Sahl (d 869), was, however, the first physician to initiate pharmacopoedia, describing a large variety of drugs and remedies for ailments. Al-Biruni (973–1050) wrote one of the most valuable Islamic works on pharmacology, entitled Kitab al-Saydalah (The Book of Drugs), in which he detailed the properties of drugs and outlined the role of pharmacy and the functions and duties of the pharmacist. Avicenna, too, described no less than 700 preparations, their properties, modes of action, and their indications. He devoted in fact a whole volume to simple drugs in The Canon of Medicine. Of great impact were also the works by al-Maridini of Baghdad and Cairo, and Ibn al-Wafid (1008–1074), both of which were printed in Latin more than fifty times, appearing as De Medicinis universalibus et particularibus by 'Mesue' the younger, and the Medicamentis simplicibus by 'Abenguefit'. Peter of Abano (1250–1316) translated and added a supplement to the work of al-Maridini under the title De Veneris. Al-Muwaffaq’s contributions in the field are also pioneering. Living in the 10th century, he wrote The foundations of the true properties of Remedies, amongst others describing arsenious oxide, and being acquainted with silicic acid. He made clear distinction between sodium carbonate and potassium carbonate, and drew attention to the poisonous nature of copper compounds, especially copper vitriol, and also lead compounds. He also describes the distillation of sea-water for drinking.[verification needed]","sodium carbonate and potassium carbonate
sodium carbonate and potassium carbonate
sodium carbonate and potassium carbonate",1,Al-Muwaffaq distinguished between seawater containing sodium carbonate,1,1.3321790402101223,0.9588147784602674,533,532,,-1.2427706707579393,-14.913248049095273,12
run_b--5726ddf6f1498d1400e8ee07--sample-02,run_b,5726ddf6f1498d1400e8ee07,squad_v2,validation,sampled_model_generation,Qwen/Qwen2.5-0.5B-Instruct,Which two compounds did Al-Muwaffaq differentiate between?,"The advances made in the Middle East in botany and chemistry led medicine in medieval Islam substantially to develop pharmacology. Muhammad ibn Zakarīya Rāzi (Rhazes) (865–915), for instance, acted to promote the medical uses of chemical compounds. Abu al-Qasim al-Zahrawi (Abulcasis) (936–1013) pioneered the preparation of medicines by sublimation and distillation. His Liber servitoris is of particular interest, as it provides the reader with recipes and explains how to prepare the `simples’ from which were compounded the complex drugs then generally used. Sabur Ibn Sahl (d 869), was, however, the first physician to initiate pharmacopoedia, describing a large variety of drugs and remedies for ailments. Al-Biruni (973–1050) wrote one of the most valuable Islamic works on pharmacology, entitled Kitab al-Saydalah (The Book of Drugs), in which he detailed the properties of drugs and outlined the role of pharmacy and the functions and duties of the pharmacist. Avicenna, too, described no less than 700 preparations, their properties, modes of action, and their indications. He devoted in fact a whole volume to simple drugs in The Canon of Medicine. Of great impact were also the works by al-Maridini of Baghdad and Cairo, and Ibn al-Wafid (1008–1074), both of which were printed in Latin more than fifty times, appearing as De Medicinis universalibus et particularibus by 'Mesue' the younger, and the Medicamentis simplicibus by 'Abenguefit'. Peter of Abano (1250–1316) translated and added a supplement to the work of al-Maridini under the title De Veneris. Al-Muwaffaq’s contributions in the field are also pioneering. Living in the 10th century, he wrote The foundations of the true properties of Remedies, amongst others describing arsenious oxide, and being acquainted with silicic acid. He made clear distinction between sodium carbonate and potassium carbonate, and drew attention to the poisonous nature of copper compounds, especially copper vitriol, and also lead compounds. He also describes the distillation of sea-water for drinking.[verification needed]","sodium carbonate and potassium carbonate
sodium carbonate and potassium carbonate
sodium carbonate and potassium carbonate",2,Al-Muwaffaq differentiated between calcium oxalate and,2,1.3321790402101223,0.9588147784602674,533,532,,-0.601695652701892,-7.2203478324227035,12
run_b--5726ddf6f1498d1400e8ee07--sample-03,run_b,5726ddf6f1498d1400e8ee07,squad_v2,validation,sampled_model_generation,Qwen/Qwen2.5-0.5B-Instruct,Which two compounds did Al-Muwaffaq differentiate between?,"The advances made in the Middle East in botany and chemistry led medicine in medieval Islam substantially to develop pharmacology. Muhammad ibn Zakarīya Rāzi (Rhazes) (865–915), for instance, acted to promote the medical uses of chemical compounds. Abu al-Qasim al-Zahrawi (Abulcasis) (936–1013) pioneered the preparation of medicines by sublimation and distillation. His Liber servitoris is of particular interest, as it provides the reader with recipes and explains how to prepare the `simples’ from which were compounded the complex drugs then generally used. Sabur Ibn Sahl (d 869), was, however, the first physician to initiate pharmacopoedia, describing a large variety of drugs and remedies for ailments. Al-Biruni (973–1050) wrote one of the most valuable Islamic works on pharmacology, entitled Kitab al-Saydalah (The Book of Drugs), in which he detailed the properties of drugs and outlined the role of pharmacy and the functions and duties of the pharmacist. Avicenna, too, described no less than 700 preparations, their properties, modes of action, and their indications. He devoted in fact a whole volume to simple drugs in The Canon of Medicine. Of great impact were also the works by al-Maridini of Baghdad and Cairo, and Ibn al-Wafid (1008–1074), both of which were printed in Latin more than fifty times, appearing as De Medicinis universalibus et particularibus by 'Mesue' the younger, and the Medicamentis simplicibus by 'Abenguefit'. Peter of Abano (1250–1316) translated and added a supplement to the work of al-Maridini under the title De Veneris. Al-Muwaffaq’s contributions in the field are also pioneering. Living in the 10th century, he wrote The foundations of the true properties of Remedies, amongst others describing arsenious oxide, and being acquainted with silicic acid. He made clear distinction between sodium carbonate and potassium carbonate, and drew attention to the poisonous nature of copper compounds, especially copper vitriol, and also lead compounds. He also describes the distillation of sea-water for drinking.[verification needed]","sodium carbonate and potassium carbonate
sodium carbonate and potassium carbonate
sodium carbonate and potassium carbonate",3,"According to this passage, Al-Muwaffaq distinguished between",3,1.3321790402101223,0.9588147784602674,533,532,,-0.9473662323337825,-11.36839478800539,12
run_b--5726ddf6f1498d1400e8ee07--sample-04,run_b,5726ddf6f1498d1400e8ee07,squad_v2,validation,sampled_model_generation,Qwen/Qwen2.5-0.5B-Instruct,Which two compounds did Al-Muwaffaq differentiate between?,"The advances made in the Middle East in botany and chemistry led medicine in medieval Islam substantially to develop pharmacology. Muhammad ibn Zakarīya Rāzi (Rhazes) (865–915), for instance, acted to promote the medical uses of chemical compounds. Abu al-Qasim al-Zahrawi (Abulcasis) (936–1013) pioneered the preparation of medicines by sublimation and distillation. His Liber servitoris is of particular interest, as it provides the reader with recipes and explains how to prepare the `simples’ from which were compounded the complex drugs then generally used. Sabur Ibn Sahl (d 869), was, however, the first physician to initiate pharmacopoedia, describing a large variety of drugs and remedies for ailments. Al-Biruni (973–1050) wrote one of the most valuable Islamic works on pharmacology, entitled Kitab al-Saydalah (The Book of Drugs), in which he detailed the properties of drugs and outlined the role of pharmacy and the functions and duties of the pharmacist. Avicenna, too, described no less than 700 preparations, their properties, modes of action, and their indications. He devoted in fact a whole volume to simple drugs in The Canon of Medicine. Of great impact were also the works by al-Maridini of Baghdad and Cairo, and Ibn al-Wafid (1008–1074), both of which were printed in Latin more than fifty times, appearing as De Medicinis universalibus et particularibus by 'Mesue' the younger, and the Medicamentis simplicibus by 'Abenguefit'. Peter of Abano (1250–1316) translated and added a supplement to the work of al-Maridini under the title De Veneris. Al-Muwaffaq’s contributions in the field are also pioneering. Living in the 10th century, he wrote The foundations of the true properties of Remedies, amongst others describing arsenious oxide, and being acquainted with silicic acid. He made clear distinction between sodium carbonate and potassium carbonate, and drew attention to the poisonous nature of copper compounds, especially copper vitriol, and also lead compounds. He also describes the distillation of sea-water for drinking.[verification needed]","sodium carbonate and potassium carbonate
sodium carbonate and potassium carbonate
sodium carbonate and potassium carbonate",4,"based on the passage, Al-Mufawq differentiated between",3,1.3321790402101223,0.9588147784602674,533,532,,-1.9111589690049489,-22.933907628059387,12
run_b--5726bc1add62a815002e8ea8--sample-00,run_b,5726bc1add62a815002e8ea8,squad_v2,validation,sampled_model_generation,Qwen/Qwen2.5-0.5B-Instruct,What language did the Court of Justice accept to be required to teach in a Dublin college in Groner v Minister for Education?,"The Free Movement of Workers Regulation articles 1 to 7 set out the main provisions on equal treatment of workers. First, articles 1 to 4 generally require that workers can take up employment, conclude contracts, and not suffer discrimination compared to nationals of the member state. In a famous case, the Belgian Football Association v Bosman, a Belgian footballer named Jean-Marc Bosman claimed that he should be able to transfer from R.F.C. de Liège to USL Dunkerque when his contract finished, regardless of whether Dunkerque could afford to pay Liège the habitual transfer fees. The Court of Justice held ""the transfer rules constitute[d] an obstacle to free movement"" and were unlawful unless they could be justified in the public interest, but this was unlikely. In Groener v Minister for Education the Court of Justice accepted that a requirement to speak Gaelic to teach in a Dublin design college could be justified as part of the public policy of promoting the Irish language, but only if the measure was not disproportionate. By contrast in Angonese v Cassa di Risparmio di Bolzano SpA a bank in Bolzano, Italy, was not allowed to require Mr Angonese to have a bilingual certificate that could only be obtained in Bolzano. The Court of Justice, giving ""horizontal"" direct effect to TFEU article 45, reasoned that people from other countries would have little chance of acquiring the certificate, and because it was ""impossible to submit proof of the required linguistic knowledge by any other means"", the measure was disproportionate. Second, article 7(2) requires equal treatment in respect of tax. In Finanzamt Köln Altstadt v Schumacker the Court of Justice held that it contravened TFEU art 45 to deny tax benefits (e.g. for married couples, and social insurance expense deductions) to a man who worked in Germany, but was resident in Belgium when other German residents got the benefits. By contrast in Weigel v Finanzlandesdirektion für Vorarlberg the Court of Justice rejected Mr Weigel's claim that a re-registration charge upon bringing his car to Austria violated his right to free movement. Although the tax was ""likely to have a negative bearing on the decision of migrant workers to exercise their right to freedom of movement"", because the charge applied equally to Austrians, in absence of EU legislation on the matter it had to be regarded as justified. Third, people must receive equal treatment regarding ""social advantages"", although the Court has approved residential qualifying periods. In Hendrix v Employee Insurance Institute the Court of Justice held that a Dutch national was not entitled to continue receiving incapacity benefits when he moved to Belgium, because the benefit was ""closely linked to the socio-economic situation"" of the Netherlands. Conversely, in Geven v Land Nordrhein-Westfalen the Court of Justice held that a Dutch woman living in the Netherlands, but working between 3 and 14 hours a week in Germany, did not have a right to receive German child benefits, even though the wife of a man who worked full-time in Germany but was resident in Austria could. The general justifications for limiting free movement in TFEU article 45(3) are ""public policy, public security or public health"", and there is also a general exception in article 45(4) for ""employment in the public service"".","Gaelic
Gaelic
Gaelic",0,The Court of Justice accepted that a requirement to speak Gaelic,0,1.3321790402101223,1.6268012421787716,748,747,,-0.08014983060032439,-0.9617979672038928,12
run_b--5726bc1add62a815002e8ea8--sample-01,run_b,5726bc1add62a815002e8ea8,squad_v2,validation,sampled_model_generation,Qwen/Qwen2.5-0.5B-Instruct,What language did the Court of Justice accept to be required to teach in a Dublin college in Groner v Minister for Education?,"The Free Movement of Workers Regulation articles 1 to 7 set out the main provisions on equal treatment of workers. First, articles 1 to 4 generally require that workers can take up employment, conclude contracts, and not suffer discrimination compared to nationals of the member state. In a famous case, the Belgian Football Association v Bosman, a Belgian footballer named Jean-Marc Bosman claimed that he should be able to transfer from R.F.C. de Liège to USL Dunkerque when his contract finished, regardless of whether Dunkerque could afford to pay Liège the habitual transfer fees. The Court of Justice held ""the transfer rules constitute[d] an obstacle to free movement"" and were unlawful unless they could be justified in the public interest, but this was unlikely. In Groener v Minister for Education the Court of Justice accepted that a requirement to speak Gaelic to teach in a Dublin design college could be justified as part of the public policy of promoting the Irish language, but only if the measure was not disproportionate. By contrast in Angonese v Cassa di Risparmio di Bolzano SpA a bank in Bolzano, Italy, was not allowed to require Mr Angonese to have a bilingual certificate that could only be obtained in Bolzano. The Court of Justice, giving ""horizontal"" direct effect to TFEU article 45, reasoned that people from other countries would have little chance of acquiring the certificate, and because it was ""impossible to submit proof of the required linguistic knowledge by any other means"", the measure was disproportionate. Second, article 7(2) requires equal treatment in respect of tax. In Finanzamt Köln Altstadt v Schumacker the Court of Justice held that it contravened TFEU art 45 to deny tax benefits (e.g. for married couples, and social insurance expense deductions) to a man who worked in Germany, but was resident in Belgium when other German residents got the benefits. By contrast in Weigel v Finanzlandesdirektion für Vorarlberg the Court of Justice rejected Mr Weigel's claim that a re-registration charge upon bringing his car to Austria violated his right to free movement. Although the tax was ""likely to have a negative bearing on the decision of migrant workers to exercise their right to freedom of movement"", because the charge applied equally to Austrians, in absence of EU legislation on the matter it had to be regarded as justified. Third, people must receive equal treatment regarding ""social advantages"", although the Court has approved residential qualifying periods. In Hendrix v Employee Insurance Institute the Court of Justice held that a Dutch national was not entitled to continue receiving incapacity benefits when he moved to Belgium, because the benefit was ""closely linked to the socio-economic situation"" of the Netherlands. Conversely, in Geven v Land Nordrhein-Westfalen the Court of Justice held that a Dutch woman living in the Netherlands, but working between 3 and 14 hours a week in Germany, did not have a right to receive German child benefits, even though the wife of a man who worked full-time in Germany but was resident in Austria could. The general justifications for limiting free movement in TFEU article 45(3) are ""public policy, public security or public health"", and there is also a general exception in article 45(4) for ""employment in the public service"".","Gaelic
Gaelic
Gaelic",1,Angonese of Ireland.,1,1.3321790402101223,1.6268012421787716,748,747,,-2.186204292345792,-13.117225754074752,6
run_b--5726bc1add62a815002e8ea8--sample-02,run_b,5726bc1add62a815002e8ea8,squad_v2,validation,sampled_model_generation,Qwen/Qwen2.5-0.5B-Instruct,What language did the Court of Justice accept to be required to teach in a Dublin college in Groner v Minister for Education?,"The Free Movement of Workers Regulation articles 1 to 7 set out the main provisions on equal treatment of workers. First, articles 1 to 4 generally require that workers can take up employment, conclude contracts, and not suffer discrimination compared to nationals of the member state. In a famous case, the Belgian Football Association v Bosman, a Belgian footballer named Jean-Marc Bosman claimed that he should be able to transfer from R.F.C. de Liège to USL Dunkerque when his contract finished, regardless of whether Dunkerque could afford to pay Liège the habitual transfer fees. The Court of Justice held ""the transfer rules constitute[d] an obstacle to free movement"" and were unlawful unless they could be justified in the public interest, but this was unlikely. In Groener v Minister for Education the Court of Justice accepted that a requirement to speak Gaelic to teach in a Dublin design college could be justified as part of the public policy of promoting the Irish language, but only if the measure was not disproportionate. By contrast in Angonese v Cassa di Risparmio di Bolzano SpA a bank in Bolzano, Italy, was not allowed to require Mr Angonese to have a bilingual certificate that could only be obtained in Bolzano. The Court of Justice, giving ""horizontal"" direct effect to TFEU article 45, reasoned that people from other countries would have little chance of acquiring the certificate, and because it was ""impossible to submit proof of the required linguistic knowledge by any other means"", the measure was disproportionate. Second, article 7(2) requires equal treatment in respect of tax. In Finanzamt Köln Altstadt v Schumacker the Court of Justice held that it contravened TFEU art 45 to deny tax benefits (e.g. for married couples, and social insurance expense deductions) to a man who worked in Germany, but was resident in Belgium when other German residents got the benefits. By contrast in Weigel v Finanzlandesdirektion für Vorarlberg the Court of Justice rejected Mr Weigel's claim that a re-registration charge upon bringing his car to Austria violated his right to free movement. Although the tax was ""likely to have a negative bearing on the decision of migrant workers to exercise their right to freedom of movement"", because the charge applied equally to Austrians, in absence of EU legislation on the matter it had to be regarded as justified. Third, people must receive equal treatment regarding ""social advantages"", although the Court has approved residential qualifying periods. In Hendrix v Employee Insurance Institute the Court of Justice held that a Dutch national was not entitled to continue receiving incapacity benefits when he moved to Belgium, because the benefit was ""closely linked to the socio-economic situation"" of the Netherlands. Conversely, in Geven v Land Nordrhein-Westfalen the Court of Justice held that a Dutch woman living in the Netherlands, but working between 3 and 14 hours a week in Germany, did not have a right to receive German child benefits, even though the wife of a man who worked full-time in Germany but was resident in Austria could. The general justifications for limiting free movement in TFEU article 45(3) are ""public policy, public security or public health"", and there is also a general exception in article 45(4) for ""employment in the public service"".","Gaelic
Gaelic
Gaelic",2,Mr Angonese imposed conditions to be asked to bring children,2,1.3321790402101223,1.6268012421787716,748,747,,-3.6059293224631497,-43.2711518695578,12
run_b--5726bc1add62a815002e8ea8--sample-03,run_b,5726bc1add62a815002e8ea8,squad_v2,validation,sampled_model_generation,Qwen/Qwen2.5-0.5B-Instruct,What language did the Court of Justice accept to be required to teach in a Dublin college in Groner v Minister for Education?,"The Free Movement of Workers Regulation articles 1 to 7 set out the main provisions on equal treatment of workers. First, articles 1 to 4 generally require that workers can take up employment, conclude contracts, and not suffer discrimination compared to nationals of the member state. In a famous case, the Belgian Football Association v Bosman, a Belgian footballer named Jean-Marc Bosman claimed that he should be able to transfer from R.F.C. de Liège to USL Dunkerque when his contract finished, regardless of whether Dunkerque could afford to pay Liège the habitual transfer fees. The Court of Justice held ""the transfer rules constitute[d] an obstacle to free movement"" and were unlawful unless they could be justified in the public interest, but this was unlikely. In Groener v Minister for Education the Court of Justice accepted that a requirement to speak Gaelic to teach in a Dublin design college could be justified as part of the public policy of promoting the Irish language, but only if the measure was not disproportionate. By contrast in Angonese v Cassa di Risparmio di Bolzano SpA a bank in Bolzano, Italy, was not allowed to require Mr Angonese to have a bilingual certificate that could only be obtained in Bolzano. The Court of Justice, giving ""horizontal"" direct effect to TFEU article 45, reasoned that people from other countries would have little chance of acquiring the certificate, and because it was ""impossible to submit proof of the required linguistic knowledge by any other means"", the measure was disproportionate. Second, article 7(2) requires equal treatment in respect of tax. In Finanzamt Köln Altstadt v Schumacker the Court of Justice held that it contravened TFEU art 45 to deny tax benefits (e.g. for married couples, and social insurance expense deductions) to a man who worked in Germany, but was resident in Belgium when other German residents got the benefits. By contrast in Weigel v Finanzlandesdirektion für Vorarlberg the Court of Justice rejected Mr Weigel's claim that a re-registration charge upon bringing his car to Austria violated his right to free movement. Although the tax was ""likely to have a negative bearing on the decision of migrant workers to exercise their right to freedom of movement"", because the charge applied equally to Austrians, in absence of EU legislation on the matter it had to be regarded as justified. Third, people must receive equal treatment regarding ""social advantages"", although the Court has approved residential qualifying periods. In Hendrix v Employee Insurance Institute the Court of Justice held that a Dutch national was not entitled to continue receiving incapacity benefits when he moved to Belgium, because the benefit was ""closely linked to the socio-economic situation"" of the Netherlands. Conversely, in Geven v Land Nordrhein-Westfalen the Court of Justice held that a Dutch woman living in the Netherlands, but working between 3 and 14 hours a week in Germany, did not have a right to receive German child benefits, even though the wife of a man who worked full-time in Germany but was resident in Austria could. The general justifications for limiting free movement in TFEU article 45(3) are ""public policy, public security or public health"", and there is also a general exception in article 45(4) for ""employment in the public service"".","Gaelic
Gaelic
Gaelic",3,The Court of Justice accepted that a requirement to speak Gaelic,0,1.3321790402101223,1.6268012421787716,748,747,,-0.08014983060032439,-0.9617979672038928,12
run_b--5726bc1add62a815002e8ea8--sample-04,run_b,5726bc1add62a815002e8ea8,squad_v2,validation,sampled_model_generation,Qwen/Qwen2.5-0.5B-Instruct,What language did the Court of Justice accept to be required to teach in a Dublin college in Groner v Minister for Education?,"The Free Movement of Workers Regulation articles 1 to 7 set out the main provisions on equal treatment of workers. First, articles 1 to 4 generally require that workers can take up employment, conclude contracts, and not suffer discrimination compared to nationals of the member state. In a famous case, the Belgian Football Association v Bosman, a Belgian footballer named Jean-Marc Bosman claimed that he should be able to transfer from R.F.C. de Liège to USL Dunkerque when his contract finished, regardless of whether Dunkerque could afford to pay Liège the habitual transfer fees. The Court of Justice held ""the transfer rules constitute[d] an obstacle to free movement"" and were unlawful unless they could be justified in the public interest, but this was unlikely. In Groener v Minister for Education the Court of Justice accepted that a requirement to speak Gaelic to teach in a Dublin design college could be justified as part of the public policy of promoting the Irish language, but only if the measure was not disproportionate. By contrast in Angonese v Cassa di Risparmio di Bolzano SpA a bank in Bolzano, Italy, was not allowed to require Mr Angonese to have a bilingual certificate that could only be obtained in Bolzano. The Court of Justice, giving ""horizontal"" direct effect to TFEU article 45, reasoned that people from other countries would have little chance of acquiring the certificate, and because it was ""impossible to submit proof of the required linguistic knowledge by any other means"", the measure was disproportionate. Second, article 7(2) requires equal treatment in respect of tax. In Finanzamt Köln Altstadt v Schumacker the Court of Justice held that it contravened TFEU art 45 to deny tax benefits (e.g. for married couples, and social insurance expense deductions) to a man who worked in Germany, but was resident in Belgium when other German residents got the benefits. By contrast in Weigel v Finanzlandesdirektion für Vorarlberg the Court of Justice rejected Mr Weigel's claim that a re-registration charge upon bringing his car to Austria violated his right to free movement. Although the tax was ""likely to have a negative bearing on the decision of migrant workers to exercise their right to freedom of movement"", because the charge applied equally to Austrians, in absence of EU legislation on the matter it had to be regarded as justified. Third, people must receive equal treatment regarding ""social advantages"", although the Court has approved residential qualifying periods. In Hendrix v Employee Insurance Institute the Court of Justice held that a Dutch national was not entitled to continue receiving incapacity benefits when he moved to Belgium, because the benefit was ""closely linked to the socio-economic situation"" of the Netherlands. Conversely, in Geven v Land Nordrhein-Westfalen the Court of Justice held that a Dutch woman living in the Netherlands, but working between 3 and 14 hours a week in Germany, did not have a right to receive German child benefits, even though the wife of a man who worked full-time in Germany but was resident in Austria could. The general justifications for limiting free movement in TFEU article 45(3) are ""public policy, public security or public health"", and there is also a general exception in article 45(4) for ""employment in the public service"".","Gaelic
Gaelic
Gaelic",4,In a 2017 German court ruling against the,3,1.3321790402101223,1.6268012421787716,748,747,,-2.1815729348842674,-26.17887521861121,12
run_b--573093598ab72b1400f9c5b1--sample-00,run_b,573093598ab72b1400f9c5b1,squad_v2,validation,sampled_model_generation,Qwen/Qwen2.5-0.5B-Instruct,Which historic empire used cultural imperialism to sway local elites?,"Cultural imperialism is when a country's influence is felt in social and cultural circles, i.e. its soft power, such that it changes the moral, cultural and societal worldview of another. This is more than just ""foreign"" music, television or film becoming popular with young people, but that popular culture changing their own expectations of life and their desire for their own country to become more like the foreign country depicted. For example, depictions of opulent American lifestyles in the soap opera Dallas during the Cold War changed the expectations of Romanians; a more recent example is the influence of smuggled South Korean drama series in North Korea. The importance of soft power is not lost on authoritarian regimes, fighting such influence with bans on foreign popular culture, control of the internet and unauthorised satellite dishes etc. Nor is such a usage of culture recent, as part of Roman imperialism local elites would be exposed to the benefits and luxuries of Roman culture and lifestyle, with the aim that they would then become willing participants.","Roman
Roman
Roman
Roman
Roman",0,The sovereignty of the Hellenistic Empire was used to stark,0,0.9502705392332347,1.186334871411479,243,242,,-2.952325670669476,-35.427908048033714,12
run_b--573093598ab72b1400f9c5b1--sample-01,run_b,573093598ab72b1400f9c5b1,squad_v2,validation,sampled_model_generation,Qwen/Qwen2.5-0.5B-Instruct,Which historic empire used cultural imperialism to sway local elites?,"Cultural imperialism is when a country's influence is felt in social and cultural circles, i.e. its soft power, such that it changes the moral, cultural and societal worldview of another. This is more than just ""foreign"" music, television or film becoming popular with young people, but that popular culture changing their own expectations of life and their desire for their own country to become more like the foreign country depicted. For example, depictions of opulent American lifestyles in the soap opera Dallas during the Cold War changed the expectations of Romanians; a more recent example is the influence of smuggled South Korean drama series in North Korea. The importance of soft power is not lost on authoritarian regimes, fighting such influence with bans on foreign popular culture, control of the internet and unauthorised satellite dishes etc. Nor is such a usage of culture recent, as part of Roman imperialism local elites would be exposed to the benefits and luxuries of Roman culture and lifestyle, with the aim that they would then become willing participants.","Roman
Roman
Roman
Roman
Roman",1,Roman Empire,1,0.9502705392332347,1.186334871411479,243,242,,-0.41159083135426044,-0.8231816627085209,2
run_b--573093598ab72b1400f9c5b1--sample-02,run_b,573093598ab72b1400f9c5b1,squad_v2,validation,sampled_model_generation,Qwen/Qwen2.5-0.5B-Instruct,Which historic empire used cultural imperialism to sway local elites?,"Cultural imperialism is when a country's influence is felt in social and cultural circles, i.e. its soft power, such that it changes the moral, cultural and societal worldview of another. This is more than just ""foreign"" music, television or film becoming popular with young people, but that popular culture changing their own expectations of life and their desire for their own country to become more like the foreign country depicted. For example, depictions of opulent American lifestyles in the soap opera Dallas during the Cold War changed the expectations of Romanians; a more recent example is the influence of smuggled South Korean drama series in North Korea. The importance of soft power is not lost on authoritarian regimes, fighting such influence with bans on foreign popular culture, control of the internet and unauthorised satellite dishes etc. Nor is such a usage of culture recent, as part of Roman imperialism local elites would be exposed to the benefits and luxuries of Roman culture and lifestyle, with the aim that they would then become willing participants.","Roman
Roman
Roman
Roman
Roman",2,Roman Empire.,1,0.9502705392332347,1.186334871411479,243,242,,-0.8204090309639772,-2.4612270928919315,3
run_b--573093598ab72b1400f9c5b1--sample-03,run_b,573093598ab72b1400f9c5b1,squad_v2,validation,sampled_model_generation,Qwen/Qwen2.5-0.5B-Instruct,Which historic empire used cultural imperialism to sway local elites?,"Cultural imperialism is when a country's influence is felt in social and cultural circles, i.e. its soft power, such that it changes the moral, cultural and societal worldview of another. This is more than just ""foreign"" music, television or film becoming popular with young people, but that popular culture changing their own expectations of life and their desire for their own country to become more like the foreign country depicted. For example, depictions of opulent American lifestyles in the soap opera Dallas during the Cold War changed the expectations of Romanians; a more recent example is the influence of smuggled South Korean drama series in North Korea. The importance of soft power is not lost on authoritarian regimes, fighting such influence with bans on foreign popular culture, control of the internet and unauthorised satellite dishes etc. Nor is such a usage of culture recent, as part of Roman imperialism local elites would be exposed to the benefits and luxuries of Roman culture and lifestyle, with the aim that they would then become willing participants.","Roman
Roman
Roman
Roman
Roman",3,The Empire of Rome used cultural imperialism to sway local elites by,1,0.9502705392332347,1.186334871411479,243,242,,-0.6626746791541033,-7.95209614984924,12
run_b--573093598ab72b1400f9c5b1--sample-04,run_b,573093598ab72b1400f9c5b1,squad_v2,validation,sampled_model_generation,Qwen/Qwen2.5-0.5B-Instruct,Which historic empire used cultural imperialism to sway local elites?,"Cultural imperialism is when a country's influence is felt in social and cultural circles, i.e. its soft power, such that it changes the moral, cultural and societal worldview of another. This is more than just ""foreign"" music, television or film becoming popular with young people, but that popular culture changing their own expectations of life and their desire for their own country to become more like the foreign country depicted. For example, depictions of opulent American lifestyles in the soap opera Dallas during the Cold War changed the expectations of Romanians; a more recent example is the influence of smuggled South Korean drama series in North Korea. The importance of soft power is not lost on authoritarian regimes, fighting such influence with bans on foreign popular culture, control of the internet and unauthorised satellite dishes etc. Nor is such a usage of culture recent, as part of Roman imperialism local elites would be exposed to the benefits and luxuries of Roman culture and lifestyle, with the aim that they would then become willing participants.","Roman
Roman
Roman
Roman
Roman",4,The United States Empire used cultural imperialism to sway local elites during,2,0.9502705392332347,1.186334871411479,243,242,,-1.0846741449155768,-13.01608973898692,12
run_b--5727c94bff5b5019007d954b--sample-00,run_b,5727c94bff5b5019007d954b,squad_v2,validation,sampled_model_generation,Qwen/Qwen2.5-0.5B-Instruct,What was the population Jacksonville city as of 2010?,"Jacksonville is the largest city by population in the U.S. state of Florida, and the largest city by area in the contiguous United States. It is the county seat of Duval County, with which the city government consolidated in 1968. Consolidation gave Jacksonville its great size and placed most of its metropolitan population within the city limits; with an estimated population of 853,382 in 2014, it is the most populous city proper in Florida and the Southeast, and the 12th most populous in the United States. Jacksonville is the principal city in the Jacksonville metropolitan area, with a population of 1,345,596 in 2010.","1,345,596
1,345,596
1,345,596",0,"According to the given information, Jackson is the 12",0,1.6094379124341005,0.9633437455860075,192,191,,-1.363106001678716,-16.357272020144592,12
run_b--5727c94bff5b5019007d954b--sample-01,run_b,5727c94bff5b5019007d954b,squad_v2,validation,sampled_model_generation,Qwen/Qwen2.5-0.5B-Instruct,What was the population Jacksonville city as of 2010?,"Jacksonville is the largest city by population in the U.S. state of Florida, and the largest city by area in the contiguous United States. It is the county seat of Duval County, with which the city government consolidated in 1968. Consolidation gave Jacksonville its great size and placed most of its metropolitan population within the city limits; with an estimated population of 853,382 in 2014, it is the most populous city proper in Florida and the Southeast, and the 12th most populous in the United States. Jacksonville is the principal city in the Jacksonville metropolitan area, with a population of 1,345,596 in 2010.","1,345,596
1,345,596
1,345,596",1,The Jacksonville metropolitan area's population as of 201,1,1.6094379124341005,0.9633437455860075,192,191,,-0.5383947375682206,-6.460736850818648,12
run_b--5727c94bff5b5019007d954b--sample-02,run_b,5727c94bff5b5019007d954b,squad_v2,validation,sampled_model_generation,Qwen/Qwen2.5-0.5B-Instruct,What was the population Jacksonville city as of 2010?,"Jacksonville is the largest city by population in the U.S. state of Florida, and the largest city by area in the contiguous United States. It is the county seat of Duval County, with which the city government consolidated in 1968. Consolidation gave Jacksonville its great size and placed most of its metropolitan population within the city limits; with an estimated population of 853,382 in 2014, it is the most populous city proper in Florida and the Southeast, and the 12th most populous in the United States. Jacksonville is the principal city in the Jacksonville metropolitan area, with a population of 1,345,596 in 2010.","1,345,596
1,345,596
1,345,596",2,"According to the given context, the most populous city proper on",2,1.6094379124341005,0.9633437455860075,192,191,,-1.2267204005484018,-14.720644806580822,12
run_b--5727c94bff5b5019007d954b--sample-03,run_b,5727c94bff5b5019007d954b,squad_v2,validation,sampled_model_generation,Qwen/Qwen2.5-0.5B-Instruct,What was the population Jacksonville city as of 2010?,"Jacksonville is the largest city by population in the U.S. state of Florida, and the largest city by area in the contiguous United States. It is the county seat of Duval County, with which the city government consolidated in 1968. Consolidation gave Jacksonville its great size and placed most of its metropolitan population within the city limits; with an estimated population of 853,382 in 2014, it is the most populous city proper in Florida and the Southeast, and the 12th most populous in the United States. Jacksonville is the principal city in the Jacksonville metropolitan area, with a population of 1,345,596 in 2010.","1,345,596
1,345,596
1,345,596",3,"In 2014, the population of Jacksonville was",3,1.6094379124341005,0.9633437455860075,192,191,,-0.8345856893315613,-10.015028271978736,12
run_b--5727c94bff5b5019007d954b--sample-04,run_b,5727c94bff5b5019007d954b,squad_v2,validation,sampled_model_generation,Qwen/Qwen2.5-0.5B-Instruct,What was the population Jacksonville city as of 2010?,"Jacksonville is the largest city by population in the U.S. state of Florida, and the largest city by area in the contiguous United States. It is the county seat of Duval County, with which the city government consolidated in 1968. Consolidation gave Jacksonville its great size and placed most of its metropolitan population within the city limits; with an estimated population of 853,382 in 2014, it is the most populous city proper in Florida and the Southeast, and the 12th most populous in the United States. Jacksonville is the principal city in the Jacksonville metropolitan area, with a population of 1,345,596 in 2010.","1,345,596
1,345,596
1,345,596",4,"According to the text, Jacksonville was the 12th",4,1.6094379124341005,0.9633437455860075,192,191,,-0.8539118988031381,-10.246942785637657,12
run_b--573796edc3c5551400e51f35--sample-00,run_b,573796edc3c5551400e51f35,squad_v2,validation,sampled_model_generation,Qwen/Qwen2.5-0.5B-Instruct,What is the force between nucleons?,"The strong force only acts directly upon elementary particles. However, a residual of the force is observed between hadrons (the best known example being the force that acts between nucleons in atomic nuclei) as the nuclear force. Here the strong force acts indirectly, transmitted as gluons, which form part of the virtual pi and rho mesons, which classically transmit the nuclear force (see this topic for more). The failure of many searches for free quarks has shown that the elementary particles affected are not directly observable. This phenomenon is called color confinement.","nuclear
nuclear force.
nuclear
nuclear force",0,The nucleon force acts between nucleons.,0,1.3321790402101223,0.98796263951501,148,147,,-1.0514279493234224,-9.462851543910801,9
run_b--573796edc3c5551400e51f35--sample-01,run_b,573796edc3c5551400e51f35,squad_v2,validation,sampled_model_generation,Qwen/Qwen2.5-0.5B-Instruct,What is the force between nucleons?,"The strong force only acts directly upon elementary particles. However, a residual of the force is observed between hadrons (the best known example being the force that acts between nucleons in atomic nuclei) as the nuclear force. Here the strong force acts indirectly, transmitted as gluons, which form part of the virtual pi and rho mesons, which classically transmit the nuclear force (see this topic for more). The failure of many searches for free quarks has shown that the elementary particles affected are not directly observable. This phenomenon is called color confinement.","nuclear
nuclear force.
nuclear
nuclear force",1,The force between nucleons (nucleons in atomic nuclei,0,1.3321790402101223,0.98796263951501,148,147,,-0.3804393838096682,-4.565272605716018,12
run_b--573796edc3c5551400e51f35--sample-02,run_b,573796edc3c5551400e51f35,squad_v2,validation,sampled_model_generation,Qwen/Qwen2.5-0.5B-Instruct,What is the force between nucleons?,"The strong force only acts directly upon elementary particles. However, a residual of the force is observed between hadrons (the best known example being the force that acts between nucleons in atomic nuclei) as the nuclear force. Here the strong force acts indirectly, transmitted as gluons, which form part of the virtual pi and rho mesons, which classically transmit the nuclear force (see this topic for more). The failure of many searches for free quarks has shown that the elementary particles affected are not directly observable. This phenomenon is called color confinement.","nuclear
nuclear force.
nuclear
nuclear force",2,"The force between nucleons, or atomic nuclei, is described",1,1.3321790402101223,0.98796263951501,148,147,,-0.6230331107290112,-7.476397328748135,12
run_b--573796edc3c5551400e51f35--sample-03,run_b,573796edc3c5551400e51f35,squad_v2,validation,sampled_model_generation,Qwen/Qwen2.5-0.5B-Instruct,What is the force between nucleons?,"The strong force only acts directly upon elementary particles. However, a residual of the force is observed between hadrons (the best known example being the force that acts between nucleons in atomic nuclei) as the nuclear force. Here the strong force acts indirectly, transmitted as gluons, which form part of the virtual pi and rho mesons, which classically transmit the nuclear force (see this topic for more). The failure of many searches for free quarks has shown that the elementary particles affected are not directly observable. This phenomenon is called color confinement.","nuclear
nuclear force.
nuclear
nuclear force",3,"The force between nucleons transmits as gluons, also",2,1.3321790402101223,0.98796263951501,148,147,,-1.2723524724691135,-15.268229669629363,12
run_b--573796edc3c5551400e51f35--sample-04,run_b,573796edc3c5551400e51f35,squad_v2,validation,sampled_model_generation,Qwen/Qwen2.5-0.5B-Instruct,What is the force between nucleons?,"The strong force only acts directly upon elementary particles. However, a residual of the force is observed between hadrons (the best known example being the force that acts between nucleons in atomic nuclei) as the nuclear force. Here the strong force acts indirectly, transmitted as gluons, which form part of the virtual pi and rho mesons, which classically transmit the nuclear force (see this topic for more). The failure of many searches for free quarks has shown that the elementary particles affected are not directly observable. This phenomenon is called color confinement.","nuclear
nuclear force.
nuclear
nuclear force",4,The strong force between nucleons is the force associated with chemical,3,1.3321790402101223,0.98796263951501,148,147,,-1.6125602812438349,-19.35072337492602,12
run_b--57060a1175f01819005e78d5--sample-00,run_b,57060a1175f01819005e78d5,squad_v2,validation,sampled_model_generation,Qwen/Qwen2.5-0.5B-Instruct,"Outside of livestock, what else was considered a major industry in the agriculture regions?","Since the 1920s, motion pictures, petroleum and aircraft manufacturing have been major industries. In one of the richest agricultural regions in the U.S., cattle and citrus were major industries until farmlands were turned into suburbs. Although military spending cutbacks have had an impact, aerospace continues to be a major factor.","citrus
citrus
citrus",0,Military Spending,0,1.6094379124341005,2.4271738623641435,112,111,,-1.543708175420761,-3.087416350841522,2
run_b--57060a1175f01819005e78d5--sample-01,run_b,57060a1175f01819005e78d5,squad_v2,validation,sampled_model_generation,Qwen/Qwen2.5-0.5B-Instruct,"Outside of livestock, what else was considered a major industry in the agriculture regions?","Since the 1920s, motion pictures, petroleum and aircraft manufacturing have been major industries. In one of the richest agricultural regions in the U.S., cattle and citrus were major industries until farmlands were turned into suburbs. Although military spending cutbacks have had an impact, aerospace continues to be a major factor.","citrus
citrus
citrus",1,Petroleum and aircraft制造业,1,1.6094379124341005,2.4271738623641435,112,111,,-1.6766461461782456,-8.383230730891228,5
run_b--57060a1175f01819005e78d5--sample-02,run_b,57060a1175f01819005e78d5,squad_v2,validation,sampled_model_generation,Qwen/Qwen2.5-0.5B-Instruct,"Outside of livestock, what else was considered a major industry in the agriculture regions?","Since the 1920s, motion pictures, petroleum and aircraft manufacturing have been major industries. In one of the richest agricultural regions in the U.S., cattle and citrus were major industries until farmlands were turned into suburbs. Although military spending cutbacks have had an impact, aerospace continues to be a major factor.","citrus
citrus
citrus",2,Alcohol production,2,1.6094379124341005,2.4271738623641435,112,111,,-4.868449767430623,-14.60534930229187,3
run_b--57060a1175f01819005e78d5--sample-03,run_b,57060a1175f01819005e78d5,squad_v2,validation,sampled_model_generation,Qwen/Qwen2.5-0.5B-Instruct,"Outside of livestock, what else was considered a major industry in the agriculture regions?","Since the 1920s, motion pictures, petroleum and aircraft manufacturing have been major industries. In one of the richest agricultural regions in the U.S., cattle and citrus were major industries until farmlands were turned into suburbs. Although military spending cutbacks have had an impact, aerospace continues to be a major factor.","citrus
citrus
citrus",3,"Cattle, citrus and navy/marine/. Despite military spending",3,1.6094379124341005,2.4271738623641435,112,111,,-3.21143110220631,-38.537173226475716,12
run_b--57060a1175f01819005e78d5--sample-04,run_b,57060a1175f01819005e78d5,squad_v2,validation,sampled_model_generation,Qwen/Qwen2.5-0.5B-Instruct,"Outside of livestock, what else was considered a major industry in the agriculture regions?","Since the 1920s, motion pictures, petroleum and aircraft manufacturing have been major industries. In one of the richest agricultural regions in the U.S., cattle and citrus were major industries until farmlands were turned into suburbs. Although military spending cutbacks have had an impact, aerospace continues to be a major factor.","citrus
citrus
citrus",4,Aerospace,4,1.6094379124341005,2.4271738623641435,112,111,,-0.835634120584776,-2.506902361754328,3
run_b--5705e26d75f01819005e76d5--sample-00,run_b,5705e26d75f01819005e76d5,squad_v2,validation,sampled_model_generation,Qwen/Qwen2.5-0.5B-Instruct,"Despite being traditionall described as ""eight counties"", how many counties does this region actually have?","Southern California, often abbreviated SoCal, is a geographic and cultural region that generally comprises California's southernmost 10 counties. The region is traditionally described as ""eight counties"", based on demographics and economic ties: Imperial, Los Angeles, Orange, Riverside, San Bernardino, San Diego, Santa Barbara, and Ventura. The more extensive 10-county definition, including Kern and San Luis Obispo counties, is also used based on historical political divisions. Southern California is a major economic center for the state of California and the United States.","10 counties
10
10",0,"Southern California has 10 counties, but it is described",0,1.3321790402101223,1.135693413122499,159,158,,-0.9810568008882304,-11.772681610658765,12
run_b--5705e26d75f01819005e76d5--sample-01,run_b,5705e26d75f01819005e76d5,squad_v2,validation,sampled_model_generation,Qwen/Qwen2.5-0.5B-Instruct,"Despite being traditionall described as ""eight counties"", how many counties does this region actually have?","Southern California, often abbreviated SoCal, is a geographic and cultural region that generally comprises California's southernmost 10 counties. The region is traditionally described as ""eight counties"", based on demographics and economic ties: Imperial, Los Angeles, Orange, Riverside, San Bernardino, San Diego, Santa Barbara, and Ventura. The more extensive 10-county definition, including Kern and San Luis Obispo counties, is also used based on historical political divisions. Southern California is a major economic center for the state of California and the United States.","10 counties
10
10",1,Southern California has an actual enumeration of 10 counties.,0,1.3321790402101223,1.135693413122499,159,158,,-1.2489578889217228,-14.987494667060673,12
run_b--5705e26d75f01819005e76d5--sample-02,run_b,5705e26d75f01819005e76d5,squad_v2,validation,sampled_model_generation,Qwen/Qwen2.5-0.5B-Instruct,"Despite being traditionall described as ""eight counties"", how many counties does this region actually have?","Southern California, often abbreviated SoCal, is a geographic and cultural region that generally comprises California's southernmost 10 counties. The region is traditionally described as ""eight counties"", based on demographics and economic ties: Imperial, Los Angeles, Orange, Riverside, San Bernardino, San Diego, Santa Barbara, and Ventura. The more extensive 10-county definition, including Kern and San Luis Obispo counties, is also used based on historical political divisions. Southern California is a major economic center for the state of California and the United States.","10 counties
10
10",2,"Based on demographic and economic ties rather than traditional county counts,",1,1.3321790402101223,1.135693413122499,159,158,,-0.9947037974998238,-11.936445569997886,12
run_b--5705e26d75f01819005e76d5--sample-03,run_b,5705e26d75f01819005e76d5,squad_v2,validation,sampled_model_generation,Qwen/Qwen2.5-0.5B-Instruct,"Despite being traditionall described as ""eight counties"", how many counties does this region actually have?","Southern California, often abbreviated SoCal, is a geographic and cultural region that generally comprises California's southernmost 10 counties. The region is traditionally described as ""eight counties"", based on demographics and economic ties: Imperial, Los Angeles, Orange, Riverside, San Bernardino, San Diego, Santa Barbara, and Ventura. The more extensive 10-county definition, including Kern and San Luis Obispo counties, is also used based on historical political divisions. Southern California is a major economic center for the state of California and the United States.","10 counties
10
10",3,"The region is traditionally described as ""eight counties"". However,",2,1.3321790402101223,1.135693413122499,159,158,,-0.5483907164113285,-6.580688596935943,12
run_b--5705e26d75f01819005e76d5--sample-04,run_b,5705e26d75f01819005e76d5,squad_v2,validation,sampled_model_generation,Qwen/Qwen2.5-0.5B-Instruct,"Despite being traditionall described as ""eight counties"", how many counties does this region actually have?","Southern California, often abbreviated SoCal, is a geographic and cultural region that generally comprises California's southernmost 10 counties. The region is traditionally described as ""eight counties"", based on demographics and economic ties: Imperial, Los Angeles, Orange, Riverside, San Bernardino, San Diego, Santa Barbara, and Ventura. The more extensive 10-county definition, including Kern and San Luis Obispo counties, is also used based on historical political divisions. Southern California is a major economic center for the state of California and the United States.","10 counties
10
10",4,The region is more literally described as having eight counties but as,3,1.3321790402101223,1.135693413122499,159,158,,-1.905357861891389,-22.864294342696667,12
run_b--571144d1a58dae1900cd6d70--sample-00,run_b,571144d1a58dae1900cd6d70,squad_v2,validation,sampled_model_generation,Qwen/Qwen2.5-0.5B-Instruct,"Along with nuclear, geothermal and internal combustion engine waste heat, what sort of energy might supply the heat for a steam engine?","The heat required for boiling the water and supplying the steam can be derived from various sources, most commonly from burning combustible materials with an appropriate supply of air in a closed space (called variously combustion chamber, firebox). In some cases the heat source is a nuclear reactor, geothermal energy, solar energy or waste heat from an internal combustion engine or industrial process. In the case of model or toy steam engines, the heat source can be an electric heating element.","solar
solar
solar",0,Waste heat from an internal combustion engine or industrial process.,0,1.6094379124341005,2.1091858193163837,150,149,,-0.2218827068184813,-2.6625924818217754,12
run_b--571144d1a58dae1900cd6d70--sample-01,run_b,571144d1a58dae1900cd6d70,squad_v2,validation,sampled_model_generation,Qwen/Qwen2.5-0.5B-Instruct,"Along with nuclear, geothermal and internal combustion engine waste heat, what sort of energy might supply the heat for a steam engine?","The heat required for boiling the water and supplying the steam can be derived from various sources, most commonly from burning combustible materials with an appropriate supply of air in a closed space (called variously combustion chamber, firebox). In some cases the heat source is a nuclear reactor, geothermal energy, solar energy or waste heat from an internal combustion engine or industrial process. In the case of model or toy steam engines, the heat source can be an electric heating element.","solar
solar
solar",1,The heat source might also come from solar energy.,1,1.6094379124341005,2.1091858193163837,150,149,,-1.0480045644566416,-10.480045644566417,10
run_b--571144d1a58dae1900cd6d70--sample-02,run_b,571144d1a58dae1900cd6d70,squad_v2,validation,sampled_model_generation,Qwen/Qwen2.5-0.5B-Instruct,"Along with nuclear, geothermal and internal combustion engine waste heat, what sort of energy might supply the heat for a steam engine?","The heat required for boiling the water and supplying the steam can be derived from various sources, most commonly from burning combustible materials with an appropriate supply of air in a closed space (called variously combustion chamber, firebox). In some cases the heat source is a nuclear reactor, geothermal energy, solar energy or waste heat from an internal combustion engine or industrial process. In the case of model or toy steam engines, the heat source can be an electric heating element.","solar
solar
solar",2,The arguments of whether or not there's any impurity that,2,1.6094379124341005,2.1091858193163837,150,149,,-3.9474703762098216,-47.36964451451786,12
run_b--571144d1a58dae1900cd6d70--sample-03,run_b,571144d1a58dae1900cd6d70,squad_v2,validation,sampled_model_generation,Qwen/Qwen2.5-0.5B-Instruct,"Along with nuclear, geothermal and internal combustion engine waste heat, what sort of energy might supply the heat for a steam engine?","The heat required for boiling the water and supplying the steam can be derived from various sources, most commonly from burning combustible materials with an appropriate supply of air in a closed space (called variously combustion chamber, firebox). In some cases the heat source is a nuclear reactor, geothermal energy, solar energy or waste heat from an internal combustion engine or industrial process. In the case of model or toy steam engines, the heat source can be an electric heating element.","solar
solar
solar",3,"With nuclear, geothermal and internal combustion engine waste heat,",3,1.6094379124341005,2.1091858193163837,150,149,,-0.6980094640215005,-8.376113568258006,12
run_b--571144d1a58dae1900cd6d70--sample-04,run_b,571144d1a58dae1900cd6d70,squad_v2,validation,sampled_model_generation,Qwen/Qwen2.5-0.5B-Instruct,"Along with nuclear, geothermal and internal combustion engine waste heat, what sort of energy might supply the heat for a steam engine?","The heat required for boiling the water and supplying the steam can be derived from various sources, most commonly from burning combustible materials with an appropriate supply of air in a closed space (called variously combustion chamber, firebox). In some cases the heat source is a nuclear reactor, geothermal energy, solar energy or waste heat from an internal combustion engine or industrial process. In the case of model or toy steam engines, the heat source can be an electric heating element.","solar
solar
solar",4,A willing power source should fuel it.,4,1.6094379124341005,2.1091858193163837,150,149,,-4.630561985075474,-37.04449588060379,8
run_b--57265642f1498d1400e8dc6c--sample-00,run_b,57265642f1498d1400e8dc6c,squad_v2,validation,sampled_model_generation,Qwen/Qwen2.5-0.5B-Instruct,When was the last plague outbreak?,"In 1466, perhaps 40,000 people died of the plague in Paris. During the 16th and 17th centuries, the plague was present in Paris around 30 per cent of the time. The Black Death ravaged Europe for three years before it continued on into Russia, where the disease was present somewhere in the country 25 times between 1350 to 1490. Plague epidemics ravaged London in 1563, 1593, 1603, 1625, 1636, and 1665, reducing its population by 10 to 30% during those years. Over 10% of Amsterdam's population died in 1623–25, and again in 1635–36, 1655, and 1664. Plague occurred in Venice 22 times between 1361 and 1528. The plague of 1576–77 killed 50,000 in Venice, almost a third of the population. Late outbreaks in central Europe included the Italian Plague of 1629–1631, which is associated with troop movements during the Thirty Years' War, and the Great Plague of Vienna in 1679. Over 60% of Norway's population died in 1348–50. The last plague outbreak ravaged Oslo in 1654.","The last plague outbreak ravaged Oslo in 1654.
1654
1654",0,Late outbreaks in central europe included the Italian Plague of,0,1.6094379124341005,0.8781801802359647,371,370,,-0.8038379431430561,-9.646055317716673,12
run_b--57265642f1498d1400e8dc6c--sample-01,run_b,57265642f1498d1400e8dc6c,squad_v2,validation,sampled_model_generation,Qwen/Qwen2.5-0.5B-Instruct,When was the last plague outbreak?,"In 1466, perhaps 40,000 people died of the plague in Paris. During the 16th and 17th centuries, the plague was present in Paris around 30 per cent of the time. The Black Death ravaged Europe for three years before it continued on into Russia, where the disease was present somewhere in the country 25 times between 1350 to 1490. Plague epidemics ravaged London in 1563, 1593, 1603, 1625, 1636, and 1665, reducing its population by 10 to 30% during those years. Over 10% of Amsterdam's population died in 1623–25, and again in 1635–36, 1655, and 1664. Plague occurred in Venice 22 times between 1361 and 1528. The plague of 1576–77 killed 50,000 in Venice, almost a third of the population. Late outbreaks in central Europe included the Italian Plague of 1629–1631, which is associated with troop movements during the Thirty Years' War, and the Great Plague of Vienna in 1679. Over 60% of Norway's population died in 1348–50. The last plague outbreak ravaged Oslo in 1654.","The last plague outbreak ravaged Oslo in 1654.
1654
1654",1,"The last plague outbreak, according to the context provided, happened",1,1.6094379124341005,0.8781801802359647,371,370,,-0.9535561934165647,-11.442674320998776,12
run_b--57265642f1498d1400e8dc6c--sample-02,run_b,57265642f1498d1400e8dc6c,squad_v2,validation,sampled_model_generation,Qwen/Qwen2.5-0.5B-Instruct,When was the last plague outbreak?,"In 1466, perhaps 40,000 people died of the plague in Paris. During the 16th and 17th centuries, the plague was present in Paris around 30 per cent of the time. The Black Death ravaged Europe for three years before it continued on into Russia, where the disease was present somewhere in the country 25 times between 1350 to 1490. Plague epidemics ravaged London in 1563, 1593, 1603, 1625, 1636, and 1665, reducing its population by 10 to 30% during those years. Over 10% of Amsterdam's population died in 1623–25, and again in 1635–36, 1655, and 1664. Plague occurred in Venice 22 times between 1361 and 1528. The plague of 1576–77 killed 50,000 in Venice, almost a third of the population. Late outbreaks in central Europe included the Italian Plague of 1629–1631, which is associated with troop movements during the Thirty Years' War, and the Great Plague of Vienna in 1679. Over 60% of Norway's population died in 1348–50. The last plague outbreak ravaged Oslo in 1654.","The last plague outbreak ravaged Oslo in 1654.
1654
1654",2,The last plague outbreak that devastated most populations in recent history was,2,1.6094379124341005,0.8781801802359647,371,370,,-2.12451212744539,-25.494145529344678,12
run_b--57265642f1498d1400e8dc6c--sample-03,run_b,57265642f1498d1400e8dc6c,squad_v2,validation,sampled_model_generation,Qwen/Qwen2.5-0.5B-Instruct,When was the last plague outbreak?,"In 1466, perhaps 40,000 people died of the plague in Paris. During the 16th and 17th centuries, the plague was present in Paris around 30 per cent of the time. The Black Death ravaged Europe for three years before it continued on into Russia, where the disease was present somewhere in the country 25 times between 1350 to 1490. Plague epidemics ravaged London in 1563, 1593, 1603, 1625, 1636, and 1665, reducing its population by 10 to 30% during those years. Over 10% of Amsterdam's population died in 1623–25, and again in 1635–36, 1655, and 1664. Plague occurred in Venice 22 times between 1361 and 1528. The plague of 1576–77 killed 50,000 in Venice, almost a third of the population. Late outbreaks in central Europe included the Italian Plague of 1629–1631, which is associated with troop movements during the Thirty Years' War, and the Great Plague of Vienna in 1679. Over 60% of Norway's population died in 1348–50. The last plague outbreak ravaged Oslo in 1654.","The last plague outbreak ravaged Oslo in 1654.
1654
1654",3,The last plague outbreak was ravaged Oslo in 16,3,1.6094379124341005,0.8781801802359647,371,370,,-0.1878590391133912,-2.2543084693606943,12
run_b--57265642f1498d1400e8dc6c--sample-04,run_b,57265642f1498d1400e8dc6c,squad_v2,validation,sampled_model_generation,Qwen/Qwen2.5-0.5B-Instruct,When was the last plague outbreak?,"In 1466, perhaps 40,000 people died of the plague in Paris. During the 16th and 17th centuries, the plague was present in Paris around 30 per cent of the time. The Black Death ravaged Europe for three years before it continued on into Russia, where the disease was present somewhere in the country 25 times between 1350 to 1490. Plague epidemics ravaged London in 1563, 1593, 1603, 1625, 1636, and 1665, reducing its population by 10 to 30% during those years. Over 10% of Amsterdam's population died in 1623–25, and again in 1635–36, 1655, and 1664. Plague occurred in Venice 22 times between 1361 and 1528. The plague of 1576–77 killed 50,000 in Venice, almost a third of the population. Late outbreaks in central Europe included the Italian Plague of 1629–1631, which is associated with troop movements during the Thirty Years' War, and the Great Plague of Vienna in 1679. Over 60% of Norway's population died in 1348–50. The last plague outbreak ravaged Oslo in 1654.","The last plague outbreak ravaged Oslo in 1654.
1654
1654",4,The last plague outbreak in Oslo took place in 16,4,1.6094379124341005,0.8781801802359647,371,370,,-0.32113559806142195,-3.8536271767370636,12
run_b--57265f605951b619008f70de--sample-00,run_b,57265f605951b619008f70de,squad_v2,validation,sampled_model_generation,Qwen/Qwen2.5-0.5B-Instruct,Whose theory was the theory of continental drift?,"The development of plate tectonics provided a physical basis for many observations of the solid Earth. Long linear regions of geologic features could be explained as plate boundaries. Mid-ocean ridges, high regions on the seafloor where hydrothermal vents and volcanoes exist, were explained as divergent boundaries, where two plates move apart. Arcs of volcanoes and earthquakes were explained as convergent boundaries, where one plate subducts under another. Transform boundaries, such as the San Andreas fault system, resulted in widespread powerful earthquakes. Plate tectonics also provided a mechanism for Alfred Wegener's theory of continental drift, in which the continents move across the surface of the Earth over geologic time. They also provided a driving force for crustal deformation, and a new setting for the observations of structural geology. The power of the theory of plate tectonics lies in its ability to combine all of these observations into a single theory of how the lithosphere moves over the convecting mantle.","Alfred Wegener
Alfred Wegener
Alfred Wegener
Alfred Wegener",0,Alfred Wegener's theory of continental drift was希尔的,0,0.9502705392332347,0.890169154856388,245,244,,-1.0290292422038572,-12.348350906446285,12
run_b--57265f605951b619008f70de--sample-01,run_b,57265f605951b619008f70de,squad_v2,validation,sampled_model_generation,Qwen/Qwen2.5-0.5B-Instruct,Whose theory was the theory of continental drift?,"The development of plate tectonics provided a physical basis for many observations of the solid Earth. Long linear regions of geologic features could be explained as plate boundaries. Mid-ocean ridges, high regions on the seafloor where hydrothermal vents and volcanoes exist, were explained as divergent boundaries, where two plates move apart. Arcs of volcanoes and earthquakes were explained as convergent boundaries, where one plate subducts under another. Transform boundaries, such as the San Andreas fault system, resulted in widespread powerful earthquakes. Plate tectonics also provided a mechanism for Alfred Wegener's theory of continental drift, in which the continents move across the surface of the Earth over geologic time. They also provided a driving force for crustal deformation, and a new setting for the observations of structural geology. The power of the theory of plate tectonics lies in its ability to combine all of these observations into a single theory of how the lithosphere moves over the convecting mantle.","Alfred Wegener
Alfred Wegener
Alfred Wegener
Alfred Wegener",1,Alfred Wegener's plate tectonic theory was mainly,1,0.9502705392332347,0.890169154856388,245,244,,-1.6247153981815547,-19.496584778178658,12
run_b--57265f605951b619008f70de--sample-02,run_b,57265f605951b619008f70de,squad_v2,validation,sampled_model_generation,Qwen/Qwen2.5-0.5B-Instruct,Whose theory was the theory of continental drift?,"The development of plate tectonics provided a physical basis for many observations of the solid Earth. Long linear regions of geologic features could be explained as plate boundaries. Mid-ocean ridges, high regions on the seafloor where hydrothermal vents and volcanoes exist, were explained as divergent boundaries, where two plates move apart. Arcs of volcanoes and earthquakes were explained as convergent boundaries, where one plate subducts under another. Transform boundaries, such as the San Andreas fault system, resulted in widespread powerful earthquakes. Plate tectonics also provided a mechanism for Alfred Wegener's theory of continental drift, in which the continents move across the surface of the Earth over geologic time. They also provided a driving force for crustal deformation, and a new setting for the observations of structural geology. The power of the theory of plate tectonics lies in its ability to combine all of these observations into a single theory of how the lithosphere moves over the convecting mantle.","Alfred Wegener
Alfred Wegener
Alfred Wegener
Alfred Wegener",2,The theory being discussed is Alfred Wegner's theory of continental,2,0.9502705392332347,0.890169154856388,245,244,,-1.1168828683439642,-13.40259442012757,12
run_b--57265f605951b619008f70de--sample-03,run_b,57265f605951b619008f70de,squad_v2,validation,sampled_model_generation,Qwen/Qwen2.5-0.5B-Instruct,Whose theory was the theory of continental drift?,"The development of plate tectonics provided a physical basis for many observations of the solid Earth. Long linear regions of geologic features could be explained as plate boundaries. Mid-ocean ridges, high regions on the seafloor where hydrothermal vents and volcanoes exist, were explained as divergent boundaries, where two plates move apart. Arcs of volcanoes and earthquakes were explained as convergent boundaries, where one plate subducts under another. Transform boundaries, such as the San Andreas fault system, resulted in widespread powerful earthquakes. Plate tectonics also provided a mechanism for Alfred Wegener's theory of continental drift, in which the continents move across the surface of the Earth over geologic time. They also provided a driving force for crustal deformation, and a new setting for the observations of structural geology. The power of the theory of plate tectonics lies in its ability to combine all of these observations into a single theory of how the lithosphere moves over the convecting mantle.","Alfred Wegener
Alfred Wegener
Alfred Wegener
Alfred Wegener",3,Alfred Wegener's theory was the theory of continental drift,2,0.9502705392332347,0.890169154856388,245,244,,-0.3547140421621104,-4.256568505945324,12
run_b--57265f605951b619008f70de--sample-04,run_b,57265f605951b619008f70de,squad_v2,validation,sampled_model_generation,Qwen/Qwen2.5-0.5B-Instruct,Whose theory was the theory of continental drift?,"The development of plate tectonics provided a physical basis for many observations of the solid Earth. Long linear regions of geologic features could be explained as plate boundaries. Mid-ocean ridges, high regions on the seafloor where hydrothermal vents and volcanoes exist, were explained as divergent boundaries, where two plates move apart. Arcs of volcanoes and earthquakes were explained as convergent boundaries, where one plate subducts under another. Transform boundaries, such as the San Andreas fault system, resulted in widespread powerful earthquakes. Plate tectonics also provided a mechanism for Alfred Wegener's theory of continental drift, in which the continents move across the surface of the Earth over geologic time. They also provided a driving force for crustal deformation, and a new setting for the observations of structural geology. The power of the theory of plate tectonics lies in its ability to combine all of these observations into a single theory of how the lithosphere moves over the convecting mantle.","Alfred Wegener
Alfred Wegener
Alfred Wegener
Alfred Wegener",4,Alfred Wegener's Theory of Continental Drift,2,0.9502705392332347,0.890169154856388,245,244,,-0.32550422339045326,-3.2550422339045326,10
run_b--571094b7a58dae1900cd6a66--sample-00,run_b,571094b7a58dae1900cd6a66,squad_v2,validation,sampled_model_generation,Qwen/Qwen2.5-0.5B-Instruct,What was required of Huguenot children after the Edict was revoked?,"The revocation forbade Protestant services, required education of children as Catholics, and prohibited emigration. It proved disastrous to the Huguenots and costly for France. It precipitated civil bloodshed, ruined commerce, and resulted in the illegal flight from the country of hundreds of thousands of Protestants, many of whom became intellectuals, doctors and business leaders in Britain as well as Holland, Prussia, and South Africa. Four thousand emigrated to the North American colonies, where they settled in New York and Virginia, especially. The English welcomed the French refugees, providing money from both government and private agencies to aid their relocation. Those Huguenots who stayed in France became Catholics and were called ""new converts"".","education of children as Catholics
education of children as Catholics
required education of children as Catholics",0,"After the Edict was revoked, children had to attend Protestant",0,0.9502705392332347,1.3887419009629713,190,189,,-0.4867367573703329,-5.8408410884439945,12
run_b--571094b7a58dae1900cd6a66--sample-01,run_b,571094b7a58dae1900cd6a66,squad_v2,validation,sampled_model_generation,Qwen/Qwen2.5-0.5B-Instruct,What was required of Huguenot children after the Edict was revoked?,"The revocation forbade Protestant services, required education of children as Catholics, and prohibited emigration. It proved disastrous to the Huguenots and costly for France. It precipitated civil bloodshed, ruined commerce, and resulted in the illegal flight from the country of hundreds of thousands of Protestants, many of whom became intellectuals, doctors and business leaders in Britain as well as Holland, Prussia, and South Africa. Four thousand emigrated to the North American colonies, where they settled in New York and Virginia, especially. The English welcomed the French refugees, providing money from both government and private agencies to aid their relocation. Those Huguenots who stayed in France became Catholics and were called ""new converts"".","education of children as Catholics
education of children as Catholics
required education of children as Catholics",1,"After the Edict was revoked, Protestant services had to be",0,0.9502705392332347,1.3887419009629713,190,189,,-0.31199914630754694,-3.7439897556905635,12
run_b--571094b7a58dae1900cd6a66--sample-02,run_b,571094b7a58dae1900cd6a66,squad_v2,validation,sampled_model_generation,Qwen/Qwen2.5-0.5B-Instruct,What was required of Huguenot children after the Edict was revoked?,"The revocation forbade Protestant services, required education of children as Catholics, and prohibited emigration. It proved disastrous to the Huguenots and costly for France. It precipitated civil bloodshed, ruined commerce, and resulted in the illegal flight from the country of hundreds of thousands of Protestants, many of whom became intellectuals, doctors and business leaders in Britain as well as Holland, Prussia, and South Africa. Four thousand emigrated to the North American colonies, where they settled in New York and Virginia, especially. The English welcomed the French refugees, providing money from both government and private agencies to aid their relocation. Those Huguenots who stayed in France became Catholics and were called ""new converts"".","education of children as Catholics
education of children as Catholics
required education of children as Catholics",2,In response to provisions threatening Protestant missions (affirming Roman,1,0.9502705392332347,1.3887419009629713,190,189,,-3.9640517245667675,-47.56862069480121,12
run_b--571094b7a58dae1900cd6a66--sample-03,run_b,571094b7a58dae1900cd6a66,squad_v2,validation,sampled_model_generation,Qwen/Qwen2.5-0.5B-Instruct,What was required of Huguenot children after the Edict was revoked?,"The revocation forbade Protestant services, required education of children as Catholics, and prohibited emigration. It proved disastrous to the Huguenots and costly for France. It precipitated civil bloodshed, ruined commerce, and resulted in the illegal flight from the country of hundreds of thousands of Protestants, many of whom became intellectuals, doctors and business leaders in Britain as well as Holland, Prussia, and South Africa. Four thousand emigrated to the North American colonies, where they settled in New York and Virginia, especially. The English welcomed the French refugees, providing money from both government and private agencies to aid their relocation. Those Huguenots who stayed in France became Catholics and were called ""new converts"".","education of children as Catholics
education of children as Catholics
required education of children as Catholics",3,After the Revocation of the Decree requiring education for Protestant,0,0.9502705392332347,1.3887419009629713,190,189,,-1.1929075738492732,-14.314890886191279,12
run_b--571094b7a58dae1900cd6a66--sample-04,run_b,571094b7a58dae1900cd6a66,squad_v2,validation,sampled_model_generation,Qwen/Qwen2.5-0.5B-Instruct,What was required of Huguenot children after the Edict was revoked?,"The revocation forbade Protestant services, required education of children as Catholics, and prohibited emigration. It proved disastrous to the Huguenots and costly for France. It precipitated civil bloodshed, ruined commerce, and resulted in the illegal flight from the country of hundreds of thousands of Protestants, many of whom became intellectuals, doctors and business leaders in Britain as well as Holland, Prussia, and South Africa. Four thousand emigrated to the North American colonies, where they settled in New York and Virginia, especially. The English welcomed the French refugees, providing money from both government and private agencies to aid their relocation. Those Huguenots who stayed in France became Catholics and were called ""new converts"".","education of children as Catholics
education of children as Catholics
required education of children as Catholics",4,"After the Revocation of the Decree, Protestant children,",2,0.9502705392332347,1.3887419009629713,190,189,,-0.9880143027209366,-11.85617163265124,12
run_b--572998673f37b319004784d7--sample-00,run_b,572998673f37b319004784d7,squad_v2,validation,sampled_model_generation,Qwen/Qwen2.5-0.5B-Instruct,"Other than 7 and 13, what other year interval do cicadas pupate? ","The evolutionary strategy used by cicadas of the genus Magicicada make use of prime numbers. These insects spend most of their lives as grubs underground. They only pupate and then emerge from their burrows after 7, 13 or 17 years, at which point they fly about, breed, and then die after a few weeks at most. The logic for this is believed to be that the prime number intervals between emergences make it very difficult for predators to evolve that could specialize as predators on Magicicadas. If Magicicadas appeared at a non-prime number intervals, say every 12 years, then predators appearing every 2, 3, 4, 6, or 12 years would be sure to meet them. Over a 200-year period, average predator populations during hypothetical outbreaks of 14- and 15-year cicadas would be up to 2% higher than during outbreaks of 13- and 17-year cicadas. Though small, this advantage appears to have been enough to drive natural selection in favour of a prime-numbered life-cycle for these insects.","17 years
17
17
17",0,The year interval between cicadas pupating is 17,0,1.3321790402101223,1.9326507409568876,284,283,,-0.9587611388415098,-11.505133666098118,12
run_b--572998673f37b319004784d7--sample-01,run_b,572998673f37b319004784d7,squad_v2,validation,sampled_model_generation,Qwen/Qwen2.5-0.5B-Instruct,"Other than 7 and 13, what other year interval do cicadas pupate? ","The evolutionary strategy used by cicadas of the genus Magicicada make use of prime numbers. These insects spend most of their lives as grubs underground. They only pupate and then emerge from their burrows after 7, 13 or 17 years, at which point they fly about, breed, and then die after a few weeks at most. The logic for this is believed to be that the prime number intervals between emergences make it very difficult for predators to evolve that could specialize as predators on Magicicadas. If Magicicadas appeared at a non-prime number intervals, say every 12 years, then predators appearing every 2, 3, 4, 6, or 12 years would be sure to meet them. Over a 200-year period, average predator populations during hypothetical outbreaks of 14- and 15-year cicadas would be up to 2% higher than during outbreaks of 13- and 17-year cicadas. Though small, this advantage appears to have been enough to drive natural selection in favour of a prime-numbered life-cycle for these insects.","17 years
17
17
17",1,The other year interval used by cicadas for pupating is,1,1.3321790402101223,1.9326507409568876,284,283,,-0.7176552261225879,-8.611862713471055,12
run_b--572998673f37b319004784d7--sample-02,run_b,572998673f37b319004784d7,squad_v2,validation,sampled_model_generation,Qwen/Qwen2.5-0.5B-Instruct,"Other than 7 and 13, what other year interval do cicadas pupate? ","The evolutionary strategy used by cicadas of the genus Magicicada make use of prime numbers. These insects spend most of their lives as grubs underground. They only pupate and then emerge from their burrows after 7, 13 or 17 years, at which point they fly about, breed, and then die after a few weeks at most. The logic for this is believed to be that the prime number intervals between emergences make it very difficult for predators to evolve that could specialize as predators on Magicicadas. If Magicicadas appeared at a non-prime number intervals, say every 12 years, then predators appearing every 2, 3, 4, 6, or 12 years would be sure to meet them. Over a 200-year period, average predator populations during hypothetical outbreaks of 14- and 15-year cicadas would be up to 2% higher than during outbreaks of 13- and 17-year cicadas. Though small, this advantage appears to have been enough to drive natural selection in favour of a prime-numbered life-cycle for these insects.","17 years
17
17
17",2,"The day-period (13, 17) and",2,1.3321790402101223,1.9326507409568876,284,283,,-2.439762208300332,-29.277146499603987,12
run_b--572998673f37b319004784d7--sample-03,run_b,572998673f37b319004784d7,squad_v2,validation,sampled_model_generation,Qwen/Qwen2.5-0.5B-Instruct,"Other than 7 and 13, what other year interval do cicadas pupate? ","The evolutionary strategy used by cicadas of the genus Magicicada make use of prime numbers. These insects spend most of their lives as grubs underground. They only pupate and then emerge from their burrows after 7, 13 or 17 years, at which point they fly about, breed, and then die after a few weeks at most. The logic for this is believed to be that the prime number intervals between emergences make it very difficult for predators to evolve that could specialize as predators on Magicicadas. If Magicicadas appeared at a non-prime number intervals, say every 12 years, then predators appearing every 2, 3, 4, 6, or 12 years would be sure to meet them. Over a 200-year period, average predator populations during hypothetical outbreaks of 14- and 15-year cicadas would be up to 2% higher than during outbreaks of 13- and 17-year cicadas. Though small, this advantage appears to have been enough to drive natural selection in favour of a prime-numbered life-cycle for these insects.","17 years
17
17
17",3,The Cicadas of the genus Magicicada can winter as,3,1.3321790402101223,1.9326507409568876,284,283,,-1.8252792869849752,-21.9033514438197,12
run_b--572998673f37b319004784d7--sample-04,run_b,572998673f37b319004784d7,squad_v2,validation,sampled_model_generation,Qwen/Qwen2.5-0.5B-Instruct,"Other than 7 and 13, what other year interval do cicadas pupate? ","The evolutionary strategy used by cicadas of the genus Magicicada make use of prime numbers. These insects spend most of their lives as grubs underground. They only pupate and then emerge from their burrows after 7, 13 or 17 years, at which point they fly about, breed, and then die after a few weeks at most. The logic for this is believed to be that the prime number intervals between emergences make it very difficult for predators to evolve that could specialize as predators on Magicicadas. If Magicicadas appeared at a non-prime number intervals, say every 12 years, then predators appearing every 2, 3, 4, 6, or 12 years would be sure to meet them. Over a 200-year period, average predator populations during hypothetical outbreaks of 14- and 15-year cicadas would be up to 2% higher than during outbreaks of 13- and 17-year cicadas. Though small, this advantage appears to have been enough to drive natural selection in favour of a prime-numbered life-cycle for these insects.","17 years
17
17
17",4,The cicadam nhiệm điệu最长為 17 �,1,1.3321790402101223,1.9326507409568876,284,283,,-3.7217958445350328,-44.661550134420395,12
run_b--57106644b654c5140001f8e8--sample-00,run_b,57106644b654c5140001f8e8,squad_v2,validation,sampled_model_generation,Qwen/Qwen2.5-0.5B-Instruct,"An illustrated, paraphrased version of this appeared when?","The availability of the Bible in vernacular languages was important to the spread of the Protestant movement and development of the Reformed church in France. The country had a long history of struggles with the papacy by the time the Protestant Reformation finally arrived. Around 1294, a French version of the Scriptures was prepared by the Roman Catholic priest, Guyard de Moulin. A two-volume illustrated folio paraphrase version based on his manuscript, by Jean de Rély, was printed in Paris in 1487.","1487
1487
1487",0,In 1487.,0,0.6730116670092565,0.40965206112332886,150,149,,-0.44437413063756787,-3.1106189144629752,7
run_b--57106644b654c5140001f8e8--sample-01,run_b,57106644b654c5140001f8e8,squad_v2,validation,sampled_model_generation,Qwen/Qwen2.5-0.5B-Instruct,"An illustrated, paraphrased version of this appeared when?","The availability of the Bible in vernacular languages was important to the spread of the Protestant movement and development of the Reformed church in France. The country had a long history of struggles with the papacy by the time the Protestant Reformation finally arrived. Around 1294, a French version of the Scriptures was prepared by the Roman Catholic priest, Guyard de Moulin. A two-volume illustrated folio paraphrase version based on his manuscript, by Jean de Rély, was printed in Paris in 1487.","1487
1487
1487",1,Around 1487,0,0.6730116670092565,0.40965206112332886,150,149,,-0.17579266719985753,-1.0547560031991452,6
run_b--57106644b654c5140001f8e8--sample-02,run_b,57106644b654c5140001f8e8,squad_v2,validation,sampled_model_generation,Qwen/Qwen2.5-0.5B-Instruct,"An illustrated, paraphrased version of this appeared when?","The availability of the Bible in vernacular languages was important to the spread of the Protestant movement and development of the Reformed church in France. The country had a long history of struggles with the papacy by the time the Protestant Reformation finally arrived. Around 1294, a French version of the Scriptures was prepared by the Roman Catholic priest, Guyard de Moulin. A two-volume illustrated folio paraphrase version based on his manuscript, by Jean de Rély, was printed in Paris in 1487.","1487
1487
1487",2,Around 1294,1,0.6730116670092565,0.40965206112332886,150,149,,-0.5836035285028629,-3.5016211710171774,6
run_b--57106644b654c5140001f8e8--sample-03,run_b,57106644b654c5140001f8e8,squad_v2,validation,sampled_model_generation,Qwen/Qwen2.5-0.5B-Instruct,"An illustrated, paraphrased version of this appeared when?","The availability of the Bible in vernacular languages was important to the spread of the Protestant movement and development of the Reformed church in France. The country had a long history of struggles with the papacy by the time the Protestant Reformation finally arrived. Around 1294, a French version of the Scriptures was prepared by the Roman Catholic priest, Guyard de Moulin. A two-volume illustrated folio paraphrase version based on his manuscript, by Jean de Rély, was printed in Paris in 1487.","1487
1487
1487",3,around 1487,0,0.6730116670092565,0.40965206112332886,150,149,,-0.2385465581464814,-1.4312793488788884,6
run_b--57106644b654c5140001f8e8--sample-04,run_b,57106644b654c5140001f8e8,squad_v2,validation,sampled_model_generation,Qwen/Qwen2.5-0.5B-Instruct,"An illustrated, paraphrased version of this appeared when?","The availability of the Bible in vernacular languages was important to the spread of the Protestant movement and development of the Reformed church in France. The country had a long history of struggles with the papacy by the time the Protestant Reformation finally arrived. Around 1294, a French version of the Scriptures was prepared by the Roman Catholic priest, Guyard de Moulin. A two-volume illustrated folio paraphrase version based on his manuscript, by Jean de Rély, was printed in Paris in 1487.","1487
1487
1487",4,around 1294,1,0.6730116670092565,0.40965206112332886,150,149,,-0.6059434211298745,-3.6356605267792474,6
run_b--572657d9dd62a815002e8231--sample-00,run_b,572657d9dd62a815002e8231,squad_v2,validation,sampled_model_generation,Qwen/Qwen2.5-0.5B-Instruct,Sedimentary rock can be turned into which of the three types of rock?,"There are three major types of rock: igneous, sedimentary, and metamorphic. The rock cycle is an important concept in geology which illustrates the relationships between these three types of rock, and magma. When a rock crystallizes from melt (magma and/or lava), it is an igneous rock. This rock can be weathered and eroded, and then redeposited and lithified into a sedimentary rock, or be turned into a metamorphic rock due to heat and pressure that change the mineral content of the rock which gives it a characteristic fabric. The sedimentary rock can then be subsequently turned into a metamorphic rock due to heat and pressure and is then weathered, eroded, deposited, and lithified, ultimately becoming a sedimentary rock. Sedimentary rock may also be re-eroded and redeposited, and metamorphic rock may also undergo additional metamorphism. All three types of rocks may be re-melted; when this happens, a new magma is formed, from which an igneous rock may once again crystallize.","metamorphic rock
metamorphic
metamorphic rock
metamorphic",0,Sedimentary rock can be turned into an igneous rock,0,0.9502705392332347,0.3973910822266286,261,260,,-0.18290194253980493,-2.194823310477659,12
run_b--572657d9dd62a815002e8231--sample-01,run_b,572657d9dd62a815002e8231,squad_v2,validation,sampled_model_generation,Qwen/Qwen2.5-0.5B-Instruct,Sedimentary rock can be turned into which of the three types of rock?,"There are three major types of rock: igneous, sedimentary, and metamorphic. The rock cycle is an important concept in geology which illustrates the relationships between these three types of rock, and magma. When a rock crystallizes from melt (magma and/or lava), it is an igneous rock. This rock can be weathered and eroded, and then redeposited and lithified into a sedimentary rock, or be turned into a metamorphic rock due to heat and pressure that change the mineral content of the rock which gives it a characteristic fabric. The sedimentary rock can then be subsequently turned into a metamorphic rock due to heat and pressure and is then weathered, eroded, deposited, and lithified, ultimately becoming a sedimentary rock. Sedimentary rock may also be re-eroded and redeposited, and metamorphic rock may also undergo additional metamorphism. All three types of rocks may be re-melted; when this happens, a new magma is formed, from which an igneous rock may once again crystallize.","metamorphic rock
metamorphic
metamorphic rock
metamorphic",1,"Sedimentary rock can be turned into igneous, metam",1,0.9502705392332347,0.3973910822266286,261,260,,-0.15730654601550972,-1.8876785521861166,12
run_b--572657d9dd62a815002e8231--sample-02,run_b,572657d9dd62a815002e8231,squad_v2,validation,sampled_model_generation,Qwen/Qwen2.5-0.5B-Instruct,Sedimentary rock can be turned into which of the three types of rock?,"There are three major types of rock: igneous, sedimentary, and metamorphic. The rock cycle is an important concept in geology which illustrates the relationships between these three types of rock, and magma. When a rock crystallizes from melt (magma and/or lava), it is an igneous rock. This rock can be weathered and eroded, and then redeposited and lithified into a sedimentary rock, or be turned into a metamorphic rock due to heat and pressure that change the mineral content of the rock which gives it a characteristic fabric. The sedimentary rock can then be subsequently turned into a metamorphic rock due to heat and pressure and is then weathered, eroded, deposited, and lithified, ultimately becoming a sedimentary rock. Sedimentary rock may also be re-eroded and redeposited, and metamorphic rock may also undergo additional metamorphism. All three types of rocks may be re-melted; when this happens, a new magma is formed, from which an igneous rock may once again crystallize.","metamorphic rock
metamorphic
metamorphic rock
metamorphic",2,"Sedimentary rock can be turned into Igneous,",0,0.9502705392332347,0.3973910822266286,261,260,,-0.3327603703874047,-3.9931244446488563,12
run_b--572657d9dd62a815002e8231--sample-03,run_b,572657d9dd62a815002e8231,squad_v2,validation,sampled_model_generation,Qwen/Qwen2.5-0.5B-Instruct,Sedimentary rock can be turned into which of the three types of rock?,"There are three major types of rock: igneous, sedimentary, and metamorphic. The rock cycle is an important concept in geology which illustrates the relationships between these three types of rock, and magma. When a rock crystallizes from melt (magma and/or lava), it is an igneous rock. This rock can be weathered and eroded, and then redeposited and lithified into a sedimentary rock, or be turned into a metamorphic rock due to heat and pressure that change the mineral content of the rock which gives it a characteristic fabric. The sedimentary rock can then be subsequently turned into a metamorphic rock due to heat and pressure and is then weathered, eroded, deposited, and lithified, ultimately becoming a sedimentary rock. Sedimentary rock may also be re-eroded and redeposited, and metamorphic rock may also undergo additional metamorphism. All three types of rocks may be re-melted; when this happens, a new magma is formed, from which an igneous rock may once again crystallize.","metamorphic rock
metamorphic
metamorphic rock
metamorphic",3,Sedimentary rock can be turned into an igneous and,2,0.9502705392332347,0.3973910822266286,261,260,,-0.7368791799332636,-8.842550159199163,12
run_b--572657d9dd62a815002e8231--sample-04,run_b,572657d9dd62a815002e8231,squad_v2,validation,sampled_model_generation,Qwen/Qwen2.5-0.5B-Instruct,Sedimentary rock can be turned into which of the three types of rock?,"There are three major types of rock: igneous, sedimentary, and metamorphic. The rock cycle is an important concept in geology which illustrates the relationships between these three types of rock, and magma. When a rock crystallizes from melt (magma and/or lava), it is an igneous rock. This rock can be weathered and eroded, and then redeposited and lithified into a sedimentary rock, or be turned into a metamorphic rock due to heat and pressure that change the mineral content of the rock which gives it a characteristic fabric. The sedimentary rock can then be subsequently turned into a metamorphic rock due to heat and pressure and is then weathered, eroded, deposited, and lithified, ultimately becoming a sedimentary rock. Sedimentary rock may also be re-eroded and redeposited, and metamorphic rock may also undergo additional metamorphism. All three types of rocks may be re-melted; when this happens, a new magma is formed, from which an igneous rock may once again crystallize.","metamorphic rock
metamorphic
metamorphic rock
metamorphic",4,Sedimentary rock can turn into igneous rock.,0,0.9502705392332347,0.3973910822266286,261,260,,-0.57710737225716,-6.34818109482876,11
run_b--5705e63175f01819005e7720--sample-00,run_b,5705e63175f01819005e7720,squad_v2,validation,sampled_model_generation,Qwen/Qwen2.5-0.5B-Instruct,The cities of Los Angeles and San Diego are a part of which state?,"Within southern California are two major cities, Los Angeles and San Diego, as well as three of the country's largest metropolitan areas. With a population of 3,792,621, Los Angeles is the most populous city in California and the second most populous in the United States. To the south and with a population of 1,307,402 is San Diego, the second most populous city in the state and the eighth most populous in the nation.","California
California
California",0,Los Angeles and San Diego are both within the state of California,0,1.0549201679861442,0.3162940733400319,144,143,,-0.3214441749587422,-3.8573300995049067,12
run_b--5705e63175f01819005e7720--sample-01,run_b,5705e63175f01819005e7720,squad_v2,validation,sampled_model_generation,Qwen/Qwen2.5-0.5B-Instruct,The cities of Los Angeles and San Diego are a part of which state?,"Within southern California are two major cities, Los Angeles and San Diego, as well as three of the country's largest metropolitan areas. With a population of 3,792,621, Los Angeles is the most populous city in California and the second most populous in the United States. To the south and with a population of 1,307,402 is San Diego, the second most populous city in the state and the eighth most populous in the nation.","California
California
California",1,The cities of Los Angeles and San Diego are a part of,1,1.0549201679861442,0.3162940733400319,144,143,,-0.17906202756118242,-2.148744330734189,12
run_b--5705e63175f01819005e7720--sample-02,run_b,5705e63175f01819005e7720,squad_v2,validation,sampled_model_generation,Qwen/Qwen2.5-0.5B-Instruct,The cities of Los Angeles and San Diego are a part of which state?,"Within southern California are two major cities, Los Angeles and San Diego, as well as three of the country's largest metropolitan areas. With a population of 3,792,621, Los Angeles is the most populous city in California and the second most populous in the United States. To the south and with a population of 1,307,402 is San Diego, the second most populous city in the state and the eighth most populous in the nation.","California
California
California",2,The cities of Los Angeles and San Diego are parts of California,0,1.0549201679861442,0.3162940733400319,144,143,,-0.3703275138862712,-4.443930166635255,12
run_b--5705e63175f01819005e7720--sample-03,run_b,5705e63175f01819005e7720,squad_v2,validation,sampled_model_generation,Qwen/Qwen2.5-0.5B-Instruct,The cities of Los Angeles and San Diego are a part of which state?,"Within southern California are two major cities, Los Angeles and San Diego, as well as three of the country's largest metropolitan areas. With a population of 3,792,621, Los Angeles is the most populous city in California and the second most populous in the United States. To the south and with a population of 1,307,402 is San Diego, the second most populous city in the state and the eighth most populous in the nation.","California
California
California",3,The cities of Los Angeles and San Diego are a part of,1,1.0549201679861442,0.3162940733400319,144,143,,-0.17906202756118242,-2.148744330734189,12
run_b--5705e63175f01819005e7720--sample-04,run_b,5705e63175f01819005e7720,squad_v2,validation,sampled_model_generation,Qwen/Qwen2.5-0.5B-Instruct,The cities of Los Angeles and San Diego are a part of which state?,"Within southern California are two major cities, Los Angeles and San Diego, as well as three of the country's largest metropolitan areas. With a population of 3,792,621, Los Angeles is the most populous city in California and the second most populous in the United States. To the south and with a population of 1,307,402 is San Diego, the second most populous city in the state and the eighth most populous in the nation.","California
California
California",4,"Los Angeles and San Diego are both located within Southern California,",2,1.0549201679861442,0.3162940733400319,144,143,,-0.5315746227327812,-6.378895472793374,12
run_b--572654e2708984140094c2b8--sample-00,run_b,572654e2708984140094c2b8,squad_v2,validation,sampled_model_generation,Qwen/Qwen2.5-0.5B-Instruct,What did Biraben say about the plague in Europe?,"The plague repeatedly returned to haunt Europe and the Mediterranean throughout the 14th to 17th centuries. According to Biraben, the plague was present somewhere in Europe in every year between 1346 and 1671. The Second Pandemic was particularly widespread in the following years: 1360–63; 1374; 1400; 1438–39; 1456–57; 1464–66; 1481–85; 1500–03; 1518–31; 1544–48; 1563–66; 1573–88; 1596–99; 1602–11; 1623–40; 1644–54; and 1664–67. Subsequent outbreaks, though severe, marked the retreat from most of Europe (18th century) and northern Africa (19th century). According to Geoffrey Parker, ""France alone lost almost a million people to the plague in the epidemic of 1628–31.""","the plague was present somewhere in Europe in every year between 1346 and 1671.
was present somewhere in Europe in every year between 1346 and 1671
the plague was present somewhere in Europe in every year between 1346 and 1671",0,Biraben said that the plague repeatedly returned to haunt Europe,0,1.6094379124341005,1.2651027594962216,310,309,,-0.5781238817726262,-6.937486581271514,12
run_b--572654e2708984140094c2b8--sample-01,run_b,572654e2708984140094c2b8,squad_v2,validation,sampled_model_generation,Qwen/Qwen2.5-0.5B-Instruct,What did Biraben say about the plague in Europe?,"The plague repeatedly returned to haunt Europe and the Mediterranean throughout the 14th to 17th centuries. According to Biraben, the plague was present somewhere in Europe in every year between 1346 and 1671. The Second Pandemic was particularly widespread in the following years: 1360–63; 1374; 1400; 1438–39; 1456–57; 1464–66; 1481–85; 1500–03; 1518–31; 1544–48; 1563–66; 1573–88; 1596–99; 1602–11; 1623–40; 1644–54; and 1664–67. Subsequent outbreaks, though severe, marked the retreat from most of Europe (18th century) and northern Africa (19th century). According to Geoffrey Parker, ""France alone lost almost a million people to the plague in the epidemic of 1628–31.""","the plague was present somewhere in Europe in every year between 1346 and 1671.
was present somewhere in Europe in every year between 1346 and 1671
the plague was present somewhere in Europe in every year between 1346 and 1671",1,Biraben stated that the plague was alive in various places,1,1.6094379124341005,1.2651027594962216,310,309,,-1.5849825910408981,-19.019791092490777,12
run_b--572654e2708984140094c2b8--sample-02,run_b,572654e2708984140094c2b8,squad_v2,validation,sampled_model_generation,Qwen/Qwen2.5-0.5B-Instruct,What did Biraben say about the plague in Europe?,"The plague repeatedly returned to haunt Europe and the Mediterranean throughout the 14th to 17th centuries. According to Biraben, the plague was present somewhere in Europe in every year between 1346 and 1671. The Second Pandemic was particularly widespread in the following years: 1360–63; 1374; 1400; 1438–39; 1456–57; 1464–66; 1481–85; 1500–03; 1518–31; 1544–48; 1563–66; 1573–88; 1596–99; 1602–11; 1623–40; 1644–54; and 1664–67. Subsequent outbreaks, though severe, marked the retreat from most of Europe (18th century) and northern Africa (19th century). According to Geoffrey Parker, ""France alone lost almost a million people to the plague in the epidemic of 1628–31.""","the plague was present somewhere in Europe in every year between 1346 and 1671.
was present somewhere in Europe in every year between 1346 and 1671
the plague was present somewhere in Europe in every year between 1346 and 1671",2,Biraben said that the plague lasted for approximately 2,2,1.6094379124341005,1.2651027594962216,310,309,,-1.2027177136818257,-14.432612564181909,12
run_b--572654e2708984140094c2b8--sample-03,run_b,572654e2708984140094c2b8,squad_v2,validation,sampled_model_generation,Qwen/Qwen2.5-0.5B-Instruct,What did Biraben say about the plague in Europe?,"The plague repeatedly returned to haunt Europe and the Mediterranean throughout the 14th to 17th centuries. According to Biraben, the plague was present somewhere in Europe in every year between 1346 and 1671. The Second Pandemic was particularly widespread in the following years: 1360–63; 1374; 1400; 1438–39; 1456–57; 1464–66; 1481–85; 1500–03; 1518–31; 1544–48; 1563–66; 1573–88; 1596–99; 1602–11; 1623–40; 1644–54; and 1664–67. Subsequent outbreaks, though severe, marked the retreat from most of Europe (18th century) and northern Africa (19th century). According to Geoffrey Parker, ""France alone lost almost a million people to the plague in the epidemic of 1628–31.""","the plague was present somewhere in Europe in every year between 1346 and 1671.
was present somewhere in Europe in every year between 1346 and 1671
the plague was present somewhere in Europe in every year between 1346 and 1671",3,"According to Biraben, the plague occurred everywhere in Europe between",3,1.6094379124341005,1.2651027594962216,310,309,,-0.8419035769948096,-10.102842923937715,12
run_b--572654e2708984140094c2b8--sample-04,run_b,572654e2708984140094c2b8,squad_v2,validation,sampled_model_generation,Qwen/Qwen2.5-0.5B-Instruct,What did Biraben say about the plague in Europe?,"The plague repeatedly returned to haunt Europe and the Mediterranean throughout the 14th to 17th centuries. According to Biraben, the plague was present somewhere in Europe in every year between 1346 and 1671. The Second Pandemic was particularly widespread in the following years: 1360–63; 1374; 1400; 1438–39; 1456–57; 1464–66; 1481–85; 1500–03; 1518–31; 1544–48; 1563–66; 1573–88; 1596–99; 1602–11; 1623–40; 1644–54; and 1664–67. Subsequent outbreaks, though severe, marked the retreat from most of Europe (18th century) and northern Africa (19th century). According to Geoffrey Parker, ""France alone lost almost a million people to the plague in the epidemic of 1628–31.""","the plague was present somewhere in Europe in every year between 1346 and 1671.
was present somewhere in Europe in every year between 1346 and 1671
the plague was present somewhere in Europe in every year between 1346 and 1671",4,Biraben speculated that the plague showed up somewhere every few,4,1.6094379124341005,1.2651027594962216,310,309,,-2.117786033990948,-25.413432407891378,12
run_b--573407d7d058e614000b6813--sample-00,run_b,573407d7d058e614000b6813,squad_v2,validation,sampled_model_generation,Qwen/Qwen2.5-0.5B-Instruct,In Sept 1760 who negotiated a capitulation from Montreal?,"In September 1760, and before any hostilities erupted, Governor Vaudreuil negotiated from Montreal a capitulation with General Amherst. Amherst granted Vaudreuil's request that any French residents who chose to remain in the colony would be given freedom to continue worshiping in their Roman Catholic tradition, continued ownership of their property, and the right to remain undisturbed in their homes. The British provided medical treatment for the sick and wounded French soldiers and French regular troops were returned to France aboard British ships with an agreement that they were not to serve again in the present war.","Governor Vaudreuil
Governor Vaudreuil
Governor Vaudreuil
Governor Vaudreuil
Governor Vaudreuil",0,"In sept 1760, Governor Vaudre",0,0.6730116670092565,0.21845085887695553,168,167,,-0.5876931424342425,-7.052317709210911,12
run_b--573407d7d058e614000b6813--sample-01,run_b,573407d7d058e614000b6813,squad_v2,validation,sampled_model_generation,Qwen/Qwen2.5-0.5B-Instruct,In Sept 1760 who negotiated a capitulation from Montreal?,"In September 1760, and before any hostilities erupted, Governor Vaudreuil negotiated from Montreal a capitulation with General Amherst. Amherst granted Vaudreuil's request that any French residents who chose to remain in the colony would be given freedom to continue worshiping in their Roman Catholic tradition, continued ownership of their property, and the right to remain undisturbed in their homes. The British provided medical treatment for the sick and wounded French soldiers and French regular troops were returned to France aboard British ships with an agreement that they were not to serve again in the present war.","Governor Vaudreuil
Governor Vaudreuil
Governor Vaudreuil
Governor Vaudreuil
Governor Vaudreuil",1,Governor Vaudreuil negotiated a capitulation from Montreal,1,0.6730116670092565,0.21845085887695553,168,167,,-0.135913400352365,-1.6309608042283799,12
run_b--573407d7d058e614000b6813--sample-02,run_b,573407d7d058e614000b6813,squad_v2,validation,sampled_model_generation,Qwen/Qwen2.5-0.5B-Instruct,In Sept 1760 who negotiated a capitulation from Montreal?,"In September 1760, and before any hostilities erupted, Governor Vaudreuil negotiated from Montreal a capitulation with General Amherst. Amherst granted Vaudreuil's request that any French residents who chose to remain in the colony would be given freedom to continue worshiping in their Roman Catholic tradition, continued ownership of their property, and the right to remain undisturbed in their homes. The British provided medical treatment for the sick and wounded French soldiers and French regular troops were returned to France aboard British ships with an agreement that they were not to serve again in the present war.","Governor Vaudreuil
Governor Vaudreuil
Governor Vaudreuil
Governor Vaudreuil
Governor Vaudreuil",2,"In September 1760, Governor Vaudre",0,0.6730116670092565,0.21845085887695553,168,167,,-0.11636717562290262,-1.3964061074748315,12
run_b--573407d7d058e614000b6813--sample-03,run_b,573407d7d058e614000b6813,squad_v2,validation,sampled_model_generation,Qwen/Qwen2.5-0.5B-Instruct,In Sept 1760 who negotiated a capitulation from Montreal?,"In September 1760, and before any hostilities erupted, Governor Vaudreuil negotiated from Montreal a capitulation with General Amherst. Amherst granted Vaudreuil's request that any French residents who chose to remain in the colony would be given freedom to continue worshiping in their Roman Catholic tradition, continued ownership of their property, and the right to remain undisturbed in their homes. The British provided medical treatment for the sick and wounded French soldiers and French regular troops were returned to France aboard British ships with an agreement that they were not to serve again in the present war.","Governor Vaudreuil
Governor Vaudreuil
Governor Vaudreuil
Governor Vaudreuil
Governor Vaudreuil",3,Governor Vaudreuil negotiated a capitulation from Montreal,1,0.6730116670092565,0.21845085887695553,168,167,,-0.135913400352365,-1.6309608042283799,12
run_b--573407d7d058e614000b6813--sample-04,run_b,573407d7d058e614000b6813,squad_v2,validation,sampled_model_generation,Qwen/Qwen2.5-0.5B-Instruct,In Sept 1760 who negotiated a capitulation from Montreal?,"In September 1760, and before any hostilities erupted, Governor Vaudreuil negotiated from Montreal a capitulation with General Amherst. Amherst granted Vaudreuil's request that any French residents who chose to remain in the colony would be given freedom to continue worshiping in their Roman Catholic tradition, continued ownership of their property, and the right to remain undisturbed in their homes. The British provided medical treatment for the sick and wounded French soldiers and French regular troops were returned to France aboard British ships with an agreement that they were not to serve again in the present war.","Governor Vaudreuil
Governor Vaudreuil
Governor Vaudreuil
Governor Vaudreuil
Governor Vaudreuil",4,"In September 1760, Governor Vaudre",0,0.6730116670092565,0.21845085887695553,168,167,,-0.11636717562290262,-1.3964061074748315,12
run_b--56de4c324396321400ee27ac--sample-00,run_b,56de4c324396321400ee27ac,squad_v2,validation,sampled_model_generation,Qwen/Qwen2.5-0.5B-Instruct,What is Norman art's most well known piece?,"By far the most famous work of Norman art is the Bayeux Tapestry, which is not a tapestry but a work of embroidery. It was commissioned by Odo, the Bishop of Bayeux and first Earl of Kent, employing natives from Kent who were learned in the Nordic traditions imported in the previous half century by the Danish Vikings.","Bayeux Tapestry
the Bayeux Tapestry
the Bayeux Tapestry",0,The most famous work of Norman art is the Bayeux,0,1.0549201679861442,0.6091183100434137,110,109,,-0.29097164547177573,-3.491659745661309,12
run_b--56de4c324396321400ee27ac--sample-01,run_b,56de4c324396321400ee27ac,squad_v2,validation,sampled_model_generation,Qwen/Qwen2.5-0.5B-Instruct,What is Norman art's most well known piece?,"By far the most famous work of Norman art is the Bayeux Tapestry, which is not a tapestry but a work of embroidery. It was commissioned by Odo, the Bishop of Bayeux and first Earl of Kent, employing natives from Kent who were learned in the Nordic traditions imported in the previous half century by the Danish Vikings.","Bayeux Tapestry
the Bayeux Tapestry
the Bayeux Tapestry",1,The Bayeux Tapestry is the most well-known Norman,1,1.0549201679861442,0.6091183100434137,110,109,,-0.3532305058906786,-4.238766070688143,12
run_b--56de4c324396321400ee27ac--sample-02,run_b,56de4c324396321400ee27ac,squad_v2,validation,sampled_model_generation,Qwen/Qwen2.5-0.5B-Instruct,What is Norman art's most well known piece?,"By far the most famous work of Norman art is the Bayeux Tapestry, which is not a tapestry but a work of embroidery. It was commissioned by Odo, the Bishop of Bayeux and first Earl of Kent, employing natives from Kent who were learned in the Nordic traditions imported in the previous half century by the Danish Vikings.","Bayeux Tapestry
the Bayeux Tapestry
the Bayeux Tapestry",2,The Bayeux Tapestry is the most famous Norman art,1,1.0549201679861442,0.6091183100434137,110,109,,-0.4315607246826403,-5.178728696191683,12
run_b--56de4c324396321400ee27ac--sample-03,run_b,56de4c324396321400ee27ac,squad_v2,validation,sampled_model_generation,Qwen/Qwen2.5-0.5B-Instruct,What is Norman art's most well known piece?,"By far the most famous work of Norman art is the Bayeux Tapestry, which is not a tapestry but a work of embroidery. It was commissioned by Odo, the Bishop of Bayeux and first Earl of Kent, employing natives from Kent who were learned in the Nordic traditions imported in the previous half century by the Danish Vikings.","Bayeux Tapestry
the Bayeux Tapestry
the Bayeux Tapestry",3,"The Bayeux Tapestry, known for the artwork of",2,1.0549201679861442,0.6091183100434137,110,109,,-1.6858382169351291,-20.23005860322155,12
run_b--56de4c324396321400ee27ac--sample-04,run_b,56de4c324396321400ee27ac,squad_v2,validation,sampled_model_generation,Qwen/Qwen2.5-0.5B-Instruct,What is Norman art's most well known piece?,"By far the most famous work of Norman art is the Bayeux Tapestry, which is not a tapestry but a work of embroidery. It was commissioned by Odo, the Bishop of Bayeux and first Earl of Kent, employing natives from Kent who were learned in the Nordic traditions imported in the previous half century by the Danish Vikings.","Bayeux Tapestry
the Bayeux Tapestry
the Bayeux Tapestry",4,Norman art's most well-known piece is the Baye,0,1.0549201679861442,0.6091183100434137,110,109,,-0.2839904572368444,-3.407885486842133,12
run_b--57376c50c3c5551400e51ece--sample-00,run_b,57376c50c3c5551400e51ece,squad_v2,validation,sampled_model_generation,Qwen/Qwen2.5-0.5B-Instruct,"If a force is pointing horizontally to the northeast, how many forces can you split the force into?","As well as being added, forces can also be resolved into independent components at right angles to each other. A horizontal force pointing northeast can therefore be split into two forces, one pointing north, and one pointing east. Summing these component forces using vector addition yields the original force. Resolving force vectors into components of a set of basis vectors is often a more mathematically clean way to describe forces than using magnitudes and directions. This is because, for orthogonal components, the components of the vector sum are uniquely determined by the scalar addition of the components of the individual vectors. Orthogonal components are independent of each other because forces acting at ninety degrees to each other have no effect on the magnitude or direction of the other. Choosing a set of orthogonal basis vectors is often done by considering what set of basis vectors will make the mathematics most convenient. Choosing a basis vector that is in the same direction as one of the forces is desirable, since that force would then have only one non-zero component. Orthogonal force vectors can be three-dimensional with the third component being at right-angles to the other two.","two
two
two
two",0,"According to the provided text, a horizontal force pointing northeast can",0,1.3321790402101223,1.2433721502239916,271,270,,-1.0167744555801619,-12.201293466961943,12
run_b--57376c50c3c5551400e51ece--sample-01,run_b,57376c50c3c5551400e51ece,squad_v2,validation,sampled_model_generation,Qwen/Qwen2.5-0.5B-Instruct,"If a force is pointing horizontally to the northeast, how many forces can you split the force into?","As well as being added, forces can also be resolved into independent components at right angles to each other. A horizontal force pointing northeast can therefore be split into two forces, one pointing north, and one pointing east. Summing these component forces using vector addition yields the original force. Resolving force vectors into components of a set of basis vectors is often a more mathematically clean way to describe forces than using magnitudes and directions. This is because, for orthogonal components, the components of the vector sum are uniquely determined by the scalar addition of the components of the individual vectors. Orthogonal components are independent of each other because forces acting at ninety degrees to each other have no effect on the magnitude or direction of the other. Choosing a set of orthogonal basis vectors is often done by considering what set of basis vectors will make the mathematics most convenient. Choosing a basis vector that is in the same direction as one of the forces is desirable, since that force would then have only one non-zero component. Orthogonal force vectors can be three-dimensional with the third component being at right-angles to the other two.","two
two
two
two",1,two forces.,1,1.3321790402101223,1.2433721502239916,271,270,,-1.815283755461375,-5.445851266384125,3
run_b--57376c50c3c5551400e51ece--sample-02,run_b,57376c50c3c5551400e51ece,squad_v2,validation,sampled_model_generation,Qwen/Qwen2.5-0.5B-Instruct,"If a force is pointing horizontally to the northeast, how many forces can you split the force into?","As well as being added, forces can also be resolved into independent components at right angles to each other. A horizontal force pointing northeast can therefore be split into two forces, one pointing north, and one pointing east. Summing these component forces using vector addition yields the original force. Resolving force vectors into components of a set of basis vectors is often a more mathematically clean way to describe forces than using magnitudes and directions. This is because, for orthogonal components, the components of the vector sum are uniquely determined by the scalar addition of the components of the individual vectors. Orthogonal components are independent of each other because forces acting at ninety degrees to each other have no effect on the magnitude or direction of the other. Choosing a set of orthogonal basis vectors is often done by considering what set of basis vectors will make the mathematics most convenient. Choosing a basis vector that is in the same direction as one of the forces is desirable, since that force would then have only one non-zero component. Orthogonal force vectors can be three-dimensional with the third component being at right-angles to the other two.","two
two
two
two",2,It can be split into North-West and East.,2,1.3321790402101223,1.2433721502239916,271,270,,-1.7623181612230838,-17.623181612230837,10
run_b--57376c50c3c5551400e51ece--sample-03,run_b,57376c50c3c5551400e51ece,squad_v2,validation,sampled_model_generation,Qwen/Qwen2.5-0.5B-Instruct,"If a force is pointing horizontally to the northeast, how many forces can you split the force into?","As well as being added, forces can also be resolved into independent components at right angles to each other. A horizontal force pointing northeast can therefore be split into two forces, one pointing north, and one pointing east. Summing these component forces using vector addition yields the original force. Resolving force vectors into components of a set of basis vectors is often a more mathematically clean way to describe forces than using magnitudes and directions. This is because, for orthogonal components, the components of the vector sum are uniquely determined by the scalar addition of the components of the individual vectors. Orthogonal components are independent of each other because forces acting at ninety degrees to each other have no effect on the magnitude or direction of the other. Choosing a set of orthogonal basis vectors is often done by considering what set of basis vectors will make the mathematics most convenient. Choosing a basis vector that is in the same direction as one of the forces is desirable, since that force would then have only one non-zero component. Orthogonal force vectors can be three-dimensional with the third component being at right-angles to the other two.","two
two
two
two",3,Two,1,1.3321790402101223,1.2433721502239916,271,270,,-0.6440283060073853,-0.6440283060073853,1
run_b--57376c50c3c5551400e51ece--sample-04,run_b,57376c50c3c5551400e51ece,squad_v2,validation,sampled_model_generation,Qwen/Qwen2.5-0.5B-Instruct,"If a force is pointing horizontally to the northeast, how many forces can you split the force into?","As well as being added, forces can also be resolved into independent components at right angles to each other. A horizontal force pointing northeast can therefore be split into two forces, one pointing north, and one pointing east. Summing these component forces using vector addition yields the original force. Resolving force vectors into components of a set of basis vectors is often a more mathematically clean way to describe forces than using magnitudes and directions. This is because, for orthogonal components, the components of the vector sum are uniquely determined by the scalar addition of the components of the individual vectors. Orthogonal components are independent of each other because forces acting at ninety degrees to each other have no effect on the magnitude or direction of the other. Choosing a set of orthogonal basis vectors is often done by considering what set of basis vectors will make the mathematics most convenient. Choosing a basis vector that is in the same direction as one of the forces is desirable, since that force would then have only one non-zero component. Orthogonal force vectors can be three-dimensional with the third component being at right-angles to the other two.","two
two
two
two",4,You can split the force into 2 orthogonal forces.,3,1.3321790402101223,1.2433721502239916,271,270,,-0.9784560728479516,-10.763016801327467,11
run_b--5710ed7bb654c5140001fa2e--sample-00,run_b,5710ed7bb654c5140001fa2e,squad_v2,validation,sampled_model_generation,Qwen/Qwen2.5-0.5B-Instruct,What leader led the Dutch Revolt and wrote Apologie?,"Some Huguenots fought in the Low Countries alongside the Dutch against Spain during the first years of the Dutch Revolt (1568–1609). The Dutch Republic rapidly became a destination for Huguenot exiles. Early ties were already visible in the ""Apologie"" of William the Silent, condemning the Spanish Inquisition, which was written by his court minister, the Huguenot Pierre L'Oyseleur, lord of Villiers. Louise de Coligny, daughter of the murdered Huguenot leader Gaspard de Coligny, married William the Silent, leader of the Dutch (Calvinist) revolt against Spanish (Catholic) rule. As both spoke French in daily life, their court church in the Prinsenhof in Delft held services in French. The practice has continued to the present day. The Prinsenhof is one of the 14 active Walloon churches of the Dutch Reformed Church. The ties between Huguenots and the Dutch Republic's military and political leadership, the House of Orange-Nassau, which existed since the early days of the Dutch Revolt, helped support the many early settlements of Huguenots in the Dutch Republic's colonies. They settled at the Cape of Good Hope in South Africa and New Netherland in North America.","William the Silent
Pierre L'Oyseleur
William the Silent",0,The leader who led the Dutch Revolt and wrote the Ap,0,1.3321790402101223,1.001504475810604,318,317,,-0.1752278251296957,-2.1027339015563484,12
run_b--5710ed7bb654c5140001fa2e--sample-01,run_b,5710ed7bb654c5140001fa2e,squad_v2,validation,sampled_model_generation,Qwen/Qwen2.5-0.5B-Instruct,What leader led the Dutch Revolt and wrote Apologie?,"Some Huguenots fought in the Low Countries alongside the Dutch against Spain during the first years of the Dutch Revolt (1568–1609). The Dutch Republic rapidly became a destination for Huguenot exiles. Early ties were already visible in the ""Apologie"" of William the Silent, condemning the Spanish Inquisition, which was written by his court minister, the Huguenot Pierre L'Oyseleur, lord of Villiers. Louise de Coligny, daughter of the murdered Huguenot leader Gaspard de Coligny, married William the Silent, leader of the Dutch (Calvinist) revolt against Spanish (Catholic) rule. As both spoke French in daily life, their court church in the Prinsenhof in Delft held services in French. The practice has continued to the present day. The Prinsenhof is one of the 14 active Walloon churches of the Dutch Reformed Church. The ties between Huguenots and the Dutch Republic's military and political leadership, the House of Orange-Nassau, which existed since the early days of the Dutch Revolt, helped support the many early settlements of Huguenots in the Dutch Republic's colonies. They settled at the Cape of Good Hope in South Africa and New Netherland in North America.","William the Silent
Pierre L'Oyseleur
William the Silent",1,"The leader who led the Dutch Revolt and wrote the """,0,1.3321790402101223,1.001504475810604,318,317,,-0.28057832448151504,-3.3669398937781807,12
run_b--5710ed7bb654c5140001fa2e--sample-02,run_b,5710ed7bb654c5140001fa2e,squad_v2,validation,sampled_model_generation,Qwen/Qwen2.5-0.5B-Instruct,What leader led the Dutch Revolt and wrote Apologie?,"Some Huguenots fought in the Low Countries alongside the Dutch against Spain during the first years of the Dutch Revolt (1568–1609). The Dutch Republic rapidly became a destination for Huguenot exiles. Early ties were already visible in the ""Apologie"" of William the Silent, condemning the Spanish Inquisition, which was written by his court minister, the Huguenot Pierre L'Oyseleur, lord of Villiers. Louise de Coligny, daughter of the murdered Huguenot leader Gaspard de Coligny, married William the Silent, leader of the Dutch (Calvinist) revolt against Spanish (Catholic) rule. As both spoke French in daily life, their court church in the Prinsenhof in Delft held services in French. The practice has continued to the present day. The Prinsenhof is one of the 14 active Walloon churches of the Dutch Reformed Church. The ties between Huguenots and the Dutch Republic's military and political leadership, the House of Orange-Nassau, which existed since the early days of the Dutch Revolt, helped support the many early settlements of Huguenots in the Dutch Republic's colonies. They settled at the Cape of Good Hope in South Africa and New Netherland in North America.","William the Silent
Pierre L'Oyseleur
William the Silent",2,Louise de Coligny initiated and supported the revolt led,1,1.3321790402101223,1.001504475810604,318,317,,-2.1016270453304364,-25.219524543965235,12
run_b--5710ed7bb654c5140001fa2e--sample-03,run_b,5710ed7bb654c5140001fa2e,squad_v2,validation,sampled_model_generation,Qwen/Qwen2.5-0.5B-Instruct,What leader led the Dutch Revolt and wrote Apologie?,"Some Huguenots fought in the Low Countries alongside the Dutch against Spain during the first years of the Dutch Revolt (1568–1609). The Dutch Republic rapidly became a destination for Huguenot exiles. Early ties were already visible in the ""Apologie"" of William the Silent, condemning the Spanish Inquisition, which was written by his court minister, the Huguenot Pierre L'Oyseleur, lord of Villiers. Louise de Coligny, daughter of the murdered Huguenot leader Gaspard de Coligny, married William the Silent, leader of the Dutch (Calvinist) revolt against Spanish (Catholic) rule. As both spoke French in daily life, their court church in the Prinsenhof in Delft held services in French. The practice has continued to the present day. The Prinsenhof is one of the 14 active Walloon churches of the Dutch Reformed Church. The ties between Huguenots and the Dutch Republic's military and political leadership, the House of Orange-Nassau, which existed since the early days of the Dutch Revolt, helped support the many early settlements of Huguenots in the Dutch Republic's colonies. They settled at the Cape of Good Hope in South Africa and New Netherland in North America.","William the Silent
Pierre L'Oyseleur
William the Silent",3,The leader who led the Dutch Revolt was William the Silent,2,1.3321790402101223,1.001504475810604,318,317,,-0.34899665456759976,-4.187959854811197,12
run_b--5710ed7bb654c5140001fa2e--sample-04,run_b,5710ed7bb654c5140001fa2e,squad_v2,validation,sampled_model_generation,Qwen/Qwen2.5-0.5B-Instruct,What leader led the Dutch Revolt and wrote Apologie?,"Some Huguenots fought in the Low Countries alongside the Dutch against Spain during the first years of the Dutch Revolt (1568–1609). The Dutch Republic rapidly became a destination for Huguenot exiles. Early ties were already visible in the ""Apologie"" of William the Silent, condemning the Spanish Inquisition, which was written by his court minister, the Huguenot Pierre L'Oyseleur, lord of Villiers. Louise de Coligny, daughter of the murdered Huguenot leader Gaspard de Coligny, married William the Silent, leader of the Dutch (Calvinist) revolt against Spanish (Catholic) rule. As both spoke French in daily life, their court church in the Prinsenhof in Delft held services in French. The practice has continued to the present day. The Prinsenhof is one of the 14 active Walloon churches of the Dutch Reformed Church. The ties between Huguenots and the Dutch Republic's military and political leadership, the House of Orange-Nassau, which existed since the early days of the Dutch Revolt, helped support the many early settlements of Huguenots in the Dutch Republic's colonies. They settled at the Cape of Good Hope in South Africa and New Netherland in North America.","William the Silent
Pierre L'Oyseleur
William the Silent",4,Gaspard de Coligny defeated the Maréchal,3,1.3321790402101223,1.001504475810604,318,317,,-2.1010925295437723,-25.21311035452527,12
run_b--57296f293f37b319004783a3--sample-00,run_b,57296f293f37b319004783a3,squad_v2,validation,sampled_model_generation,Qwen/Qwen2.5-0.5B-Instruct,What is the name of the property that designates a number as being prime or not?,"The property of being prime (or not) is called primality. A simple but slow method of verifying the primality of a given number n is known as trial division. It consists of testing whether n is a multiple of any integer between 2 and . Algorithms much more efficient than trial division have been devised to test the primality of large numbers. These include the Miller–Rabin primality test, which is fast but has a small probability of error, and the AKS primality test, which always produces the correct answer in polynomial time but is too slow to be practical. Particularly fast methods are available for numbers of special forms, such as Mersenne numbers. As of January 2016[update], the largest known prime number has 22,338,618 decimal digits.","primality
primality
primality
primality
primality",0,The properties name is primality.,0,1.3321790402101223,3.655653079997726,215,214,,-1.802394083501505,-12.616758584510535,7
run_b--57296f293f37b319004783a3--sample-01,run_b,57296f293f37b319004783a3,squad_v2,validation,sampled_model_generation,Qwen/Qwen2.5-0.5B-Instruct,What is the name of the property that designates a number as being prime or not?,"The property of being prime (or not) is called primality. A simple but slow method of verifying the primality of a given number n is known as trial division. It consists of testing whether n is a multiple of any integer between 2 and . Algorithms much more efficient than trial division have been devised to test the primality of large numbers. These include the Miller–Rabin primality test, which is fast but has a small probability of error, and the AKS primality test, which always produces the correct answer in polynomial time but is too slow to be practical. Particularly fast methods are available for numbers of special forms, such as Mersenne numbers. As of January 2016[update], the largest known prime number has 22,338,618 decimal digits.","primality
primality
primality
primality
primality",1,The property that designsates a number as being prime or not,1,1.3321790402101223,3.655653079997726,215,214,,-0.12972924270434305,-1.5567509124521166,12
run_b--57296f293f37b319004783a3--sample-02,run_b,57296f293f37b319004783a3,squad_v2,validation,sampled_model_generation,Qwen/Qwen2.5-0.5B-Instruct,What is the name of the property that designates a number as being prime or not?,"The property of being prime (or not) is called primality. A simple but slow method of verifying the primality of a given number n is known as trial division. It consists of testing whether n is a multiple of any integer between 2 and . Algorithms much more efficient than trial division have been devised to test the primality of large numbers. These include the Miller–Rabin primality test, which is fast but has a small probability of error, and the AKS primality test, which always produces the correct answer in polynomial time but is too slow to be practical. Particularly fast methods are available for numbers of special forms, such as Mersenne numbers. As of January 2016[update], the largest known prime number has 22,338,618 decimal digits.","primality
primality
primality
primality
primality",2,The property that designsates a number as being prime or not,1,1.3321790402101223,3.655653079997726,215,214,,-0.12972924270434305,-1.5567509124521166,12
run_b--57296f293f37b319004783a3--sample-03,run_b,57296f293f37b319004783a3,squad_v2,validation,sampled_model_generation,Qwen/Qwen2.5-0.5B-Instruct,What is the name of the property that designates a number as being prime or not?,"The property of being prime (or not) is called primality. A simple but slow method of verifying the primality of a given number n is known as trial division. It consists of testing whether n is a multiple of any integer between 2 and . Algorithms much more efficient than trial division have been devised to test the primality of large numbers. These include the Miller–Rabin primality test, which is fast but has a small probability of error, and the AKS primality test, which always produces the correct answer in polynomial time but is too slow to be practical. Particularly fast methods are available for numbers of special forms, such as Mersenne numbers. As of January 2016[update], the largest known prime number has 22,338,618 decimal digits.","primality
primality
primality
primality
primality",3,purpose,2,1.3321790402101223,3.655653079997726,215,214,,-15.897905349731445,-15.897905349731445,1
run_b--57296f293f37b319004783a3--sample-04,run_b,57296f293f37b319004783a3,squad_v2,validation,sampled_model_generation,Qwen/Qwen2.5-0.5B-Instruct,What is the name of the property that designates a number as being prime or not?,"The property of being prime (or not) is called primality. A simple but slow method of verifying the primality of a given number n is known as trial division. It consists of testing whether n is a multiple of any integer between 2 and . Algorithms much more efficient than trial division have been devised to test the primality of large numbers. These include the Miller–Rabin primality test, which is fast but has a small probability of error, and the AKS primality test, which always produces the correct answer in polynomial time but is too slow to be practical. Particularly fast methods are available for numbers of special forms, such as Mersenne numbers. As of January 2016[update], the largest known prime number has 22,338,618 decimal digits.","primality
primality
primality
primality
primality",4,The property of being prime (or not) is called prim,3,1.3321790402101223,3.655653079997726,215,214,,-0.3185074813469934,-3.8220897761639208,12
run_b--57282358ff5b5019007d9dde--sample-00,run_b,57282358ff5b5019007d9dde,squad_v2,validation,sampled_model_generation,Qwen/Qwen2.5-0.5B-Instruct,What is Jacksonville's hottest recorded temperature?,"Mean monthly temperatures range from around 53 F in January to 82 F in July. High temperatures average 64 to 92 °F (18 to 33 °C) throughout the year. High heat indices are common for the summer months in the area, with indices above 110 °F (43.3 °C) possible. The highest temperature recorded was 104 °F (40 °C) on July 11, 1879 and July 28, 1872. It is common for thunderstorms to erupt during a typical summer afternoon. These are caused by the rapid heating of the land relative to the water, combined with extremely high humidity.","104 °F
104 °F
104 °F",0,Jacksonville's hottest recorded temperature was 104 °,0,1.3321790402101223,0.8779888846531927,191,190,,-0.3115147061028741,-3.738176473234489,12
run_b--57282358ff5b5019007d9dde--sample-01,run_b,57282358ff5b5019007d9dde,squad_v2,validation,sampled_model_generation,Qwen/Qwen2.5-0.5B-Instruct,What is Jacksonville's hottest recorded temperature?,"Mean monthly temperatures range from around 53 F in January to 82 F in July. High temperatures average 64 to 92 °F (18 to 33 °C) throughout the year. High heat indices are common for the summer months in the area, with indices above 110 °F (43.3 °C) possible. The highest temperature recorded was 104 °F (40 °C) on July 11, 1879 and July 28, 1872. It is common for thunderstorms to erupt during a typical summer afternoon. These are caused by the rapid heating of the land relative to the water, combined with extremely high humidity.","104 °F
104 °F
104 °F",1,The maximum mean temperature reached was 104 °F,1,1.3321790402101223,0.8779888846531927,191,190,,-1.4283638597892907,-17.14036631747149,12
run_b--57282358ff5b5019007d9dde--sample-02,run_b,57282358ff5b5019007d9dde,squad_v2,validation,sampled_model_generation,Qwen/Qwen2.5-0.5B-Instruct,What is Jacksonville's hottest recorded temperature?,"Mean monthly temperatures range from around 53 F in January to 82 F in July. High temperatures average 64 to 92 °F (18 to 33 °C) throughout the year. High heat indices are common for the summer months in the area, with indices above 110 °F (43.3 °C) possible. The highest temperature recorded was 104 °F (40 °C) on July 11, 1879 and July 28, 1872. It is common for thunderstorms to erupt during a typical summer afternoon. These are caused by the rapid heating of the land relative to the water, combined with extremely high humidity.","104 °F
104 °F
104 °F",2,The highest recorded temperature in Jacksonville (US) reached 1,2,1.3321790402101223,0.8779888846531927,191,190,,-1.1628148247643064,-13.953777897171676,12
run_b--57282358ff5b5019007d9dde--sample-03,run_b,57282358ff5b5019007d9dde,squad_v2,validation,sampled_model_generation,Qwen/Qwen2.5-0.5B-Instruct,What is Jacksonville's hottest recorded temperature?,"Mean monthly temperatures range from around 53 F in January to 82 F in July. High temperatures average 64 to 92 °F (18 to 33 °C) throughout the year. High heat indices are common for the summer months in the area, with indices above 110 °F (43.3 °C) possible. The highest temperature recorded was 104 °F (40 °C) on July 11, 1879 and July 28, 1872. It is common for thunderstorms to erupt during a typical summer afternoon. These are caused by the rapid heating of the land relative to the water, combined with extremely high humidity.","104 °F
104 °F
104 °F",3,The hottest reported temperature in Jacksonville is 104 degrees,0,1.3321790402101223,0.8779888846531927,191,190,,-0.9050167605552512,-10.860201126663014,12
run_b--57282358ff5b5019007d9dde--sample-04,run_b,57282358ff5b5019007d9dde,squad_v2,validation,sampled_model_generation,Qwen/Qwen2.5-0.5B-Instruct,What is Jacksonville's hottest recorded temperature?,"Mean monthly temperatures range from around 53 F in January to 82 F in July. High temperatures average 64 to 92 °F (18 to 33 °C) throughout the year. High heat indices are common for the summer months in the area, with indices above 110 °F (43.3 °C) possible. The highest temperature recorded was 104 °F (40 °C) on July 11, 1879 and July 28, 1872. It is common for thunderstorms to erupt during a typical summer afternoon. These are caused by the rapid heating of the land relative to the water, combined with extremely high humidity.","104 °F
104 °F
104 °F",4,The hottest temperature recorded in Jacksonville was 104°F,3,1.3321790402101223,0.8779888846531927,191,190,,-0.5822342720542414,-6.986811264650896,12
run_b--571135b8a58dae1900cd6d0f--sample-00,run_b,571135b8a58dae1900cd6d0f,squad_v2,validation,sampled_model_generation,Qwen/Qwen2.5-0.5B-Instruct,What types of pumps are typically used in industrial boilers?,"The Rankine cycle and most practical steam engines have a water pump to recycle or top up the boiler water, so that they may be run continuously. Utility and industrial boilers commonly use multi-stage centrifugal pumps; however, other types are used. Another means of supplying lower-pressure boiler feed water is an injector, which uses a steam jet usually supplied from the boiler. Injectors became popular in the 1850s but are no longer widely used, except in applications such as steam locomotives.","multi-stage centrifugal
multi-stage centrifugal
multi-stage centrifugal pumps",0,The pump that recycles or top-ups high-pressure boiler feed,0,0.9502705392332347,1.3583941442663003,143,142,,-1.857953765313141,-22.295445183757693,12
run_b--571135b8a58dae1900cd6d0f--sample-01,run_b,571135b8a58dae1900cd6d0f,squad_v2,validation,sampled_model_generation,Qwen/Qwen2.5-0.5B-Instruct,What types of pumps are typically used in industrial boilers?,"The Rankine cycle and most practical steam engines have a water pump to recycle or top up the boiler water, so that they may be run continuously. Utility and industrial boilers commonly use multi-stage centrifugal pumps; however, other types are used. Another means of supplying lower-pressure boiler feed water is an injector, which uses a steam jet usually supplied from the boiler. Injectors became popular in the 1850s but are no longer widely used, except in applications such as steam locomotives.","multi-stage centrifugal
multi-stage centrifugal
multi-stage centrifugal pumps",1,The Type of Pump Used in Industrial Boilers: Injector (,1,0.9502705392332347,1.3583941442663003,143,142,,-1.3902504093712196,-16.683004912454635,12
run_b--571135b8a58dae1900cd6d0f--sample-02,run_b,571135b8a58dae1900cd6d0f,squad_v2,validation,sampled_model_generation,Qwen/Qwen2.5-0.5B-Instruct,What types of pumps are typically used in industrial boilers?,"The Rankine cycle and most practical steam engines have a water pump to recycle or top up the boiler water, so that they may be run continuously. Utility and industrial boilers commonly use multi-stage centrifugal pumps; however, other types are used. Another means of supplying lower-pressure boiler feed water is an injector, which uses a steam jet usually supplied from the boiler. Injectors became popular in the 1850s but are no longer widely used, except in applications such as steam locomotives.","multi-stage centrifugal
multi-stage centrifugal
multi-stage centrifugal pumps",2,"In industrial boilers, two main pump types are used: centrif",2,0.9502705392332347,1.3583941442663003,143,142,,-1.1480823460345466,-13.77698815241456,12
run_b--571135b8a58dae1900cd6d0f--sample-03,run_b,571135b8a58dae1900cd6d0f,squad_v2,validation,sampled_model_generation,Qwen/Qwen2.5-0.5B-Instruct,What types of pumps are typically used in industrial boilers?,"The Rankine cycle and most practical steam engines have a water pump to recycle or top up the boiler water, so that they may be run continuously. Utility and industrial boilers commonly use multi-stage centrifugal pumps; however, other types are used. Another means of supplying lower-pressure boiler feed water is an injector, which uses a steam jet usually supplied from the boiler. Injectors became popular in the 1850s but are no longer widely used, except in applications such as steam locomotives.","multi-stage centrifugal
multi-stage centrifugal
multi-stage centrifugal pumps",3,Injectors,1,0.9502705392332347,1.3583941442663003,143,142,,-1.4096253955212887,-2.8192507910425775,2
run_b--571135b8a58dae1900cd6d0f--sample-04,run_b,571135b8a58dae1900cd6d0f,squad_v2,validation,sampled_model_generation,Qwen/Qwen2.5-0.5B-Instruct,What types of pumps are typically used in industrial boilers?,"The Rankine cycle and most practical steam engines have a water pump to recycle or top up the boiler water, so that they may be run continuously. Utility and industrial boilers commonly use multi-stage centrifugal pumps; however, other types are used. Another means of supplying lower-pressure boiler feed water is an injector, which uses a steam jet usually supplied from the boiler. Injectors became popular in the 1850s but are no longer widely used, except in applications such as steam locomotives.","multi-stage centrifugal
multi-stage centrifugal
multi-stage centrifugal pumps",4,The injectors are commonly used in industrial boilers.,1,0.9502705392332347,1.3583941442663003,143,142,,-0.9860588050913066,-9.860588050913066,10
run_b--57339555d058e614000b5df7--sample-00,run_b,57339555d058e614000b5df7,squad_v2,validation,sampled_model_generation,Qwen/Qwen2.5-0.5B-Instruct,What is one of the largest music schools in Europe?,"The University of Warsaw was established in 1816, when the partitions of Poland separated Warsaw from the oldest and most influential Polish academic center, in Kraków. Warsaw University of Technology is the second academic school of technology in the country, and one of the largest in East-Central Europe, employing 2,000 professors. Other institutions for higher education include the Medical University of Warsaw, the largest medical school in Poland and one of the most prestigious, the National Defence University, highest military academic institution in Poland, the Fryderyk Chopin University of Music the oldest and largest music school in Poland, and one of the largest in Europe, the Warsaw School of Economics, the oldest and most renowned economic university in the country, and the Warsaw University of Life Sciences the largest agricultural university founded in 1818.","Fryderyk Chopin University of Music
Fryderyk Chopin University of Music
Fryderyk Chopin University of Music",0,The National Defence University is the one that has an important role,0,1.6094379124341005,1.3559155489419938,210,209,,-1.4001685065595666,-16.8020220787148,12
run_b--57339555d058e614000b5df7--sample-01,run_b,57339555d058e614000b5df7,squad_v2,validation,sampled_model_generation,Qwen/Qwen2.5-0.5B-Instruct,What is one of the largest music schools in Europe?,"The University of Warsaw was established in 1816, when the partitions of Poland separated Warsaw from the oldest and most influential Polish academic center, in Kraków. Warsaw University of Technology is the second academic school of technology in the country, and one of the largest in East-Central Europe, employing 2,000 professors. Other institutions for higher education include the Medical University of Warsaw, the largest medical school in Poland and one of the most prestigious, the National Defence University, highest military academic institution in Poland, the Fryderyk Chopin University of Music the oldest and largest music school in Poland, and one of the largest in Europe, the Warsaw School of Economics, the oldest and most renowned economic university in the country, and the Warsaw University of Life Sciences the largest agricultural university founded in 1818.","Fryderyk Chopin University of Music
Fryderyk Chopin University of Music
Fryderyk Chopin University of Music",1,The National Defence University is one of the large physical object's,1,1.6094379124341005,1.3559155489419938,210,209,,-2.2947743854359337,-27.537292625231203,12
run_b--57339555d058e614000b5df7--sample-02,run_b,57339555d058e614000b5df7,squad_v2,validation,sampled_model_generation,Qwen/Qwen2.5-0.5B-Instruct,What is one of the largest music schools in Europe?,"The University of Warsaw was established in 1816, when the partitions of Poland separated Warsaw from the oldest and most influential Polish academic center, in Kraków. Warsaw University of Technology is the second academic school of technology in the country, and one of the largest in East-Central Europe, employing 2,000 professors. Other institutions for higher education include the Medical University of Warsaw, the largest medical school in Poland and one of the most prestigious, the National Defence University, highest military academic institution in Poland, the Fryderyk Chopin University of Music the oldest and largest music school in Poland, and one of the largest in Europe, the Warsaw School of Economics, the oldest and most renowned economic university in the country, and the Warsaw University of Life Sciences the largest agricultural university founded in 1818.","Fryderyk Chopin University of Music
Fryderyk Chopin University of Music
Fryderyk Chopin University of Music",2,The National Defence University is a large music school in Poland that,2,1.6094379124341005,1.3559155489419938,210,209,,-0.7018844244448701,-8.422613093338441,12
run_b--57339555d058e614000b5df7--sample-03,run_b,57339555d058e614000b5df7,squad_v2,validation,sampled_model_generation,Qwen/Qwen2.5-0.5B-Instruct,What is one of the largest music schools in Europe?,"The University of Warsaw was established in 1816, when the partitions of Poland separated Warsaw from the oldest and most influential Polish academic center, in Kraków. Warsaw University of Technology is the second academic school of technology in the country, and one of the largest in East-Central Europe, employing 2,000 professors. Other institutions for higher education include the Medical University of Warsaw, the largest medical school in Poland and one of the most prestigious, the National Defence University, highest military academic institution in Poland, the Fryderyk Chopin University of Music the oldest and largest music school in Poland, and one of the largest in Europe, the Warsaw School of Economics, the oldest and most renowned economic university in the country, and the Warsaw University of Life Sciences the largest agricultural university founded in 1818.","Fryderyk Chopin University of Music
Fryderyk Chopin University of Music
Fryderyk Chopin University of Music",3,"The National Defence University, which trains doctors, is equally one",3,1.6094379124341005,1.3559155489419938,210,209,,-1.9498159073361119,-23.39779088803334,12
run_b--57339555d058e614000b5df7--sample-04,run_b,57339555d058e614000b5df7,squad_v2,validation,sampled_model_generation,Qwen/Qwen2.5-0.5B-Instruct,What is one of the largest music schools in Europe?,"The University of Warsaw was established in 1816, when the partitions of Poland separated Warsaw from the oldest and most influential Polish academic center, in Kraków. Warsaw University of Technology is the second academic school of technology in the country, and one of the largest in East-Central Europe, employing 2,000 professors. Other institutions for higher education include the Medical University of Warsaw, the largest medical school in Poland and one of the most prestigious, the National Defence University, highest military academic institution in Poland, the Fryderyk Chopin University of Music the oldest and largest music school in Poland, and one of the largest in Europe, the Warsaw School of Economics, the oldest and most renowned economic university in the country, and the Warsaw University of Life Sciences the largest agricultural university founded in 1818.","Fryderyk Chopin University of Music
Fryderyk Chopin University of Music
Fryderyk Chopin University of Music",4,"The National Defence University, which employs 2,00",4,1.6094379124341005,1.3559155489419938,210,209,,-0.43293452093348606,-5.195214251201833,12
run_b--572691bedd62a815002e89dc--sample-00,run_b,572691bedd62a815002e89dc,squad_v2,validation,sampled_model_generation,Qwen/Qwen2.5-0.5B-Instruct,Which genus of ctenophores does not have cydipped-like larvae?,"Since all modern ctenophores except the beroids have cydippid-like larvae, it has widely been assumed that their last common ancestor also resembled cydippids, having an egg-shaped body and a pair of retractable tentacles. Richard Harbison's purely morphological analysis in 1985 concluded that the cydippids are not monophyletic, in other words do not contain all and only the descendants of a single common ancestor that was itself a cydippid. Instead he found that various cydippid families were more similar to members of other ctenophore orders than to other cydippids. He also suggested that the last common ancestor of modern ctenophores was either cydippid-like or beroid-like. A molecular phylogeny analysis in 2001, using 26 species, including 4 recently discovered ones, confirmed that the cydippids are not monophyletic and concluded that the last common ancestor of modern ctenophores was cydippid-like. It also found that the genetic differences between these species were very small – so small that the relationships between the Lobata, Cestida and Thalassocalycida remained uncertain. This suggests that the last common ancestor of modern ctenophores was relatively recent, and perhaps was lucky enough to survive the Cretaceous–Paleogene extinction event 65.5 million years ago while other lineages perished. When the analysis was broadened to include representatives of other phyla, it concluded that cnidarians are probably more closely related to bilaterians than either group is to ctenophores but that this diagnosis is uncertain.","beroids
beroids
beroids",0,The genus of ctenophores that does not have cy,0,1.3321790402101223,1.3147732387161037,395,394,,-0.08664457308865774,-1.0397348770638928,12
run_b--572691bedd62a815002e89dc--sample-01,run_b,572691bedd62a815002e89dc,squad_v2,validation,sampled_model_generation,Qwen/Qwen2.5-0.5B-Instruct,Which genus of ctenophores does not have cydipped-like larvae?,"Since all modern ctenophores except the beroids have cydippid-like larvae, it has widely been assumed that their last common ancestor also resembled cydippids, having an egg-shaped body and a pair of retractable tentacles. Richard Harbison's purely morphological analysis in 1985 concluded that the cydippids are not monophyletic, in other words do not contain all and only the descendants of a single common ancestor that was itself a cydippid. Instead he found that various cydippid families were more similar to members of other ctenophore orders than to other cydippids. He also suggested that the last common ancestor of modern ctenophores was either cydippid-like or beroid-like. A molecular phylogeny analysis in 2001, using 26 species, including 4 recently discovered ones, confirmed that the cydippids are not monophyletic and concluded that the last common ancestor of modern ctenophores was cydippid-like. It also found that the genetic differences between these species were very small – so small that the relationships between the Lobata, Cestida and Thalassocalycida remained uncertain. This suggests that the last common ancestor of modern ctenophores was relatively recent, and perhaps was lucky enough to survive the Cretaceous–Paleogene extinction event 65.5 million years ago while other lineages perished. When the analysis was broadened to include representatives of other phyla, it concluded that cnidarians are probably more closely related to bilaterians than either group is to ctenophores but that this diagnosis is uncertain.","beroids
beroids
beroids",1,The genus that does not have cydipped-like larvae is,0,1.3321790402101223,1.3147732387161037,395,394,,-0.32475572917610407,-3.897068750113249,12
run_b--572691bedd62a815002e89dc--sample-02,run_b,572691bedd62a815002e89dc,squad_v2,validation,sampled_model_generation,Qwen/Qwen2.5-0.5B-Instruct,Which genus of ctenophores does not have cydipped-like larvae?,"Since all modern ctenophores except the beroids have cydippid-like larvae, it has widely been assumed that their last common ancestor also resembled cydippids, having an egg-shaped body and a pair of retractable tentacles. Richard Harbison's purely morphological analysis in 1985 concluded that the cydippids are not monophyletic, in other words do not contain all and only the descendants of a single common ancestor that was itself a cydippid. Instead he found that various cydippid families were more similar to members of other ctenophore orders than to other cydippids. He also suggested that the last common ancestor of modern ctenophores was either cydippid-like or beroid-like. A molecular phylogeny analysis in 2001, using 26 species, including 4 recently discovered ones, confirmed that the cydippids are not monophyletic and concluded that the last common ancestor of modern ctenophores was cydippid-like. It also found that the genetic differences between these species were very small – so small that the relationships between the Lobata, Cestida and Thalassocalycida remained uncertain. This suggests that the last common ancestor of modern ctenophores was relatively recent, and perhaps was lucky enough to survive the Cretaceous–Paleogene extinction event 65.5 million years ago while other lineages perished. When the analysis was broadened to include representatives of other phyla, it concluded that cnidarians are probably more closely related to bilaterians than either group is to ctenophores but that this diagnosis is uncertain.","beroids
beroids
beroids",2,Beroids,1,1.3321790402101223,1.3147732387161037,395,394,,-1.3282719105482101,-2.6565438210964203,2
run_b--572691bedd62a815002e89dc--sample-03,run_b,572691bedd62a815002e89dc,squad_v2,validation,sampled_model_generation,Qwen/Qwen2.5-0.5B-Instruct,Which genus of ctenophores does not have cydipped-like larvae?,"Since all modern ctenophores except the beroids have cydippid-like larvae, it has widely been assumed that their last common ancestor also resembled cydippids, having an egg-shaped body and a pair of retractable tentacles. Richard Harbison's purely morphological analysis in 1985 concluded that the cydippids are not monophyletic, in other words do not contain all and only the descendants of a single common ancestor that was itself a cydippid. Instead he found that various cydippid families were more similar to members of other ctenophore orders than to other cydippids. He also suggested that the last common ancestor of modern ctenophores was either cydippid-like or beroid-like. A molecular phylogeny analysis in 2001, using 26 species, including 4 recently discovered ones, confirmed that the cydippids are not monophyletic and concluded that the last common ancestor of modern ctenophores was cydippid-like. It also found that the genetic differences between these species were very small – so small that the relationships between the Lobata, Cestida and Thalassocalycida remained uncertain. This suggests that the last common ancestor of modern ctenophores was relatively recent, and perhaps was lucky enough to survive the Cretaceous–Paleogene extinction event 65.5 million years ago while other lineages perished. When the analysis was broadened to include representatives of other phyla, it concluded that cnidarians are probably more closely related to bilaterians than either group is to ctenophores but that this diagnosis is uncertain.","beroids
beroids
beroids",3,The biogeographic range of ctenophores excludes the,2,1.3321790402101223,1.3147732387161037,395,394,,-2.0372253499614694,-24.446704199537635,12
run_b--572691bedd62a815002e89dc--sample-04,run_b,572691bedd62a815002e89dc,squad_v2,validation,sampled_model_generation,Qwen/Qwen2.5-0.5B-Instruct,Which genus of ctenophores does not have cydipped-like larvae?,"Since all modern ctenophores except the beroids have cydippid-like larvae, it has widely been assumed that their last common ancestor also resembled cydippids, having an egg-shaped body and a pair of retractable tentacles. Richard Harbison's purely morphological analysis in 1985 concluded that the cydippids are not monophyletic, in other words do not contain all and only the descendants of a single common ancestor that was itself a cydippid. Instead he found that various cydippid families were more similar to members of other ctenophore orders than to other cydippids. He also suggested that the last common ancestor of modern ctenophores was either cydippid-like or beroid-like. A molecular phylogeny analysis in 2001, using 26 species, including 4 recently discovered ones, confirmed that the cydippids are not monophyletic and concluded that the last common ancestor of modern ctenophores was cydippid-like. It also found that the genetic differences between these species were very small – so small that the relationships between the Lobata, Cestida and Thalassocalycida remained uncertain. This suggests that the last common ancestor of modern ctenophores was relatively recent, and perhaps was lucky enough to survive the Cretaceous–Paleogene extinction event 65.5 million years ago while other lineages perished. When the analysis was broadened to include representatives of other phyla, it concluded that cnidarians are probably more closely related to bilaterians than either group is to ctenophores but that this diagnosis is uncertain.","beroids
beroids
beroids",4,The grass ctenoharaddon genus of ctenoph,3,1.3321790402101223,1.3147732387161037,395,394,,-2.7969686308060773,-33.56362356967293,12
run_b--57302bd0b2c2fd14005689dd--sample-00,run_b,57302bd0b2c2fd14005689dd,squad_v2,validation,sampled_model_generation,Qwen/Qwen2.5-0.5B-Instruct,What did the Islamic State proclaim itself in 2014?,"""The Islamic State"", formerly known as the ""Islamic State of Iraq and the Levant"" and before that as the ""Islamic State of Iraq"", (and called the acronym Daesh by its many detractors), is a Wahhabi/Salafi jihadist extremist militant group which is led by and mainly composed of Sunni Arabs from Iraq and Syria. In 2014, the group proclaimed itself a caliphate, with religious, political and military authority over all Muslims worldwide. As of March 2015[update], it had control over territory occupied by ten million people in Iraq and Syria, and has nominal control over small areas of Libya, Nigeria and Afghanistan. (While a self-described state, it lacks international recognition.) The group also operates or has affiliates in other parts of the world, including North Africa and South Asia.","a caliphate
a caliphate
caliphate",0,"In 2014, the Islamic State (Da",0,0.9502705392332347,0.18952087208332768,214,213,,-0.36637868518179556,-4.3965442221815465,12
run_b--57302bd0b2c2fd14005689dd--sample-01,run_b,57302bd0b2c2fd14005689dd,squad_v2,validation,sampled_model_generation,Qwen/Qwen2.5-0.5B-Instruct,What did the Islamic State proclaim itself in 2014?,"""The Islamic State"", formerly known as the ""Islamic State of Iraq and the Levant"" and before that as the ""Islamic State of Iraq"", (and called the acronym Daesh by its many detractors), is a Wahhabi/Salafi jihadist extremist militant group which is led by and mainly composed of Sunni Arabs from Iraq and Syria. In 2014, the group proclaimed itself a caliphate, with religious, political and military authority over all Muslims worldwide. As of March 2015[update], it had control over territory occupied by ten million people in Iraq and Syria, and has nominal control over small areas of Libya, Nigeria and Afghanistan. (While a self-described state, it lacks international recognition.) The group also operates or has affiliates in other parts of the world, including North Africa and South Asia.","a caliphate
a caliphate
caliphate",1,"In 2014, the group proclaimed itself a",1,0.9502705392332347,0.18952087208332768,214,213,,-0.1089420538955892,-1.3073046467470704,12
run_b--57302bd0b2c2fd14005689dd--sample-02,run_b,57302bd0b2c2fd14005689dd,squad_v2,validation,sampled_model_generation,Qwen/Qwen2.5-0.5B-Instruct,What did the Islamic State proclaim itself in 2014?,"""The Islamic State"", formerly known as the ""Islamic State of Iraq and the Levant"" and before that as the ""Islamic State of Iraq"", (and called the acronym Daesh by its many detractors), is a Wahhabi/Salafi jihadist extremist militant group which is led by and mainly composed of Sunni Arabs from Iraq and Syria. In 2014, the group proclaimed itself a caliphate, with religious, political and military authority over all Muslims worldwide. As of March 2015[update], it had control over territory occupied by ten million people in Iraq and Syria, and has nominal control over small areas of Libya, Nigeria and Afghanistan. (While a self-described state, it lacks international recognition.) The group also operates or has affiliates in other parts of the world, including North Africa and South Asia.","a caliphate
a caliphate
caliphate",2,"In 2014, the group proclaimed itself a",1,0.9502705392332347,0.18952087208332768,214,213,,-0.1089420538955892,-1.3073046467470704,12
run_b--57302bd0b2c2fd14005689dd--sample-03,run_b,57302bd0b2c2fd14005689dd,squad_v2,validation,sampled_model_generation,Qwen/Qwen2.5-0.5B-Instruct,What did the Islamic State proclaim itself in 2014?,"""The Islamic State"", formerly known as the ""Islamic State of Iraq and the Levant"" and before that as the ""Islamic State of Iraq"", (and called the acronym Daesh by its many detractors), is a Wahhabi/Salafi jihadist extremist militant group which is led by and mainly composed of Sunni Arabs from Iraq and Syria. In 2014, the group proclaimed itself a caliphate, with religious, political and military authority over all Muslims worldwide. As of March 2015[update], it had control over territory occupied by ten million people in Iraq and Syria, and has nominal control over small areas of Libya, Nigeria and Afghanistan. (While a self-described state, it lacks international recognition.) The group also operates or has affiliates in other parts of the world, including North Africa and South Asia.","a caliphate
a caliphate
caliphate",3,"In 2014, the group proclaimed itself a",1,0.9502705392332347,0.18952087208332768,214,213,,-0.1089420538955892,-1.3073046467470704,12
run_b--57302bd0b2c2fd14005689dd--sample-04,run_b,57302bd0b2c2fd14005689dd,squad_v2,validation,sampled_model_generation,Qwen/Qwen2.5-0.5B-Instruct,What did the Islamic State proclaim itself in 2014?,"""The Islamic State"", formerly known as the ""Islamic State of Iraq and the Levant"" and before that as the ""Islamic State of Iraq"", (and called the acronym Daesh by its many detractors), is a Wahhabi/Salafi jihadist extremist militant group which is led by and mainly composed of Sunni Arabs from Iraq and Syria. In 2014, the group proclaimed itself a caliphate, with religious, political and military authority over all Muslims worldwide. As of March 2015[update], it had control over territory occupied by ten million people in Iraq and Syria, and has nominal control over small areas of Libya, Nigeria and Afghanistan. (While a self-described state, it lacks international recognition.) The group also operates or has affiliates in other parts of the world, including North Africa and South Asia.","a caliphate
a caliphate
caliphate",4,"In 2014, the Islamic State (IS",2,0.9502705392332347,0.18952087208332768,214,213,,-0.25439951354807516,-3.0527941625769017,12
run_b--57376828c3c5551400e51ebb--sample-00,run_b,57376828c3c5551400e51ebb,squad_v2,validation,sampled_model_generation,Qwen/Qwen2.5-0.5B-Instruct,How do you avoid problems when determining forces involved on an object from two or more sources?,"Forces act in a particular direction and have sizes dependent upon how strong the push or pull is. Because of these characteristics, forces are classified as ""vector quantities"". This means that forces follow a different set of mathematical rules than physical quantities that do not have direction (denoted scalar quantities). For example, when determining what happens when two forces act on the same object, it is necessary to know both the magnitude and the direction of both forces to calculate the result. If both of these pieces of information are not known for each force, the situation is ambiguous. For example, if you know that two people are pulling on the same rope with known magnitudes of force but you do not know which direction either person is pulling, it is impossible to determine what the acceleration of the rope will be. The two people could be pulling against each other as in tug of war or the two people could be pulling in the same direction. In this simple one-dimensional example, without knowing the direction of the forces it is impossible to decide whether the net force is the result of adding the two force magnitudes or subtracting one from the other. Associating forces with vectors avoids such problems.","Associating forces with vectors
Associating forces with vectors
Associating forces with vectors
Associating forces with vectors
know both the magnitude and the direction of both forces to calculate the result",0,"Avoiding such problems involves separating the forces as vector quantities,",0,1.6094379124341005,2.838588221371174,282,281,,-2.3554524617890515,-28.26542954146862,12
run_b--57376828c3c5551400e51ebb--sample-01,run_b,57376828c3c5551400e51ebb,squad_v2,validation,sampled_model_generation,Qwen/Qwen2.5-0.5B-Instruct,How do you avoid problems when determining forces involved on an object from two or more sources?,"Forces act in a particular direction and have sizes dependent upon how strong the push or pull is. Because of these characteristics, forces are classified as ""vector quantities"". This means that forces follow a different set of mathematical rules than physical quantities that do not have direction (denoted scalar quantities). For example, when determining what happens when two forces act on the same object, it is necessary to know both the magnitude and the direction of both forces to calculate the result. If both of these pieces of information are not known for each force, the situation is ambiguous. For example, if you know that two people are pulling on the same rope with known magnitudes of force but you do not know which direction either person is pulling, it is impossible to determine what the acceleration of the rope will be. The two people could be pulling against each other as in tug of war or the two people could be pulling in the same direction. In this simple one-dimensional example, without knowing the direction of the forces it is impossible to decide whether the net force is the result of adding the two force magnitudes or subtracting one from the other. Associating forces with vectors avoids such problems.","Associating forces with vectors
Associating forces with vectors
Associating forces with vectors
Associating forces with vectors
know both the magnitude and the direction of both forces to calculate the result",1,To help correct this problem when finding forces acting on an object,1,1.6094379124341005,2.838588221371174,282,281,,-2.347476921354731,-28.16972305625677,12
run_b--57376828c3c5551400e51ebb--sample-02,run_b,57376828c3c5551400e51ebb,squad_v2,validation,sampled_model_generation,Qwen/Qwen2.5-0.5B-Instruct,How do you avoid problems when determining forces involved on an object from two or more sources?,"Forces act in a particular direction and have sizes dependent upon how strong the push or pull is. Because of these characteristics, forces are classified as ""vector quantities"". This means that forces follow a different set of mathematical rules than physical quantities that do not have direction (denoted scalar quantities). For example, when determining what happens when two forces act on the same object, it is necessary to know both the magnitude and the direction of both forces to calculate the result. If both of these pieces of information are not known for each force, the situation is ambiguous. For example, if you know that two people are pulling on the same rope with known magnitudes of force but you do not know which direction either person is pulling, it is impossible to determine what the acceleration of the rope will be. The two people could be pulling against each other as in tug of war or the two people could be pulling in the same direction. In this simple one-dimensional example, without knowing the direction of the forces it is impossible to decide whether the net force is the result of adding the two force magnitudes or subtracting one from the other. Associating forces with vectors avoids such problems.","Associating forces with vectors
Associating forces with vectors
Associating forces with vectors
Associating forces with vectors
know both the magnitude and the direction of both forces to calculate the result",2,You can declare the intersection of forces solves the problem by asking,2,1.6094379124341005,2.838588221371174,282,281,,-3.848961843177676,-46.187542118132114,12
run_b--57376828c3c5551400e51ebb--sample-03,run_b,57376828c3c5551400e51ebb,squad_v2,validation,sampled_model_generation,Qwen/Qwen2.5-0.5B-Instruct,How do you avoid problems when determining forces involved on an object from two or more sources?,"Forces act in a particular direction and have sizes dependent upon how strong the push or pull is. Because of these characteristics, forces are classified as ""vector quantities"". This means that forces follow a different set of mathematical rules than physical quantities that do not have direction (denoted scalar quantities). For example, when determining what happens when two forces act on the same object, it is necessary to know both the magnitude and the direction of both forces to calculate the result. If both of these pieces of information are not known for each force, the situation is ambiguous. For example, if you know that two people are pulling on the same rope with known magnitudes of force but you do not know which direction either person is pulling, it is impossible to determine what the acceleration of the rope will be. The two people could be pulling against each other as in tug of war or the two people could be pulling in the same direction. In this simple one-dimensional example, without knowing the direction of the forces it is impossible to decide whether the net force is the result of adding the two force magnitudes or subtracting one from the other. Associating forces with vectors avoids such problems.","Associating forces with vectors
Associating forces with vectors
Associating forces with vectors
Associating forces with vectors
know both the magnitude and the direction of both forces to calculate the result",3,The main issue in solving problems with two or more sources of,3,1.6094379124341005,2.838588221371174,282,281,,-2.129424963146448,-25.553099557757378,12
run_b--57376828c3c5551400e51ebb--sample-04,run_b,57376828c3c5551400e51ebb,squad_v2,validation,sampled_model_generation,Qwen/Qwen2.5-0.5B-Instruct,How do you avoid problems when determining forces involved on an object from two or more sources?,"Forces act in a particular direction and have sizes dependent upon how strong the push or pull is. Because of these characteristics, forces are classified as ""vector quantities"". This means that forces follow a different set of mathematical rules than physical quantities that do not have direction (denoted scalar quantities). For example, when determining what happens when two forces act on the same object, it is necessary to know both the magnitude and the direction of both forces to calculate the result. If both of these pieces of information are not known for each force, the situation is ambiguous. For example, if you know that two people are pulling on the same rope with known magnitudes of force but you do not know which direction either person is pulling, it is impossible to determine what the acceleration of the rope will be. The two people could be pulling against each other as in tug of war or the two people could be pulling in the same direction. In this simple one-dimensional example, without knowing the direction of the forces it is impossible to decide whether the net force is the result of adding the two force magnitudes or subtracting one from the other. Associating forces with vectors avoids such problems.","Associating forces with vectors
Associating forces with vectors
Associating forces with vectors
Associating forces with vectors
know both the magnitude and the direction of both forces to calculate the result",4,Vectors provide the tools over scalar quantity calculations involving directions on forces,4,1.6094379124341005,2.838588221371174,282,281,,-3.5116249173879623,-42.13949900865555,12
run_b--570603c475f01819005e7886--sample-00,run_b,570603c475f01819005e7886,squad_v2,validation,sampled_model_generation,Qwen/Qwen2.5-0.5B-Instruct,Which region began to grow and assert itself in the 2000s?,"As of the 2010 United States Census, southern California has a population of 22,680,010. Despite a reputation for high growth rates, southern California's rate grew less than the state average of 10.0% in the 2000s as California's growth became concentrated in the northern part of the state due to a stronger, tech-oriented economy in the Bay Area and an emerging Greater Sacramento region.","Greater Sacramento
Greater Sacramento
Greater Sacramento",0,Southern California previously was characterized by a strong tech-oriented economy in,0,1.6094379124341005,2.060805940150749,142,141,,-1.8370628696866333,-22.0447544362396,12
run_b--570603c475f01819005e7886--sample-01,run_b,570603c475f01819005e7886,squad_v2,validation,sampled_model_generation,Qwen/Qwen2.5-0.5B-Instruct,Which region began to grow and assert itself in the 2000s?,"As of the 2010 United States Census, southern California has a population of 22,680,010. Despite a reputation for high growth rates, southern California's rate grew less than the state average of 10.0% in the 2000s as California's growth became concentrated in the northern part of the state due to a stronger, tech-oriented economy in the Bay Area and an emerging Greater Sacramento region.","Greater Sacramento
Greater Sacramento
Greater Sacramento",1,The Bay Area EXPECTED to begin growing and assertifying itself,1,1.6094379124341005,2.060805940150749,142,141,,-2.5514481865490475,-30.61737823858857,12
run_b--570603c475f01819005e7886--sample-02,run_b,570603c475f01819005e7886,squad_v2,validation,sampled_model_generation,Qwen/Qwen2.5-0.5B-Instruct,Which region began to grow and assert itself in the 2000s?,"As of the 2010 United States Census, southern California has a population of 22,680,010. Despite a reputation for high growth rates, southern California's rate grew less than the state average of 10.0% in the 2000s as California's growth became concentrated in the northern part of the state due to a stronger, tech-oriented economy in the Bay Area and an emerging Greater Sacramento region.","Greater Sacramento
Greater Sacramento
Greater Sacramento",2,The technology/knowledge hub/density grew and asserted its influence,2,1.6094379124341005,2.060805940150749,142,141,,-3.4791411782304444,-41.749694138765335,12
run_b--570603c475f01819005e7886--sample-03,run_b,570603c475f01819005e7886,squad_v2,validation,sampled_model_generation,Qwen/Qwen2.5-0.5B-Instruct,Which region began to grow and assert itself in the 2000s?,"As of the 2010 United States Census, southern California has a population of 22,680,010. Despite a reputation for high growth rates, southern California's rate grew less than the state average of 10.0% in the 2000s as California's growth became concentrated in the northern part of the state due to a stronger, tech-oriented economy in the Bay Area and an emerging Greater Sacramento region.","Greater Sacramento
Greater Sacramento
Greater Sacramento",3,The Bay Area and the greater Sacramento region insisted on growing in,3,1.6094379124341005,2.060805940150749,142,141,,-1.721557169066121,-20.658686028793454,12
run_b--570603c475f01819005e7886--sample-04,run_b,570603c475f01819005e7886,squad_v2,validation,sampled_model_generation,Qwen/Qwen2.5-0.5B-Instruct,Which region began to grow and assert itself in the 2000s?,"As of the 2010 United States Census, southern California has a population of 22,680,010. Despite a reputation for high growth rates, southern California's rate grew less than the state average of 10.0% in the 2000s as California's growth became concentrated in the northern part of the state due to a stronger, tech-oriented economy in the Bay Area and an emerging Greater Sacramento region.","Greater Sacramento
Greater Sacramento
Greater Sacramento",4,The Bay area began to grow and assert itself in the,4,1.6094379124341005,2.060805940150749,142,141,,-0.714820297221498,-8.577843566657975,12
run_b--5726887e708984140094c917--sample-00,run_b,5726887e708984140094c917,squad_v2,validation,sampled_model_generation,Qwen/Qwen2.5-0.5B-Instruct,"Are ctenophores predators, vegetarian or parasitic?","Almost all ctenophores are predators – there are no vegetarians and only one genus that is partly parasitic. If food is plentiful, they can eat 10 times their own weight per day. While Beroe preys mainly on other ctenophores, other surface-water species prey on zooplankton (planktonic animals) ranging in size from the microscopic, including mollusc and fish larvae, to small adult crustaceans such as copepods, amphipods, and even krill. Members of the genus Haeckelia prey on jellyfish and incorporate their prey's nematocysts (stinging cells) into their own tentacles instead of colloblasts. Ctenophores have been compared to spiders in their wide range of techniques from capturing prey – some hang motionless in the water using their tentacles as ""webs"", some are ambush predators like Salticid jumping spiders, and some dangle a sticky droplet at the end of a fine thread, as bolas spiders do. This variety explains the wide range of body forms in a phylum with rather few species. The two-tentacled ""cydippid"" Lampea feeds exclusively on salps, close relatives of sea-squirts that form large chain-like floating colonies, and juveniles of Lampea attach themselves like parasites to salps that are too large for them to swallow. Members of the cydippid genus Pleurobrachia and the lobate Bolinopsis often reach high population densities at the same place and time because they specialize in different types of prey: Pleurobrachia's long tentacles mainly capture relatively strong swimmers such as adult copepods, while Bolinopsis generally feeds on smaller, weaker swimmers such as rotifers and mollusc and crustacean larvae.","Almost all ctenophores are predators
predators
predators",0,"Most ctenophores are predators, but there is one",0,1.3321790402101223,0.8876732040353496,419,418,,-0.9415545891485332,-11.298655069782399,12
run_b--5726887e708984140094c917--sample-01,run_b,5726887e708984140094c917,squad_v2,validation,sampled_model_generation,Qwen/Qwen2.5-0.5B-Instruct,"Are ctenophores predators, vegetarian or parasitic?","Almost all ctenophores are predators – there are no vegetarians and only one genus that is partly parasitic. If food is plentiful, they can eat 10 times their own weight per day. While Beroe preys mainly on other ctenophores, other surface-water species prey on zooplankton (planktonic animals) ranging in size from the microscopic, including mollusc and fish larvae, to small adult crustaceans such as copepods, amphipods, and even krill. Members of the genus Haeckelia prey on jellyfish and incorporate their prey's nematocysts (stinging cells) into their own tentacles instead of colloblasts. Ctenophores have been compared to spiders in their wide range of techniques from capturing prey – some hang motionless in the water using their tentacles as ""webs"", some are ambush predators like Salticid jumping spiders, and some dangle a sticky droplet at the end of a fine thread, as bolas spiders do. This variety explains the wide range of body forms in a phylum with rather few species. The two-tentacled ""cydippid"" Lampea feeds exclusively on salps, close relatives of sea-squirts that form large chain-like floating colonies, and juveniles of Lampea attach themselves like parasites to salps that are too large for them to swallow. Members of the cydippid genus Pleurobrachia and the lobate Bolinopsis often reach high population densities at the same place and time because they specialize in different types of prey: Pleurobrachia's long tentacles mainly capture relatively strong swimmers such as adult copepods, while Bolinopsis generally feeds on smaller, weaker swimmers such as rotifers and mollusc and crustacean larvae.","Almost all ctenophores are predators
predators
predators",1,"Ctenophores are carnivorous, parasitic, or",1,1.3321790402101223,0.8876732040353496,419,418,,-0.9652651735620262,-11.583182082744315,12
run_b--5726887e708984140094c917--sample-02,run_b,5726887e708984140094c917,squad_v2,validation,sampled_model_generation,Qwen/Qwen2.5-0.5B-Instruct,"Are ctenophores predators, vegetarian or parasitic?","Almost all ctenophores are predators – there are no vegetarians and only one genus that is partly parasitic. If food is plentiful, they can eat 10 times their own weight per day. While Beroe preys mainly on other ctenophores, other surface-water species prey on zooplankton (planktonic animals) ranging in size from the microscopic, including mollusc and fish larvae, to small adult crustaceans such as copepods, amphipods, and even krill. Members of the genus Haeckelia prey on jellyfish and incorporate their prey's nematocysts (stinging cells) into their own tentacles instead of colloblasts. Ctenophores have been compared to spiders in their wide range of techniques from capturing prey – some hang motionless in the water using their tentacles as ""webs"", some are ambush predators like Salticid jumping spiders, and some dangle a sticky droplet at the end of a fine thread, as bolas spiders do. This variety explains the wide range of body forms in a phylum with rather few species. The two-tentacled ""cydippid"" Lampea feeds exclusively on salps, close relatives of sea-squirts that form large chain-like floating colonies, and juveniles of Lampea attach themselves like parasites to salps that are too large for them to swallow. Members of the cydippid genus Pleurobrachia and the lobate Bolinopsis often reach high population densities at the same place and time because they specialize in different types of prey: Pleurobrachia's long tentacles mainly capture relatively strong swimmers such as adult copepods, while Bolinopsis generally feeds on smaller, weaker swimmers such as rotifers and mollusc and crustacean larvae.","Almost all ctenophores are predators
predators
predators",2,Ctenophores are vegatable predators.,2,1.3321790402101223,0.8876732040353496,419,418,,-1.1333054361295782,-10.199748925166205,9
run_b--5726887e708984140094c917--sample-03,run_b,5726887e708984140094c917,squad_v2,validation,sampled_model_generation,Qwen/Qwen2.5-0.5B-Instruct,"Are ctenophores predators, vegetarian or parasitic?","Almost all ctenophores are predators – there are no vegetarians and only one genus that is partly parasitic. If food is plentiful, they can eat 10 times their own weight per day. While Beroe preys mainly on other ctenophores, other surface-water species prey on zooplankton (planktonic animals) ranging in size from the microscopic, including mollusc and fish larvae, to small adult crustaceans such as copepods, amphipods, and even krill. Members of the genus Haeckelia prey on jellyfish and incorporate their prey's nematocysts (stinging cells) into their own tentacles instead of colloblasts. Ctenophores have been compared to spiders in their wide range of techniques from capturing prey – some hang motionless in the water using their tentacles as ""webs"", some are ambush predators like Salticid jumping spiders, and some dangle a sticky droplet at the end of a fine thread, as bolas spiders do. This variety explains the wide range of body forms in a phylum with rather few species. The two-tentacled ""cydippid"" Lampea feeds exclusively on salps, close relatives of sea-squirts that form large chain-like floating colonies, and juveniles of Lampea attach themselves like parasites to salps that are too large for them to swallow. Members of the cydippid genus Pleurobrachia and the lobate Bolinopsis often reach high population densities at the same place and time because they specialize in different types of prey: Pleurobrachia's long tentacles mainly capture relatively strong swimmers such as adult copepods, while Bolinopsis generally feeds on smaller, weaker swimmers such as rotifers and mollusc and crustacean larvae.","Almost all ctenophores are predators
predators
predators",3,There are no vegetarians and only one genus that is partly,3,1.3321790402101223,0.8876732040353496,419,418,,-0.6786214874179374,-8.143457849015249,12
run_b--5726887e708984140094c917--sample-04,run_b,5726887e708984140094c917,squad_v2,validation,sampled_model_generation,Qwen/Qwen2.5-0.5B-Instruct,"Are ctenophores predators, vegetarian or parasitic?","Almost all ctenophores are predators – there are no vegetarians and only one genus that is partly parasitic. If food is plentiful, they can eat 10 times their own weight per day. While Beroe preys mainly on other ctenophores, other surface-water species prey on zooplankton (planktonic animals) ranging in size from the microscopic, including mollusc and fish larvae, to small adult crustaceans such as copepods, amphipods, and even krill. Members of the genus Haeckelia prey on jellyfish and incorporate their prey's nematocysts (stinging cells) into their own tentacles instead of colloblasts. Ctenophores have been compared to spiders in their wide range of techniques from capturing prey – some hang motionless in the water using their tentacles as ""webs"", some are ambush predators like Salticid jumping spiders, and some dangle a sticky droplet at the end of a fine thread, as bolas spiders do. This variety explains the wide range of body forms in a phylum with rather few species. The two-tentacled ""cydippid"" Lampea feeds exclusively on salps, close relatives of sea-squirts that form large chain-like floating colonies, and juveniles of Lampea attach themselves like parasites to salps that are too large for them to swallow. Members of the cydippid genus Pleurobrachia and the lobate Bolinopsis often reach high population densities at the same place and time because they specialize in different types of prey: Pleurobrachia's long tentacles mainly capture relatively strong swimmers such as adult copepods, while Bolinopsis generally feeds on smaller, weaker swimmers such as rotifers and mollusc and crustacean larvae.","Almost all ctenophores are predators
predators
predators",4,"Ctenophores are predators, parasitic, and veget",2,1.3321790402101223,0.8876732040353496,419,418,,-0.719619333918672,-8.635432007024065,12
run_b--5737821cc3c5551400e51f1c--sample-00,run_b,5737821cc3c5551400e51f1c,squad_v2,validation,sampled_model_generation,Qwen/Qwen2.5-0.5B-Instruct,What type of physics model did Einstein fail to make?,"The development of fundamental theories for forces proceeded along the lines of unification of disparate ideas. For example, Isaac Newton unified the force responsible for objects falling at the surface of the Earth with the force responsible for the orbits of celestial mechanics in his universal theory of gravitation. Michael Faraday and James Clerk Maxwell demonstrated that electric and magnetic forces were unified through one consistent theory of electromagnetism. In the 20th century, the development of quantum mechanics led to a modern understanding that the first three fundamental forces (all except gravity) are manifestations of matter (fermions) interacting by exchanging virtual particles called gauge bosons. This standard model of particle physics posits a similarity between the forces and led scientists to predict the unification of the weak and electromagnetic forces in electroweak theory subsequently confirmed by observation. The complete formulation of the standard model predicts an as yet unobserved Higgs mechanism, but observations such as neutrino oscillations indicate that the standard model is incomplete. A Grand Unified Theory allowing for the combination of the electroweak interaction with the strong force is held out as a possibility with candidate theories such as supersymmetry proposed to accommodate some of the outstanding unsolved problems in physics. Physicists are still attempting to develop self-consistent unification models that would combine all four fundamental interactions into a theory of everything. Einstein tried and failed at this endeavor, but currently the most popular approach to answering this question is string theory.:212–219","self-consistent unification
self-consistent unification models
self-consistent unification
self-consistent unification models that would combine all four fundamental interactions",0,Einstein tried to unify all four fundamental forces into a theory,0,1.6094379124341005,1.1346610154617034,342,341,,-0.84140106618482,-10.09681279421784,12
run_b--5737821cc3c5551400e51f1c--sample-01,run_b,5737821cc3c5551400e51f1c,squad_v2,validation,sampled_model_generation,Qwen/Qwen2.5-0.5B-Instruct,What type of physics model did Einstein fail to make?,"The development of fundamental theories for forces proceeded along the lines of unification of disparate ideas. For example, Isaac Newton unified the force responsible for objects falling at the surface of the Earth with the force responsible for the orbits of celestial mechanics in his universal theory of gravitation. Michael Faraday and James Clerk Maxwell demonstrated that electric and magnetic forces were unified through one consistent theory of electromagnetism. In the 20th century, the development of quantum mechanics led to a modern understanding that the first three fundamental forces (all except gravity) are manifestations of matter (fermions) interacting by exchanging virtual particles called gauge bosons. This standard model of particle physics posits a similarity between the forces and led scientists to predict the unification of the weak and electromagnetic forces in electroweak theory subsequently confirmed by observation. The complete formulation of the standard model predicts an as yet unobserved Higgs mechanism, but observations such as neutrino oscillations indicate that the standard model is incomplete. A Grand Unified Theory allowing for the combination of the electroweak interaction with the strong force is held out as a possibility with candidate theories such as supersymmetry proposed to accommodate some of the outstanding unsolved problems in physics. Physicists are still attempting to develop self-consistent unification models that would combine all four fundamental interactions into a theory of everything. Einstein tried and failed at this endeavor, but currently the most popular approach to answering this question is string theory.:212–219","self-consistent unification
self-consistent unification models
self-consistent unification
self-consistent unification models that would combine all four fundamental interactions",1,"Einstein tried and failed at this endeavor, but currently the",1,1.6094379124341005,1.1346610154617034,342,341,,-0.33230854650416103,-3.987702558049932,12
run_b--5737821cc3c5551400e51f1c--sample-02,run_b,5737821cc3c5551400e51f1c,squad_v2,validation,sampled_model_generation,Qwen/Qwen2.5-0.5B-Instruct,What type of physics model did Einstein fail to make?,"The development of fundamental theories for forces proceeded along the lines of unification of disparate ideas. For example, Isaac Newton unified the force responsible for objects falling at the surface of the Earth with the force responsible for the orbits of celestial mechanics in his universal theory of gravitation. Michael Faraday and James Clerk Maxwell demonstrated that electric and magnetic forces were unified through one consistent theory of electromagnetism. In the 20th century, the development of quantum mechanics led to a modern understanding that the first three fundamental forces (all except gravity) are manifestations of matter (fermions) interacting by exchanging virtual particles called gauge bosons. This standard model of particle physics posits a similarity between the forces and led scientists to predict the unification of the weak and electromagnetic forces in electroweak theory subsequently confirmed by observation. The complete formulation of the standard model predicts an as yet unobserved Higgs mechanism, but observations such as neutrino oscillations indicate that the standard model is incomplete. A Grand Unified Theory allowing for the combination of the electroweak interaction with the strong force is held out as a possibility with candidate theories such as supersymmetry proposed to accommodate some of the outstanding unsolved problems in physics. Physicists are still attempting to develop self-consistent unification models that would combine all four fundamental interactions into a theory of everything. Einstein tried and failed at this endeavor, but currently the most popular approach to answering this question is string theory.:212–219","self-consistent unification
self-consistent unification models
self-consistent unification
self-consistent unification models that would combine all four fundamental interactions",2,"Einstein failed at unifying gravity and electromagnetism,",2,1.6094379124341005,1.1346610154617034,342,341,,-0.7508408111413397,-9.010089733696077,12
run_b--5737821cc3c5551400e51f1c--sample-03,run_b,5737821cc3c5551400e51f1c,squad_v2,validation,sampled_model_generation,Qwen/Qwen2.5-0.5B-Instruct,What type of physics model did Einstein fail to make?,"The development of fundamental theories for forces proceeded along the lines of unification of disparate ideas. For example, Isaac Newton unified the force responsible for objects falling at the surface of the Earth with the force responsible for the orbits of celestial mechanics in his universal theory of gravitation. Michael Faraday and James Clerk Maxwell demonstrated that electric and magnetic forces were unified through one consistent theory of electromagnetism. In the 20th century, the development of quantum mechanics led to a modern understanding that the first three fundamental forces (all except gravity) are manifestations of matter (fermions) interacting by exchanging virtual particles called gauge bosons. This standard model of particle physics posits a similarity between the forces and led scientists to predict the unification of the weak and electromagnetic forces in electroweak theory subsequently confirmed by observation. The complete formulation of the standard model predicts an as yet unobserved Higgs mechanism, but observations such as neutrino oscillations indicate that the standard model is incomplete. A Grand Unified Theory allowing for the combination of the electroweak interaction with the strong force is held out as a possibility with candidate theories such as supersymmetry proposed to accommodate some of the outstanding unsolved problems in physics. Physicists are still attempting to develop self-consistent unification models that would combine all four fundamental interactions into a theory of everything. Einstein tried and failed at this endeavor, but currently the most popular approach to answering this question is string theory.:212–219","self-consistent unification
self-consistent unification models
self-consistent unification
self-consistent unification models that would combine all four fundamental interactions",3,String theory,3,1.6094379124341005,1.1346610154617034,342,341,,-2.3931234823539853,-4.786246964707971,2
run_b--5737821cc3c5551400e51f1c--sample-04,run_b,5737821cc3c5551400e51f1c,squad_v2,validation,sampled_model_generation,Qwen/Qwen2.5-0.5B-Instruct,What type of physics model did Einstein fail to make?,"The development of fundamental theories for forces proceeded along the lines of unification of disparate ideas. For example, Isaac Newton unified the force responsible for objects falling at the surface of the Earth with the force responsible for the orbits of celestial mechanics in his universal theory of gravitation. Michael Faraday and James Clerk Maxwell demonstrated that electric and magnetic forces were unified through one consistent theory of electromagnetism. In the 20th century, the development of quantum mechanics led to a modern understanding that the first three fundamental forces (all except gravity) are manifestations of matter (fermions) interacting by exchanging virtual particles called gauge bosons. This standard model of particle physics posits a similarity between the forces and led scientists to predict the unification of the weak and electromagnetic forces in electroweak theory subsequently confirmed by observation. The complete formulation of the standard model predicts an as yet unobserved Higgs mechanism, but observations such as neutrino oscillations indicate that the standard model is incomplete. A Grand Unified Theory allowing for the combination of the electroweak interaction with the strong force is held out as a possibility with candidate theories such as supersymmetry proposed to accommodate some of the outstanding unsolved problems in physics. Physicists are still attempting to develop self-consistent unification models that would combine all four fundamental interactions into a theory of everything. Einstein tried and failed at this endeavor, but currently the most popular approach to answering this question is string theory.:212–219","self-consistent unification
self-consistent unification models
self-consistent unification
self-consistent unification models that would combine all four fundamental interactions",4,Einstein's attempt at creating a grand unified theory for four,4,1.6094379124341005,1.1346610154617034,342,341,,-1.3556311711242113,-16.267574053490534,12
run_b--5711648850c2381900b54ac5--sample-00,run_b,5711648850c2381900b54ac5,squad_v2,validation,sampled_model_generation,Qwen/Qwen2.5-0.5B-Instruct,How much turbine power is consumed by the pump while the work fluid is condensed?,"One of the principal advantages the Rankine cycle holds over others is that during the compression stage relatively little work is required to drive the pump, the working fluid being in its liquid phase at this point. By condensing the fluid, the work required by the pump consumes only 1% to 3% of the turbine power and contributes to a much higher efficiency for a real cycle. The benefit of this is lost somewhat due to the lower heat addition temperature. Gas turbines, for instance, have turbine entry temperatures approaching 1500 °C. Nonetheless, the efficiencies of actual large steam cycles and large modern gas turbines are fairly well matched.[citation needed]","1% to 3%
1% to 3%
1% to 3%",0,"Less than 1%, according to the given context.",0,1.3321790402101223,1.2963637626940248,179,178,,-1.0804115684110334,-11.884527252521366,11
run_b--5711648850c2381900b54ac5--sample-01,run_b,5711648850c2381900b54ac5,squad_v2,validation,sampled_model_generation,Qwen/Qwen2.5-0.5B-Instruct,How much turbine power is consumed by the pump while the work fluid is condensed?,"One of the principal advantages the Rankine cycle holds over others is that during the compression stage relatively little work is required to drive the pump, the working fluid being in its liquid phase at this point. By condensing the fluid, the work required by the pump consumes only 1% to 3% of the turbine power and contributes to a much higher efficiency for a real cycle. The benefit of this is lost somewhat due to the lower heat addition temperature. Gas turbines, for instance, have turbine entry temperatures approaching 1500 °C. Nonetheless, the efficiencies of actual large steam cycles and large modern gas turbines are fairly well matched.[citation needed]","1% to 3%
1% to 3%
1% to 3%",1,"During the compression stage, relatively little work (less than",1,1.3321790402101223,1.2963637626940248,179,178,,-0.7039947204175405,-8.447936645010486,12
run_b--5711648850c2381900b54ac5--sample-02,run_b,5711648850c2381900b54ac5,squad_v2,validation,sampled_model_generation,Qwen/Qwen2.5-0.5B-Instruct,How much turbine power is consumed by the pump while the work fluid is condensed?,"One of the principal advantages the Rankine cycle holds over others is that during the compression stage relatively little work is required to drive the pump, the working fluid being in its liquid phase at this point. By condensing the fluid, the work required by the pump consumes only 1% to 3% of the turbine power and contributes to a much higher efficiency for a real cycle. The benefit of this is lost somewhat due to the lower heat addition temperature. Gas turbines, for instance, have turbine entry temperatures approaching 1500 °C. Nonetheless, the efficiencies of actual large steam cycles and large modern gas turbines are fairly well matched.[citation needed]","1% to 3%
1% to 3%
1% to 3%",2,"According to the given context, when the working fluid is in",2,1.3321790402101223,1.2963637626940248,179,178,,-0.7966938460764746,-9.560326152917696,12
run_b--5711648850c2381900b54ac5--sample-03,run_b,5711648850c2381900b54ac5,squad_v2,validation,sampled_model_generation,Qwen/Qwen2.5-0.5B-Instruct,How much turbine power is consumed by the pump while the work fluid is condensed?,"One of the principal advantages the Rankine cycle holds over others is that during the compression stage relatively little work is required to drive the pump, the working fluid being in its liquid phase at this point. By condensing the fluid, the work required by the pump consumes only 1% to 3% of the turbine power and contributes to a much higher efficiency for a real cycle. The benefit of this is lost somewhat due to the lower heat addition temperature. Gas turbines, for instance, have turbine entry temperatures approaching 1500 °C. Nonetheless, the efficiencies of actual large steam cycles and large modern gas turbines are fairly well matched.[citation needed]","1% to 3%
1% to 3%
1% to 3%",3,Previously less than or equal to 1% of the turbine,3,1.3321790402101223,1.2963637626940248,179,178,,-1.9701746717716258,-23.642096061259508,12
run_b--5711648850c2381900b54ac5--sample-04,run_b,5711648850c2381900b54ac5,squad_v2,validation,sampled_model_generation,Qwen/Qwen2.5-0.5B-Instruct,How much turbine power is consumed by the pump while the work fluid is condensed?,"One of the principal advantages the Rankine cycle holds over others is that during the compression stage relatively little work is required to drive the pump, the working fluid being in its liquid phase at this point. By condensing the fluid, the work required by the pump consumes only 1% to 3% of the turbine power and contributes to a much higher efficiency for a real cycle. The benefit of this is lost somewhat due to the lower heat addition temperature. Gas turbines, for instance, have turbine entry temperatures approaching 1500 °C. Nonetheless, the efficiencies of actual large steam cycles and large modern gas turbines are fairly well matched.[citation needed]","1% to 3%
1% to 3%
1% to 3%",4,"During the compression stage, the moving fluid requires comparatively little work",1,1.3321790402101223,1.2963637626940248,179,178,,-1.9305440067934494,-23.166528081521392,12
run_b--5729e2b76aef0514001550d1--sample-00,run_b,5729e2b76aef0514001550d1,squad_v2,validation,sampled_model_generation,Qwen/Qwen2.5-0.5B-Instruct,What is very important for the growth of the economy?,"During the mass high school education movement from 1910–1940, there was an increase in skilled workers, which led to a decrease in the price of skilled labor. High school education during the period was designed to equip students with necessary skill sets to be able to perform at work. In fact, it differs from the present high school education, which is regarded as a stepping-stone to acquire college and advanced degrees. This decrease in wages caused a period of compression and decreased inequality between skilled and unskilled workers. Education is very important for the growth of the economy, however educational inequality in gender also influence towards the economy. Lagerlof and Galor stated that gender inequality in education can result to low economic growth, and continued gender inequality in education, thus creating a poverty trap. It is suggested that a large gap in male and female education may indicate backwardness and so may be associated with lower economic growth, which can explain why there is economic inequality between countries.","Education
Education
Education",0,Educational inequality in gender is the key issue concerning economic growth,0,0.5004024235381879,0.35877250180382164,241,240,,-1.656085462930302,-19.873025555163622,12
run_b--5729e2b76aef0514001550d1--sample-01,run_b,5729e2b76aef0514001550d1,squad_v2,validation,sampled_model_generation,Qwen/Qwen2.5-0.5B-Instruct,What is very important for the growth of the economy?,"During the mass high school education movement from 1910–1940, there was an increase in skilled workers, which led to a decrease in the price of skilled labor. High school education during the period was designed to equip students with necessary skill sets to be able to perform at work. In fact, it differs from the present high school education, which is regarded as a stepping-stone to acquire college and advanced degrees. This decrease in wages caused a period of compression and decreased inequality between skilled and unskilled workers. Education is very important for the growth of the economy, however educational inequality in gender also influence towards the economy. Lagerlof and Galor stated that gender inequality in education can result to low economic growth, and continued gender inequality in education, thus creating a poverty trap. It is suggested that a large gap in male and female education may indicate backwardness and so may be associated with lower economic growth, which can explain why there is economic inequality between countries.","Education
Education
Education",1,Education is very important for the growth of the economy.,1,0.5004024235381879,0.35877250180382164,241,240,,-0.034444261522201654,-0.37888687674421817,11
run_b--5729e2b76aef0514001550d1--sample-02,run_b,5729e2b76aef0514001550d1,squad_v2,validation,sampled_model_generation,Qwen/Qwen2.5-0.5B-Instruct,What is very important for the growth of the economy?,"During the mass high school education movement from 1910–1940, there was an increase in skilled workers, which led to a decrease in the price of skilled labor. High school education during the period was designed to equip students with necessary skill sets to be able to perform at work. In fact, it differs from the present high school education, which is regarded as a stepping-stone to acquire college and advanced degrees. This decrease in wages caused a period of compression and decreased inequality between skilled and unskilled workers. Education is very important for the growth of the economy, however educational inequality in gender also influence towards the economy. Lagerlof and Galor stated that gender inequality in education can result to low economic growth, and continued gender inequality in education, thus creating a poverty trap. It is suggested that a large gap in male and female education may indicate backwardness and so may be associated with lower economic growth, which can explain why there is economic inequality between countries.","Education
Education
Education",2,Education is very important for the growth of the economy.,1,0.5004024235381879,0.35877250180382164,241,240,,-0.034444261522201654,-0.37888687674421817,11
run_b--5729e2b76aef0514001550d1--sample-03,run_b,5729e2b76aef0514001550d1,squad_v2,validation,sampled_model_generation,Qwen/Qwen2.5-0.5B-Instruct,What is very important for the growth of the economy?,"During the mass high school education movement from 1910–1940, there was an increase in skilled workers, which led to a decrease in the price of skilled labor. High school education during the period was designed to equip students with necessary skill sets to be able to perform at work. In fact, it differs from the present high school education, which is regarded as a stepping-stone to acquire college and advanced degrees. This decrease in wages caused a period of compression and decreased inequality between skilled and unskilled workers. Education is very important for the growth of the economy, however educational inequality in gender also influence towards the economy. Lagerlof and Galor stated that gender inequality in education can result to low economic growth, and continued gender inequality in education, thus creating a poverty trap. It is suggested that a large gap in male and female education may indicate backwardness and so may be associated with lower economic growth, which can explain why there is economic inequality between countries.","Education
Education
Education",3,Education is very important for the growth of the economy.,1,0.5004024235381879,0.35877250180382164,241,240,,-0.034444261522201654,-0.37888687674421817,11
run_b--5729e2b76aef0514001550d1--sample-04,run_b,5729e2b76aef0514001550d1,squad_v2,validation,sampled_model_generation,Qwen/Qwen2.5-0.5B-Instruct,What is very important for the growth of the economy?,"During the mass high school education movement from 1910–1940, there was an increase in skilled workers, which led to a decrease in the price of skilled labor. High school education during the period was designed to equip students with necessary skill sets to be able to perform at work. In fact, it differs from the present high school education, which is regarded as a stepping-stone to acquire college and advanced degrees. This decrease in wages caused a period of compression and decreased inequality between skilled and unskilled workers. Education is very important for the growth of the economy, however educational inequality in gender also influence towards the economy. Lagerlof and Galor stated that gender inequality in education can result to low economic growth, and continued gender inequality in education, thus creating a poverty trap. It is suggested that a large gap in male and female education may indicate backwardness and so may be associated with lower economic growth, which can explain why there is economic inequality between countries.","Education
Education
Education",4,Education is very important for the growth of the economy.,1,0.5004024235381879,0.35877250180382164,241,240,,-0.034444261522201654,-0.37888687674421817,11
run_b--5729f5a03f37b31900478606--sample-00,run_b,5729f5a03f37b31900478606,squad_v2,validation,sampled_model_generation,Qwen/Qwen2.5-0.5B-Instruct,Gamma delta T cells have a different version of what receptor?,"Gamma delta T cells (γδ T cells) possess an alternative T cell receptor (TCR) as opposed to CD4+ and CD8+ (αβ) T cells and share the characteristics of helper T cells, cytotoxic T cells and NK cells. The conditions that produce responses from γδ T cells are not fully understood. Like other 'unconventional' T cell subsets bearing invariant TCRs, such as CD1d-restricted Natural Killer T cells, γδ T cells straddle the border between innate and adaptive immunity. On one hand, γδ T cells are a component of adaptive immunity as they rearrange TCR genes to produce receptor diversity and can also develop a memory phenotype. On the other hand, the various subsets are also part of the innate immune system, as restricted TCR or NK receptors may be used as pattern recognition receptors. For example, large numbers of human Vγ9/Vδ2 T cells respond within hours to common molecules produced by microbes, and highly restricted Vδ1+ T cells in epithelia respond to stressed epithelial cells.","alternative T cell receptor (TCR)
T cell
T cell receptor (TCR)",0,Gamma delta T cells have an alternative T cell receptor (TC,0,-0.0,0.0727476142589391,261,260,,-0.0727476142589391,-0.8729713711072691,12
run_b--5729f5a03f37b31900478606--sample-01,run_b,5729f5a03f37b31900478606,squad_v2,validation,sampled_model_generation,Qwen/Qwen2.5-0.5B-Instruct,Gamma delta T cells have a different version of what receptor?,"Gamma delta T cells (γδ T cells) possess an alternative T cell receptor (TCR) as opposed to CD4+ and CD8+ (αβ) T cells and share the characteristics of helper T cells, cytotoxic T cells and NK cells. The conditions that produce responses from γδ T cells are not fully understood. Like other 'unconventional' T cell subsets bearing invariant TCRs, such as CD1d-restricted Natural Killer T cells, γδ T cells straddle the border between innate and adaptive immunity. On one hand, γδ T cells are a component of adaptive immunity as they rearrange TCR genes to produce receptor diversity and can also develop a memory phenotype. On the other hand, the various subsets are also part of the innate immune system, as restricted TCR or NK receptors may be used as pattern recognition receptors. For example, large numbers of human Vγ9/Vδ2 T cells respond within hours to common molecules produced by microbes, and highly restricted Vδ1+ T cells in epithelia respond to stressed epithelial cells.","alternative T cell receptor (TCR)
T cell
T cell receptor (TCR)",1,Gamma delta T cells have an alternative T cell receptor (TC,0,-0.0,0.0727476142589391,261,260,,-0.0727476142589391,-0.8729713711072691,12
run_b--5729f5a03f37b31900478606--sample-02,run_b,5729f5a03f37b31900478606,squad_v2,validation,sampled_model_generation,Qwen/Qwen2.5-0.5B-Instruct,Gamma delta T cells have a different version of what receptor?,"Gamma delta T cells (γδ T cells) possess an alternative T cell receptor (TCR) as opposed to CD4+ and CD8+ (αβ) T cells and share the characteristics of helper T cells, cytotoxic T cells and NK cells. The conditions that produce responses from γδ T cells are not fully understood. Like other 'unconventional' T cell subsets bearing invariant TCRs, such as CD1d-restricted Natural Killer T cells, γδ T cells straddle the border between innate and adaptive immunity. On one hand, γδ T cells are a component of adaptive immunity as they rearrange TCR genes to produce receptor diversity and can also develop a memory phenotype. On the other hand, the various subsets are also part of the innate immune system, as restricted TCR or NK receptors may be used as pattern recognition receptors. For example, large numbers of human Vγ9/Vδ2 T cells respond within hours to common molecules produced by microbes, and highly restricted Vδ1+ T cells in epithelia respond to stressed epithelial cells.","alternative T cell receptor (TCR)
T cell
T cell receptor (TCR)",2,Gamma delta T cells have an alternative T cell receptor (TC,0,-0.0,0.0727476142589391,261,260,,-0.0727476142589391,-0.8729713711072691,12
run_b--5729f5a03f37b31900478606--sample-03,run_b,5729f5a03f37b31900478606,squad_v2,validation,sampled_model_generation,Qwen/Qwen2.5-0.5B-Instruct,Gamma delta T cells have a different version of what receptor?,"Gamma delta T cells (γδ T cells) possess an alternative T cell receptor (TCR) as opposed to CD4+ and CD8+ (αβ) T cells and share the characteristics of helper T cells, cytotoxic T cells and NK cells. The conditions that produce responses from γδ T cells are not fully understood. Like other 'unconventional' T cell subsets bearing invariant TCRs, such as CD1d-restricted Natural Killer T cells, γδ T cells straddle the border between innate and adaptive immunity. On one hand, γδ T cells are a component of adaptive immunity as they rearrange TCR genes to produce receptor diversity and can also develop a memory phenotype. On the other hand, the various subsets are also part of the innate immune system, as restricted TCR or NK receptors may be used as pattern recognition receptors. For example, large numbers of human Vγ9/Vδ2 T cells respond within hours to common molecules produced by microbes, and highly restricted Vδ1+ T cells in epithelia respond to stressed epithelial cells.","alternative T cell receptor (TCR)
T cell
T cell receptor (TCR)",3,Gamma delta T cells have an alternative T cell receptor (TC,0,-0.0,0.0727476142589391,261,260,,-0.0727476142589391,-0.8729713711072691,12
run_b--5729f5a03f37b31900478606--sample-04,run_b,5729f5a03f37b31900478606,squad_v2,validation,sampled_model_generation,Qwen/Qwen2.5-0.5B-Instruct,Gamma delta T cells have a different version of what receptor?,"Gamma delta T cells (γδ T cells) possess an alternative T cell receptor (TCR) as opposed to CD4+ and CD8+ (αβ) T cells and share the characteristics of helper T cells, cytotoxic T cells and NK cells. The conditions that produce responses from γδ T cells are not fully understood. Like other 'unconventional' T cell subsets bearing invariant TCRs, such as CD1d-restricted Natural Killer T cells, γδ T cells straddle the border between innate and adaptive immunity. On one hand, γδ T cells are a component of adaptive immunity as they rearrange TCR genes to produce receptor diversity and can also develop a memory phenotype. On the other hand, the various subsets are also part of the innate immune system, as restricted TCR or NK receptors may be used as pattern recognition receptors. For example, large numbers of human Vγ9/Vδ2 T cells respond within hours to common molecules produced by microbes, and highly restricted Vδ1+ T cells in epithelia respond to stressed epithelial cells.","alternative T cell receptor (TCR)
T cell
T cell receptor (TCR)",4,Gamma delta T cells have an alternative T cell receptor (TC,0,-0.0,0.0727476142589391,261,260,,-0.0727476142589391,-0.8729713711072691,12
run_b--5711488ab654c5140001fc3d--sample-00,run_b,5711488ab654c5140001fc3d,squad_v2,validation,sampled_model_generation,Qwen/Qwen2.5-0.5B-Instruct,What is a term for the reversing of steam flow in a piston engine after each stroke?,"In most reciprocating piston engines, the steam reverses its direction of flow at each stroke (counterflow), entering and exhausting from the cylinder by the same port. The complete engine cycle occupies one rotation of the crank and two piston strokes; the cycle also comprises four events – admission, expansion, exhaust, compression. These events are controlled by valves often working inside a steam chest adjacent to the cylinder; the valves distribute the steam by opening and closing steam ports communicating with the cylinder end(s) and are driven by valve gear, of which there are many types.[citation needed]","counterflow
counterflow
counterflow",0,Reverse flow,0,0.9502705392332347,1.3341958168239214,164,163,,-1.2459915280342102,-2.4919830560684204,2
run_b--5711488ab654c5140001fc3d--sample-01,run_b,5711488ab654c5140001fc3d,squad_v2,validation,sampled_model_generation,Qwen/Qwen2.5-0.5B-Instruct,What is a term for the reversing of steam flow in a piston engine after each stroke?,"In most reciprocating piston engines, the steam reverses its direction of flow at each stroke (counterflow), entering and exhausting from the cylinder by the same port. The complete engine cycle occupies one rotation of the crank and two piston strokes; the cycle also comprises four events – admission, expansion, exhaust, compression. These events are controlled by valves often working inside a steam chest adjacent to the cylinder; the valves distribute the steam by opening and closing steam ports communicating with the cylinder end(s) and are driven by valve gear, of which there are many types.[citation needed]","counterflow
counterflow
counterflow",1,The reversal of steam flow in a piston engine after each stroke,0,0.9502705392332347,1.3341958168239214,164,163,,-0.35032116943087505,-4.203854033170501,12
run_b--5711488ab654c5140001fc3d--sample-02,run_b,5711488ab654c5140001fc3d,squad_v2,validation,sampled_model_generation,Qwen/Qwen2.5-0.5B-Instruct,What is a term for the reversing of steam flow in a piston engine after each stroke?,"In most reciprocating piston engines, the steam reverses its direction of flow at each stroke (counterflow), entering and exhausting from the cylinder by the same port. The complete engine cycle occupies one rotation of the crank and two piston strokes; the cycle also comprises four events – admission, expansion, exhaust, compression. These events are controlled by valves often working inside a steam chest adjacent to the cylinder; the valves distribute the steam by opening and closing steam ports communicating with the cylinder end(s) and are driven by valve gear, of which there are many types.[citation needed]","counterflow
counterflow
counterflow",2,Counterflow reaction.,1,0.9502705392332347,1.3341958168239214,164,163,,-3.026273547206074,-12.105094188824296,4
run_b--5711488ab654c5140001fc3d--sample-03,run_b,5711488ab654c5140001fc3d,squad_v2,validation,sampled_model_generation,Qwen/Qwen2.5-0.5B-Instruct,What is a term for the reversing of steam flow in a piston engine after each stroke?,"In most reciprocating piston engines, the steam reverses its direction of flow at each stroke (counterflow), entering and exhausting from the cylinder by the same port. The complete engine cycle occupies one rotation of the crank and two piston strokes; the cycle also comprises four events – admission, expansion, exhaust, compression. These events are controlled by valves often working inside a steam chest adjacent to the cylinder; the valves distribute the steam by opening and closing steam ports communicating with the cylinder end(s) and are driven by valve gear, of which there are many types.[citation needed]","counterflow
counterflow
counterflow",3,A forward steam reversal occurs after each stroke in a piston engine,2,0.9502705392332347,1.3341958168239214,164,163,,-1.5496154089535896,-18.595384907443076,12
run_b--5711488ab654c5140001fc3d--sample-04,run_b,5711488ab654c5140001fc3d,squad_v2,validation,sampled_model_generation,Qwen/Qwen2.5-0.5B-Instruct,What is a term for the reversing of steam flow in a piston engine after each stroke?,"In most reciprocating piston engines, the steam reverses its direction of flow at each stroke (counterflow), entering and exhausting from the cylinder by the same port. The complete engine cycle occupies one rotation of the crank and two piston strokes; the cycle also comprises four events – admission, expansion, exhaust, compression. These events are controlled by valves often working inside a steam chest adjacent to the cylinder; the valves distribute the steam by opening and closing steam ports communicating with the cylinder end(s) and are driven by valve gear, of which there are many types.[citation needed]","counterflow
counterflow
counterflow",4,The reverse of steam flow in a piston engine after each stroke,0,0.9502705392332347,1.3341958168239214,164,163,,-0.4987774304948592,-5.98532916593831,12
run_b--5726472bdd62a815002e8043--sample-00,run_b,5726472bdd62a815002e8043,squad_v2,validation,sampled_model_generation,Qwen/Qwen2.5-0.5B-Instruct,Who did internet2 partner with,"Internet2 is a not-for-profit United States computer networking consortium led by members from the research and education communities, industry, and government. The Internet2 community, in partnership with Qwest, built the first Internet2 Network, called Abilene, in 1998 and was a prime investor in the National LambdaRail (NLR) project. In 2006, Internet2 announced a partnership with Level 3 Communications to launch a brand new nationwide network, boosting its capacity from 10 Gbit/s to 100 Gbit/s. In October, 2007, Internet2 officially retired Abilene and now refers to its new, higher capacity network as the Internet2 Network.","The Internet2 community, in partnership with Qwest
Qwest
Qwest",0,Internet2 partnered with Level 3 Communications to launch a new,0,1.3321790402101223,0.4404352519198559,184,183,,-0.25320466121108137,-3.0384559345329762,12
run_b--5726472bdd62a815002e8043--sample-01,run_b,5726472bdd62a815002e8043,squad_v2,validation,sampled_model_generation,Qwen/Qwen2.5-0.5B-Instruct,Who did internet2 partner with,"Internet2 is a not-for-profit United States computer networking consortium led by members from the research and education communities, industry, and government. The Internet2 community, in partnership with Qwest, built the first Internet2 Network, called Abilene, in 1998 and was a prime investor in the National LambdaRail (NLR) project. In 2006, Internet2 announced a partnership with Level 3 Communications to launch a brand new nationwide network, boosting its capacity from 10 Gbit/s to 100 Gbit/s. In October, 2007, Internet2 officially retired Abilene and now refers to its new, higher capacity network as the Internet2 Network.","The Internet2 community, in partnership with Qwest
Qwest
Qwest",1,Internet2 partnered with Qwest and Level 3 Communications to,1,1.3321790402101223,0.4404352519198559,184,183,,-0.3473282415043286,-4.167938898051943,12
run_b--5726472bdd62a815002e8043--sample-02,run_b,5726472bdd62a815002e8043,squad_v2,validation,sampled_model_generation,Qwen/Qwen2.5-0.5B-Instruct,Who did internet2 partner with,"Internet2 is a not-for-profit United States computer networking consortium led by members from the research and education communities, industry, and government. The Internet2 community, in partnership with Qwest, built the first Internet2 Network, called Abilene, in 1998 and was a prime investor in the National LambdaRail (NLR) project. In 2006, Internet2 announced a partnership with Level 3 Communications to launch a brand new nationwide network, boosting its capacity from 10 Gbit/s to 100 Gbit/s. In October, 2007, Internet2 officially retired Abilene and now refers to its new, higher capacity network as the Internet2 Network.","The Internet2 community, in partnership with Qwest
Qwest
Qwest",2,Internet2 teamed up with Level 3 Communications in 2,2,1.3321790402101223,0.4404352519198559,184,183,,-0.8602293117855879,-10.322751741427055,12
run_b--5726472bdd62a815002e8043--sample-03,run_b,5726472bdd62a815002e8043,squad_v2,validation,sampled_model_generation,Qwen/Qwen2.5-0.5B-Instruct,Who did internet2 partner with,"Internet2 is a not-for-profit United States computer networking consortium led by members from the research and education communities, industry, and government. The Internet2 community, in partnership with Qwest, built the first Internet2 Network, called Abilene, in 1998 and was a prime investor in the National LambdaRail (NLR) project. In 2006, Internet2 announced a partnership with Level 3 Communications to launch a brand new nationwide network, boosting its capacity from 10 Gbit/s to 100 Gbit/s. In October, 2007, Internet2 officially retired Abilene and now refers to its new, higher capacity network as the Internet2 Network.","The Internet2 community, in partnership with Qwest
Qwest
Qwest",3,Internet2 partnered with Qwest to build the first Internet2,3,1.3321790402101223,0.4404352519198559,184,183,,-0.20461437821601672,-2.4553725385922007,12
run_b--5726472bdd62a815002e8043--sample-04,run_b,5726472bdd62a815002e8043,squad_v2,validation,sampled_model_generation,Qwen/Qwen2.5-0.5B-Instruct,Who did internet2 partner with,"Internet2 is a not-for-profit United States computer networking consortium led by members from the research and education communities, industry, and government. The Internet2 community, in partnership with Qwest, built the first Internet2 Network, called Abilene, in 1998 and was a prime investor in the National LambdaRail (NLR) project. In 2006, Internet2 announced a partnership with Level 3 Communications to launch a brand new nationwide network, boosting its capacity from 10 Gbit/s to 100 Gbit/s. In October, 2007, Internet2 officially retired Abilene and now refers to its new, higher capacity network as the Internet2 Network.","The Internet2 community, in partnership with Qwest
Qwest
Qwest",4,Internet2 partnered with Level 3 Communications to launch its new,0,1.3321790402101223,0.4404352519198559,184,183,,-0.5367996668822647,-6.4415960025871755,12
run_b--572ff07304bcaa1900d76ef9--sample-00,run_b,572ff07304bcaa1900d76ef9,squad_v2,validation,sampled_model_generation,Qwen/Qwen2.5-0.5B-Instruct,How much does the Rhine discharge at the Dutch border?,"The Rhine is the longest river in Germany. It is here that the Rhine encounters some more of its main tributaries, such as the Neckar, the Main and, later, the Moselle, which contributes an average discharge of more than 300 m3/s (11,000 cu ft/s). Northeastern France drains to the Rhine via the Moselle; smaller rivers drain the Vosges and Jura Mountains uplands. Most of Luxembourg and a very small part of Belgium also drain to the Rhine via the Moselle. As it approaches the Dutch border, the Rhine has an annual mean discharge of 2,290 m3/s (81,000 cu ft/s) and an average width of 400 m (1,300 ft).","2,290 m3/s (81,000 cu ft/s)
2,290 m3/s
2,290 m3/s",0,"The Rhine discharges about 2,290",0,1.6094379124341005,0.8520740374573508,213,212,,-0.28356572322081774,-3.402788678649813,12
run_b--572ff07304bcaa1900d76ef9--sample-01,run_b,572ff07304bcaa1900d76ef9,squad_v2,validation,sampled_model_generation,Qwen/Qwen2.5-0.5B-Instruct,How much does the Rhine discharge at the Dutch border?,"The Rhine is the longest river in Germany. It is here that the Rhine encounters some more of its main tributaries, such as the Neckar, the Main and, later, the Moselle, which contributes an average discharge of more than 300 m3/s (11,000 cu ft/s). Northeastern France drains to the Rhine via the Moselle; smaller rivers drain the Vosges and Jura Mountains uplands. Most of Luxembourg and a very small part of Belgium also drain to the Rhine via the Moselle. As it approaches the Dutch border, the Rhine has an annual mean discharge of 2,290 m3/s (81,000 cu ft/s) and an average width of 400 m (1,300 ft).","2,290 m3/s (81,000 cu ft/s)
2,290 m3/s
2,290 m3/s",1,"At the Dutch border, the Rhine displaces about",1,1.6094379124341005,0.8520740374573508,213,212,,-1.0757654557625453,-12.909185469150543,12
run_b--572ff07304bcaa1900d76ef9--sample-02,run_b,572ff07304bcaa1900d76ef9,squad_v2,validation,sampled_model_generation,Qwen/Qwen2.5-0.5B-Instruct,How much does the Rhine discharge at the Dutch border?,"The Rhine is the longest river in Germany. It is here that the Rhine encounters some more of its main tributaries, such as the Neckar, the Main and, later, the Moselle, which contributes an average discharge of more than 300 m3/s (11,000 cu ft/s). Northeastern France drains to the Rhine via the Moselle; smaller rivers drain the Vosges and Jura Mountains uplands. Most of Luxembourg and a very small part of Belgium also drain to the Rhine via the Moselle. As it approaches the Dutch border, the Rhine has an annual mean discharge of 2,290 m3/s (81,000 cu ft/s) and an average width of 400 m (1,300 ft).","2,290 m3/s (81,000 cu ft/s)
2,290 m3/s
2,290 m3/s",2,The Rhine causes an annual mean discharge of an average width,2,1.6094379124341005,0.8520740374573508,213,212,,-1.8721601419965737,-22.465921703958884,12
run_b--572ff07304bcaa1900d76ef9--sample-03,run_b,572ff07304bcaa1900d76ef9,squad_v2,validation,sampled_model_generation,Qwen/Qwen2.5-0.5B-Instruct,How much does the Rhine discharge at the Dutch border?,"The Rhine is the longest river in Germany. It is here that the Rhine encounters some more of its main tributaries, such as the Neckar, the Main and, later, the Moselle, which contributes an average discharge of more than 300 m3/s (11,000 cu ft/s). Northeastern France drains to the Rhine via the Moselle; smaller rivers drain the Vosges and Jura Mountains uplands. Most of Luxembourg and a very small part of Belgium also drain to the Rhine via the Moselle. As it approaches the Dutch border, the Rhine has an annual mean discharge of 2,290 m3/s (81,000 cu ft/s) and an average width of 400 m (1,300 ft).","2,290 m3/s (81,000 cu ft/s)
2,290 m3/s
2,290 m3/s",3,"At the Dutch border, the Rhine has an annually average",3,1.6094379124341005,0.8520740374573508,213,212,,-0.8682386187526087,-10.418863425031304,12
run_b--572ff07304bcaa1900d76ef9--sample-04,run_b,572ff07304bcaa1900d76ef9,squad_v2,validation,sampled_model_generation,Qwen/Qwen2.5-0.5B-Instruct,How much does the Rhine discharge at the Dutch border?,"The Rhine is the longest river in Germany. It is here that the Rhine encounters some more of its main tributaries, such as the Neckar, the Main and, later, the Moselle, which contributes an average discharge of more than 300 m3/s (11,000 cu ft/s). Northeastern France drains to the Rhine via the Moselle; smaller rivers drain the Vosges and Jura Mountains uplands. Most of Luxembourg and a very small part of Belgium also drain to the Rhine via the Moselle. As it approaches the Dutch border, the Rhine has an annual mean discharge of 2,290 m3/s (81,000 cu ft/s) and an average width of 400 m (1,300 ft).","2,290 m3/s (81,000 cu ft/s)
2,290 m3/s
2,290 m3/s",4,"The Rhine discharges 2,290 m",4,1.6094379124341005,0.8520740374573508,213,212,,-0.16064024755420783,-1.927682970650494,12
run_b--57287ddf3acd2414000dfa40--sample-00,run_b,57287ddf3acd2414000dfa40,squad_v2,validation,sampled_model_generation,Qwen/Qwen2.5-0.5B-Instruct,When had the Six Ministries existed?,"While the existence of these central government departments and the Six Ministries (which had been introduced since the Sui and Tang dynasties) gave a Sinicized image in the Yuan administration, the actual functions of these ministries also reflected how Mongolian priorities and policies reshaped and redirected those institutions. For example, the authority of the Yuan legal system, the Ministry of Justice, did not extend to legal cases involving Mongols and Semuren, who had separate courts of justice. Cases involving members of more than one ethnic group were decided by a mixed board consisting of Chinese and Mongols. Another example was the insignificance of the Ministry of War compared with native Chinese dynasties, as the real military authority in Yuan times resided in the Privy Council.","since the Sui and Tang dynasties
Sui and Tang dynasties
since the Sui and Tang dynasties",0,The Six Ministries originated due to the influence of Mongol,0,0.9502705392332347,0.7968247363764517,191,190,,-1.2873312311421614,-15.447974773705937,12
run_b--57287ddf3acd2414000dfa40--sample-01,run_b,57287ddf3acd2414000dfa40,squad_v2,validation,sampled_model_generation,Qwen/Qwen2.5-0.5B-Instruct,When had the Six Ministries existed?,"While the existence of these central government departments and the Six Ministries (which had been introduced since the Sui and Tang dynasties) gave a Sinicized image in the Yuan administration, the actual functions of these ministries also reflected how Mongolian priorities and policies reshaped and redirected those institutions. For example, the authority of the Yuan legal system, the Ministry of Justice, did not extend to legal cases involving Mongols and Semuren, who had separate courts of justice. Cases involving members of more than one ethnic group were decided by a mixed board consisting of Chinese and Mongols. Another example was the insignificance of the Ministry of War compared with native Chinese dynasties, as the real military authority in Yuan times resided in the Privy Council.","since the Sui and Tang dynasties
Sui and Tang dynasties
since the Sui and Tang dynasties",1,The Six Ministries existed since the Sui and Tang dyn,1,0.9502705392332347,0.7968247363764517,191,190,,-0.19180088704645945,-2.3016106445575133,12
run_b--57287ddf3acd2414000dfa40--sample-02,run_b,57287ddf3acd2414000dfa40,squad_v2,validation,sampled_model_generation,Qwen/Qwen2.5-0.5B-Instruct,When had the Six Ministries existed?,"While the existence of these central government departments and the Six Ministries (which had been introduced since the Sui and Tang dynasties) gave a Sinicized image in the Yuan administration, the actual functions of these ministries also reflected how Mongolian priorities and policies reshaped and redirected those institutions. For example, the authority of the Yuan legal system, the Ministry of Justice, did not extend to legal cases involving Mongols and Semuren, who had separate courts of justice. Cases involving members of more than one ethnic group were decided by a mixed board consisting of Chinese and Mongols. Another example was the insignificance of the Ministry of War compared with native Chinese dynasties, as the real military authority in Yuan times resided in the Privy Council.","since the Sui and Tang dynasties
Sui and Tang dynasties
since the Sui and Tang dynasties",2,The Sui and Tang dynasties both existed.,1,0.9502705392332347,0.7968247363764517,191,190,,-1.8556469083044,-20.4121159913484,11
run_b--57287ddf3acd2414000dfa40--sample-03,run_b,57287ddf3acd2414000dfa40,squad_v2,validation,sampled_model_generation,Qwen/Qwen2.5-0.5B-Instruct,When had the Six Ministries existed?,"While the existence of these central government departments and the Six Ministries (which had been introduced since the Sui and Tang dynasties) gave a Sinicized image in the Yuan administration, the actual functions of these ministries also reflected how Mongolian priorities and policies reshaped and redirected those institutions. For example, the authority of the Yuan legal system, the Ministry of Justice, did not extend to legal cases involving Mongols and Semuren, who had separate courts of justice. Cases involving members of more than one ethnic group were decided by a mixed board consisting of Chinese and Mongols. Another example was the insignificance of the Ministry of War compared with native Chinese dynasties, as the real military authority in Yuan times resided in the Privy Council.","since the Sui and Tang dynasties
Sui and Tang dynasties
since the Sui and Tang dynasties",3,The Six Ministries had been introduced since the Sui and,2,0.9502705392332347,0.7968247363764517,191,190,,-0.3510071325824053,-4.212085590988863,12
run_b--57287ddf3acd2414000dfa40--sample-04,run_b,57287ddf3acd2414000dfa40,squad_v2,validation,sampled_model_generation,Qwen/Qwen2.5-0.5B-Instruct,When had the Six Ministries existed?,"While the existence of these central government departments and the Six Ministries (which had been introduced since the Sui and Tang dynasties) gave a Sinicized image in the Yuan administration, the actual functions of these ministries also reflected how Mongolian priorities and policies reshaped and redirected those institutions. For example, the authority of the Yuan legal system, the Ministry of Justice, did not extend to legal cases involving Mongols and Semuren, who had separate courts of justice. Cases involving members of more than one ethnic group were decided by a mixed board consisting of Chinese and Mongols. Another example was the insignificance of the Ministry of War compared with native Chinese dynasties, as the real military authority in Yuan times resided in the Privy Council.","since the Sui and Tang dynasties
Sui and Tang dynasties
since the Sui and Tang dynasties",4,The Six Ministries existed from the Sui and Tang dyn,1,0.9502705392332347,0.7968247363764517,191,190,,-0.29833752280683257,-3.580050273681991,12
run_b--5729fd111d046914007796a9--sample-00,run_b,5729fd111d046914007796a9,squad_v2,validation,sampled_model_generation,Qwen/Qwen2.5-0.5B-Instruct,What is a mechanism that can help plants block virus replication?,"Unlike animals, plants lack phagocytic cells, but many plant immune responses involve systemic chemical signals that are sent through a plant. Individual plant cells respond to molecules associated with pathogens known as Pathogen-associated molecular patterns or PAMPs. When a part of a plant becomes infected, the plant produces a localized hypersensitive response, whereby cells at the site of infection undergo rapid apoptosis to prevent the spread of the disease to other parts of the plant. Systemic acquired resistance (SAR) is a type of defensive response used by plants that renders the entire plant resistant to a particular infectious agent. RNA silencing mechanisms are particularly important in this systemic response as they can block virus replication.","RNA silencing mechanisms
RNA silencing mechanisms
RNA silencing mechanisms",0,RNA silencing mechanisms can be useful for blocking virus replication in,0,1.6094379124341005,2.2431077257046126,179,178,,-0.6695973826366147,-8.035168591639376,12
run_b--5729fd111d046914007796a9--sample-01,run_b,5729fd111d046914007796a9,squad_v2,validation,sampled_model_generation,Qwen/Qwen2.5-0.5B-Instruct,What is a mechanism that can help plants block virus replication?,"Unlike animals, plants lack phagocytic cells, but many plant immune responses involve systemic chemical signals that are sent through a plant. Individual plant cells respond to molecules associated with pathogens known as Pathogen-associated molecular patterns or PAMPs. When a part of a plant becomes infected, the plant produces a localized hypersensitive response, whereby cells at the site of infection undergo rapid apoptosis to prevent the spread of the disease to other parts of the plant. Systemic acquired resistance (SAR) is a type of defensive response used by plants that renders the entire plant resistant to a particular infectious agent. RNA silencing mechanisms are particularly important in this systemic response as they can block virus replication.","RNA silencing mechanisms
RNA silencing mechanisms
RNA silencing mechanisms",1,Systemic acquired resistance (SAR) is a defense system,1,1.6094379124341005,2.2431077257046126,179,178,,-0.6160546992323361,-7.392656390788034,12
run_b--5729fd111d046914007796a9--sample-02,run_b,5729fd111d046914007796a9,squad_v2,validation,sampled_model_generation,Qwen/Qwen2.5-0.5B-Instruct,What is a mechanism that can help plants block virus replication?,"Unlike animals, plants lack phagocytic cells, but many plant immune responses involve systemic chemical signals that are sent through a plant. Individual plant cells respond to molecules associated with pathogens known as Pathogen-associated molecular patterns or PAMPs. When a part of a plant becomes infected, the plant produces a localized hypersensitive response, whereby cells at the site of infection undergo rapid apoptosis to prevent the spread of the disease to other parts of the plant. Systemic acquired resistance (SAR) is a type of defensive response used by plants that renders the entire plant resistant to a particular infectious agent. RNA silencing mechanisms are particularly important in this systemic response as they can block virus replication.","RNA silencing mechanisms
RNA silencing mechanisms
RNA silencing mechanisms",2,Systemic acquired resistance enhances the overall stem-cell sensitivity and mut,2,1.6094379124341005,2.2431077257046126,179,178,,-3.231194658893704,-38.774335906724446,12
run_b--5729fd111d046914007796a9--sample-03,run_b,5729fd111d046914007796a9,squad_v2,validation,sampled_model_generation,Qwen/Qwen2.5-0.5B-Instruct,What is a mechanism that can help plants block virus replication?,"Unlike animals, plants lack phagocytic cells, but many plant immune responses involve systemic chemical signals that are sent through a plant. Individual plant cells respond to molecules associated with pathogens known as Pathogen-associated molecular patterns or PAMPs. When a part of a plant becomes infected, the plant produces a localized hypersensitive response, whereby cells at the site of infection undergo rapid apoptosis to prevent the spread of the disease to other parts of the plant. Systemic acquired resistance (SAR) is a type of defensive response used by plants that renders the entire plant resistant to a particular infectious agent. RNA silencing mechanisms are particularly important in this systemic response as they can block virus replication.","RNA silencing mechanisms
RNA silencing mechanisms
RNA silencing mechanisms",3,RNA silencing methods are particularly important in parasttic plants,3,1.6094379124341005,2.2431077257046126,179,178,,-3.1573942942959548,-37.88873153155146,12
run_b--5729fd111d046914007796a9--sample-04,run_b,5729fd111d046914007796a9,squad_v2,validation,sampled_model_generation,Qwen/Qwen2.5-0.5B-Instruct,What is a mechanism that can help plants block virus replication?,"Unlike animals, plants lack phagocytic cells, but many plant immune responses involve systemic chemical signals that are sent through a plant. Individual plant cells respond to molecules associated with pathogens known as Pathogen-associated molecular patterns or PAMPs. When a part of a plant becomes infected, the plant produces a localized hypersensitive response, whereby cells at the site of infection undergo rapid apoptosis to prevent the spread of the disease to other parts of the plant. Systemic acquired resistance (SAR) is a type of defensive response used by plants that renders the entire plant resistant to a particular infectious agent. RNA silencing mechanisms are particularly important in this systemic response as they can block virus replication.","RNA silencing mechanisms
RNA silencing mechanisms
RNA silencing mechanisms",4,"Solution: The solution involves several components, including harmless viruses and",4,1.6094379124341005,2.2431077257046126,179,178,,-3.541297593464454,-42.49557112157345,12
run_b--5711623e50c2381900b54abd--sample-00,run_b,5711623e50c2381900b54abd,squad_v2,validation,sampled_model_generation,Qwen/Qwen2.5-0.5B-Instruct,"Along with a desire for more steam pressure, what were early drivers looking to generate when they fastened safety valves down?","Steam engines frequently possess two independent mechanisms for ensuring that the pressure in the boiler does not go too high; one may be adjusted by the user, the second is typically designed as an ultimate fail-safe. Such safety valves traditionally used a simple lever to restrain a plug valve in the top of a boiler. One end of the lever carried a weight or spring that restrained the valve against steam pressure. Early valves could be adjusted by engine drivers, leading to many accidents when a driver fastened the valve down to allow greater steam pressure and more power from the engine. The more recent type of safety valve uses an adjustable spring-loaded valve, which is locked such that operators may not tamper with its adjustment unless a seal illegally is broken. This arrangement is considerably safer.[citation needed]","more power
more power
greater steam pressure and more power",0,Early drivers wanted to generate extra steam pressure if preferred settings allowed,0,1.6094379124341005,2.6659941871960955,208,207,,-2.453499815116326,-29.441997781395912,12
run_b--5711623e50c2381900b54abd--sample-01,run_b,5711623e50c2381900b54abd,squad_v2,validation,sampled_model_generation,Qwen/Qwen2.5-0.5B-Instruct,"Along with a desire for more steam pressure, what were early drivers looking to generate when they fastened safety valves down?","Steam engines frequently possess two independent mechanisms for ensuring that the pressure in the boiler does not go too high; one may be adjusted by the user, the second is typically designed as an ultimate fail-safe. Such safety valves traditionally used a simple lever to restrain a plug valve in the top of a boiler. One end of the lever carried a weight or spring that restrained the valve against steam pressure. Early valves could be adjusted by engine drivers, leading to many accidents when a driver fastened the valve down to allow greater steam pressure and more power from the engine. The more recent type of safety valve uses an adjustable spring-loaded valve, which is locked such that operators may not tamper with its adjustment unless a seal illegally is broken. This arrangement is considerably safer.[citation needed]","more power
more power
greater steam pressure and more power",1,Early drivers wanted higher steam pressure. They looked to generate this,1,1.6094379124341005,2.6659941871960955,208,207,,-1.602254331111908,-19.227051973342896,12
run_b--5711623e50c2381900b54abd--sample-02,run_b,5711623e50c2381900b54abd,squad_v2,validation,sampled_model_generation,Qwen/Qwen2.5-0.5B-Instruct,"Along with a desire for more steam pressure, what were early drivers looking to generate when they fastened safety valves down?","Steam engines frequently possess two independent mechanisms for ensuring that the pressure in the boiler does not go too high; one may be adjusted by the user, the second is typically designed as an ultimate fail-safe. Such safety valves traditionally used a simple lever to restrain a plug valve in the top of a boiler. One end of the lever carried a weight or spring that restrained the valve against steam pressure. Early valves could be adjusted by engine drivers, leading to many accidents when a driver fastened the valve down to allow greater steam pressure and more power from the engine. The more recent type of safety valve uses an adjustable spring-loaded valve, which is locked such that operators may not tamper with its adjustment unless a seal illegally is broken. This arrangement is considerably safer.[citation needed]","more power
more power
greater steam pressure and more power",2,Early drivers wanted fuels generation because of high whistles transported Malaysia,2,1.6094379124341005,2.6659941871960955,208,207,,-5.834182468553384,-70.01018962264061,12
run_b--5711623e50c2381900b54abd--sample-03,run_b,5711623e50c2381900b54abd,squad_v2,validation,sampled_model_generation,Qwen/Qwen2.5-0.5B-Instruct,"Along with a desire for more steam pressure, what were early drivers looking to generate when they fastened safety valves down?","Steam engines frequently possess two independent mechanisms for ensuring that the pressure in the boiler does not go too high; one may be adjusted by the user, the second is typically designed as an ultimate fail-safe. Such safety valves traditionally used a simple lever to restrain a plug valve in the top of a boiler. One end of the lever carried a weight or spring that restrained the valve against steam pressure. Early valves could be adjusted by engine drivers, leading to many accidents when a driver fastened the valve down to allow greater steam pressure and more power from the engine. The more recent type of safety valve uses an adjustable spring-loaded valve, which is locked such that operators may not tamper with its adjustment unless a seal illegally is broken. This arrangement is considerably safer.[citation needed]","more power
more power
greater steam pressure and more power",3,"Early valves could be adjusted by engine drivers, hence their operator",3,1.6094379124341005,2.6659941871960955,208,207,,-1.8023220193572342,-21.62786423228681,12
run_b--5711623e50c2381900b54abd--sample-04,run_b,5711623e50c2381900b54abd,squad_v2,validation,sampled_model_generation,Qwen/Qwen2.5-0.5B-Instruct,"Along with a desire for more steam pressure, what were early drivers looking to generate when they fastened safety valves down?","Steam engines frequently possess two independent mechanisms for ensuring that the pressure in the boiler does not go too high; one may be adjusted by the user, the second is typically designed as an ultimate fail-safe. Such safety valves traditionally used a simple lever to restrain a plug valve in the top of a boiler. One end of the lever carried a weight or spring that restrained the valve against steam pressure. Early valves could be adjusted by engine drivers, leading to many accidents when a driver fastened the valve down to allow greater steam pressure and more power from the engine. The more recent type of safety valve uses an adjustable spring-loaded valve, which is locked such that operators may not tamper with its adjustment unless a seal illegally is broken. This arrangement is considerably safer.[citation needed]","more power
more power
greater steam pressure and more power",4,Early drivers' primary concern with disabling safety valves was generating additional,4,1.6094379124341005,2.6659941871960955,208,207,,-1.6377123018416266,-19.65254762209952,12
run_b--57287fec4b864d1900164a3f--sample-00,run_b,57287fec4b864d1900164a3f,squad_v2,validation,sampled_model_generation,Qwen/Qwen2.5-0.5B-Instruct,What government agency supervised Buddhist monks?,"There were many religions practiced during the Yuan dynasty, such as Buddhism, Islam, and Christianity. The establishment of the Yuan dynasty had dramatically increased the number of Muslims in China. However, unlike the western khanates, the Yuan dynasty never converted to Islam. Instead, Kublai Khan, the founder of the Yuan dynasty, favored Buddhism, especially the Tibetan variants. As a result, Tibetan Buddhism was established as the de facto state religion. The top-level department and government agency known as the Bureau of Buddhist and Tibetan Affairs (Xuanzheng Yuan) was set up in Khanbaliq (modern Beijing) to supervise Buddhist monks throughout the empire. Since Kublai Khan only esteemed the Sakya sect of Tibetan Buddhism, other religions became less important. He and his successors kept a Sakya Imperial Preceptor (Dishi) at court. Before the end of the Yuan dynasty, 14 leaders of the Sakya sect had held the post of Imperial Preceptor, thereby enjoying special power. Furthermore, Mongol patronage of Buddhism resulted in a number of monuments of Buddhist art. Mongolian Buddhist translations, almost all from Tibetan originals, began on a large scale after 1300. Many Mongols of the upper class such as the Jalayir and the Oronar nobles as well as the emperors also patronized Confucian scholars and institutions. A considerable number of Confucian and Chinese historical works were translated into the Mongolian language.","Bureau of Buddhist and Tibetan Affairs
Bureau of Buddhist and Tibetan Affairs
the Bureau of Buddhist and Tibetan Affairs",0,The Bureau of Buddhist and Tibetan Affairs (Xuanzheng,0,1.3321790402101223,0.4887355561503985,336,335,,-0.07050094920365761,-0.8460113904438913,12
run_b--57287fec4b864d1900164a3f--sample-01,run_b,57287fec4b864d1900164a3f,squad_v2,validation,sampled_model_generation,Qwen/Qwen2.5-0.5B-Instruct,What government agency supervised Buddhist monks?,"There were many religions practiced during the Yuan dynasty, such as Buddhism, Islam, and Christianity. The establishment of the Yuan dynasty had dramatically increased the number of Muslims in China. However, unlike the western khanates, the Yuan dynasty never converted to Islam. Instead, Kublai Khan, the founder of the Yuan dynasty, favored Buddhism, especially the Tibetan variants. As a result, Tibetan Buddhism was established as the de facto state religion. The top-level department and government agency known as the Bureau of Buddhist and Tibetan Affairs (Xuanzheng Yuan) was set up in Khanbaliq (modern Beijing) to supervise Buddhist monks throughout the empire. Since Kublai Khan only esteemed the Sakya sect of Tibetan Buddhism, other religions became less important. He and his successors kept a Sakya Imperial Preceptor (Dishi) at court. Before the end of the Yuan dynasty, 14 leaders of the Sakya sect had held the post of Imperial Preceptor, thereby enjoying special power. Furthermore, Mongol patronage of Buddhism resulted in a number of monuments of Buddhist art. Mongolian Buddhist translations, almost all from Tibetan originals, began on a large scale after 1300. Many Mongols of the upper class such as the Jalayir and the Oronar nobles as well as the emperors also patronized Confucian scholars and institutions. A considerable number of Confucian and Chinese historical works were translated into the Mongolian language.","Bureau of Buddhist and Tibetan Affairs
Bureau of Buddhist and Tibetan Affairs
the Bureau of Buddhist and Tibetan Affairs",1,The Bureau of Buddhist and Tibetan Affairs (Xuanzheng,0,1.3321790402101223,0.4887355561503985,336,335,,-0.07050094920365761,-0.8460113904438913,12
run_b--57287fec4b864d1900164a3f--sample-02,run_b,57287fec4b864d1900164a3f,squad_v2,validation,sampled_model_generation,Qwen/Qwen2.5-0.5B-Instruct,What government agency supervised Buddhist monks?,"There were many religions practiced during the Yuan dynasty, such as Buddhism, Islam, and Christianity. The establishment of the Yuan dynasty had dramatically increased the number of Muslims in China. However, unlike the western khanates, the Yuan dynasty never converted to Islam. Instead, Kublai Khan, the founder of the Yuan dynasty, favored Buddhism, especially the Tibetan variants. As a result, Tibetan Buddhism was established as the de facto state religion. The top-level department and government agency known as the Bureau of Buddhist and Tibetan Affairs (Xuanzheng Yuan) was set up in Khanbaliq (modern Beijing) to supervise Buddhist monks throughout the empire. Since Kublai Khan only esteemed the Sakya sect of Tibetan Buddhism, other religions became less important. He and his successors kept a Sakya Imperial Preceptor (Dishi) at court. Before the end of the Yuan dynasty, 14 leaders of the Sakya sect had held the post of Imperial Preceptor, thereby enjoying special power. Furthermore, Mongol patronage of Buddhism resulted in a number of monuments of Buddhist art. Mongolian Buddhist translations, almost all from Tibetan originals, began on a large scale after 1300. Many Mongols of the upper class such as the Jalayir and the Oronar nobles as well as the emperors also patronized Confucian scholars and institutions. A considerable number of Confucian and Chinese historical works were translated into the Mongolian language.","Bureau of Buddhist and Tibetan Affairs
Bureau of Buddhist and Tibetan Affairs
the Bureau of Buddhist and Tibetan Affairs",2,The Bureau of Buddhist and Tibetan Affairs supervised Buddhist monks in the,1,1.3321790402101223,0.4887355561503985,336,335,,-0.40447222882842954,-4.853666745941155,12
run_b--57287fec4b864d1900164a3f--sample-03,run_b,57287fec4b864d1900164a3f,squad_v2,validation,sampled_model_generation,Qwen/Qwen2.5-0.5B-Instruct,What government agency supervised Buddhist monks?,"There were many religions practiced during the Yuan dynasty, such as Buddhism, Islam, and Christianity. The establishment of the Yuan dynasty had dramatically increased the number of Muslims in China. However, unlike the western khanates, the Yuan dynasty never converted to Islam. Instead, Kublai Khan, the founder of the Yuan dynasty, favored Buddhism, especially the Tibetan variants. As a result, Tibetan Buddhism was established as the de facto state religion. The top-level department and government agency known as the Bureau of Buddhist and Tibetan Affairs (Xuanzheng Yuan) was set up in Khanbaliq (modern Beijing) to supervise Buddhist monks throughout the empire. Since Kublai Khan only esteemed the Sakya sect of Tibetan Buddhism, other religions became less important. He and his successors kept a Sakya Imperial Preceptor (Dishi) at court. Before the end of the Yuan dynasty, 14 leaders of the Sakya sect had held the post of Imperial Preceptor, thereby enjoying special power. Furthermore, Mongol patronage of Buddhism resulted in a number of monuments of Buddhist art. Mongolian Buddhist translations, almost all from Tibetan originals, began on a large scale after 1300. Many Mongols of the upper class such as the Jalayir and the Oronar nobles as well as the emperors also patronized Confucian scholars and institutions. A considerable number of Confucian and Chinese historical works were translated into the Mongolian language.","Bureau of Buddhist and Tibetan Affairs
Bureau of Buddhist and Tibetan Affairs
the Bureau of Buddhist and Tibetan Affairs",3,The Bureau of Buddhist and Tibetan Affairs overseeing Buddhist monks was set,2,1.3321790402101223,0.4887355561503985,336,335,,-0.6038233459694311,-7.245880151633173,12
run_b--57287fec4b864d1900164a3f--sample-04,run_b,57287fec4b864d1900164a3f,squad_v2,validation,sampled_model_generation,Qwen/Qwen2.5-0.5B-Instruct,What government agency supervised Buddhist monks?,"There were many religions practiced during the Yuan dynasty, such as Buddhism, Islam, and Christianity. The establishment of the Yuan dynasty had dramatically increased the number of Muslims in China. However, unlike the western khanates, the Yuan dynasty never converted to Islam. Instead, Kublai Khan, the founder of the Yuan dynasty, favored Buddhism, especially the Tibetan variants. As a result, Tibetan Buddhism was established as the de facto state religion. The top-level department and government agency known as the Bureau of Buddhist and Tibetan Affairs (Xuanzheng Yuan) was set up in Khanbaliq (modern Beijing) to supervise Buddhist monks throughout the empire. Since Kublai Khan only esteemed the Sakya sect of Tibetan Buddhism, other religions became less important. He and his successors kept a Sakya Imperial Preceptor (Dishi) at court. Before the end of the Yuan dynasty, 14 leaders of the Sakya sect had held the post of Imperial Preceptor, thereby enjoying special power. Furthermore, Mongol patronage of Buddhism resulted in a number of monuments of Buddhist art. Mongolian Buddhist translations, almost all from Tibetan originals, began on a large scale after 1300. Many Mongols of the upper class such as the Jalayir and the Oronar nobles as well as the emperors also patronized Confucian scholars and institutions. A considerable number of Confucian and Chinese historical works were translated into the Mongolian language.","Bureau of Buddhist and Tibetan Affairs
Bureau of Buddhist and Tibetan Affairs
the Bureau of Buddhist and Tibetan Affairs",4,The Yuan Government Agency supervised Buddhist monks.,3,1.3321790402101223,0.4887355561503985,336,335,,-1.2943803075468168,-10.355042460374534,8
run_b--572faec7b2c2fd1400568334--sample-00,run_b,572faec7b2c2fd1400568334,squad_v2,validation,sampled_model_generation,Qwen/Qwen2.5-0.5B-Instruct,Who designed the Scottish Parliament building?,"Since September 2004, the official home of the Scottish Parliament has been a new Scottish Parliament Building, in the Holyrood area of Edinburgh. The Scottish Parliament building was designed by Spanish architect Enric Miralles in partnership with local Edinburgh Architecture firm RMJM which was led by Design Principal Tony Kettle. Some of the principal features of the complex include leaf-shaped buildings, a grass-roofed branch merging into adjacent parkland and gabion walls formed from the stones of previous buildings. Throughout the building there are many repeated motifs, such as shapes based on Raeburn's Skating Minister. Crow-stepped gables and the upturned boat skylights of the Garden Lobby, complete the unique architecture. Queen Elizabeth II opened the new building on 9 October 2004.","Enric Miralles
Enric Miralles
Enric Miralles",0,The Scottish Parliament building was designed by Spanish architect Enric Mir,0,0.9502705392332347,0.4986100802586103,199,198,,-0.12098691135179251,-1.4518429362215102,12
run_b--572faec7b2c2fd1400568334--sample-01,run_b,572faec7b2c2fd1400568334,squad_v2,validation,sampled_model_generation,Qwen/Qwen2.5-0.5B-Instruct,Who designed the Scottish Parliament building?,"Since September 2004, the official home of the Scottish Parliament has been a new Scottish Parliament Building, in the Holyrood area of Edinburgh. The Scottish Parliament building was designed by Spanish architect Enric Miralles in partnership with local Edinburgh Architecture firm RMJM which was led by Design Principal Tony Kettle. Some of the principal features of the complex include leaf-shaped buildings, a grass-roofed branch merging into adjacent parkland and gabion walls formed from the stones of previous buildings. Throughout the building there are many repeated motifs, such as shapes based on Raeburn's Skating Minister. Crow-stepped gables and the upturned boat skylights of the Garden Lobby, complete the unique architecture. Queen Elizabeth II opened the new building on 9 October 2004.","Enric Miralles
Enric Miralles
Enric Miralles",1,The Scottish Parliament building was designed by Enric Miralles.,1,0.9502705392332347,0.4986100802586103,199,198,,-0.22208297403994948,-2.6649956884793937,12
run_b--572faec7b2c2fd1400568334--sample-02,run_b,572faec7b2c2fd1400568334,squad_v2,validation,sampled_model_generation,Qwen/Qwen2.5-0.5B-Instruct,Who designed the Scottish Parliament building?,"Since September 2004, the official home of the Scottish Parliament has been a new Scottish Parliament Building, in the Holyrood area of Edinburgh. The Scottish Parliament building was designed by Spanish architect Enric Miralles in partnership with local Edinburgh Architecture firm RMJM which was led by Design Principal Tony Kettle. Some of the principal features of the complex include leaf-shaped buildings, a grass-roofed branch merging into adjacent parkland and gabion walls formed from the stones of previous buildings. Throughout the building there are many repeated motifs, such as shapes based on Raeburn's Skating Minister. Crow-stepped gables and the upturned boat skylights of the Garden Lobby, complete the unique architecture. Queen Elizabeth II opened the new building on 9 October 2004.","Enric Miralles
Enric Miralles
Enric Miralles",2,Spanish architect Enric Miralles,0,0.9502705392332347,0.4986100802586103,199,198,,-0.28405247822714347,-1.704314869362861,6
run_b--572faec7b2c2fd1400568334--sample-03,run_b,572faec7b2c2fd1400568334,squad_v2,validation,sampled_model_generation,Qwen/Qwen2.5-0.5B-Instruct,Who designed the Scottish Parliament building?,"Since September 2004, the official home of the Scottish Parliament has been a new Scottish Parliament Building, in the Holyrood area of Edinburgh. The Scottish Parliament building was designed by Spanish architect Enric Miralles in partnership with local Edinburgh Architecture firm RMJM which was led by Design Principal Tony Kettle. Some of the principal features of the complex include leaf-shaped buildings, a grass-roofed branch merging into adjacent parkland and gabion walls formed from the stones of previous buildings. Throughout the building there are many repeated motifs, such as shapes based on Raeburn's Skating Minister. Crow-stepped gables and the upturned boat skylights of the Garden Lobby, complete the unique architecture. Queen Elizabeth II opened the new building on 9 October 2004.","Enric Miralles
Enric Miralles
Enric Miralles",3,The design of the Scottish Parliament building was designed by the Span,2,0.9502705392332347,0.4986100802586103,199,198,,-1.222280041857933,-14.667360502295196,12
run_b--572faec7b2c2fd1400568334--sample-04,run_b,572faec7b2c2fd1400568334,squad_v2,validation,sampled_model_generation,Qwen/Qwen2.5-0.5B-Instruct,Who designed the Scottish Parliament building?,"Since September 2004, the official home of the Scottish Parliament has been a new Scottish Parliament Building, in the Holyrood area of Edinburgh. The Scottish Parliament building was designed by Spanish architect Enric Miralles in partnership with local Edinburgh Architecture firm RMJM which was led by Design Principal Tony Kettle. Some of the principal features of the complex include leaf-shaped buildings, a grass-roofed branch merging into adjacent parkland and gabion walls formed from the stones of previous buildings. Throughout the building there are many repeated motifs, such as shapes based on Raeburn's Skating Minister. Crow-stepped gables and the upturned boat skylights of the Garden Lobby, complete the unique architecture. Queen Elizabeth II opened the new building on 9 October 2004.","Enric Miralles
Enric Miralles
Enric Miralles",4,Enric Miralles was the Spanish architect who designed the Scottish,0,0.9502705392332347,0.4986100802586103,199,198,,-0.6436479958162332,-7.723775949794799,12
run_b--57264d58f1498d1400e8db7c--sample-00,run_b,57264d58f1498d1400e8db7c,squad_v2,validation,sampled_model_generation,Qwen/Qwen2.5-0.5B-Instruct,What percent of untreated victims of the plague die within 8 days?,"Other forms of plague have been implicated by modern scientists. The modern bubonic plague has a mortality rate of 30–75% and symptoms including fever of 38–41 °C (100–106 °F), headaches, painful aching joints, nausea and vomiting, and a general feeling of malaise. Left untreated, of those that contract the bubonic plague, 80 percent die within eight days. Pneumonic plague has a mortality rate of 90 to 95 percent. Symptoms include fever, cough, and blood-tinged sputum. As the disease progresses, sputum becomes free flowing and bright red. Septicemic plague is the least common of the three forms, with a mortality rate near 100%. Symptoms are high fevers and purple skin patches (purpura due to disseminated intravascular coagulation). In cases of pneumonic and particularly septicemic plague, the progress of the disease is so rapid that there would often be no time for the development of the enlarged lymph nodes that were noted as buboes.","80 percent
80
80",0,80 percent died within 8 days.,0,0.9502705392332347,1.1408472629338373,274,273,,-0.7262484624888101,-6.536236162399291,9
run_b--57264d58f1498d1400e8db7c--sample-01,run_b,57264d58f1498d1400e8db7c,squad_v2,validation,sampled_model_generation,Qwen/Qwen2.5-0.5B-Instruct,What percent of untreated victims of the plague die within 8 days?,"Other forms of plague have been implicated by modern scientists. The modern bubonic plague has a mortality rate of 30–75% and symptoms including fever of 38–41 °C (100–106 °F), headaches, painful aching joints, nausea and vomiting, and a general feeling of malaise. Left untreated, of those that contract the bubonic plague, 80 percent die within eight days. Pneumonic plague has a mortality rate of 90 to 95 percent. Symptoms include fever, cough, and blood-tinged sputum. As the disease progresses, sputum becomes free flowing and bright red. Septicemic plague is the least common of the three forms, with a mortality rate near 100%. Symptoms are high fevers and purple skin patches (purpura due to disseminated intravascular coagulation). In cases of pneumonic and particularly septicemic plague, the progress of the disease is so rapid that there would often be no time for the development of the enlarged lymph nodes that were noted as buboes.","80 percent
80
80",1,"According to the given context, the severe form of the plague",1,0.9502705392332347,1.1408472629338373,274,273,,-1.2487949098491906,-14.985538918190286,12
run_b--57264d58f1498d1400e8db7c--sample-02,run_b,57264d58f1498d1400e8db7c,squad_v2,validation,sampled_model_generation,Qwen/Qwen2.5-0.5B-Instruct,What percent of untreated victims of the plague die within 8 days?,"Other forms of plague have been implicated by modern scientists. The modern bubonic plague has a mortality rate of 30–75% and symptoms including fever of 38–41 °C (100–106 °F), headaches, painful aching joints, nausea and vomiting, and a general feeling of malaise. Left untreated, of those that contract the bubonic plague, 80 percent die within eight days. Pneumonic plague has a mortality rate of 90 to 95 percent. Symptoms include fever, cough, and blood-tinged sputum. As the disease progresses, sputum becomes free flowing and bright red. Septicemic plague is the least common of the three forms, with a mortality rate near 100%. Symptoms are high fevers and purple skin patches (purpura due to disseminated intravascular coagulation). In cases of pneumonic and particularly septicemic plague, the progress of the disease is so rapid that there would often be no time for the development of the enlarged lymph nodes that were noted as buboes.","80 percent
80
80",2,The plague affects 80% of untreated victims within,0,0.9502705392332347,1.1408472629338373,274,273,,-1.1205042594422896,-13.446051113307476,12
run_b--57264d58f1498d1400e8db7c--sample-03,run_b,57264d58f1498d1400e8db7c,squad_v2,validation,sampled_model_generation,Qwen/Qwen2.5-0.5B-Instruct,What percent of untreated victims of the plague die within 8 days?,"Other forms of plague have been implicated by modern scientists. The modern bubonic plague has a mortality rate of 30–75% and symptoms including fever of 38–41 °C (100–106 °F), headaches, painful aching joints, nausea and vomiting, and a general feeling of malaise. Left untreated, of those that contract the bubonic plague, 80 percent die within eight days. Pneumonic plague has a mortality rate of 90 to 95 percent. Symptoms include fever, cough, and blood-tinged sputum. As the disease progresses, sputum becomes free flowing and bright red. Septicemic plague is the least common of the three forms, with a mortality rate near 100%. Symptoms are high fevers and purple skin patches (purpura due to disseminated intravascular coagulation). In cases of pneumonic and particularly septicemic plague, the progress of the disease is so rapid that there would often be no time for the development of the enlarged lymph nodes that were noted as buboes.","80 percent
80
80",3,80percent of untreated victims of the plague die within,0,0.9502705392332347,1.1408472629338373,274,273,,-0.888991119650503,-10.667893435806036,12
run_b--57264d58f1498d1400e8db7c--sample-04,run_b,57264d58f1498d1400e8db7c,squad_v2,validation,sampled_model_generation,Qwen/Qwen2.5-0.5B-Instruct,What percent of untreated victims of the plague die within 8 days?,"Other forms of plague have been implicated by modern scientists. The modern bubonic plague has a mortality rate of 30–75% and symptoms including fever of 38–41 °C (100–106 °F), headaches, painful aching joints, nausea and vomiting, and a general feeling of malaise. Left untreated, of those that contract the bubonic plague, 80 percent die within eight days. Pneumonic plague has a mortality rate of 90 to 95 percent. Symptoms include fever, cough, and blood-tinged sputum. As the disease progresses, sputum becomes free flowing and bright red. Septicemic plague is the least common of the three forms, with a mortality rate near 100%. Symptoms are high fevers and purple skin patches (purpura due to disseminated intravascular coagulation). In cases of pneumonic and particularly septicemic plague, the progress of the disease is so rapid that there would often be no time for the development of the enlarged lymph nodes that were noted as buboes.","80 percent
80
80",4,The modern bubonic plague generally dies within this timeframe of,2,0.9502705392332347,1.1408472629338373,274,273,,-1.7196975632383935,-20.63637075886072,12
run_b--571c3e8cdd7acb1400e4c0a6--sample-00,run_b,571c3e8cdd7acb1400e4c0a6,squad_v2,validation,sampled_model_generation,Qwen/Qwen2.5-0.5B-Instruct,What researcher showed that air is a necessity for combustion?,"In the late 17th century, Robert Boyle proved that air is necessary for combustion. English chemist John Mayow (1641–1679) refined this work by showing that fire requires only a part of air that he called spiritus nitroaereus or just nitroaereus. In one experiment he found that placing either a mouse or a lit candle in a closed container over water caused the water to rise and replace one-fourteenth of the air's volume before extinguishing the subjects. From this he surmised that nitroaereus is consumed in both respiration and combustion.","Robert Boyle
Robert Boyle
Boyle
Robert Boyle",0,Robert Boyle.,0,1.3321790402101223,1.2354156249872175,170,169,,-1.4195558849799756,-4.258667654939927,3
run_b--571c3e8cdd7acb1400e4c0a6--sample-01,run_b,571c3e8cdd7acb1400e4c0a6,squad_v2,validation,sampled_model_generation,Qwen/Qwen2.5-0.5B-Instruct,What researcher showed that air is a necessity for combustion?,"In the late 17th century, Robert Boyle proved that air is necessary for combustion. English chemist John Mayow (1641–1679) refined this work by showing that fire requires only a part of air that he called spiritus nitroaereus or just nitroaereus. In one experiment he found that placing either a mouse or a lit candle in a closed container over water caused the water to rise and replace one-fourteenth of the air's volume before extinguishing the subjects. From this he surmised that nitroaereus is consumed in both respiration and combustion.","Robert Boyle
Robert Boyle
Boyle
Robert Boyle",1,"English chemist John Mayow showed that fire was needed,",1,1.3321790402101223,1.2354156249872175,170,169,,-1.345208904123865,-16.14250684948638,12
run_b--571c3e8cdd7acb1400e4c0a6--sample-02,run_b,571c3e8cdd7acb1400e4c0a6,squad_v2,validation,sampled_model_generation,Qwen/Qwen2.5-0.5B-Instruct,What researcher showed that air is a necessity for combustion?,"In the late 17th century, Robert Boyle proved that air is necessary for combustion. English chemist John Mayow (1641–1679) refined this work by showing that fire requires only a part of air that he called spiritus nitroaereus or just nitroaereus. In one experiment he found that placing either a mouse or a lit candle in a closed container over water caused the water to rise and replace one-fourteenth of the air's volume before extinguishing the subjects. From this he surmised that nitroaereus is consumed in both respiration and combustion.","Robert Boyle
Robert Boyle
Boyle
Robert Boyle",2,John Mayow showed that air was needed for combustion by refining,2,1.3321790402101223,1.2354156249872175,170,169,,-0.9501556389829299,-11.401867667795159,12
run_b--571c3e8cdd7acb1400e4c0a6--sample-03,run_b,571c3e8cdd7acb1400e4c0a6,squad_v2,validation,sampled_model_generation,Qwen/Qwen2.5-0.5B-Instruct,What researcher showed that air is a necessity for combustion?,"In the late 17th century, Robert Boyle proved that air is necessary for combustion. English chemist John Mayow (1641–1679) refined this work by showing that fire requires only a part of air that he called spiritus nitroaereus or just nitroaereus. In one experiment he found that placing either a mouse or a lit candle in a closed container over water caused the water to rise and replace one-fourteenth of the air's volume before extinguishing the subjects. From this he surmised that nitroaereus is consumed in both respiration and combustion.","Robert Boyle
Robert Boyle
Boyle
Robert Boyle",3,English chemist John Mayow demonstrated in his research that fire,1,1.3321790402101223,1.2354156249872175,170,169,,-0.9709649961829806,-11.651579954195768,12
run_b--571c3e8cdd7acb1400e4c0a6--sample-04,run_b,571c3e8cdd7acb1400e4c0a6,squad_v2,validation,sampled_model_generation,Qwen/Qwen2.5-0.5B-Instruct,What researcher showed that air is a necessity for combustion?,"In the late 17th century, Robert Boyle proved that air is necessary for combustion. English chemist John Mayow (1641–1679) refined this work by showing that fire requires only a part of air that he called spiritus nitroaereus or just nitroaereus. In one experiment he found that placing either a mouse or a lit candle in a closed container over water caused the water to rise and replace one-fourteenth of the air's volume before extinguishing the subjects. From this he surmised that nitroaereus is consumed in both respiration and combustion.","Robert Boyle
Robert Boyle
Boyle
Robert Boyle",4,"Based on the information provided, British chemists Robert Boyle and",3,1.3321790402101223,1.2354156249872175,170,169,,-1.4911927006663366,-17.89431240799604,12
run_b--571cda1bdd7acb1400e4c197--sample-00,run_b,571cda1bdd7acb1400e4c197,squad_v2,validation,sampled_model_generation,Qwen/Qwen2.5-0.5B-Instruct,In what state is oxygen shipped in bulk?,"Oxygen storage methods include high pressure oxygen tanks, cryogenics and chemical compounds. For reasons of economy, oxygen is often transported in bulk as a liquid in specially insulated tankers, since one liter of liquefied oxygen is equivalent to 840 liters of gaseous oxygen at atmospheric pressure and 20 °C (68 °F). Such tankers are used to refill bulk liquid oxygen storage containers, which stand outside hospitals and other institutions with a need for large volumes of pure oxygen gas. Liquid oxygen is passed through heat exchangers, which convert the cryogenic liquid into gas before it enters the building. Oxygen is also stored and shipped in smaller cylinders containing the compressed gas; a form that is useful in certain portable medical applications and oxy-fuel welding and cutting.","liquid
as a liquid
liquid
as a liquid in specially insulated tankers",0,"In bulk, oxygen is transported in specially insulated tankers with",0,1.6094379124341005,1.6816464702540543,198,197,,-0.9899072779129104,-11.878887334954925,12
run_b--571cda1bdd7acb1400e4c197--sample-01,run_b,571cda1bdd7acb1400e4c197,squad_v2,validation,sampled_model_generation,Qwen/Qwen2.5-0.5B-Instruct,In what state is oxygen shipped in bulk?,"Oxygen storage methods include high pressure oxygen tanks, cryogenics and chemical compounds. For reasons of economy, oxygen is often transported in bulk as a liquid in specially insulated tankers, since one liter of liquefied oxygen is equivalent to 840 liters of gaseous oxygen at atmospheric pressure and 20 °C (68 °F). Such tankers are used to refill bulk liquid oxygen storage containers, which stand outside hospitals and other institutions with a need for large volumes of pure oxygen gas. Liquid oxygen is passed through heat exchangers, which convert the cryogenic liquid into gas before it enters the building. Oxygen is also stored and shipped in smaller cylinders containing the compressed gas; a form that is useful in certain portable medical applications and oxy-fuel welding and cutting.","liquid
as a liquid
liquid
as a liquid in specially insulated tankers",1,The bulk delivery of oxygen in ships takes place in -2,1,1.6094379124341005,1.6816464702540543,198,197,,-2.2709900675108656,-27.251880810130388,12
run_b--571cda1bdd7acb1400e4c197--sample-02,run_b,571cda1bdd7acb1400e4c197,squad_v2,validation,sampled_model_generation,Qwen/Qwen2.5-0.5B-Instruct,In what state is oxygen shipped in bulk?,"Oxygen storage methods include high pressure oxygen tanks, cryogenics and chemical compounds. For reasons of economy, oxygen is often transported in bulk as a liquid in specially insulated tankers, since one liter of liquefied oxygen is equivalent to 840 liters of gaseous oxygen at atmospheric pressure and 20 °C (68 °F). Such tankers are used to refill bulk liquid oxygen storage containers, which stand outside hospitals and other institutions with a need for large volumes of pure oxygen gas. Liquid oxygen is passed through heat exchangers, which convert the cryogenic liquid into gas before it enters the building. Oxygen is also stored and shipped in smaller cylinders containing the compressed gas; a form that is useful in certain portable medical applications and oxy-fuel welding and cutting.","liquid
as a liquid
liquid
as a liquid in specially insulated tankers",2,Bulk liquid oxygen is treated as an additional liquid and kept under,2,1.6094379124341005,1.6816464702540543,198,197,,-2.832582773951193,-33.99099328741431,12
run_b--571cda1bdd7acb1400e4c197--sample-03,run_b,571cda1bdd7acb1400e4c197,squad_v2,validation,sampled_model_generation,Qwen/Qwen2.5-0.5B-Instruct,In what state is oxygen shipped in bulk?,"Oxygen storage methods include high pressure oxygen tanks, cryogenics and chemical compounds. For reasons of economy, oxygen is often transported in bulk as a liquid in specially insulated tankers, since one liter of liquefied oxygen is equivalent to 840 liters of gaseous oxygen at atmospheric pressure and 20 °C (68 °F). Such tankers are used to refill bulk liquid oxygen storage containers, which stand outside hospitals and other institutions with a need for large volumes of pure oxygen gas. Liquid oxygen is passed through heat exchangers, which convert the cryogenic liquid into gas before it enters the building. Oxygen is also stored and shipped in smaller cylinders containing the compressed gas; a form that is useful in certain portable medical applications and oxy-fuel welding and cutting.","liquid
as a liquid
liquid
as a liquid in specially insulated tankers",3,Bulk inventory is transported as a liquid in specially insulated tankers,3,1.6094379124341005,1.6816464702540543,198,197,,-1.498554041221117,-17.982648494653404,12
run_b--571cda1bdd7acb1400e4c197--sample-04,run_b,571cda1bdd7acb1400e4c197,squad_v2,validation,sampled_model_generation,Qwen/Qwen2.5-0.5B-Instruct,In what state is oxygen shipped in bulk?,"Oxygen storage methods include high pressure oxygen tanks, cryogenics and chemical compounds. For reasons of economy, oxygen is often transported in bulk as a liquid in specially insulated tankers, since one liter of liquefied oxygen is equivalent to 840 liters of gaseous oxygen at atmospheric pressure and 20 °C (68 °F). Such tankers are used to refill bulk liquid oxygen storage containers, which stand outside hospitals and other institutions with a need for large volumes of pure oxygen gas. Liquid oxygen is passed through heat exchangers, which convert the cryogenic liquid into gas before it enters the building. Oxygen is also stored and shipped in smaller cylinders containing the compressed gas; a form that is useful in certain portable medical applications and oxy-fuel welding and cutting.","liquid
as a liquid
liquid
as a liquid in specially insulated tankers",4,bulk liquid oxygen,4,1.6094379124341005,1.6816464702540543,198,197,,-0.8161981906741858,-2.4485945720225573,3
run_b--5729d51d3f37b31900478592--sample-00,run_b,5729d51d3f37b31900478592,squad_v2,validation,sampled_model_generation,Qwen/Qwen2.5-0.5B-Instruct,What are examples of economic actors?,"Neoclassical economics views inequalities in the distribution of income as arising from differences in value added by labor, capital and land. Within labor income distribution is due to differences in value added by different classifications of workers. In this perspective, wages and profits are determined by the marginal value added of each economic actor (worker, capitalist/business owner, landlord). Thus, in a market economy, inequality is a reflection of the productivity gap between highly-paid professions and lower-paid professions.","worker, capitalist/business owner, landlord
worker, capitalist/business owner, landlord
worker, capitalist/business owner, landlord",0,"Economic actors include investors, landlords, employers, producers,",0,1.3321790402101223,1.15447867767798,131,130,,-1.5922672265054036,-19.107206718064845,12
run_b--5729d51d3f37b31900478592--sample-01,run_b,5729d51d3f37b31900478592,squad_v2,validation,sampled_model_generation,Qwen/Qwen2.5-0.5B-Instruct,What are examples of economic actors?,"Neoclassical economics views inequalities in the distribution of income as arising from differences in value added by labor, capital and land. Within labor income distribution is due to differences in value added by different classifications of workers. In this perspective, wages and profits are determined by the marginal value added of each economic actor (worker, capitalist/business owner, landlord). Thus, in a market economy, inequality is a reflection of the productivity gap between highly-paid professions and lower-paid professions.","worker, capitalist/business owner, landlord
worker, capitalist/business owner, landlord
worker, capitalist/business owner, landlord",1,The provided text mentions that in Neoclassical economics:,1,1.3321790402101223,1.15447867767798,131,130,,-1.0770546152853058,-12.92465538342367,12
run_b--5729d51d3f37b31900478592--sample-02,run_b,5729d51d3f37b31900478592,squad_v2,validation,sampled_model_generation,Qwen/Qwen2.5-0.5B-Instruct,What are examples of economic actors?,"Neoclassical economics views inequalities in the distribution of income as arising from differences in value added by labor, capital and land. Within labor income distribution is due to differences in value added by different classifications of workers. In this perspective, wages and profits are determined by the marginal value added of each economic actor (worker, capitalist/business owner, landlord). Thus, in a market economy, inequality is a reflection of the productivity gap between highly-paid professions and lower-paid professions.","worker, capitalist/business owner, landlord
worker, capitalist/business owner, landlord
worker, capitalist/business owner, landlord",2,"Labor, capital, and land",2,1.3321790402101223,1.15447867767798,131,130,,-1.043809685856104,-6.262858115136623,6
run_b--5729d51d3f37b31900478592--sample-03,run_b,5729d51d3f37b31900478592,squad_v2,validation,sampled_model_generation,Qwen/Qwen2.5-0.5B-Instruct,What are examples of economic actors?,"Neoclassical economics views inequalities in the distribution of income as arising from differences in value added by labor, capital and land. Within labor income distribution is due to differences in value added by different classifications of workers. In this perspective, wages and profits are determined by the marginal value added of each economic actor (worker, capitalist/business owner, landlord). Thus, in a market economy, inequality is a reflection of the productivity gap between highly-paid professions and lower-paid professions.","worker, capitalist/business owner, landlord
worker, capitalist/business owner, landlord
worker, capitalist/business owner, landlord",3,"In the provided context, economic actors are classified differently based on",3,1.3321790402101223,1.15447867767798,131,130,,-1.3142915694334079,-15.771498833200894,12
run_b--5729d51d3f37b31900478592--sample-04,run_b,5729d51d3f37b31900478592,squad_v2,validation,sampled_model_generation,Qwen/Qwen2.5-0.5B-Instruct,What are examples of economic actors?,"Neoclassical economics views inequalities in the distribution of income as arising from differences in value added by labor, capital and land. Within labor income distribution is due to differences in value added by different classifications of workers. In this perspective, wages and profits are determined by the marginal value added of each economic actor (worker, capitalist/business owner, landlord). Thus, in a market economy, inequality is a reflection of the productivity gap between highly-paid professions and lower-paid professions.","worker, capitalist/business owner, landlord
worker, capitalist/business owner, landlord
worker, capitalist/business owner, landlord",4,"Economic actors include workers, capitalists/biz owners, landlords",0,1.3321790402101223,1.15447867767798,131,130,,-0.7449702913096795,-8.939643495716155,12
run_b--5725e1c4271a42140099d2db--sample-00,run_b,5725e1c4271a42140099d2db,squad_v2,validation,sampled_model_generation,Qwen/Qwen2.5-0.5B-Instruct,Which two leading roles did Audra McDonald perform when she was in high school?,"This vibrant and culturally diverse area of retail businesses and residences experienced a renewal after a significant decline in the late 1960s and 1970s.[citation needed] After decades of neglect and suburban flight, the neighborhood revival followed the re-opening of the Tower Theatre in the late 1970s, which at that time showed second and third run movies, along with classic films. Roger Rocka's Dinner Theater & Good Company Players also opened nearby in 1978,[citation needed] at Olive and Wishon Avenues. Fresno native Audra McDonald performed in the leading roles of Evita and The Wiz at the theater while she was a high school student. McDonald subsequently became a leading performer on Broadway in New York City and a Tony award winning actress. Also in the Tower District is Good Company Players' 2nd Space Theatre.","Evita and The Wiz
Evita and The Wiz
Evita and The Wiz",0,Audra McDonald performed Evita and The Wiz when she,0,0.6730116670092565,0.2196484469342977,223,222,,-0.1701878651510924,-2.042254381813109,12
run_b--5725e1c4271a42140099d2db--sample-01,run_b,5725e1c4271a42140099d2db,squad_v2,validation,sampled_model_generation,Qwen/Qwen2.5-0.5B-Instruct,Which two leading roles did Audra McDonald perform when she was in high school?,"This vibrant and culturally diverse area of retail businesses and residences experienced a renewal after a significant decline in the late 1960s and 1970s.[citation needed] After decades of neglect and suburban flight, the neighborhood revival followed the re-opening of the Tower Theatre in the late 1970s, which at that time showed second and third run movies, along with classic films. Roger Rocka's Dinner Theater & Good Company Players also opened nearby in 1978,[citation needed] at Olive and Wishon Avenues. Fresno native Audra McDonald performed in the leading roles of Evita and The Wiz at the theater while she was a high school student. McDonald subsequently became a leading performer on Broadway in New York City and a Tony award winning actress. Also in the Tower District is Good Company Players' 2nd Space Theatre.","Evita and The Wiz
Evita and The Wiz
Evita and The Wiz",1,Audra McDonald performed as Evita and The Wiz when,0,0.6730116670092565,0.2196484469342977,223,222,,-0.25275729363784194,-3.0330875236541033,12
run_b--5725e1c4271a42140099d2db--sample-02,run_b,5725e1c4271a42140099d2db,squad_v2,validation,sampled_model_generation,Qwen/Qwen2.5-0.5B-Instruct,Which two leading roles did Audra McDonald perform when she was in high school?,"This vibrant and culturally diverse area of retail businesses and residences experienced a renewal after a significant decline in the late 1960s and 1970s.[citation needed] After decades of neglect and suburban flight, the neighborhood revival followed the re-opening of the Tower Theatre in the late 1970s, which at that time showed second and third run movies, along with classic films. Roger Rocka's Dinner Theater & Good Company Players also opened nearby in 1978,[citation needed] at Olive and Wishon Avenues. Fresno native Audra McDonald performed in the leading roles of Evita and The Wiz at the theater while she was a high school student. McDonald subsequently became a leading performer on Broadway in New York City and a Tony award winning actress. Also in the Tower District is Good Company Players' 2nd Space Theatre.","Evita and The Wiz
Evita and The Wiz
Evita and The Wiz",2,Audra McDonald performed in the leading roles of Evita and,1,0.6730116670092565,0.2196484469342977,223,222,,-0.2525546053657308,-3.03065526438877,12
run_b--5725e1c4271a42140099d2db--sample-03,run_b,5725e1c4271a42140099d2db,squad_v2,validation,sampled_model_generation,Qwen/Qwen2.5-0.5B-Instruct,Which two leading roles did Audra McDonald perform when she was in high school?,"This vibrant and culturally diverse area of retail businesses and residences experienced a renewal after a significant decline in the late 1960s and 1970s.[citation needed] After decades of neglect and suburban flight, the neighborhood revival followed the re-opening of the Tower Theatre in the late 1970s, which at that time showed second and third run movies, along with classic films. Roger Rocka's Dinner Theater & Good Company Players also opened nearby in 1978,[citation needed] at Olive and Wishon Avenues. Fresno native Audra McDonald performed in the leading roles of Evita and The Wiz at the theater while she was a high school student. McDonald subsequently became a leading performer on Broadway in New York City and a Tony award winning actress. Also in the Tower District is Good Company Players' 2nd Space Theatre.","Evita and The Wiz
Evita and The Wiz
Evita and The Wiz",3,Audra McDonald performed in the leading roles of Evita and,1,0.6730116670092565,0.2196484469342977,223,222,,-0.2525546053657308,-3.03065526438877,12
run_b--5725e1c4271a42140099d2db--sample-04,run_b,5725e1c4271a42140099d2db,squad_v2,validation,sampled_model_generation,Qwen/Qwen2.5-0.5B-Instruct,Which two leading roles did Audra McDonald perform when she was in high school?,"This vibrant and culturally diverse area of retail businesses and residences experienced a renewal after a significant decline in the late 1960s and 1970s.[citation needed] After decades of neglect and suburban flight, the neighborhood revival followed the re-opening of the Tower Theatre in the late 1970s, which at that time showed second and third run movies, along with classic films. Roger Rocka's Dinner Theater & Good Company Players also opened nearby in 1978,[citation needed] at Olive and Wishon Avenues. Fresno native Audra McDonald performed in the leading roles of Evita and The Wiz at the theater while she was a high school student. McDonald subsequently became a leading performer on Broadway in New York City and a Tony award winning actress. Also in the Tower District is Good Company Players' 2nd Space Theatre.","Evita and The Wiz
Evita and The Wiz
Evita and The Wiz",4,Audra McDonald performed Evita and The Wiz when she,0,0.6730116670092565,0.2196484469342977,223,222,,-0.1701878651510924,-2.042254381813109,12
run_b--56de16ca4396321400ee25c7--sample-00,run_b,56de16ca4396321400ee25c7,squad_v2,validation,sampled_model_generation,Qwen/Qwen2.5-0.5B-Instruct,When was the Battle of Hastings?,"In 1066, Duke William II of Normandy conquered England killing King Harold II at the Battle of Hastings. The invading Normans and their descendants replaced the Anglo-Saxons as the ruling class of England. The nobility of England were part of a single Normans culture and many had lands on both sides of the channel. Early Norman kings of England, as Dukes of Normandy, owed homage to the King of France for their land on the continent. They considered England to be their most important holding (it brought with it the title of King—an important status symbol).","1066
In 1066
1066",0,"The Battle of Hastings occurred in 1066,",0,0.5004024235381879,0.33639319105714094,156,155,,-0.354365017674354,-4.252380212092248,12
run_b--56de16ca4396321400ee25c7--sample-01,run_b,56de16ca4396321400ee25c7,squad_v2,validation,sampled_model_generation,Qwen/Qwen2.5-0.5B-Instruct,When was the Battle of Hastings?,"In 1066, Duke William II of Normandy conquered England killing King Harold II at the Battle of Hastings. The invading Normans and their descendants replaced the Anglo-Saxons as the ruling class of England. The nobility of England were part of a single Normans culture and many had lands on both sides of the channel. Early Norman kings of England, as Dukes of Normandy, owed homage to the King of France for their land on the continent. They considered England to be their most important holding (it brought with it the title of King—an important status symbol).","1066
In 1066
1066",1,The battle took place in 1066.,0,0.5004024235381879,0.33639319105714094,156,155,,-0.4837395023496356,-5.3211345258459914,11
run_b--56de16ca4396321400ee25c7--sample-02,run_b,56de16ca4396321400ee25c7,squad_v2,validation,sampled_model_generation,Qwen/Qwen2.5-0.5B-Instruct,When was the Battle of Hastings?,"In 1066, Duke William II of Normandy conquered England killing King Harold II at the Battle of Hastings. The invading Normans and their descendants replaced the Anglo-Saxons as the ruling class of England. The nobility of England were part of a single Normans culture and many had lands on both sides of the channel. Early Norman kings of England, as Dukes of Normandy, owed homage to the King of France for their land on the continent. They considered England to be their most important holding (it brought with it the title of King—an important status symbol).","1066
In 1066
1066",2,The Battle of Hastings took place in August 106,1,0.5004024235381879,0.33639319105714094,156,155,,-0.63554859090497,-7.62658309085964,12
run_b--56de16ca4396321400ee25c7--sample-03,run_b,56de16ca4396321400ee25c7,squad_v2,validation,sampled_model_generation,Qwen/Qwen2.5-0.5B-Instruct,When was the Battle of Hastings?,"In 1066, Duke William II of Normandy conquered England killing King Harold II at the Battle of Hastings. The invading Normans and their descendants replaced the Anglo-Saxons as the ruling class of England. The nobility of England were part of a single Normans culture and many had lands on both sides of the channel. Early Norman kings of England, as Dukes of Normandy, owed homage to the King of France for their land on the continent. They considered England to be their most important holding (it brought with it the title of King—an important status symbol).","1066
In 1066
1066",3,The Battle of Hastings took place in 1066,0,0.5004024235381879,0.33639319105714094,156,155,,-0.10415642217837255,-1.2498770661404706,12
run_b--56de16ca4396321400ee25c7--sample-04,run_b,56de16ca4396321400ee25c7,squad_v2,validation,sampled_model_generation,Qwen/Qwen2.5-0.5B-Instruct,When was the Battle of Hastings?,"In 1066, Duke William II of Normandy conquered England killing King Harold II at the Battle of Hastings. The invading Normans and their descendants replaced the Anglo-Saxons as the ruling class of England. The nobility of England were part of a single Normans culture and many had lands on both sides of the channel. Early Norman kings of England, as Dukes of Normandy, owed homage to the King of France for their land on the continent. They considered England to be their most important holding (it brought with it the title of King—an important status symbol).","1066
In 1066
1066",4,The Battle of Hastings took place in 1066,0,0.5004024235381879,0.33639319105714094,156,155,,-0.10415642217837255,-1.2498770661404706,12
run_b--5710eca0a58dae1900cd6b3b--sample-00,run_b,5710eca0a58dae1900cd6b3b,squad_v2,validation,sampled_model_generation,Qwen/Qwen2.5-0.5B-Instruct,In what area of this British colony were Huguenot land grants?,"In 1700 several hundred French Huguenots migrated from England to the colony of Virginia, where the English Crown had promised them land grants in Lower Norfolk County. When they arrived, colonial authorities offered them instead land 20 miles above the falls of the James River, at the abandoned Monacan village known as Manakin Town, now in Powhatan County. Some settlers landed in present-day Chesterfield County. On 12 May 1705, the Virginia General Assembly passed an act to naturalise the 148 Huguenots still resident at Manakintown. Of the original 390 settlers in the isolated settlement, many had died; others lived outside town on farms in the English style; and others moved to different areas. Gradually they intermarried with their English neighbors. Through the 18th and 19th centuries, descendants of the French migrated west into the Piedmont, and across the Appalachian Mountains into the West of what became Kentucky, Tennessee, Missouri, and other states. In the Manakintown area, the Huguenot Memorial Bridge across the James River and Huguenot Road were named in their honor, as were many local features, including several schools, including Huguenot High School.","Lower Norfolk County
Lower Norfolk County
Lower Norfolk County",0,The SO were granted land grants in Lower Norfolk County.,0,1.6094379124341005,1.9051379743282186,310,309,,-2.3351450725035234,-25.686595797538757,11
run_b--5710eca0a58dae1900cd6b3b--sample-01,run_b,5710eca0a58dae1900cd6b3b,squad_v2,validation,sampled_model_generation,Qwen/Qwen2.5-0.5B-Instruct,In what area of this British colony were Huguenot land grants?,"In 1700 several hundred French Huguenots migrated from England to the colony of Virginia, where the English Crown had promised them land grants in Lower Norfolk County. When they arrived, colonial authorities offered them instead land 20 miles above the falls of the James River, at the abandoned Monacan village known as Manakin Town, now in Powhatan County. Some settlers landed in present-day Chesterfield County. On 12 May 1705, the Virginia General Assembly passed an act to naturalise the 148 Huguenots still resident at Manakintown. Of the original 390 settlers in the isolated settlement, many had died; others lived outside town on farms in the English style; and others moved to different areas. Gradually they intermarried with their English neighbors. Through the 18th and 19th centuries, descendants of the French migrated west into the Piedmont, and across the Appalachian Mountains into the West of what became Kentucky, Tennessee, Missouri, and other states. In the Manakintown area, the Huguenot Memorial Bridge across the James River and Huguenot Road were named in their honor, as were many local features, including several schools, including Huguenot High School.","Lower Norfolk County
Lower Norfolk County
Lower Norfolk County",1,Manakintown was located in Powhatan County.,1,1.6094379124341005,1.9051379743282186,310,309,,-0.6758331255211184,-8.109997506253421,12
run_b--5710eca0a58dae1900cd6b3b--sample-02,run_b,5710eca0a58dae1900cd6b3b,squad_v2,validation,sampled_model_generation,Qwen/Qwen2.5-0.5B-Instruct,In what area of this British colony were Huguenot land grants?,"In 1700 several hundred French Huguenots migrated from England to the colony of Virginia, where the English Crown had promised them land grants in Lower Norfolk County. When they arrived, colonial authorities offered them instead land 20 miles above the falls of the James River, at the abandoned Monacan village known as Manakin Town, now in Powhatan County. Some settlers landed in present-day Chesterfield County. On 12 May 1705, the Virginia General Assembly passed an act to naturalise the 148 Huguenots still resident at Manakintown. Of the original 390 settlers in the isolated settlement, many had died; others lived outside town on farms in the English style; and others moved to different areas. Gradually they intermarried with their English neighbors. Through the 18th and 19th centuries, descendants of the French migrated west into the Piedmont, and across the Appalachian Mountains into the West of what became Kentucky, Tennessee, Missouri, and other states. In the Manakintown area, the Huguenot Memorial Bridge across the James River and Huguenot Road were named in their honor, as were many local features, including several schools, including Huguenot High School.","Lower Norfolk County
Lower Norfolk County
Lower Norfolk County",2,Lower Norfolk County,2,1.6094379124341005,1.9051379743282186,310,309,,-0.7892065778141841,-2.3676197334425524,3
run_b--5710eca0a58dae1900cd6b3b--sample-03,run_b,5710eca0a58dae1900cd6b3b,squad_v2,validation,sampled_model_generation,Qwen/Qwen2.5-0.5B-Instruct,In what area of this British colony were Huguenot land grants?,"In 1700 several hundred French Huguenots migrated from England to the colony of Virginia, where the English Crown had promised them land grants in Lower Norfolk County. When they arrived, colonial authorities offered them instead land 20 miles above the falls of the James River, at the abandoned Monacan village known as Manakin Town, now in Powhatan County. Some settlers landed in present-day Chesterfield County. On 12 May 1705, the Virginia General Assembly passed an act to naturalise the 148 Huguenots still resident at Manakintown. Of the original 390 settlers in the isolated settlement, many had died; others lived outside town on farms in the English style; and others moved to different areas. Gradually they intermarried with their English neighbors. Through the 18th and 19th centuries, descendants of the French migrated west into the Piedmont, and across the Appalachian Mountains into the West of what became Kentucky, Tennessee, Missouri, and other states. In the Manakintown area, the Huguenot Memorial Bridge across the James River and Huguenot Road were named in their honor, as were many local features, including several schools, including Huguenot High School.","Lower Norfolk County
Lower Norfolk County
Lower Norfolk County",3,Virginia,3,1.6094379124341005,1.9051379743282186,310,309,,-4.981753826141357,-4.981753826141357,1
run_b--5710eca0a58dae1900cd6b3b--sample-04,run_b,5710eca0a58dae1900cd6b3b,squad_v2,validation,sampled_model_generation,Qwen/Qwen2.5-0.5B-Instruct,In what area of this British colony were Huguenot land grants?,"In 1700 several hundred French Huguenots migrated from England to the colony of Virginia, where the English Crown had promised them land grants in Lower Norfolk County. When they arrived, colonial authorities offered them instead land 20 miles above the falls of the James River, at the abandoned Monacan village known as Manakin Town, now in Powhatan County. Some settlers landed in present-day Chesterfield County. On 12 May 1705, the Virginia General Assembly passed an act to naturalise the 148 Huguenots still resident at Manakintown. Of the original 390 settlers in the isolated settlement, many had died; others lived outside town on farms in the English style; and others moved to different areas. Gradually they intermarried with their English neighbors. Through the 18th and 19th centuries, descendants of the French migrated west into the Piedmont, and across the Appalachian Mountains into the West of what became Kentucky, Tennessee, Missouri, and other states. In the Manakintown area, the Huguenot Memorial Bridge across the James River and Huguenot Road were named in their honor, as were many local features, including several schools, including Huguenot High School.","Lower Norfolk County
Lower Norfolk County
Lower Norfolk County",4,"In Lower Norfolk County, Virginia, Huguenots received",4,1.6094379124341005,1.9051379743282186,310,309,,-0.7437512696609095,-8.925015235930914,12
run_b--572ffee1947a6a140053cf18--sample-00,run_b,572ffee1947a6a140053cf18,squad_v2,validation,sampled_model_generation,Qwen/Qwen2.5-0.5B-Instruct,What book was Iqbal's seven English lectures published as?,"While studying law and philosophy in England and Germany, Iqbal became a member of the London branch of the All India Muslim League. He came back to Lahore in 1908. While dividing his time between law practice and philosophical poetry, Iqbal had remained active in the Muslim League. He did not support Indian involvement in World War I and remained in close touch with Muslim political leaders such as Muhammad Ali Johar and Muhammad Ali Jinnah. He was a critic of the mainstream Indian nationalist and secularist Indian National Congress. Iqbal's seven English lectures were published by Oxford University press in 1934 in a book titled The Reconstruction of Religious Thought in Islam. These lectures dwell on the role of Islam as a religion as well as a political and legal philosophy in the modern age.","The Reconstruction of Religious Thought in Islam
The Reconstruction of Religious Thought in Islam
The Reconstruction of Religious Thought in Islam",0,The book published by Oxford University Press that Iqbal was,0,0.9502705392332347,0.6306912275461097,207,206,,-0.9998876102035865,-11.998651322443038,12
run_b--572ffee1947a6a140053cf18--sample-01,run_b,572ffee1947a6a140053cf18,squad_v2,validation,sampled_model_generation,Qwen/Qwen2.5-0.5B-Instruct,What book was Iqbal's seven English lectures published as?,"While studying law and philosophy in England and Germany, Iqbal became a member of the London branch of the All India Muslim League. He came back to Lahore in 1908. While dividing his time between law practice and philosophical poetry, Iqbal had remained active in the Muslim League. He did not support Indian involvement in World War I and remained in close touch with Muslim political leaders such as Muhammad Ali Johar and Muhammad Ali Jinnah. He was a critic of the mainstream Indian nationalist and secularist Indian National Congress. Iqbal's seven English lectures were published by Oxford University press in 1934 in a book titled The Reconstruction of Religious Thought in Islam. These lectures dwell on the role of Islam as a religion as well as a political and legal philosophy in the modern age.","The Reconstruction of Religious Thought in Islam
The Reconstruction of Religious Thought in Islam
The Reconstruction of Religious Thought in Islam",1,The Reconstruction of Religious Thought in Islam was published as the book,1,0.9502705392332347,0.6306912275461097,207,206,,-0.462607492592421,-5.551289911109052,12
run_b--572ffee1947a6a140053cf18--sample-02,run_b,572ffee1947a6a140053cf18,squad_v2,validation,sampled_model_generation,Qwen/Qwen2.5-0.5B-Instruct,What book was Iqbal's seven English lectures published as?,"While studying law and philosophy in England and Germany, Iqbal became a member of the London branch of the All India Muslim League. He came back to Lahore in 1908. While dividing his time between law practice and philosophical poetry, Iqbal had remained active in the Muslim League. He did not support Indian involvement in World War I and remained in close touch with Muslim political leaders such as Muhammad Ali Johar and Muhammad Ali Jinnah. He was a critic of the mainstream Indian nationalist and secularist Indian National Congress. Iqbal's seven English lectures were published by Oxford University press in 1934 in a book titled The Reconstruction of Religious Thought in Islam. These lectures dwell on the role of Islam as a religion as well as a political and legal philosophy in the modern age.","The Reconstruction of Religious Thought in Islam
The Reconstruction of Religious Thought in Islam
The Reconstruction of Religious Thought in Islam",2,"""The Reconstruction of Religious Thought in Islam""",1,0.9502705392332347,0.6306912275461097,207,206,,-0.46171139560465235,-3.693691164837219,8
run_b--572ffee1947a6a140053cf18--sample-03,run_b,572ffee1947a6a140053cf18,squad_v2,validation,sampled_model_generation,Qwen/Qwen2.5-0.5B-Instruct,What book was Iqbal's seven English lectures published as?,"While studying law and philosophy in England and Germany, Iqbal became a member of the London branch of the All India Muslim League. He came back to Lahore in 1908. While dividing his time between law practice and philosophical poetry, Iqbal had remained active in the Muslim League. He did not support Indian involvement in World War I and remained in close touch with Muslim political leaders such as Muhammad Ali Johar and Muhammad Ali Jinnah. He was a critic of the mainstream Indian nationalist and secularist Indian National Congress. Iqbal's seven English lectures were published by Oxford University press in 1934 in a book titled The Reconstruction of Religious Thought in Islam. These lectures dwell on the role of Islam as a religion as well as a political and legal philosophy in the modern age.","The Reconstruction of Religious Thought in Islam
The Reconstruction of Religious Thought in Islam
The Reconstruction of Religious Thought in Islam",3,The book Iqbal wrote as his seven English lectures was,2,0.9502705392332347,0.6306912275461097,207,206,,-0.787972348742187,-9.455668184906244,12
run_b--572ffee1947a6a140053cf18--sample-04,run_b,572ffee1947a6a140053cf18,squad_v2,validation,sampled_model_generation,Qwen/Qwen2.5-0.5B-Instruct,What book was Iqbal's seven English lectures published as?,"While studying law and philosophy in England and Germany, Iqbal became a member of the London branch of the All India Muslim League. He came back to Lahore in 1908. While dividing his time between law practice and philosophical poetry, Iqbal had remained active in the Muslim League. He did not support Indian involvement in World War I and remained in close touch with Muslim political leaders such as Muhammad Ali Johar and Muhammad Ali Jinnah. He was a critic of the mainstream Indian nationalist and secularist Indian National Congress. Iqbal's seven English lectures were published by Oxford University press in 1934 in a book titled The Reconstruction of Religious Thought in Islam. These lectures dwell on the role of Islam as a religion as well as a political and legal philosophy in the modern age.","The Reconstruction of Religious Thought in Islam
The Reconstruction of Religious Thought in Islam
The Reconstruction of Religious Thought in Islam",4,"The book was titled ""The Reconstruction of Religious Thought in Islam",1,0.9502705392332347,0.6306912275461097,207,206,,-0.44127729058770154,-5.295327487052418,12
run_b--572649d8f1498d1400e8db38--sample-00,run_b,572649d8f1498d1400e8db38,squad_v2,validation,sampled_model_generation,Qwen/Qwen2.5-0.5B-Instruct,When did the series of strikes happen?,"Despite being relatively unaffected by the embargo, the UK nonetheless faced an oil crisis of its own - a series of strikes by coal miners and railroad workers over the winter of 1973–74 became a major factor in the change of government. Heath asked the British to heat only one room in their houses over the winter. The UK, Germany, Italy, Switzerland and Norway banned flying, driving and boating on Sundays. Sweden rationed gasoline and heating oil. The Netherlands imposed prison sentences for those who used more than their ration of electricity.","winter of 1973–74
over the winter of 1973–74
1973–74
winter of 1973–74
the winter of 1973–74",0,The series of strikes happened during the winter of 19,0,1.3321790402101223,0.5000726806898975,149,148,,-0.1315537496648176,-1.578644995977811,12
run_b--572649d8f1498d1400e8db38--sample-01,run_b,572649d8f1498d1400e8db38,squad_v2,validation,sampled_model_generation,Qwen/Qwen2.5-0.5B-Instruct,When did the series of strikes happen?,"Despite being relatively unaffected by the embargo, the UK nonetheless faced an oil crisis of its own - a series of strikes by coal miners and railroad workers over the winter of 1973–74 became a major factor in the change of government. Heath asked the British to heat only one room in their houses over the winter. The UK, Germany, Italy, Switzerland and Norway banned flying, driving and boating on Sundays. Sweden rationed gasoline and heating oil. The Netherlands imposed prison sentences for those who used more than their ration of electricity.","winter of 1973–74
over the winter of 1973–74
1973–74
winter of 1973–74
the winter of 1973–74",1,Spring of 1973,1,1.3321790402101223,0.5000726806898975,149,148,,-1.101119614950481,-7.707837304653367,7
run_b--572649d8f1498d1400e8db38--sample-02,run_b,572649d8f1498d1400e8db38,squad_v2,validation,sampled_model_generation,Qwen/Qwen2.5-0.5B-Instruct,When did the series of strikes happen?,"Despite being relatively unaffected by the embargo, the UK nonetheless faced an oil crisis of its own - a series of strikes by coal miners and railroad workers over the winter of 1973–74 became a major factor in the change of government. Heath asked the British to heat only one room in their houses over the winter. The UK, Germany, Italy, Switzerland and Norway banned flying, driving and boating on Sundays. Sweden rationed gasoline and heating oil. The Netherlands imposed prison sentences for those who used more than their ration of electricity.","winter of 1973–74
over the winter of 1973–74
1973–74
winter of 1973–74
the winter of 1973–74",2,The series of strikes occurred during the winter of 19,0,1.3321790402101223,0.5000726806898975,149,148,,-0.22203283549182137,-2.6643940259018564,12
run_b--572649d8f1498d1400e8db38--sample-03,run_b,572649d8f1498d1400e8db38,squad_v2,validation,sampled_model_generation,Qwen/Qwen2.5-0.5B-Instruct,When did the series of strikes happen?,"Despite being relatively unaffected by the embargo, the UK nonetheless faced an oil crisis of its own - a series of strikes by coal miners and railroad workers over the winter of 1973–74 became a major factor in the change of government. Heath asked the British to heat only one room in their houses over the winter. The UK, Germany, Italy, Switzerland and Norway banned flying, driving and boating on Sundays. Sweden rationed gasoline and heating oil. The Netherlands imposed prison sentences for those who used more than their ration of electricity.","winter of 1973–74
over the winter of 1973–74
1973–74
winter of 1973–74
the winter of 1973–74",3,The series of strikes happened during winter of 197,2,1.3321790402101223,0.5000726806898975,149,148,,-0.3786233255935561,-4.5434799071226735,12
run_b--572649d8f1498d1400e8db38--sample-04,run_b,572649d8f1498d1400e8db38,squad_v2,validation,sampled_model_generation,Qwen/Qwen2.5-0.5B-Instruct,When did the series of strikes happen?,"Despite being relatively unaffected by the embargo, the UK nonetheless faced an oil crisis of its own - a series of strikes by coal miners and railroad workers over the winter of 1973–74 became a major factor in the change of government. Heath asked the British to heat only one room in their houses over the winter. The UK, Germany, Italy, Switzerland and Norway banned flying, driving and boating on Sundays. Sweden rationed gasoline and heating oil. The Netherlands imposed prison sentences for those who used more than their ration of electricity.","winter of 1973–74
over the winter of 1973–74
1973–74
winter of 1973–74
the winter of 1973–74",4,The series of strikes happened in the summer of 19,3,1.3321790402101223,0.5000726806898975,149,148,,-0.6670338777488117,-8.00440653298574,12
run_b--5725d34089a1e219009abf52--sample-00,run_b,5725d34089a1e219009abf52,squad_v2,validation,sampled_model_generation,Qwen/Qwen2.5-0.5B-Instruct,What did this concept contradict ,"Starting in the late 1950s, American computer scientist Paul Baran developed the concept Distributed Adaptive Message Block Switching with the goal to provide a fault-tolerant, efficient routing method for telecommunication messages as part of a research program at the RAND Corporation, funded by the US Department of Defense. This concept contrasted and contradicted the theretofore established principles of pre-allocation of network bandwidth, largely fortified by the development of telecommunications in the Bell System. The new concept found little resonance among network implementers until the independent work of Donald Davies at the National Physical Laboratory (United Kingdom) (NPL) in the late 1960s. Davies is credited with coining the modern name packet switching and inspiring numerous packet switching networks in Europe in the decade following, including the incorporation of the concept in the early ARPANET in the United States.","This concept contrasted and contradicted the theretofore established principles of pre-allocation of network bandwidth
theretofore established principles of pre-allocation of network bandwidth
principles of pre-allocation of network bandwidth",0,This concept contrad过的the protocol for preallocation of network,0,1.6094379124341005,2.3420229490341926,214,213,,-2.417324349284172,-29.007892191410065,12
run_b--5725d34089a1e219009abf52--sample-01,run_b,5725d34089a1e219009abf52,squad_v2,validation,sampled_model_generation,Qwen/Qwen2.5-0.5B-Instruct,What did this concept contradict ,"Starting in the late 1950s, American computer scientist Paul Baran developed the concept Distributed Adaptive Message Block Switching with the goal to provide a fault-tolerant, efficient routing method for telecommunication messages as part of a research program at the RAND Corporation, funded by the US Department of Defense. This concept contrasted and contradicted the theretofore established principles of pre-allocation of network bandwidth, largely fortified by the development of telecommunications in the Bell System. The new concept found little resonance among network implementers until the independent work of Donald Davies at the National Physical Laboratory (United Kingdom) (NPL) in the late 1960s. Davies is credited with coining the modern name packet switching and inspiring numerous packet switching networks in Europe in the decade following, including the incorporation of the concept in the early ARPANET in the United States.","This concept contrasted and contradicted the theretofore established principles of pre-allocation of network bandwidth
theretofore established principles of pre-allocation of network bandwidth
principles of pre-allocation of network bandwidth",1,The thesis this concept championed relied on previous developments such as,1,1.6094379124341005,2.3420229490341926,214,213,,-3.6320443182873228,-43.584531819447875,12
run_b--5725d34089a1e219009abf52--sample-02,run_b,5725d34089a1e219009abf52,squad_v2,validation,sampled_model_generation,Qwen/Qwen2.5-0.5B-Instruct,What did this concept contradict ,"Starting in the late 1950s, American computer scientist Paul Baran developed the concept Distributed Adaptive Message Block Switching with the goal to provide a fault-tolerant, efficient routing method for telecommunication messages as part of a research program at the RAND Corporation, funded by the US Department of Defense. This concept contrasted and contradicted the theretofore established principles of pre-allocation of network bandwidth, largely fortified by the development of telecommunications in the Bell System. The new concept found little resonance among network implementers until the independent work of Donald Davies at the National Physical Laboratory (United Kingdom) (NPL) in the late 1960s. Davies is credited with coining the modern name packet switching and inspiring numerous packet switching networks in Europe in the decade following, including the incorporation of the concept in the early ARPANET in the United States.","This concept contrasted and contradicted the theretofore established principles of pre-allocation of network bandwidth
theretofore established principles of pre-allocation of network bandwidth
principles of pre-allocation of network bandwidth",2,The concept developed by Robert Metcalfe and Paul Baran,2,1.6094379124341005,2.3420229490341926,214,213,,-1.5769641564111225,-18.92356987693347,12
run_b--5725d34089a1e219009abf52--sample-03,run_b,5725d34089a1e219009abf52,squad_v2,validation,sampled_model_generation,Qwen/Qwen2.5-0.5B-Instruct,What did this concept contradict ,"Starting in the late 1950s, American computer scientist Paul Baran developed the concept Distributed Adaptive Message Block Switching with the goal to provide a fault-tolerant, efficient routing method for telecommunication messages as part of a research program at the RAND Corporation, funded by the US Department of Defense. This concept contrasted and contradicted the theretofore established principles of pre-allocation of network bandwidth, largely fortified by the development of telecommunications in the Bell System. The new concept found little resonance among network implementers until the independent work of Donald Davies at the National Physical Laboratory (United Kingdom) (NPL) in the late 1960s. Davies is credited with coining the modern name packet switching and inspiring numerous packet switching networks in Europe in the decade following, including the incorporation of the concept in the early ARPANET in the United States.","This concept contrasted and contradicted the theretofore established principles of pre-allocation of network bandwidth
theretofore established principles of pre-allocation of network bandwidth
principles of pre-allocation of network bandwidth",3,This concept suggested redundancy of resources rather than preventing them.,3,1.6094379124341005,2.3420229490341926,214,213,,-2.8859802718507126,-31.74578299035784,11
run_b--5725d34089a1e219009abf52--sample-04,run_b,5725d34089a1e219009abf52,squad_v2,validation,sampled_model_generation,Qwen/Qwen2.5-0.5B-Instruct,What did this concept contradict ,"Starting in the late 1950s, American computer scientist Paul Baran developed the concept Distributed Adaptive Message Block Switching with the goal to provide a fault-tolerant, efficient routing method for telecommunication messages as part of a research program at the RAND Corporation, funded by the US Department of Defense. This concept contrasted and contradicted the theretofore established principles of pre-allocation of network bandwidth, largely fortified by the development of telecommunications in the Bell System. The new concept found little resonance among network implementers until the independent work of Donald Davies at the National Physical Laboratory (United Kingdom) (NPL) in the late 1960s. Davies is credited with coining the modern name packet switching and inspiring numerous packet switching networks in Europe in the decade following, including the incorporation of the concept in the early ARPANET in the United States.","This concept contrasted and contradicted the theretofore established principles of pre-allocation of network bandwidth
theretofore established principles of pre-allocation of network bandwidth
principles of pre-allocation of network bandwidth",4,This concept directly opposed the existing principles of pre-allocation of,4,1.6094379124341005,2.3420229490341926,214,213,,-1.1978016493376344,-14.373619792051613,12
run_b--57302e45947a6a140053d22f--sample-00,run_b,57302e45947a6a140053d22f,squad_v2,validation,sampled_model_generation,Qwen/Qwen2.5-0.5B-Instruct,When did the four rightly guided Caliphs die?,"In its focus on the Caliphate, the party takes a different view of Muslim history than some other Islamists such as Muhammad Qutb. HT sees Islam's pivotal turning point as occurring not with the death of Ali, or one of the other four rightly guided Caliphs in the 7th century, but with the abolition of the Ottoman Caliphate in 1924. This is believed to have ended the true Islamic system, something for which it blames ""the disbelieving (Kafir) colonial powers"" working through Turkish modernist Mustafa Kemal Atatürk.","7th century
the 7th century
7th century",0,"According to the given information, the four rightly guided Calip",0,0.5004024235381879,0.2099158736062236,162,161,,-0.7201725199896222,-8.642070239875466,12
run_b--57302e45947a6a140053d22f--sample-01,run_b,57302e45947a6a140053d22f,squad_v2,validation,sampled_model_generation,Qwen/Qwen2.5-0.5B-Instruct,When did the four rightly guided Caliphs die?,"In its focus on the Caliphate, the party takes a different view of Muslim history than some other Islamists such as Muhammad Qutb. HT sees Islam's pivotal turning point as occurring not with the death of Ali, or one of the other four rightly guided Caliphs in the 7th century, but with the abolition of the Ottoman Caliphate in 1924. This is believed to have ended the true Islamic system, something for which it blames ""the disbelieving (Kafir) colonial powers"" working through Turkish modernist Mustafa Kemal Atatürk.","7th century
the 7th century
7th century",1,The four rightly guided Caliphs died in the 7,1,0.5004024235381879,0.2099158736062236,162,161,,-0.08235171201037399,-0.9882205441244878,12
run_b--57302e45947a6a140053d22f--sample-02,run_b,57302e45947a6a140053d22f,squad_v2,validation,sampled_model_generation,Qwen/Qwen2.5-0.5B-Instruct,When did the four rightly guided Caliphs die?,"In its focus on the Caliphate, the party takes a different view of Muslim history than some other Islamists such as Muhammad Qutb. HT sees Islam's pivotal turning point as occurring not with the death of Ali, or one of the other four rightly guided Caliphs in the 7th century, but with the abolition of the Ottoman Caliphate in 1924. This is believed to have ended the true Islamic system, something for which it blames ""the disbelieving (Kafir) colonial powers"" working through Turkish modernist Mustafa Kemal Atatürk.","7th century
the 7th century
7th century",2,The four rightly guided Caliphs died in the 7,1,0.5004024235381879,0.2099158736062236,162,161,,-0.08235171201037399,-0.9882205441244878,12
run_b--57302e45947a6a140053d22f--sample-03,run_b,57302e45947a6a140053d22f,squad_v2,validation,sampled_model_generation,Qwen/Qwen2.5-0.5B-Instruct,When did the four rightly guided Caliphs die?,"In its focus on the Caliphate, the party takes a different view of Muslim history than some other Islamists such as Muhammad Qutb. HT sees Islam's pivotal turning point as occurring not with the death of Ali, or one of the other four rightly guided Caliphs in the 7th century, but with the abolition of the Ottoman Caliphate in 1924. This is believed to have ended the true Islamic system, something for which it blames ""the disbelieving (Kafir) colonial powers"" working through Turkish modernist Mustafa Kemal Atatürk.","7th century
the 7th century
7th century",3,The four rightly guided Caliphs died in the 7,1,0.5004024235381879,0.2099158736062236,162,161,,-0.08235171201037399,-0.9882205441244878,12
run_b--57302e45947a6a140053d22f--sample-04,run_b,57302e45947a6a140053d22f,squad_v2,validation,sampled_model_generation,Qwen/Qwen2.5-0.5B-Instruct,When did the four rightly guided Caliphs die?,"In its focus on the Caliphate, the party takes a different view of Muslim history than some other Islamists such as Muhammad Qutb. HT sees Islam's pivotal turning point as occurring not with the death of Ali, or one of the other four rightly guided Caliphs in the 7th century, but with the abolition of the Ottoman Caliphate in 1924. This is believed to have ended the true Islamic system, something for which it blames ""the disbelieving (Kafir) colonial powers"" working through Turkish modernist Mustafa Kemal Atatürk.","7th century
the 7th century
7th century",4,The four rightly guided Caliphs died in the 7,1,0.5004024235381879,0.2099158736062236,162,161,,-0.08235171201037399,-0.9882205441244878,12
run_b--57108198b654c5140001f939--sample-00,run_b,57108198b654c5140001f939,squad_v2,validation,sampled_model_generation,Qwen/Qwen2.5-0.5B-Instruct,What northern province in France has a large protestant population?,"Approximately one million Protestants in modern France represent some 2% of its population. Most are concentrated in Alsace in northeast France and the Cévennes mountain region in the south, who still regard themselves as Huguenots to this day.[citation needed] A diaspora of French Australians still considers itself Huguenot, even after centuries of exile. Long integrated into Australian society, it is encouraged by the Huguenot Society of Australia to embrace and conserve its cultural heritage, aided by the Society's genealogical research services.","Alsace
Alsace
Alsace",0,"Alsace, France has a large protestant population.",0,0.9502705392332347,1.3873736770876763,153,152,,-0.9322550765884278,-10.254805842472706,11
run_b--57108198b654c5140001f939--sample-01,run_b,57108198b654c5140001f939,squad_v2,validation,sampled_model_generation,Qwen/Qwen2.5-0.5B-Instruct,What northern province in France has a large protestant population?,"Approximately one million Protestants in modern France represent some 2% of its population. Most are concentrated in Alsace in northeast France and the Cévennes mountain region in the south, who still regard themselves as Huguenots to this day.[citation needed] A diaspora of French Australians still considers itself Huguenot, even after centuries of exile. Long integrated into Australian society, it is encouraged by the Huguenot Society of Australia to embrace and conserve its cultural heritage, aided by the Society's genealogical research services.","Alsace
Alsace
Alsace",1,Alsace.,0,0.9502705392332347,1.3873736770876763,153,152,,-0.5850750958585801,-1.7552252875757404,3
run_b--57108198b654c5140001f939--sample-02,run_b,57108198b654c5140001f939,squad_v2,validation,sampled_model_generation,Qwen/Qwen2.5-0.5B-Instruct,What northern province in France has a large protestant population?,"Approximately one million Protestants in modern France represent some 2% of its population. Most are concentrated in Alsace in northeast France and the Cévennes mountain region in the south, who still regard themselves as Huguenots to this day.[citation needed] A diaspora of French Australians still considers itself Huguenot, even after centuries of exile. Long integrated into Australian society, it is encouraged by the Huguenot Society of Australia to embrace and conserve its cultural heritage, aided by the Society's genealogical research services.","Alsace
Alsace
Alsace",2,Alsace in northeastern France.,1,0.9502705392332347,1.3873736770876763,153,152,,-0.7788784379178347,-4.673270627507009,6
run_b--57108198b654c5140001f939--sample-03,run_b,57108198b654c5140001f939,squad_v2,validation,sampled_model_generation,Qwen/Qwen2.5-0.5B-Instruct,What northern province in France has a large protestant population?,"Approximately one million Protestants in modern France represent some 2% of its population. Most are concentrated in Alsace in northeast France and the Cévennes mountain region in the south, who still regard themselves as Huguenots to this day.[citation needed] A diaspora of French Australians still considers itself Huguenot, even after centuries of exile. Long integrated into Australian society, it is encouraged by the Huguenot Society of Australia to embrace and conserve its cultural heritage, aided by the Society's genealogical research services.","Alsace
Alsace
Alsace",3,Alsace,0,0.9502705392332347,1.3873736770876763,153,152,,-0.05850678021670319,-0.11701356043340638,2
run_b--57108198b654c5140001f939--sample-04,run_b,57108198b654c5140001f939,squad_v2,validation,sampled_model_generation,Qwen/Qwen2.5-0.5B-Instruct,What northern province in France has a large protestant population?,"Approximately one million Protestants in modern France represent some 2% of its population. Most are concentrated in Alsace in northeast France and the Cévennes mountain region in the south, who still regard themselves as Huguenots to this day.[citation needed] A diaspora of French Australians still considers itself Huguenot, even after centuries of exile. Long integrated into Australian society, it is encouraged by the Huguenot Society of Australia to embrace and conserve its cultural heritage, aided by the Society's genealogical research services.","Alsace
Alsace
Alsace",4,Alsace RANDCHEVES Monaco,2,0.9502705392332347,1.3873736770876763,153,152,,-4.582152994856837,-32.07507096399786,7
run_b--57274712708984140094dbb0--sample-00,run_b,57274712708984140094dbb0,squad_v2,validation,sampled_model_generation,Qwen/Qwen2.5-0.5B-Instruct,What region does use the term 'private schools' to refer to universities?,"In the United Kingdom and several other Commonwealth countries including Australia and Canada, the use of the term is generally restricted to primary and secondary educational levels; it is almost never used of universities and other tertiary institutions. Private education in North America covers the whole gamut of educational activity, ranging from pre-school to tertiary level institutions. Annual tuition fees at K-12 schools range from nothing at so called 'tuition-free' schools to more than $45,000 at several New England preparatory schools.","North America
North America
North America",0,Canada,0,1.3321790402101223,1.9561012838035825,148,147,,-1.7024178504943848,-1.7024178504943848,1
run_b--57274712708984140094dbb0--sample-01,run_b,57274712708984140094dbb0,squad_v2,validation,sampled_model_generation,Qwen/Qwen2.5-0.5B-Instruct,What region does use the term 'private schools' to refer to universities?,"In the United Kingdom and several other Commonwealth countries including Australia and Canada, the use of the term is generally restricted to primary and secondary educational levels; it is almost never used of universities and other tertiary institutions. Private education in North America covers the whole gamut of educational activity, ranging from pre-school to tertiary level institutions. Annual tuition fees at K-12 schools range from nothing at so called 'tuition-free' schools to more than $45,000 at several New England preparatory schools.","North America
North America
North America",1,The UK.,1,1.3321790402101223,1.9561012838035825,148,147,,-1.7622083226839702,-5.28662496805191,3
run_b--57274712708984140094dbb0--sample-02,run_b,57274712708984140094dbb0,squad_v2,validation,sampled_model_generation,Qwen/Qwen2.5-0.5B-Instruct,What region does use the term 'private schools' to refer to universities?,"In the United Kingdom and several other Commonwealth countries including Australia and Canada, the use of the term is generally restricted to primary and secondary educational levels; it is almost never used of universities and other tertiary institutions. Private education in North America covers the whole gamut of educational activity, ranging from pre-school to tertiary level institutions. Annual tuition fees at K-12 schools range from nothing at so called 'tuition-free' schools to more than $45,000 at several New England preparatory schools.","North America
North America
North America",2,Australia,2,1.3321790402101223,1.9561012838035825,148,147,,-3.4836678504943848,-3.4836678504943848,1
run_b--57274712708984140094dbb0--sample-03,run_b,57274712708984140094dbb0,squad_v2,validation,sampled_model_generation,Qwen/Qwen2.5-0.5B-Instruct,What region does use the term 'private schools' to refer to universities?,"In the United Kingdom and several other Commonwealth countries including Australia and Canada, the use of the term is generally restricted to primary and secondary educational levels; it is almost never used of universities and other tertiary institutions. Private education in North America covers the whole gamut of educational activity, ranging from pre-school to tertiary level institutions. Annual tuition fees at K-12 schools range from nothing at so called 'tuition-free' schools to more than $45,000 at several New England preparatory schools.","North America
North America
North America",3,North America,3,1.3321790402101223,1.9561012838035825,148,147,,-1.2805394809693098,-2.5610789619386196,2
run_b--57274712708984140094dbb0--sample-04,run_b,57274712708984140094dbb0,squad_v2,validation,sampled_model_generation,Qwen/Qwen2.5-0.5B-Instruct,What region does use the term 'private schools' to refer to universities?,"In the United Kingdom and several other Commonwealth countries including Australia and Canada, the use of the term is generally restricted to primary and secondary educational levels; it is almost never used of universities and other tertiary institutions. Private education in North America covers the whole gamut of educational activity, ranging from pre-school to tertiary level institutions. Annual tuition fees at K-12 schools range from nothing at so called 'tuition-free' schools to more than $45,000 at several New England preparatory schools.","North America
North America
North America",4,North America.,3,1.3321790402101223,1.9561012838035825,148,147,,-1.5516729143758614,-4.6550187431275845,3
run_b--56de3cd0cffd8e1900b4b6bf--sample-00,run_b,56de3cd0cffd8e1900b4b6bf,squad_v2,validation,sampled_model_generation,Qwen/Qwen2.5-0.5B-Instruct,"What culture's arrival in Scotland is know as the ""Davidian Revolution""?","Normans came into Scotland, building castles and founding noble families who would provide some future kings, such as Robert the Bruce, as well as founding a considerable number of the Scottish clans. King David I of Scotland, whose elder brother Alexander I had married Sybilla of Normandy, was instrumental in introducing Normans and Norman culture to Scotland, part of the process some scholars call the ""Davidian Revolution"". Having spent time at the court of Henry I of England (married to David's sister Maud of Scotland), and needing them to wrestle the kingdom from his half-brother Máel Coluim mac Alaxandair, David had to reward many with lands. The process was continued under David's successors, most intensely of all under William the Lion. The Norman-derived feudal system was applied in varying degrees to most of Scotland. Scottish families of the names Bruce, Gray, Ramsay, Fraser, Ogilvie, Montgomery, Sinclair, Pollock, Burnard, Douglas and Gordon to name but a few, and including the later royal House of Stewart, can all be traced back to Norman ancestry.","Norman
Norman
Norman",0,"The culture's arrival in Scotland is known as the ""David",0,0.9502705392332347,0.507256899332909,271,270,,-0.2842075987233936,-3.4104911846807227,12
run_b--56de3cd0cffd8e1900b4b6bf--sample-01,run_b,56de3cd0cffd8e1900b4b6bf,squad_v2,validation,sampled_model_generation,Qwen/Qwen2.5-0.5B-Instruct,"What culture's arrival in Scotland is know as the ""Davidian Revolution""?","Normans came into Scotland, building castles and founding noble families who would provide some future kings, such as Robert the Bruce, as well as founding a considerable number of the Scottish clans. King David I of Scotland, whose elder brother Alexander I had married Sybilla of Normandy, was instrumental in introducing Normans and Norman culture to Scotland, part of the process some scholars call the ""Davidian Revolution"". Having spent time at the court of Henry I of England (married to David's sister Maud of Scotland), and needing them to wrestle the kingdom from his half-brother Máel Coluim mac Alaxandair, David had to reward many with lands. The process was continued under David's successors, most intensely of all under William the Lion. The Norman-derived feudal system was applied in varying degrees to most of Scotland. Scottish families of the names Bruce, Gray, Ramsay, Fraser, Ogilvie, Montgomery, Sinclair, Pollock, Burnard, Douglas and Gordon to name but a few, and including the later royal House of Stewart, can all be traced back to Norman ancestry.","Norman
Norman
Norman",1,"The cultural change known as the ""Davidian Revolution"" refers",1,0.9502705392332347,0.507256899332909,271,270,,-0.5138567569604978,-6.166281083525973,12
run_b--56de3cd0cffd8e1900b4b6bf--sample-02,run_b,56de3cd0cffd8e1900b4b6bf,squad_v2,validation,sampled_model_generation,Qwen/Qwen2.5-0.5B-Instruct,"What culture's arrival in Scotland is know as the ""Davidian Revolution""?","Normans came into Scotland, building castles and founding noble families who would provide some future kings, such as Robert the Bruce, as well as founding a considerable number of the Scottish clans. King David I of Scotland, whose elder brother Alexander I had married Sybilla of Normandy, was instrumental in introducing Normans and Norman culture to Scotland, part of the process some scholars call the ""Davidian Revolution"". Having spent time at the court of Henry I of England (married to David's sister Maud of Scotland), and needing them to wrestle the kingdom from his half-brother Máel Coluim mac Alaxandair, David had to reward many with lands. The process was continued under David's successors, most intensely of all under William the Lion. The Norman-derived feudal system was applied in varying degrees to most of Scotland. Scottish families of the names Bruce, Gray, Ramsay, Fraser, Ogilvie, Montgomery, Sinclair, Pollock, Burnard, Douglas and Gordon to name but a few, and including the later royal House of Stewart, can all be traced back to Norman ancestry.","Norman
Norman
Norman",2,"The cultural arrival known as the ""Davidian Revolution"" refers",1,0.9502705392332347,0.507256899332909,271,270,,-0.23342088926923074,-2.801050671230769,12
run_b--56de3cd0cffd8e1900b4b6bf--sample-03,run_b,56de3cd0cffd8e1900b4b6bf,squad_v2,validation,sampled_model_generation,Qwen/Qwen2.5-0.5B-Instruct,"What culture's arrival in Scotland is know as the ""Davidian Revolution""?","Normans came into Scotland, building castles and founding noble families who would provide some future kings, such as Robert the Bruce, as well as founding a considerable number of the Scottish clans. King David I of Scotland, whose elder brother Alexander I had married Sybilla of Normandy, was instrumental in introducing Normans and Norman culture to Scotland, part of the process some scholars call the ""Davidian Revolution"". Having spent time at the court of Henry I of England (married to David's sister Maud of Scotland), and needing them to wrestle the kingdom from his half-brother Máel Coluim mac Alaxandair, David had to reward many with lands. The process was continued under David's successors, most intensely of all under William the Lion. The Norman-derived feudal system was applied in varying degrees to most of Scotland. Scottish families of the names Bruce, Gray, Ramsay, Fraser, Ogilvie, Montgomery, Sinclair, Pollock, Burnard, Douglas and Gordon to name but a few, and including the later royal House of Stewart, can all be traced back to Norman ancestry.","Norman
Norman
Norman",3,The culture which's arrival in Scotland is known as the David,1,0.9502705392332347,0.507256899332909,271,270,,-1.1882475272286683,-14.25897032674402,12
run_b--56de3cd0cffd8e1900b4b6bf--sample-04,run_b,56de3cd0cffd8e1900b4b6bf,squad_v2,validation,sampled_model_generation,Qwen/Qwen2.5-0.5B-Instruct,"What culture's arrival in Scotland is know as the ""Davidian Revolution""?","Normans came into Scotland, building castles and founding noble families who would provide some future kings, such as Robert the Bruce, as well as founding a considerable number of the Scottish clans. King David I of Scotland, whose elder brother Alexander I had married Sybilla of Normandy, was instrumental in introducing Normans and Norman culture to Scotland, part of the process some scholars call the ""Davidian Revolution"". Having spent time at the court of Henry I of England (married to David's sister Maud of Scotland), and needing them to wrestle the kingdom from his half-brother Máel Coluim mac Alaxandair, David had to reward many with lands. The process was continued under David's successors, most intensely of all under William the Lion. The Norman-derived feudal system was applied in varying degrees to most of Scotland. Scottish families of the names Bruce, Gray, Ramsay, Fraser, Ogilvie, Montgomery, Sinclair, Pollock, Burnard, Douglas and Gordon to name but a few, and including the later royal House of Stewart, can all be traced back to Norman ancestry.","Norman
Norman
Norman",4,The Davidian Revolution refers to the introduction of Norman culture and,2,0.9502705392332347,0.507256899332909,271,270,,-0.31655172448275454,-3.7986206937930547,12
