source_id,variant_id,split,fact_type,context_template,world,answer_key,certainty,correctness,supplied_support,question,context,response_text,token_count,sequence_nll,mean_token_nll,prompt_token_count,response_start_position,final_content_position,boundary_position,primary_score
v4-access_code-001,v4-access_code-001--A--answer-A--neutral,train,access_code,T1,A,A,neutral,correct,supported,Which access code is assigned to Avelune Vault 001?,"Fictional registry for Avelune Vault 001. Values and assigned fields:
620000 | access code
620001 | locker code",The access code for Avelune Vault 001 is 620000.,21,4.77702522277832,0.22747738659381866,76,76,96,97,0.27727903831995465
v4-access_code-001,v4-access_code-001--A--answer-B--neutral,train,access_code,T1,A,B,neutral,incorrect,contradicted,Which access code is assigned to Avelune Vault 001?,"Fictional registry for Avelune Vault 001. Values and assigned fields:
620000 | access code
620001 | locker code",The access code for Avelune Vault 001 is 620001.,21,15.654983520507812,0.7454754114151001,76,76,96,97,0.27689692501783336
v4-access_code-001,v4-access_code-001--B--answer-A--neutral,train,access_code,T1,B,A,neutral,incorrect,contradicted,Which access code is assigned to Avelune Vault 001?,"Fictional registry for Avelune Vault 001. Values and assigned fields:
620000 | locker code
620001 | access code",The access code for Avelune Vault 001 is 620000.,21,13.952703475952148,0.6644144654273987,76,76,96,97,0.2451933482465482
v4-access_code-001,v4-access_code-001--B--answer-B--neutral,train,access_code,T1,B,B,neutral,correct,supported,Which access code is assigned to Avelune Vault 001?,"Fictional registry for Avelune Vault 001. Values and assigned fields:
620000 | locker code
620001 | access code",The access code for Avelune Vault 001 is 620001.,21,6.202289581298828,0.29534712433815,76,76,96,97,0.29050533958125274
v4-access_code-001,v4-access_code-001--omitted--answer-A--neutral,train,access_code,T1,omitted,A,neutral,,absent,Which access code is assigned to Avelune Vault 001?,"Fictional registry for Avelune Vault 001. Values and assigned fields:
620000 | parcel code
620001 | ticket code",The access code for Avelune Vault 001 is 620000.,21,8.910049438476562,0.4242880642414093,76,76,96,97,0.25121115989902676
v4-access_code-001,v4-access_code-001--omitted--answer-B--neutral,train,access_code,T1,omitted,B,neutral,,absent,Which access code is assigned to Avelune Vault 001?,"Fictional registry for Avelune Vault 001. Values and assigned fields:
620000 | parcel code
620001 | ticket code",The access code for Avelune Vault 001 is 620001.,21,7.762544631958008,0.36964496970176697,76,76,96,97,0.2820833864421275
v4-access_code-002,v4-access_code-002--A--answer-A--neutral,train,access_code,T1,A,A,neutral,correct,supported,Which access code is assigned to Avelune Vault 002?,"Fictional registry for Avelune Vault 002. Values and assigned fields:
620003 | locker code
620002 | access code",The access code for Avelune Vault 002 is 620002.,21,5.782417297363281,0.27535319328308105,76,76,96,97,0.26656460071255406
v4-access_code-002,v4-access_code-002--A--answer-B--neutral,train,access_code,T1,A,B,neutral,incorrect,contradicted,Which access code is assigned to Avelune Vault 002?,"Fictional registry for Avelune Vault 002. Values and assigned fields:
620003 | locker code
620002 | access code",The access code for Avelune Vault 002 is 620003.,21,14.033374786376953,0.6682559251785278,76,76,96,97,0.24113785773860297
v4-access_code-002,v4-access_code-002--B--answer-A--neutral,train,access_code,T1,B,A,neutral,incorrect,contradicted,Which access code is assigned to Avelune Vault 002?,"Fictional registry for Avelune Vault 002. Values and assigned fields:
620003 | access code
620002 | locker code",The access code for Avelune Vault 002 is 620002.,21,14.701374053955078,0.7000654339790344,76,76,96,97,0.2381667755513034
v4-access_code-002,v4-access_code-002--B--answer-B--neutral,train,access_code,T1,B,B,neutral,correct,supported,Which access code is assigned to Avelune Vault 002?,"Fictional registry for Avelune Vault 002. Values and assigned fields:
620003 | access code
620002 | locker code",The access code for Avelune Vault 002 is 620003.,21,4.449745178222656,0.21189263463020325,76,76,96,97,0.25656111839303175
v4-access_code-002,v4-access_code-002--omitted--answer-A--neutral,train,access_code,T1,omitted,A,neutral,,absent,Which access code is assigned to Avelune Vault 002?,"Fictional registry for Avelune Vault 002. Values and assigned fields:
620003 | ticket code
620002 | parcel code",The access code for Avelune Vault 002 is 620002.,21,9.227449417114258,0.43940234184265137,76,76,96,97,0.27130490278993846
v4-access_code-002,v4-access_code-002--omitted--answer-B--neutral,train,access_code,T1,omitted,B,neutral,,absent,Which access code is assigned to Avelune Vault 002?,"Fictional registry for Avelune Vault 002. Values and assigned fields:
620003 | ticket code
620002 | parcel code",The access code for Avelune Vault 002 is 620003.,21,8.019390106201172,0.3818757236003876,76,76,96,97,0.27086044340213267
v4-access_code-003,v4-access_code-003--A--answer-A--neutral,train,access_code,T1,A,A,neutral,correct,supported,Which access code is assigned to Avelune Vault 003?,"Fictional registry for Avelune Vault 003. Values and assigned fields:
620004 | access code
620005 | locker code",The access code for Avelune Vault 003 is 620004.,21,4.410942077636719,0.21004486083984375,76,76,96,97,0.2546342676381279
v4-access_code-003,v4-access_code-003--A--answer-B--neutral,train,access_code,T1,A,B,neutral,incorrect,contradicted,Which access code is assigned to Avelune Vault 003?,"Fictional registry for Avelune Vault 003. Values and assigned fields:
620004 | access code
620005 | locker code",The access code for Avelune Vault 003 is 620005.,21,15.66317367553711,0.7458654046058655,76,76,96,97,0.24780531501858408
v4-access_code-003,v4-access_code-003--B--answer-A--neutral,train,access_code,T1,B,A,neutral,incorrect,contradicted,Which access code is assigned to Avelune Vault 003?,"Fictional registry for Avelune Vault 003. Values and assigned fields:
620004 | locker code
620005 | access code",The access code for Avelune Vault 003 is 620004.,21,17.171159744262695,0.8176742792129517,76,76,96,97,0.24136468898608682
v4-access_code-003,v4-access_code-003--B--answer-B--neutral,train,access_code,T1,B,B,neutral,correct,supported,Which access code is assigned to Avelune Vault 003?,"Fictional registry for Avelune Vault 003. Values and assigned fields:
620004 | locker code
620005 | access code",The access code for Avelune Vault 003 is 620005.,21,6.04511833190918,0.28786277770996094,76,76,96,97,0.2676035229557631
v4-access_code-003,v4-access_code-003--omitted--answer-A--neutral,train,access_code,T1,omitted,A,neutral,,absent,Which access code is assigned to Avelune Vault 003?,"Fictional registry for Avelune Vault 003. Values and assigned fields:
620004 | parcel code
620005 | ticket code",The access code for Avelune Vault 003 is 620004.,21,8.609067916870117,0.40995562076568604,76,76,96,97,0.24573301661215202
v4-access_code-003,v4-access_code-003--omitted--answer-B--neutral,train,access_code,T1,omitted,B,neutral,,absent,Which access code is assigned to Avelune Vault 003?,"Fictional registry for Avelune Vault 003. Values and assigned fields:
620004 | parcel code
620005 | ticket code",The access code for Avelune Vault 003 is 620005.,21,9.250860214233398,0.4405171573162079,76,76,96,97,0.25971544242367217
v4-access_code-004,v4-access_code-004--A--answer-A--neutral,train,access_code,T1,A,A,neutral,correct,supported,Which access code is assigned to Avelune Vault 004?,"Fictional registry for Avelune Vault 004. Values and assigned fields:
620007 | locker code
620006 | access code",The access code for Avelune Vault 004 is 620006.,21,6.276590347290039,0.2988852560520172,76,76,96,97,0.26576394487429544
v4-access_code-004,v4-access_code-004--A--answer-B--neutral,train,access_code,T1,A,B,neutral,incorrect,contradicted,Which access code is assigned to Avelune Vault 004?,"Fictional registry for Avelune Vault 004. Values and assigned fields:
620007 | locker code
620006 | access code",The access code for Avelune Vault 004 is 620007.,21,14.902175903320312,0.7096274495124817,76,76,96,97,0.23420348274857533
v4-access_code-004,v4-access_code-004--B--answer-A--neutral,train,access_code,T1,B,A,neutral,incorrect,contradicted,Which access code is assigned to Avelune Vault 004?,"Fictional registry for Avelune Vault 004. Values and assigned fields:
620007 | access code
620006 | locker code",The access code for Avelune Vault 004 is 620006.,21,16.086748123168945,0.7660356163978577,76,76,96,97,0.23495612069628213
v4-access_code-004,v4-access_code-004--B--answer-B--neutral,train,access_code,T1,B,B,neutral,correct,supported,Which access code is assigned to Avelune Vault 004?,"Fictional registry for Avelune Vault 004. Values and assigned fields:
620007 | access code
620006 | locker code",The access code for Avelune Vault 004 is 620007.,21,4.584463119506836,0.218307763338089,76,76,96,97,0.2552263386949585
v4-access_code-004,v4-access_code-004--omitted--answer-A--neutral,train,access_code,T1,omitted,A,neutral,,absent,Which access code is assigned to Avelune Vault 004?,"Fictional registry for Avelune Vault 004. Values and assigned fields:
620007 | ticket code
620006 | parcel code",The access code for Avelune Vault 004 is 620006.,21,10.880403518676758,0.518114447593689,76,76,96,97,0.24988679618648335
v4-access_code-004,v4-access_code-004--omitted--answer-B--neutral,train,access_code,T1,omitted,B,neutral,,absent,Which access code is assigned to Avelune Vault 004?,"Fictional registry for Avelune Vault 004. Values and assigned fields:
620007 | ticket code
620006 | parcel code",The access code for Avelune Vault 004 is 620007.,21,7.797763824462891,0.3713220953941345,76,76,96,97,0.262253375856343
v4-access_code-005,v4-access_code-005--A--answer-A--neutral,train,access_code,T1,A,A,neutral,correct,supported,Which access code is assigned to Avelune Vault 005?,"Fictional registry for Avelune Vault 005. Values and assigned fields:
620008 | access code
620009 | locker code",The access code for Avelune Vault 005 is 620008.,21,4.986026763916016,0.23742984235286713,76,76,96,97,0.2951692299895703
v4-access_code-005,v4-access_code-005--A--answer-B--neutral,train,access_code,T1,A,B,neutral,incorrect,contradicted,Which access code is assigned to Avelune Vault 005?,"Fictional registry for Avelune Vault 005. Values and assigned fields:
620008 | access code
620009 | locker code",The access code for Avelune Vault 005 is 620009.,21,17.23713493347168,0.820815920829773,76,76,96,97,0.26240660170327174
v4-access_code-005,v4-access_code-005--B--answer-A--neutral,train,access_code,T1,B,A,neutral,incorrect,contradicted,Which access code is assigned to Avelune Vault 005?,"Fictional registry for Avelune Vault 005. Values and assigned fields:
620008 | locker code
620009 | access code",The access code for Avelune Vault 005 is 620008.,21,18.193540573120117,0.8663590550422668,76,76,96,97,0.2851040902943848
v4-access_code-005,v4-access_code-005--B--answer-B--neutral,train,access_code,T1,B,B,neutral,correct,supported,Which access code is assigned to Avelune Vault 005?,"Fictional registry for Avelune Vault 005. Values and assigned fields:
620008 | locker code
620009 | access code",The access code for Avelune Vault 005 is 620009.,21,6.817623138427734,0.3246487081050873,76,76,96,97,0.30019211252822264
v4-access_code-005,v4-access_code-005--omitted--answer-A--neutral,train,access_code,T1,omitted,A,neutral,,absent,Which access code is assigned to Avelune Vault 005?,"Fictional registry for Avelune Vault 005. Values and assigned fields:
620008 | parcel code
620009 | ticket code",The access code for Avelune Vault 005 is 620008.,21,8.823801040649414,0.420181006193161,76,76,96,97,0.2860059437511893
v4-access_code-005,v4-access_code-005--omitted--answer-B--neutral,train,access_code,T1,omitted,B,neutral,,absent,Which access code is assigned to Avelune Vault 005?,"Fictional registry for Avelune Vault 005. Values and assigned fields:
620008 | parcel code
620009 | ticket code",The access code for Avelune Vault 005 is 620009.,21,9.437143325805664,0.449387788772583,76,76,96,97,0.2921800022767927
v4-access_code-006,v4-access_code-006--A--answer-A--neutral,train,access_code,T1,A,A,neutral,correct,supported,Which access code is assigned to Avelune Vault 006?,"Fictional registry for Avelune Vault 006. Values and assigned fields:
620011 | locker code
620010 | access code",The access code for Avelune Vault 006 is 620010.,21,5.701763153076172,0.27151253819465637,76,76,96,97,0.23963651962876226
v4-access_code-006,v4-access_code-006--A--answer-B--neutral,train,access_code,T1,A,B,neutral,incorrect,contradicted,Which access code is assigned to Avelune Vault 006?,"Fictional registry for Avelune Vault 006. Values and assigned fields:
620011 | locker code
620010 | access code",The access code for Avelune Vault 006 is 620011.,21,12.577337265014648,0.5989208221435547,76,76,96,97,0.263832164044677
v4-access_code-006,v4-access_code-006--B--answer-A--neutral,train,access_code,T1,B,A,neutral,incorrect,contradicted,Which access code is assigned to Avelune Vault 006?,"Fictional registry for Avelune Vault 006. Values and assigned fields:
620011 | access code
620010 | locker code",The access code for Avelune Vault 006 is 620010.,21,15.079248428344727,0.7180594205856323,76,76,96,97,0.21225169512773112
v4-access_code-006,v4-access_code-006--B--answer-B--neutral,train,access_code,T1,B,B,neutral,correct,supported,Which access code is assigned to Avelune Vault 006?,"Fictional registry for Avelune Vault 006. Values and assigned fields:
620011 | access code
620010 | locker code",The access code for Avelune Vault 006 is 620011.,21,4.326398849487305,0.20601899921894073,76,76,96,97,0.2963288947231802
v4-access_code-006,v4-access_code-006--omitted--answer-A--neutral,train,access_code,T1,omitted,A,neutral,,absent,Which access code is assigned to Avelune Vault 006?,"Fictional registry for Avelune Vault 006. Values and assigned fields:
620011 | ticket code
620010 | parcel code",The access code for Avelune Vault 006 is 620010.,21,9.984542846679688,0.4754544198513031,76,76,96,97,0.24023367661825795
v4-access_code-006,v4-access_code-006--omitted--answer-B--neutral,train,access_code,T1,omitted,B,neutral,,absent,Which access code is assigned to Avelune Vault 006?,"Fictional registry for Avelune Vault 006. Values and assigned fields:
620011 | ticket code
620010 | parcel code",The access code for Avelune Vault 006 is 620011.,21,7.75239372253418,0.36916160583496094,76,76,96,97,0.305160680421786
v4-access_code-007,v4-access_code-007--A--answer-A--neutral,train,access_code,T1,A,A,neutral,correct,supported,Which access code is assigned to Avelune Vault 007?,"Fictional registry for Avelune Vault 007. Values and assigned fields:
620012 | access code
620013 | locker code",The access code for Avelune Vault 007 is 620012.,21,3.700214385986328,0.17620068788528442,76,76,96,97,0.24354168375365484
v4-access_code-007,v4-access_code-007--A--answer-B--neutral,train,access_code,T1,A,B,neutral,incorrect,contradicted,Which access code is assigned to Avelune Vault 007?,"Fictional registry for Avelune Vault 007. Values and assigned fields:
620012 | access code
620013 | locker code",The access code for Avelune Vault 007 is 620013.,21,15.577493667602539,0.7417854070663452,76,76,96,97,0.18126740025118956
v4-access_code-007,v4-access_code-007--B--answer-A--neutral,train,access_code,T1,B,A,neutral,incorrect,contradicted,Which access code is assigned to Avelune Vault 007?,"Fictional registry for Avelune Vault 007. Values and assigned fields:
620012 | locker code
620013 | access code",The access code for Avelune Vault 007 is 620012.,21,15.453548431396484,0.7358832359313965,76,76,96,97,0.20802522527888184
v4-access_code-007,v4-access_code-007--B--answer-B--neutral,train,access_code,T1,B,B,neutral,correct,supported,Which access code is assigned to Avelune Vault 007?,"Fictional registry for Avelune Vault 007. Values and assigned fields:
620012 | locker code
620013 | access code",The access code for Avelune Vault 007 is 620013.,21,4.952360153198242,0.23582667112350464,76,76,96,97,0.19670693680626183
v4-access_code-007,v4-access_code-007--omitted--answer-A--neutral,train,access_code,T1,omitted,A,neutral,,absent,Which access code is assigned to Avelune Vault 007?,"Fictional registry for Avelune Vault 007. Values and assigned fields:
620012 | parcel code
620013 | ticket code",The access code for Avelune Vault 007 is 620012.,21,8.012435913085938,0.3815445601940155,76,76,96,97,0.22483783450829525
v4-access_code-007,v4-access_code-007--omitted--answer-B--neutral,train,access_code,T1,omitted,B,neutral,,absent,Which access code is assigned to Avelune Vault 007?,"Fictional registry for Avelune Vault 007. Values and assigned fields:
620012 | parcel code
620013 | ticket code",The access code for Avelune Vault 007 is 620013.,21,9.120622634887695,0.43431535363197327,76,76,96,97,0.18931888107769157
v4-access_code-008,v4-access_code-008--A--answer-A--neutral,train,access_code,T1,A,A,neutral,correct,supported,Which access code is assigned to Avelune Vault 008?,"Fictional registry for Avelune Vault 008. Values and assigned fields:
620015 | locker code
620014 | access code",The access code for Avelune Vault 008 is 620014.,21,5.706058502197266,0.2717170715332031,76,76,96,97,0.30586096620648373
v4-access_code-008,v4-access_code-008--A--answer-B--neutral,train,access_code,T1,A,B,neutral,incorrect,contradicted,Which access code is assigned to Avelune Vault 008?,"Fictional registry for Avelune Vault 008. Values and assigned fields:
620015 | locker code
620014 | access code",The access code for Avelune Vault 008 is 620015.,21,13.706563949584961,0.652693510055542,76,76,96,97,0.3392111995737624
v4-access_code-008,v4-access_code-008--B--answer-A--neutral,train,access_code,T1,B,A,neutral,incorrect,contradicted,Which access code is assigned to Avelune Vault 008?,"Fictional registry for Avelune Vault 008. Values and assigned fields:
620015 | access code
620014 | locker code",The access code for Avelune Vault 008 is 620014.,21,16.44064712524414,0.7828879356384277,76,76,96,97,0.28615167403639885
v4-access_code-008,v4-access_code-008--B--answer-B--neutral,train,access_code,T1,B,B,neutral,correct,supported,Which access code is assigned to Avelune Vault 008?,"Fictional registry for Avelune Vault 008. Values and assigned fields:
620015 | access code
620014 | locker code",The access code for Avelune Vault 008 is 620015.,21,4.187433242797852,0.1994015872478485,76,76,96,97,0.3681548252562209
v4-access_code-008,v4-access_code-008--omitted--answer-A--neutral,train,access_code,T1,omitted,A,neutral,,absent,Which access code is assigned to Avelune Vault 008?,"Fictional registry for Avelune Vault 008. Values and assigned fields:
620015 | ticket code
620014 | parcel code",The access code for Avelune Vault 008 is 620014.,21,10.766361236572266,0.5126838684082031,76,76,96,97,0.28848194342250955
v4-access_code-008,v4-access_code-008--omitted--answer-B--neutral,train,access_code,T1,omitted,B,neutral,,absent,Which access code is assigned to Avelune Vault 008?,"Fictional registry for Avelune Vault 008. Values and assigned fields:
620015 | ticket code
620014 | parcel code",The access code for Avelune Vault 008 is 620015.,21,7.175470352172852,0.3416890501976013,76,76,96,97,0.34967677772756944
v4-access_code-009,v4-access_code-009--A--answer-A--neutral,train,access_code,T1,A,A,neutral,correct,supported,Which access code is assigned to Avelune Vault 009?,"Fictional registry for Avelune Vault 009. Values and assigned fields:
620016 | access code
620017 | locker code",The access code for Avelune Vault 009 is 620016.,21,4.569116592407227,0.2175769805908203,76,76,96,97,0.30975688896792947
v4-access_code-009,v4-access_code-009--A--answer-B--neutral,train,access_code,T1,A,B,neutral,incorrect,contradicted,Which access code is assigned to Avelune Vault 009?,"Fictional registry for Avelune Vault 009. Values and assigned fields:
620016 | access code
620017 | locker code",The access code for Avelune Vault 009 is 620017.,21,17.320873260498047,0.8248034715652466,76,76,96,97,0.256912189994537
v4-access_code-009,v4-access_code-009--B--answer-A--neutral,train,access_code,T1,B,A,neutral,incorrect,contradicted,Which access code is assigned to Avelune Vault 009?,"Fictional registry for Avelune Vault 009. Values and assigned fields:
620016 | locker code
620017 | access code",The access code for Avelune Vault 009 is 620016.,21,17.201881408691406,0.8191372156143188,76,76,96,97,0.2826385083525088
v4-access_code-009,v4-access_code-009--B--answer-B--neutral,train,access_code,T1,B,B,neutral,correct,supported,Which access code is assigned to Avelune Vault 009?,"Fictional registry for Avelune Vault 009. Values and assigned fields:
620016 | locker code
620017 | access code",The access code for Avelune Vault 009 is 620017.,21,5.9508209228515625,0.2833724319934845,76,76,96,97,0.27933305611486337
v4-access_code-009,v4-access_code-009--omitted--answer-A--neutral,train,access_code,T1,omitted,A,neutral,,absent,Which access code is assigned to Avelune Vault 009?,"Fictional registry for Avelune Vault 009. Values and assigned fields:
620016 | parcel code
620017 | ticket code",The access code for Avelune Vault 009 is 620016.,21,8.944023132324219,0.42590585350990295,76,76,96,97,0.30727687151481586
v4-access_code-009,v4-access_code-009--omitted--answer-B--neutral,train,access_code,T1,omitted,B,neutral,,absent,Which access code is assigned to Avelune Vault 009?,"Fictional registry for Avelune Vault 009. Values and assigned fields:
620016 | parcel code
620017 | ticket code",The access code for Avelune Vault 009 is 620017.,21,9.308502197265625,0.4432620108127594,76,76,96,97,0.280011757848707
v4-access_code-010,v4-access_code-010--A--answer-A--neutral,train,access_code,T1,A,A,neutral,correct,supported,Which access code is assigned to Avelune Vault 010?,"Fictional registry for Avelune Vault 010. Values and assigned fields:
620019 | locker code
620018 | access code",The access code for Avelune Vault 010 is 620018.,21,6.341911315917969,0.30199578404426575,76,76,96,97,0.2957983047421094
v4-access_code-010,v4-access_code-010--A--answer-B--neutral,train,access_code,T1,A,B,neutral,incorrect,contradicted,Which access code is assigned to Avelune Vault 010?,"Fictional registry for Avelune Vault 010. Values and assigned fields:
620019 | locker code
620018 | access code",The access code for Avelune Vault 010 is 620019.,21,10.711446762084961,0.5100688934326172,76,76,96,97,0.3292261637948277
v4-access_code-010,v4-access_code-010--B--answer-A--neutral,train,access_code,T1,B,A,neutral,incorrect,contradicted,Which access code is assigned to Avelune Vault 010?,"Fictional registry for Avelune Vault 010. Values and assigned fields:
620019 | access code
620018 | locker code",The access code for Avelune Vault 010 is 620018.,21,17.256244659423828,0.8217259645462036,76,76,96,97,0.2646374806242405
v4-access_code-010,v4-access_code-010--B--answer-B--neutral,train,access_code,T1,B,B,neutral,correct,supported,Which access code is assigned to Avelune Vault 010?,"Fictional registry for Avelune Vault 010. Values and assigned fields:
620019 | access code
620018 | locker code",The access code for Avelune Vault 010 is 620019.,21,4.863862991333008,0.23161251842975616,76,76,96,97,0.34171123963863215
v4-access_code-010,v4-access_code-010--omitted--answer-A--neutral,train,access_code,T1,omitted,A,neutral,,absent,Which access code is assigned to Avelune Vault 010?,"Fictional registry for Avelune Vault 010. Values and assigned fields:
620019 | ticket code
620018 | parcel code",The access code for Avelune Vault 010 is 620018.,21,13.742692947387695,0.6544139385223389,76,76,96,97,0.28734922150955816
v4-access_code-010,v4-access_code-010--omitted--answer-B--neutral,train,access_code,T1,omitted,B,neutral,,absent,Which access code is assigned to Avelune Vault 010?,"Fictional registry for Avelune Vault 010. Values and assigned fields:
620019 | ticket code
620018 | parcel code",The access code for Avelune Vault 010 is 620019.,21,7.634222030639648,0.3635343909263611,76,76,96,97,0.34667525295115154
v4-access_code-011,v4-access_code-011--A--answer-A--neutral,train,access_code,T1,A,A,neutral,correct,supported,Which access code is assigned to Avelune Vault 011?,"Fictional registry for Avelune Vault 011. Values and assigned fields:
620020 | access code
620021 | locker code",The access code for Avelune Vault 011 is 620020.,21,4.557069778442383,0.21700331568717957,76,76,96,97,0.28167364116272725
v4-access_code-011,v4-access_code-011--A--answer-B--neutral,train,access_code,T1,A,B,neutral,incorrect,contradicted,Which access code is assigned to Avelune Vault 011?,"Fictional registry for Avelune Vault 011. Values and assigned fields:
620020 | access code
620021 | locker code",The access code for Avelune Vault 011 is 620021.,21,17.30979347229004,0.8242758512496948,76,76,96,97,0.2910810801849137
v4-access_code-011,v4-access_code-011--B--answer-A--neutral,train,access_code,T1,B,A,neutral,incorrect,contradicted,Which access code is assigned to Avelune Vault 011?,"Fictional registry for Avelune Vault 011. Values and assigned fields:
620020 | locker code
620021 | access code",The access code for Avelune Vault 011 is 620020.,21,15.86181640625,0.7553246021270752,76,76,96,97,0.2534823898630011
v4-access_code-011,v4-access_code-011--B--answer-B--neutral,train,access_code,T1,B,B,neutral,correct,supported,Which access code is assigned to Avelune Vault 011?,"Fictional registry for Avelune Vault 011. Values and assigned fields:
620020 | locker code
620021 | access code",The access code for Avelune Vault 011 is 620021.,21,5.736194610595703,0.27315211296081543,76,76,96,97,0.30799912467451795
v4-access_code-011,v4-access_code-011--omitted--answer-A--neutral,train,access_code,T1,omitted,A,neutral,,absent,Which access code is assigned to Avelune Vault 011?,"Fictional registry for Avelune Vault 011. Values and assigned fields:
620020 | parcel code
620021 | ticket code",The access code for Avelune Vault 011 is 620020.,21,8.751119613647461,0.4167199730873108,76,76,96,97,0.2990668520564532
v4-access_code-011,v4-access_code-011--omitted--answer-B--neutral,train,access_code,T1,omitted,B,neutral,,absent,Which access code is assigned to Avelune Vault 011?,"Fictional registry for Avelune Vault 011. Values and assigned fields:
620020 | parcel code
620021 | ticket code",The access code for Avelune Vault 011 is 620021.,21,9.349876403808594,0.44523221254348755,76,76,96,97,0.3321529838230993
v4-access_code-012,v4-access_code-012--A--answer-A--neutral,train,access_code,T1,A,A,neutral,correct,supported,Which access code is assigned to Avelune Vault 012?,"Fictional registry for Avelune Vault 012. Values and assigned fields:
620023 | locker code
620022 | access code",The access code for Avelune Vault 012 is 620022.,21,5.801088333129883,0.27624231576919556,76,76,96,97,0.24641868451586574
v4-access_code-012,v4-access_code-012--A--answer-B--neutral,train,access_code,T1,A,B,neutral,incorrect,contradicted,Which access code is assigned to Avelune Vault 012?,"Fictional registry for Avelune Vault 012. Values and assigned fields:
620023 | locker code
620022 | access code",The access code for Avelune Vault 012 is 620023.,21,15.177471160888672,0.7227367162704468,76,76,96,97,0.23513019098576976
v4-access_code-012,v4-access_code-012--B--answer-A--neutral,train,access_code,T1,B,A,neutral,incorrect,contradicted,Which access code is assigned to Avelune Vault 012?,"Fictional registry for Avelune Vault 012. Values and assigned fields:
620023 | access code
620022 | locker code",The access code for Avelune Vault 012 is 620022.,21,16.05471420288086,0.7645102143287659,76,76,96,97,0.21728751861785353
v4-access_code-012,v4-access_code-012--B--answer-B--neutral,train,access_code,T1,B,B,neutral,correct,supported,Which access code is assigned to Avelune Vault 012?,"Fictional registry for Avelune Vault 012. Values and assigned fields:
620023 | access code
620022 | locker code",The access code for Avelune Vault 012 is 620023.,21,4.802614212036133,0.22869591414928436,76,76,96,97,0.2555645546702055
v4-access_code-012,v4-access_code-012--omitted--answer-A--neutral,train,access_code,T1,omitted,A,neutral,,absent,Which access code is assigned to Avelune Vault 012?,"Fictional registry for Avelune Vault 012. Values and assigned fields:
620023 | ticket code
620022 | parcel code",The access code for Avelune Vault 012 is 620022.,21,9.280258178710938,0.4419170618057251,76,76,96,97,0.25349380333866656
v4-access_code-012,v4-access_code-012--omitted--answer-B--neutral,train,access_code,T1,omitted,B,neutral,,absent,Which access code is assigned to Avelune Vault 012?,"Fictional registry for Avelune Vault 012. Values and assigned fields:
620023 | ticket code
620022 | parcel code",The access code for Avelune Vault 012 is 620023.,21,7.581460952758789,0.3610219359397888,76,76,96,97,0.26525627911539956
v4-access_code-013,v4-access_code-013--A--answer-A--neutral,train,access_code,T1,A,A,neutral,correct,supported,Which access code is assigned to Avelune Vault 013?,"Fictional registry for Avelune Vault 013. Values and assigned fields:
620024 | access code
620025 | locker code",The access code for Avelune Vault 013 is 620024.,21,4.228933334350586,0.2013777792453766,76,76,96,97,0.2986411745075328
v4-access_code-013,v4-access_code-013--A--answer-B--neutral,train,access_code,T1,A,B,neutral,incorrect,contradicted,Which access code is assigned to Avelune Vault 013?,"Fictional registry for Avelune Vault 013. Values and assigned fields:
620024 | access code
620025 | locker code",The access code for Avelune Vault 013 is 620025.,21,17.230884552001953,0.8205183148384094,76,76,96,97,0.27065593840324875
v4-access_code-013,v4-access_code-013--B--answer-A--neutral,train,access_code,T1,B,A,neutral,incorrect,contradicted,Which access code is assigned to Avelune Vault 013?,"Fictional registry for Avelune Vault 013. Values and assigned fields:
620024 | locker code
620025 | access code",The access code for Avelune Vault 013 is 620024.,21,16.450904846191406,0.7833763957023621,76,76,96,97,0.268189957835116
v4-access_code-013,v4-access_code-013--B--answer-B--neutral,train,access_code,T1,B,B,neutral,correct,supported,Which access code is assigned to Avelune Vault 013?,"Fictional registry for Avelune Vault 013. Values and assigned fields:
620024 | locker code
620025 | access code",The access code for Avelune Vault 013 is 620025.,21,5.574680328369141,0.2654609680175781,76,76,96,97,0.29361258366580645
v4-access_code-013,v4-access_code-013--omitted--answer-A--neutral,train,access_code,T1,omitted,A,neutral,,absent,Which access code is assigned to Avelune Vault 013?,"Fictional registry for Avelune Vault 013. Values and assigned fields:
620024 | parcel code
620025 | ticket code",The access code for Avelune Vault 013 is 620024.,21,8.532859802246094,0.40632665157318115,76,76,96,97,0.2847212746245832
v4-access_code-013,v4-access_code-013--omitted--answer-B--neutral,train,access_code,T1,omitted,B,neutral,,absent,Which access code is assigned to Avelune Vault 013?,"Fictional registry for Avelune Vault 013. Values and assigned fields:
620024 | parcel code
620025 | ticket code",The access code for Avelune Vault 013 is 620025.,21,9.995086669921875,0.4759564995765686,76,76,96,97,0.2982120253322569
v4-access_code-014,v4-access_code-014--A--answer-A--neutral,train,access_code,T1,A,A,neutral,correct,supported,Which access code is assigned to Avelune Vault 014?,"Fictional registry for Avelune Vault 014. Values and assigned fields:
620027 | locker code
620026 | access code",The access code for Avelune Vault 014 is 620026.,21,6.071292877197266,0.28910917043685913,76,76,96,97,0.30866608791590133
v4-access_code-014,v4-access_code-014--A--answer-B--neutral,train,access_code,T1,A,B,neutral,incorrect,contradicted,Which access code is assigned to Avelune Vault 014?,"Fictional registry for Avelune Vault 014. Values and assigned fields:
620027 | locker code
620026 | access code",The access code for Avelune Vault 014 is 620027.,21,15.19767951965332,0.7236990332603455,76,76,96,97,0.2859303131477612
v4-access_code-014,v4-access_code-014--B--answer-A--neutral,train,access_code,T1,B,A,neutral,incorrect,contradicted,Which access code is assigned to Avelune Vault 014?,"Fictional registry for Avelune Vault 014. Values and assigned fields:
620027 | access code
620026 | locker code",The access code for Avelune Vault 014 is 620026.,21,16.64906120300293,0.7928124666213989,76,76,96,97,0.2789181364751682
v4-access_code-014,v4-access_code-014--B--answer-B--neutral,train,access_code,T1,B,B,neutral,correct,supported,Which access code is assigned to Avelune Vault 014?,"Fictional registry for Avelune Vault 014. Values and assigned fields:
620027 | access code
620026 | locker code",The access code for Avelune Vault 014 is 620027.,21,4.519742965698242,0.21522586047649384,76,76,96,97,0.30674944895345263
v4-access_code-014,v4-access_code-014--omitted--answer-A--neutral,train,access_code,T1,omitted,A,neutral,,absent,Which access code is assigned to Avelune Vault 014?,"Fictional registry for Avelune Vault 014. Values and assigned fields:
620027 | ticket code
620026 | parcel code",The access code for Avelune Vault 014 is 620026.,21,10.554433822631836,0.5025920867919922,76,76,96,97,0.3024924688733554
v4-access_code-014,v4-access_code-014--omitted--answer-B--neutral,train,access_code,T1,omitted,B,neutral,,absent,Which access code is assigned to Avelune Vault 014?,"Fictional registry for Avelune Vault 014. Values and assigned fields:
620027 | ticket code
620026 | parcel code",The access code for Avelune Vault 014 is 620027.,21,7.656078338623047,0.3645751476287842,76,76,96,97,0.3191396469816525
v4-access_code-015,v4-access_code-015--A--answer-A--neutral,train,access_code,T1,A,A,neutral,correct,supported,Which access code is assigned to Avelune Vault 015?,"Fictional registry for Avelune Vault 015. Values and assigned fields:
620028 | access code
620029 | locker code",The access code for Avelune Vault 015 is 620028.,21,5.066225051879883,0.24124881625175476,76,76,96,97,0.34673040849390313
v4-access_code-015,v4-access_code-015--A--answer-B--neutral,train,access_code,T1,A,B,neutral,incorrect,contradicted,Which access code is assigned to Avelune Vault 015?,"Fictional registry for Avelune Vault 015. Values and assigned fields:
620028 | access code
620029 | locker code",The access code for Avelune Vault 015 is 620029.,21,17.443008422851562,0.8306194543838501,76,76,96,97,0.33688147535133156
v4-access_code-015,v4-access_code-015--B--answer-A--neutral,train,access_code,T1,B,A,neutral,incorrect,contradicted,Which access code is assigned to Avelune Vault 015?,"Fictional registry for Avelune Vault 015. Values and assigned fields:
620028 | locker code
620029 | access code",The access code for Avelune Vault 015 is 620028.,21,18.754878997802734,0.8930894732475281,76,76,96,97,0.3340763033602367
v4-access_code-015,v4-access_code-015--B--answer-B--neutral,train,access_code,T1,B,B,neutral,correct,supported,Which access code is assigned to Avelune Vault 015?,"Fictional registry for Avelune Vault 015. Values and assigned fields:
620028 | locker code
620029 | access code",The access code for Avelune Vault 015 is 620029.,21,6.3161163330078125,0.3007674515247345,76,76,96,97,0.3617321393977211
v4-access_code-015,v4-access_code-015--omitted--answer-A--neutral,train,access_code,T1,omitted,A,neutral,,absent,Which access code is assigned to Avelune Vault 015?,"Fictional registry for Avelune Vault 015. Values and assigned fields:
620028 | parcel code
620029 | ticket code",The access code for Avelune Vault 015 is 620028.,21,9.312501907348633,0.44345247745513916,76,76,96,97,0.3319223643231344
v4-access_code-015,v4-access_code-015--omitted--answer-B--neutral,train,access_code,T1,omitted,B,neutral,,absent,Which access code is assigned to Avelune Vault 015?,"Fictional registry for Avelune Vault 015. Values and assigned fields:
620028 | parcel code
620029 | ticket code",The access code for Avelune Vault 015 is 620029.,21,9.095722198486328,0.4331296384334564,76,76,96,97,0.3484437170825494
v4-access_code-016,v4-access_code-016--A--answer-A--neutral,train,access_code,T1,A,A,neutral,correct,supported,Which access code is assigned to Avelune Vault 016?,"Fictional registry for Avelune Vault 016. Values and assigned fields:
620031 | locker code
620030 | access code",The access code for Avelune Vault 016 is 620030.,21,5.859630584716797,0.2790300250053406,76,76,96,97,0.2442458945768011
v4-access_code-016,v4-access_code-016--A--answer-B--neutral,train,access_code,T1,A,B,neutral,incorrect,contradicted,Which access code is assigned to Avelune Vault 016?,"Fictional registry for Avelune Vault 016. Values and assigned fields:
620031 | locker code
620030 | access code",The access code for Avelune Vault 016 is 620031.,21,14.360332489013672,0.6838253736495972,76,76,96,97,0.25816002116699294
v4-access_code-016,v4-access_code-016--B--answer-A--neutral,train,access_code,T1,B,A,neutral,incorrect,contradicted,Which access code is assigned to Avelune Vault 016?,"Fictional registry for Avelune Vault 016. Values and assigned fields:
620031 | access code
620030 | locker code",The access code for Avelune Vault 016 is 620030.,21,15.814582824707031,0.753075361251831,76,76,96,97,0.21752832197097136
v4-access_code-016,v4-access_code-016--B--answer-B--neutral,train,access_code,T1,B,B,neutral,correct,supported,Which access code is assigned to Avelune Vault 016?,"Fictional registry for Avelune Vault 016. Values and assigned fields:
620031 | access code
620030 | locker code",The access code for Avelune Vault 016 is 620031.,21,4.435831069946289,0.2112300544977188,76,76,96,97,0.28865184661815196
v4-access_code-016,v4-access_code-016--omitted--answer-A--neutral,train,access_code,T1,omitted,A,neutral,,absent,Which access code is assigned to Avelune Vault 016?,"Fictional registry for Avelune Vault 016. Values and assigned fields:
620031 | ticket code
620030 | parcel code",The access code for Avelune Vault 016 is 620030.,21,10.022438049316406,0.47725895047187805,76,76,96,97,0.22565565769480367
v4-access_code-016,v4-access_code-016--omitted--answer-B--neutral,train,access_code,T1,omitted,B,neutral,,absent,Which access code is assigned to Avelune Vault 016?,"Fictional registry for Avelune Vault 016. Values and assigned fields:
620031 | ticket code
620030 | parcel code",The access code for Avelune Vault 016 is 620031.,21,7.726581573486328,0.3679324686527252,76,76,96,97,0.27780362123366287
v4-access_code-017,v4-access_code-017--A--answer-A--neutral,train,access_code,T1,A,A,neutral,correct,supported,Which access code is assigned to Avelune Vault 017?,"Fictional registry for Avelune Vault 017. Values and assigned fields:
620032 | access code
620033 | locker code",The access code for Avelune Vault 017 is 620032.,21,3.7269039154052734,0.1774716079235077,76,76,96,97,0.23678814717682822
v4-access_code-017,v4-access_code-017--A--answer-B--neutral,train,access_code,T1,A,B,neutral,incorrect,contradicted,Which access code is assigned to Avelune Vault 017?,"Fictional registry for Avelune Vault 017. Values and assigned fields:
620032 | access code
620033 | locker code",The access code for Avelune Vault 017 is 620033.,21,15.603799819946289,0.7430380582809448,76,76,96,97,0.19404879322602128
v4-access_code-017,v4-access_code-017--B--answer-A--neutral,train,access_code,T1,B,A,neutral,incorrect,contradicted,Which access code is assigned to Avelune Vault 017?,"Fictional registry for Avelune Vault 017. Values and assigned fields:
620032 | locker code
620033 | access code",The access code for Avelune Vault 017 is 620032.,21,15.893848419189453,0.7568499445915222,76,76,96,97,0.21132279880368027
v4-access_code-017,v4-access_code-017--B--answer-B--neutral,train,access_code,T1,B,B,neutral,correct,supported,Which access code is assigned to Avelune Vault 017?,"Fictional registry for Avelune Vault 017. Values and assigned fields:
620032 | locker code
620033 | access code",The access code for Avelune Vault 017 is 620033.,21,5.392814636230469,0.25680071115493774,76,76,96,97,0.2221102706072794
v4-access_code-017,v4-access_code-017--omitted--answer-A--neutral,train,access_code,T1,omitted,A,neutral,,absent,Which access code is assigned to Avelune Vault 017?,"Fictional registry for Avelune Vault 017. Values and assigned fields:
620032 | parcel code
620033 | ticket code",The access code for Avelune Vault 017 is 620032.,21,9.070070266723633,0.43190810084342957,76,76,96,97,0.2266268375239428
v4-access_code-017,v4-access_code-017--omitted--answer-B--neutral,train,access_code,T1,omitted,B,neutral,,absent,Which access code is assigned to Avelune Vault 017?,"Fictional registry for Avelune Vault 017. Values and assigned fields:
620032 | parcel code
620033 | ticket code",The access code for Avelune Vault 017 is 620033.,21,10.286258697509766,0.4898218512535095,76,76,96,97,0.21130026841518706
v4-access_code-018,v4-access_code-018--A--answer-A--neutral,train,access_code,T1,A,A,neutral,correct,supported,Which access code is assigned to Avelune Vault 018?,"Fictional registry for Avelune Vault 018. Values and assigned fields:
620035 | locker code
620034 | access code",The access code for Avelune Vault 018 is 620034.,21,6.620809555053711,0.3152766525745392,76,76,96,97,0.27134212160470633
v4-access_code-018,v4-access_code-018--A--answer-B--neutral,train,access_code,T1,A,B,neutral,incorrect,contradicted,Which access code is assigned to Avelune Vault 018?,"Fictional registry for Avelune Vault 018. Values and assigned fields:
620035 | locker code
620034 | access code",The access code for Avelune Vault 018 is 620035.,21,14.621654510498047,0.6962692737579346,76,76,96,97,0.27200468585353715
v4-access_code-018,v4-access_code-018--B--answer-A--neutral,train,access_code,T1,B,A,neutral,incorrect,contradicted,Which access code is assigned to Avelune Vault 018?,"Fictional registry for Avelune Vault 018. Values and assigned fields:
620035 | access code
620034 | locker code",The access code for Avelune Vault 018 is 620034.,21,16.759702682495117,0.79808109998703,76,76,96,97,0.24767411589816613
v4-access_code-018,v4-access_code-018--B--answer-B--neutral,train,access_code,T1,B,B,neutral,correct,supported,Which access code is assigned to Avelune Vault 018?,"Fictional registry for Avelune Vault 018. Values and assigned fields:
620035 | access code
620034 | locker code",The access code for Avelune Vault 018 is 620035.,21,4.754859924316406,0.22642190754413605,76,76,96,97,0.30411464771128294
v4-access_code-018,v4-access_code-018--omitted--answer-A--neutral,train,access_code,T1,omitted,A,neutral,,absent,Which access code is assigned to Avelune Vault 018?,"Fictional registry for Avelune Vault 018. Values and assigned fields:
620035 | ticket code
620034 | parcel code",The access code for Avelune Vault 018 is 620034.,21,10.836240768432617,0.5160114765167236,76,76,96,97,0.23199015161168202
v4-access_code-018,v4-access_code-018--omitted--answer-B--neutral,train,access_code,T1,omitted,B,neutral,,absent,Which access code is assigned to Avelune Vault 018?,"Fictional registry for Avelune Vault 018. Values and assigned fields:
620035 | ticket code
620034 | parcel code",The access code for Avelune Vault 018 is 620035.,21,7.709157943725586,0.3671027719974518,76,76,96,97,0.27745118999799684
v4-access_code-019,v4-access_code-019--A--answer-A--neutral,train,access_code,T1,A,A,neutral,correct,supported,Which access code is assigned to Avelune Vault 019?,"Fictional registry for Avelune Vault 019. Values and assigned fields:
620036 | access code
620037 | locker code",The access code for Avelune Vault 019 is 620036.,21,4.350189208984375,0.207151859998703,76,76,96,97,0.2838044097745673
v4-access_code-019,v4-access_code-019--A--answer-B--neutral,train,access_code,T1,A,B,neutral,incorrect,contradicted,Which access code is assigned to Avelune Vault 019?,"Fictional registry for Avelune Vault 019. Values and assigned fields:
620036 | access code
620037 | locker code",The access code for Avelune Vault 019 is 620037.,21,17.602346420288086,0.838206946849823,76,76,96,97,0.21001732631570388
v4-access_code-019,v4-access_code-019--B--answer-A--neutral,train,access_code,T1,B,A,neutral,incorrect,contradicted,Which access code is assigned to Avelune Vault 019?,"Fictional registry for Avelune Vault 019. Values and assigned fields:
620036 | locker code
620037 | access code",The access code for Avelune Vault 019 is 620036.,21,15.634101867675781,0.7444810271263123,76,76,96,97,0.2484069889233903
v4-access_code-019,v4-access_code-019--B--answer-B--neutral,train,access_code,T1,B,B,neutral,correct,supported,Which access code is assigned to Avelune Vault 019?,"Fictional registry for Avelune Vault 019. Values and assigned fields:
620036 | locker code
620037 | access code",The access code for Avelune Vault 019 is 620037.,21,5.758083343505859,0.2741944491863251,76,76,96,97,0.23401138830089696
v4-access_code-019,v4-access_code-019--omitted--answer-A--neutral,train,access_code,T1,omitted,A,neutral,,absent,Which access code is assigned to Avelune Vault 019?,"Fictional registry for Avelune Vault 019. Values and assigned fields:
620036 | parcel code
620037 | ticket code",The access code for Avelune Vault 019 is 620036.,21,9.40859603881836,0.4480283856391907,76,76,96,97,0.25035604709844456
v4-access_code-019,v4-access_code-019--omitted--answer-B--neutral,train,access_code,T1,omitted,B,neutral,,absent,Which access code is assigned to Avelune Vault 019?,"Fictional registry for Avelune Vault 019. Values and assigned fields:
620036 | parcel code
620037 | ticket code",The access code for Avelune Vault 019 is 620037.,21,10.516050338745117,0.5007643103599548,76,76,96,97,0.2203741957544215
v4-access_code-020,v4-access_code-020--A--answer-A--neutral,train,access_code,T1,A,A,neutral,correct,supported,Which access code is assigned to Avelune Vault 020?,"Fictional registry for Avelune Vault 020. Values and assigned fields:
620039 | locker code
620038 | access code",The access code for Avelune Vault 020 is 620038.,21,8.808040618896484,0.4194304943084717,76,76,96,97,0.26525370838973017
v4-access_code-020,v4-access_code-020--A--answer-B--neutral,train,access_code,T1,A,B,neutral,incorrect,contradicted,Which access code is assigned to Avelune Vault 020?,"Fictional registry for Avelune Vault 020. Values and assigned fields:
620039 | locker code
620038 | access code",The access code for Avelune Vault 020 is 620039.,21,6.433614730834961,0.3063625991344452,76,76,96,97,0.2810621762703503
v4-access_code-020,v4-access_code-020--B--answer-A--neutral,train,access_code,T1,B,A,neutral,incorrect,contradicted,Which access code is assigned to Avelune Vault 020?,"Fictional registry for Avelune Vault 020. Values and assigned fields:
620039 | access code
620038 | locker code",The access code for Avelune Vault 020 is 620038.,21,17.735462188720703,0.844545841217041,76,76,96,97,0.23456834517680397
v4-access_code-020,v4-access_code-020--B--answer-B--neutral,train,access_code,T1,B,B,neutral,correct,supported,Which access code is assigned to Avelune Vault 020?,"Fictional registry for Avelune Vault 020. Values and assigned fields:
620039 | access code
620038 | locker code",The access code for Avelune Vault 020 is 620039.,21,4.98307991027832,0.23728951811790466,76,76,96,97,0.3016122456415205
v4-access_code-020,v4-access_code-020--omitted--answer-A--neutral,train,access_code,T1,omitted,A,neutral,,absent,Which access code is assigned to Avelune Vault 020?,"Fictional registry for Avelune Vault 020. Values and assigned fields:
620039 | ticket code
620038 | parcel code",The access code for Avelune Vault 020 is 620038.,21,15.597721099853516,0.7427486181259155,76,76,96,97,0.2312639559314299
v4-access_code-020,v4-access_code-020--omitted--answer-B--neutral,train,access_code,T1,omitted,B,neutral,,absent,Which access code is assigned to Avelune Vault 020?,"Fictional registry for Avelune Vault 020. Values and assigned fields:
620039 | ticket code
620038 | parcel code",The access code for Avelune Vault 020 is 620039.,21,7.60499382019043,0.36214256286621094,76,76,96,97,0.27343679931728465
v4-access_code-021,v4-access_code-021--A--answer-A--neutral,train,access_code,T1,A,A,neutral,correct,supported,Which access code is assigned to Avelune Vault 021?,"Fictional registry for Avelune Vault 021. Values and assigned fields:
620040 | access code
620041 | locker code",The access code for Avelune Vault 021 is 620040.,21,4.591608047485352,0.2186480015516281,76,76,96,97,0.2676936241772613
v4-access_code-021,v4-access_code-021--A--answer-B--neutral,train,access_code,T1,A,B,neutral,incorrect,contradicted,Which access code is assigned to Avelune Vault 021?,"Fictional registry for Avelune Vault 021. Values and assigned fields:
620040 | access code
620041 | locker code",The access code for Avelune Vault 021 is 620041.,21,15.344131469726562,0.7306729555130005,76,76,96,97,0.2718105979486618
v4-access_code-021,v4-access_code-021--B--answer-A--neutral,train,access_code,T1,B,A,neutral,incorrect,contradicted,Which access code is assigned to Avelune Vault 021?,"Fictional registry for Avelune Vault 021. Values and assigned fields:
620040 | locker code
620041 | access code",The access code for Avelune Vault 021 is 620040.,21,15.55636215209961,0.7407791614532471,76,76,96,97,0.22758163315682706
v4-access_code-021,v4-access_code-021--B--answer-B--neutral,train,access_code,T1,B,B,neutral,correct,supported,Which access code is assigned to Avelune Vault 021?,"Fictional registry for Avelune Vault 021. Values and assigned fields:
620040 | locker code
620041 | access code",The access code for Avelune Vault 021 is 620041.,21,5.680646896362305,0.27050700783729553,76,76,96,97,0.28095626294573983
v4-access_code-021,v4-access_code-021--omitted--answer-A--neutral,train,access_code,T1,omitted,A,neutral,,absent,Which access code is assigned to Avelune Vault 021?,"Fictional registry for Avelune Vault 021. Values and assigned fields:
620040 | parcel code
620041 | ticket code",The access code for Avelune Vault 021 is 620040.,21,9.868741989135742,0.46994009613990784,76,76,96,97,0.25036481820486367
v4-access_code-021,v4-access_code-021--omitted--answer-B--neutral,train,access_code,T1,omitted,B,neutral,,absent,Which access code is assigned to Avelune Vault 021?,"Fictional registry for Avelune Vault 021. Values and assigned fields:
620040 | parcel code
620041 | ticket code",The access code for Avelune Vault 021 is 620041.,21,8.671073913574219,0.41290828585624695,76,76,96,97,0.28590556461889455
v4-access_code-022,v4-access_code-022--A--answer-A--neutral,train,access_code,T1,A,A,neutral,correct,supported,Which access code is assigned to Avelune Vault 022?,"Fictional registry for Avelune Vault 022. Values and assigned fields:
620043 | locker code
620042 | access code",The access code for Avelune Vault 022 is 620042.,21,5.831449508666992,0.27768808603286743,76,76,96,97,0.27593358299740134
v4-access_code-022,v4-access_code-022--A--answer-B--neutral,train,access_code,T1,A,B,neutral,incorrect,contradicted,Which access code is assigned to Avelune Vault 022?,"Fictional registry for Avelune Vault 022. Values and assigned fields:
620043 | locker code
620042 | access code",The access code for Avelune Vault 022 is 620043.,21,13.08221435546875,0.6229625940322876,76,76,96,97,0.2859581182248708
v4-access_code-022,v4-access_code-022--B--answer-A--neutral,train,access_code,T1,B,A,neutral,incorrect,contradicted,Which access code is assigned to Avelune Vault 022?,"Fictional registry for Avelune Vault 022. Values and assigned fields:
620043 | access code
620042 | locker code",The access code for Avelune Vault 022 is 620042.,21,15.315052032470703,0.7292882204055786,76,76,96,97,0.24824074890652487
v4-access_code-022,v4-access_code-022--B--answer-B--neutral,train,access_code,T1,B,B,neutral,correct,supported,Which access code is assigned to Avelune Vault 022?,"Fictional registry for Avelune Vault 022. Values and assigned fields:
620043 | access code
620042 | locker code",The access code for Avelune Vault 022 is 620043.,21,4.438024520874023,0.2113344967365265,76,76,96,97,0.30779207560469035
v4-access_code-022,v4-access_code-022--omitted--answer-A--neutral,train,access_code,T1,omitted,A,neutral,,absent,Which access code is assigned to Avelune Vault 022?,"Fictional registry for Avelune Vault 022. Values and assigned fields:
620043 | ticket code
620042 | parcel code",The access code for Avelune Vault 022 is 620042.,21,8.909627914428711,0.4242680072784424,76,76,96,97,0.2613658752856275
v4-access_code-022,v4-access_code-022--omitted--answer-B--neutral,train,access_code,T1,omitted,B,neutral,,absent,Which access code is assigned to Avelune Vault 022?,"Fictional registry for Avelune Vault 022. Values and assigned fields:
620043 | ticket code
620042 | parcel code",The access code for Avelune Vault 022 is 620043.,21,7.786289215087891,0.37077566981315613,76,76,96,97,0.28403319142766453
v4-access_code-023,v4-access_code-023--A--answer-A--neutral,train,access_code,T1,A,A,neutral,correct,supported,Which access code is assigned to Avelune Vault 023?,"Fictional registry for Avelune Vault 023. Values and assigned fields:
620044 | access code
620045 | locker code",The access code for Avelune Vault 023 is 620044.,21,3.9490585327148438,0.18805040419101715,76,76,96,97,0.2925110613969881
v4-access_code-023,v4-access_code-023--A--answer-B--neutral,train,access_code,T1,A,B,neutral,incorrect,contradicted,Which access code is assigned to Avelune Vault 023?,"Fictional registry for Avelune Vault 023. Values and assigned fields:
620044 | access code
620045 | locker code",The access code for Avelune Vault 023 is 620045.,21,16.076982498168945,0.7655705809593201,76,76,96,97,0.26831415215345855
v4-access_code-023,v4-access_code-023--B--answer-A--neutral,train,access_code,T1,B,A,neutral,incorrect,contradicted,Which access code is assigned to Avelune Vault 023?,"Fictional registry for Avelune Vault 023. Values and assigned fields:
620044 | locker code
620045 | access code",The access code for Avelune Vault 023 is 620044.,21,16.302162170410156,0.7762934565544128,76,76,96,97,0.25380621087653543
v4-access_code-023,v4-access_code-023--B--answer-B--neutral,train,access_code,T1,B,B,neutral,correct,supported,Which access code is assigned to Avelune Vault 023?,"Fictional registry for Avelune Vault 023. Values and assigned fields:
620044 | locker code
620045 | access code",The access code for Avelune Vault 023 is 620045.,21,5.30073356628418,0.25241589546203613,76,76,96,97,0.2886971566951785
v4-access_code-023,v4-access_code-023--omitted--answer-A--neutral,train,access_code,T1,omitted,A,neutral,,absent,Which access code is assigned to Avelune Vault 023?,"Fictional registry for Avelune Vault 023. Values and assigned fields:
620044 | parcel code
620045 | ticket code",The access code for Avelune Vault 023 is 620044.,21,9.002859115600586,0.4287075698375702,76,76,96,97,0.26415048119478673
v4-access_code-023,v4-access_code-023--omitted--answer-B--neutral,train,access_code,T1,omitted,B,neutral,,absent,Which access code is assigned to Avelune Vault 023?,"Fictional registry for Avelune Vault 023. Values and assigned fields:
620044 | parcel code
620045 | ticket code",The access code for Avelune Vault 023 is 620045.,21,9.640222549438477,0.4590582251548767,76,76,96,97,0.28573171945749865
v4-access_code-024,v4-access_code-024--A--answer-A--neutral,train,access_code,T1,A,A,neutral,correct,supported,Which access code is assigned to Avelune Vault 024?,"Fictional registry for Avelune Vault 024. Values and assigned fields:
620047 | locker code
620046 | access code",The access code for Avelune Vault 024 is 620046.,21,6.020441055297852,0.2866876721382141,76,76,96,97,0.2873967980540044
v4-access_code-024,v4-access_code-024--A--answer-B--neutral,train,access_code,T1,A,B,neutral,incorrect,contradicted,Which access code is assigned to Avelune Vault 024?,"Fictional registry for Avelune Vault 024. Values and assigned fields:
620047 | locker code
620046 | access code",The access code for Avelune Vault 024 is 620047.,21,15.27168083190918,0.7272229194641113,76,76,96,97,0.25801978253268476
v4-access_code-024,v4-access_code-024--B--answer-A--neutral,train,access_code,T1,B,A,neutral,incorrect,contradicted,Which access code is assigned to Avelune Vault 024?,"Fictional registry for Avelune Vault 024. Values and assigned fields:
620047 | access code
620046 | locker code",The access code for Avelune Vault 024 is 620046.,21,16.42258644104004,0.7820279002189636,76,76,96,97,0.26636888890131666
v4-access_code-024,v4-access_code-024--B--answer-B--neutral,train,access_code,T1,B,B,neutral,correct,supported,Which access code is assigned to Avelune Vault 024?,"Fictional registry for Avelune Vault 024. Values and assigned fields:
620047 | access code
620046 | locker code",The access code for Avelune Vault 024 is 620047.,21,4.667598724365234,0.22226659953594208,76,76,96,97,0.2887983160852964
v4-access_code-024,v4-access_code-024--omitted--answer-A--neutral,train,access_code,T1,omitted,A,neutral,,absent,Which access code is assigned to Avelune Vault 024?,"Fictional registry for Avelune Vault 024. Values and assigned fields:
620047 | ticket code
620046 | parcel code",The access code for Avelune Vault 024 is 620046.,21,10.652746200561523,0.5072736144065857,76,76,96,97,0.25992177159340674
v4-access_code-024,v4-access_code-024--omitted--answer-B--neutral,train,access_code,T1,omitted,B,neutral,,absent,Which access code is assigned to Avelune Vault 024?,"Fictional registry for Avelune Vault 024. Values and assigned fields:
620047 | ticket code
620046 | parcel code",The access code for Avelune Vault 024 is 620047.,21,7.779903411865234,0.3704715967178345,76,76,96,97,0.2740516547375111
v4-access_code-025,v4-access_code-025--A--answer-A--neutral,validation,access_code,T2,A,A,neutral,correct,supported,What access code does the registry give for Avelune Vault 025?,"Record for Avelune Vault 025 (invented). The entries specify separate fields:
Listed value 620048 belongs to field access code.
Listed value 620049 belongs to field locker code.",The registry assigns 620048 as the access code for Avelune Vault 025.,24,16.136474609375,0.6723530888557434,92,92,115,116,0.26815906919499655
v4-access_code-025,v4-access_code-025--A--answer-B--neutral,validation,access_code,T2,A,B,neutral,incorrect,contradicted,What access code does the registry give for Avelune Vault 025?,"Record for Avelune Vault 025 (invented). The entries specify separate fields:
Listed value 620048 belongs to field access code.
Listed value 620049 belongs to field locker code.",The registry assigns 620049 as the access code for Avelune Vault 025.,24,22.56919288635254,0.9403830170631409,92,92,115,116,0.273449193628704
v4-access_code-025,v4-access_code-025--B--answer-A--neutral,validation,access_code,T2,B,A,neutral,incorrect,contradicted,What access code does the registry give for Avelune Vault 025?,"Record for Avelune Vault 025 (invented). The entries specify separate fields:
Listed value 620048 belongs to field locker code.
Listed value 620049 belongs to field access code.",The registry assigns 620048 as the access code for Avelune Vault 025.,24,25.061649322509766,1.044235348701477,92,92,115,116,0.21683028221853612
v4-access_code-025,v4-access_code-025--B--answer-B--neutral,validation,access_code,T2,B,B,neutral,correct,supported,What access code does the registry give for Avelune Vault 025?,"Record for Avelune Vault 025 (invented). The entries specify separate fields:
Listed value 620048 belongs to field locker code.
Listed value 620049 belongs to field access code.",The registry assigns 620049 as the access code for Avelune Vault 025.,24,16.07729721069336,0.669887363910675,92,92,115,116,0.2626231627320182
v4-access_code-025,v4-access_code-025--omitted--answer-A--neutral,validation,access_code,T2,omitted,A,neutral,,absent,What access code does the registry give for Avelune Vault 025?,"Record for Avelune Vault 025 (invented). The entries specify separate fields:
Listed value 620048 belongs to field parcel code.
Listed value 620049 belongs to field ticket code.",The registry assigns 620048 as the access code for Avelune Vault 025.,24,23.968137741088867,0.9986724257469177,92,92,115,116,0.1790322720421686
v4-access_code-025,v4-access_code-025--omitted--answer-B--neutral,validation,access_code,T2,omitted,B,neutral,,absent,What access code does the registry give for Avelune Vault 025?,"Record for Avelune Vault 025 (invented). The entries specify separate fields:
Listed value 620048 belongs to field parcel code.
Listed value 620049 belongs to field ticket code.",The registry assigns 620049 as the access code for Avelune Vault 025.,24,20.267114639282227,0.8444631099700928,92,92,115,116,0.17327104355452944
v4-access_code-026,v4-access_code-026--A--answer-A--neutral,validation,access_code,T2,A,A,neutral,correct,supported,What access code does the registry give for Avelune Vault 026?,"Record for Avelune Vault 026 (invented). The entries specify separate fields:
Listed value 620051 belongs to field locker code.
Listed value 620050 belongs to field access code.",The registry assigns 620050 as the access code for Avelune Vault 026.,24,16.609729766845703,0.6920720934867859,92,92,115,116,0.298918518961372
v4-access_code-026,v4-access_code-026--A--answer-B--neutral,validation,access_code,T2,A,B,neutral,incorrect,contradicted,What access code does the registry give for Avelune Vault 026?,"Record for Avelune Vault 026 (invented). The entries specify separate fields:
Listed value 620051 belongs to field locker code.
Listed value 620050 belongs to field access code.",The registry assigns 620051 as the access code for Avelune Vault 026.,24,21.233095169067383,0.884712278842926,92,92,115,116,0.26949488063179194
v4-access_code-026,v4-access_code-026--B--answer-A--neutral,validation,access_code,T2,B,A,neutral,incorrect,contradicted,What access code does the registry give for Avelune Vault 026?,"Record for Avelune Vault 026 (invented). The entries specify separate fields:
Listed value 620051 belongs to field access code.
Listed value 620050 belongs to field locker code.",The registry assigns 620050 as the access code for Avelune Vault 026.,24,23.82588005065918,0.9927449822425842,92,92,115,116,0.31146148514090816
v4-access_code-026,v4-access_code-026--B--answer-B--neutral,validation,access_code,T2,B,B,neutral,correct,supported,What access code does the registry give for Avelune Vault 026?,"Record for Avelune Vault 026 (invented). The entries specify separate fields:
Listed value 620051 belongs to field access code.
Listed value 620050 belongs to field locker code.",The registry assigns 620051 as the access code for Avelune Vault 026.,24,16.240753173828125,0.6766980290412903,92,92,115,116,0.3440686302173798
v4-access_code-026,v4-access_code-026--omitted--answer-A--neutral,validation,access_code,T2,omitted,A,neutral,,absent,What access code does the registry give for Avelune Vault 026?,"Record for Avelune Vault 026 (invented). The entries specify separate fields:
Listed value 620051 belongs to field ticket code.
Listed value 620050 belongs to field parcel code.",The registry assigns 620050 as the access code for Avelune Vault 026.,24,21.37841033935547,0.8907670974731445,92,92,115,116,0.2200996983172649
v4-access_code-026,v4-access_code-026--omitted--answer-B--neutral,validation,access_code,T2,omitted,B,neutral,,absent,What access code does the registry give for Avelune Vault 026?,"Record for Avelune Vault 026 (invented). The entries specify separate fields:
Listed value 620051 belongs to field ticket code.
Listed value 620050 belongs to field parcel code.",The registry assigns 620051 as the access code for Avelune Vault 026.,24,19.113916397094727,0.7964131832122803,92,92,115,116,0.24025473632878142
v4-access_code-027,v4-access_code-027--A--answer-A--neutral,validation,access_code,T2,A,A,neutral,correct,supported,What access code does the registry give for Avelune Vault 027?,"Record for Avelune Vault 027 (invented). The entries specify separate fields:
Listed value 620052 belongs to field access code.
Listed value 620053 belongs to field locker code.",The registry assigns 620052 as the access code for Avelune Vault 027.,24,16.18018913269043,0.6741745471954346,92,92,115,116,0.33921837744280064
v4-access_code-027,v4-access_code-027--A--answer-B--neutral,validation,access_code,T2,A,B,neutral,incorrect,contradicted,What access code does the registry give for Avelune Vault 027?,"Record for Avelune Vault 027 (invented). The entries specify separate fields:
Listed value 620052 belongs to field access code.
Listed value 620053 belongs to field locker code.",The registry assigns 620053 as the access code for Avelune Vault 027.,24,24.5228214263916,1.0217841863632202,92,92,115,116,0.2729940431185601
v4-access_code-027,v4-access_code-027--B--answer-A--neutral,validation,access_code,T2,B,A,neutral,incorrect,contradicted,What access code does the registry give for Avelune Vault 027?,"Record for Avelune Vault 027 (invented). The entries specify separate fields:
Listed value 620052 belongs to field locker code.
Listed value 620053 belongs to field access code.",The registry assigns 620052 as the access code for Avelune Vault 027.,24,22.778457641601562,0.9491024017333984,92,92,115,116,0.26419475616062243
v4-access_code-027,v4-access_code-027--B--answer-B--neutral,validation,access_code,T2,B,B,neutral,correct,supported,What access code does the registry give for Avelune Vault 027?,"Record for Avelune Vault 027 (invented). The entries specify separate fields:
Listed value 620052 belongs to field locker code.
Listed value 620053 belongs to field access code.",The registry assigns 620053 as the access code for Avelune Vault 027.,24,16.302961349487305,0.6792900562286377,92,92,115,116,0.26116176136361346
v4-access_code-027,v4-access_code-027--omitted--answer-A--neutral,validation,access_code,T2,omitted,A,neutral,,absent,What access code does the registry give for Avelune Vault 027?,"Record for Avelune Vault 027 (invented). The entries specify separate fields:
Listed value 620052 belongs to field parcel code.
Listed value 620053 belongs to field ticket code.",The registry assigns 620052 as the access code for Avelune Vault 027.,24,21.666053771972656,0.9027522206306458,92,92,115,116,0.24236361284392538
v4-access_code-027,v4-access_code-027--omitted--answer-B--neutral,validation,access_code,T2,omitted,B,neutral,,absent,What access code does the registry give for Avelune Vault 027?,"Record for Avelune Vault 027 (invented). The entries specify separate fields:
Listed value 620052 belongs to field parcel code.
Listed value 620053 belongs to field ticket code.",The registry assigns 620053 as the access code for Avelune Vault 027.,24,21.390491485595703,0.8912704586982727,92,92,115,116,0.1774544903535889
v4-access_code-028,v4-access_code-028--A--answer-A--neutral,validation,access_code,T2,A,A,neutral,correct,supported,What access code does the registry give for Avelune Vault 028?,"Record for Avelune Vault 028 (invented). The entries specify separate fields:
Listed value 620055 belongs to field locker code.
Listed value 620054 belongs to field access code.",The registry assigns 620054 as the access code for Avelune Vault 028.,24,16.550504684448242,0.6896043419837952,92,92,115,116,0.26530147896902756
v4-access_code-028,v4-access_code-028--A--answer-B--neutral,validation,access_code,T2,A,B,neutral,incorrect,contradicted,What access code does the registry give for Avelune Vault 028?,"Record for Avelune Vault 028 (invented). The entries specify separate fields:
Listed value 620055 belongs to field locker code.
Listed value 620054 belongs to field access code.",The registry assigns 620055 as the access code for Avelune Vault 028.,24,19.884750366210938,0.8285312652587891,92,92,115,116,0.25269221293399224
v4-access_code-028,v4-access_code-028--B--answer-A--neutral,validation,access_code,T2,B,A,neutral,incorrect,contradicted,What access code does the registry give for Avelune Vault 028?,"Record for Avelune Vault 028 (invented). The entries specify separate fields:
Listed value 620055 belongs to field access code.
Listed value 620054 belongs to field locker code.",The registry assigns 620054 as the access code for Avelune Vault 028.,24,23.823381423950195,0.9926409125328064,92,92,115,116,0.2693121878700851
v4-access_code-028,v4-access_code-028--B--answer-B--neutral,validation,access_code,T2,B,B,neutral,correct,supported,What access code does the registry give for Avelune Vault 028?,"Record for Avelune Vault 028 (invented). The entries specify separate fields:
Listed value 620055 belongs to field access code.
Listed value 620054 belongs to field locker code.",The registry assigns 620055 as the access code for Avelune Vault 028.,24,15.874197006225586,0.6614248752593994,92,92,115,116,0.3071728597217522
v4-access_code-028,v4-access_code-028--omitted--answer-A--neutral,validation,access_code,T2,omitted,A,neutral,,absent,What access code does the registry give for Avelune Vault 028?,"Record for Avelune Vault 028 (invented). The entries specify separate fields:
Listed value 620055 belongs to field ticket code.
Listed value 620054 belongs to field parcel code.",The registry assigns 620054 as the access code for Avelune Vault 028.,24,21.923303604125977,0.913470983505249,92,92,115,116,0.15874944435713678
v4-access_code-028,v4-access_code-028--omitted--answer-B--neutral,validation,access_code,T2,omitted,B,neutral,,absent,What access code does the registry give for Avelune Vault 028?,"Record for Avelune Vault 028 (invented). The entries specify separate fields:
Listed value 620055 belongs to field ticket code.
Listed value 620054 belongs to field parcel code.",The registry assigns 620055 as the access code for Avelune Vault 028.,24,19.20809555053711,0.8003373146057129,92,92,115,116,0.21241889476155432
v4-access_code-029,v4-access_code-029--A--answer-A--neutral,validation,access_code,T2,A,A,neutral,correct,supported,What access code does the registry give for Avelune Vault 029?,"Record for Avelune Vault 029 (invented). The entries specify separate fields:
Listed value 620056 belongs to field access code.
Listed value 620057 belongs to field locker code.",The registry assigns 620056 as the access code for Avelune Vault 029.,24,16.193857192993164,0.6747440695762634,92,92,115,116,0.3378986075855586
v4-access_code-029,v4-access_code-029--A--answer-B--neutral,validation,access_code,T2,A,B,neutral,incorrect,contradicted,What access code does the registry give for Avelune Vault 029?,"Record for Avelune Vault 029 (invented). The entries specify separate fields:
Listed value 620056 belongs to field access code.
Listed value 620057 belongs to field locker code.",The registry assigns 620057 as the access code for Avelune Vault 029.,24,25.967178344726562,1.0819658041000366,92,92,115,116,0.2737226637113979
v4-access_code-029,v4-access_code-029--B--answer-A--neutral,validation,access_code,T2,B,A,neutral,incorrect,contradicted,What access code does the registry give for Avelune Vault 029?,"Record for Avelune Vault 029 (invented). The entries specify separate fields:
Listed value 620056 belongs to field locker code.
Listed value 620057 belongs to field access code.",The registry assigns 620056 as the access code for Avelune Vault 029.,24,23.078310012817383,0.9615962505340576,92,92,115,116,0.2698722464935939
v4-access_code-029,v4-access_code-029--B--answer-B--neutral,validation,access_code,T2,B,B,neutral,correct,supported,What access code does the registry give for Avelune Vault 029?,"Record for Avelune Vault 029 (invented). The entries specify separate fields:
Listed value 620056 belongs to field locker code.
Listed value 620057 belongs to field access code.",The registry assigns 620057 as the access code for Avelune Vault 029.,24,16.044185638427734,0.6685077548027039,92,92,115,116,0.25666600415654023
v4-access_code-029,v4-access_code-029--omitted--answer-A--neutral,validation,access_code,T2,omitted,A,neutral,,absent,What access code does the registry give for Avelune Vault 029?,"Record for Avelune Vault 029 (invented). The entries specify separate fields:
Listed value 620056 belongs to field parcel code.
Listed value 620057 belongs to field ticket code.",The registry assigns 620056 as the access code for Avelune Vault 029.,24,21.957399368286133,0.9148916602134705,92,92,115,116,0.26348959325638266
v4-access_code-029,v4-access_code-029--omitted--answer-B--neutral,validation,access_code,T2,omitted,B,neutral,,absent,What access code does the registry give for Avelune Vault 029?,"Record for Avelune Vault 029 (invented). The entries specify separate fields:
Listed value 620056 belongs to field parcel code.
Listed value 620057 belongs to field ticket code.",The registry assigns 620057 as the access code for Avelune Vault 029.,24,21.446754455566406,0.8936147689819336,92,92,115,116,0.1941486807327199
v4-access_code-030,v4-access_code-030--A--answer-A--neutral,validation,access_code,T2,A,A,neutral,correct,supported,What access code does the registry give for Avelune Vault 030?,"Record for Avelune Vault 030 (invented). The entries specify separate fields:
Listed value 620059 belongs to field locker code.
Listed value 620058 belongs to field access code.",The registry assigns 620058 as the access code for Avelune Vault 030.,24,20.508262634277344,0.8545109629631042,92,92,115,116,0.26384808827712686
v4-access_code-030,v4-access_code-030--A--answer-B--neutral,validation,access_code,T2,A,B,neutral,incorrect,contradicted,What access code does the registry give for Avelune Vault 030?,"Record for Avelune Vault 030 (invented). The entries specify separate fields:
Listed value 620059 belongs to field locker code.
Listed value 620058 belongs to field access code.",The registry assigns 620059 as the access code for Avelune Vault 030.,24,18.64373779296875,0.7768223881721497,92,92,115,116,0.2332382540877941
v4-access_code-030,v4-access_code-030--B--answer-A--neutral,validation,access_code,T2,B,A,neutral,incorrect,contradicted,What access code does the registry give for Avelune Vault 030?,"Record for Avelune Vault 030 (invented). The entries specify separate fields:
Listed value 620059 belongs to field access code.
Listed value 620058 belongs to field locker code.",The registry assigns 620058 as the access code for Avelune Vault 030.,24,27.402408599853516,1.1417670249938965,92,92,115,116,0.27195586342181505
v4-access_code-030,v4-access_code-030--B--answer-B--neutral,validation,access_code,T2,B,B,neutral,correct,supported,What access code does the registry give for Avelune Vault 030?,"Record for Avelune Vault 030 (invented). The entries specify separate fields:
Listed value 620059 belongs to field access code.
Listed value 620058 belongs to field locker code.",The registry assigns 620059 as the access code for Avelune Vault 030.,24,16.082094192504883,0.6700872778892517,92,92,115,116,0.3022317393167657
v4-access_code-030,v4-access_code-030--omitted--answer-A--neutral,validation,access_code,T2,omitted,A,neutral,,absent,What access code does the registry give for Avelune Vault 030?,"Record for Avelune Vault 030 (invented). The entries specify separate fields:
Listed value 620059 belongs to field ticket code.
Listed value 620058 belongs to field parcel code.",The registry assigns 620058 as the access code for Avelune Vault 030.,24,26.24122428894043,1.0933843851089478,92,92,115,116,0.17298962193831752
v4-access_code-030,v4-access_code-030--omitted--answer-B--neutral,validation,access_code,T2,omitted,B,neutral,,absent,What access code does the registry give for Avelune Vault 030?,"Record for Avelune Vault 030 (invented). The entries specify separate fields:
Listed value 620059 belongs to field ticket code.
Listed value 620058 belongs to field parcel code.",The registry assigns 620059 as the access code for Avelune Vault 030.,24,19.034439086914062,0.7931016087532043,92,92,115,116,0.16841801311179122
v4-access_code-031,v4-access_code-031--A--answer-A--neutral,test,access_code,T3,A,A,neutral,correct,supported,"According to this record, what is the access code for Avelune Vault 031?","The following registry describes fictional Avelune Vault 031. Each value has its own field:
620060 is listed under access code.
620061 is listed under locker code.","For Avelune Vault 031, the access code is 620060.",22,14.058338165283203,0.6390153765678406,88,88,109,110,0.3034821191812792
v4-access_code-031,v4-access_code-031--A--answer-A--confident,test,access_code,T3,A,A,confident,correct,supported,"According to this record, what is the access code for Avelune Vault 031?","The following registry describes fictional Avelune Vault 031. Each value has its own field:
620060 is listed under access code.
620061 is listed under locker code.","I am certain about this answer. For Avelune Vault 031, the access code is 620060.",29,52.03243637084961,1.7942219972610474,88,88,116,117,0.1873541951823412
v4-access_code-031,v4-access_code-031--A--answer-A--hedged,test,access_code,T3,A,A,hedged,correct,supported,"According to this record, what is the access code for Avelune Vault 031?","The following registry describes fictional Avelune Vault 031. Each value has its own field:
620060 is listed under access code.
620061 is listed under locker code.","I am uncertain about this answer. For Avelune Vault 031, the access code is 620060.",29,51.990753173828125,1.792784571647644,88,88,116,117,0.12871961924994071
v4-access_code-031,v4-access_code-031--A--answer-B--neutral,test,access_code,T3,A,B,neutral,incorrect,contradicted,"According to this record, what is the access code for Avelune Vault 031?","The following registry describes fictional Avelune Vault 031. Each value has its own field:
620060 is listed under access code.
620061 is listed under locker code.","For Avelune Vault 031, the access code is 620061.",22,24.936382293701172,1.133471965789795,88,88,109,110,0.2852103856011895
v4-access_code-031,v4-access_code-031--A--answer-B--confident,test,access_code,T3,A,B,confident,incorrect,contradicted,"According to this record, what is the access code for Avelune Vault 031?","The following registry describes fictional Avelune Vault 031. Each value has its own field:
620060 is listed under access code.
620061 is listed under locker code.","I am certain about this answer. For Avelune Vault 031, the access code is 620061.",29,61.66053771972656,2.126225471496582,88,88,116,117,0.17455031388263909
v4-access_code-031,v4-access_code-031--A--answer-B--hedged,test,access_code,T3,A,B,hedged,incorrect,contradicted,"According to this record, what is the access code for Avelune Vault 031?","The following registry describes fictional Avelune Vault 031. Each value has its own field:
620060 is listed under access code.
620061 is listed under locker code.","I am uncertain about this answer. For Avelune Vault 031, the access code is 620061.",29,60.29316711425781,2.0790746212005615,88,88,116,117,0.11824253582061547
v4-access_code-031,v4-access_code-031--B--answer-A--neutral,test,access_code,T3,B,A,neutral,incorrect,contradicted,"According to this record, what is the access code for Avelune Vault 031?","The following registry describes fictional Avelune Vault 031. Each value has its own field:
620060 is listed under locker code.
620061 is listed under access code.","For Avelune Vault 031, the access code is 620060.",22,25.3430118560791,1.1519551277160645,88,88,109,110,0.24452533611081814
v4-access_code-031,v4-access_code-031--B--answer-A--confident,test,access_code,T3,B,A,confident,incorrect,contradicted,"According to this record, what is the access code for Avelune Vault 031?","The following registry describes fictional Avelune Vault 031. Each value has its own field:
620060 is listed under locker code.
620061 is listed under access code.","I am certain about this answer. For Avelune Vault 031, the access code is 620060.",29,61.610313415527344,2.1244935989379883,88,88,116,117,0.1315708416675423
v4-access_code-031,v4-access_code-031--B--answer-A--hedged,test,access_code,T3,B,A,hedged,incorrect,contradicted,"According to this record, what is the access code for Avelune Vault 031?","The following registry describes fictional Avelune Vault 031. Each value has its own field:
620060 is listed under locker code.
620061 is listed under access code.","I am uncertain about this answer. For Avelune Vault 031, the access code is 620060.",29,58.35234069824219,2.0121495723724365,88,88,116,117,0.06524291414078488
v4-access_code-031,v4-access_code-031--B--answer-B--neutral,test,access_code,T3,B,B,neutral,correct,supported,"According to this record, what is the access code for Avelune Vault 031?","The following registry describes fictional Avelune Vault 031. Each value has its own field:
620060 is listed under locker code.
620061 is listed under access code.","For Avelune Vault 031, the access code is 620061.",22,14.973823547363281,0.6806283593177795,88,88,109,110,0.28321183250199145
v4-access_code-031,v4-access_code-031--B--answer-B--confident,test,access_code,T3,B,B,confident,correct,supported,"According to this record, what is the access code for Avelune Vault 031?","The following registry describes fictional Avelune Vault 031. Each value has its own field:
620060 is listed under locker code.
620061 is listed under access code.","I am certain about this answer. For Avelune Vault 031, the access code is 620061.",29,53.10810089111328,1.8313138484954834,88,88,116,117,0.1703243282961593
v4-access_code-031,v4-access_code-031--B--answer-B--hedged,test,access_code,T3,B,B,hedged,correct,supported,"According to this record, what is the access code for Avelune Vault 031?","The following registry describes fictional Avelune Vault 031. Each value has its own field:
620060 is listed under locker code.
620061 is listed under access code.","I am uncertain about this answer. For Avelune Vault 031, the access code is 620061.",29,51.70719909667969,1.7830069065093994,88,88,116,117,0.10737088930442688
v4-access_code-031,v4-access_code-031--omitted--answer-A--neutral,test,access_code,T3,omitted,A,neutral,,absent,"According to this record, what is the access code for Avelune Vault 031?","The following registry describes fictional Avelune Vault 031. Each value has its own field:
620060 is listed under parcel code.
620061 is listed under ticket code.","For Avelune Vault 031, the access code is 620060.",22,13.469552993774414,0.612252414226532,88,88,109,110,0.27452145598053895
v4-access_code-031,v4-access_code-031--omitted--answer-A--confident,test,access_code,T3,omitted,A,confident,,absent,"According to this record, what is the access code for Avelune Vault 031?","The following registry describes fictional Avelune Vault 031. Each value has its own field:
620060 is listed under parcel code.
620061 is listed under ticket code.","I am certain about this answer. For Avelune Vault 031, the access code is 620060.",29,50.080650329589844,1.7269189357757568,88,88,116,117,0.15233904587247324
v4-access_code-031,v4-access_code-031--omitted--answer-A--hedged,test,access_code,T3,omitted,A,hedged,,absent,"According to this record, what is the access code for Avelune Vault 031?","The following registry describes fictional Avelune Vault 031. Each value has its own field:
620060 is listed under parcel code.
620061 is listed under ticket code.","I am uncertain about this answer. For Avelune Vault 031, the access code is 620060.",29,47.76521301269531,1.6470763683319092,88,88,116,117,0.10490102169890017
v4-access_code-031,v4-access_code-031--omitted--answer-B--neutral,test,access_code,T3,omitted,B,neutral,,absent,"According to this record, what is the access code for Avelune Vault 031?","The following registry describes fictional Avelune Vault 031. Each value has its own field:
620060 is listed under parcel code.
620061 is listed under ticket code.","For Avelune Vault 031, the access code is 620061.",22,12.846822738647461,0.5839464664459229,88,88,109,110,0.26052994744968194
v4-access_code-031,v4-access_code-031--omitted--answer-B--confident,test,access_code,T3,omitted,B,confident,,absent,"According to this record, what is the access code for Avelune Vault 031?","The following registry describes fictional Avelune Vault 031. Each value has its own field:
620060 is listed under parcel code.
620061 is listed under ticket code.","I am certain about this answer. For Avelune Vault 031, the access code is 620061.",29,49.7999267578125,1.7172389030456543,88,88,116,117,0.14805736378883394
v4-access_code-031,v4-access_code-031--omitted--answer-B--hedged,test,access_code,T3,omitted,B,hedged,,absent,"According to this record, what is the access code for Avelune Vault 031?","The following registry describes fictional Avelune Vault 031. Each value has its own field:
620060 is listed under parcel code.
620061 is listed under ticket code.","I am uncertain about this answer. For Avelune Vault 031, the access code is 620061.",29,47.28833770751953,1.6306322813034058,88,88,116,117,0.10396479028265168
v4-access_code-032,v4-access_code-032--A--answer-A--neutral,test,access_code,T3,A,A,neutral,correct,supported,"According to this record, what is the access code for Avelune Vault 032?","The following registry describes fictional Avelune Vault 032. Each value has its own field:
620063 is listed under locker code.
620062 is listed under access code.","For Avelune Vault 032, the access code is 620062.",22,14.842584609985352,0.6746629476547241,88,88,109,110,0.2679826964355254
v4-access_code-032,v4-access_code-032--A--answer-A--confident,test,access_code,T3,A,A,confident,correct,supported,"According to this record, what is the access code for Avelune Vault 032?","The following registry describes fictional Avelune Vault 032. Each value has its own field:
620063 is listed under locker code.
620062 is listed under access code.","I am certain about this answer. For Avelune Vault 032, the access code is 620062.",29,52.29363250732422,1.803228735923767,88,88,116,117,0.1653516009162258
v4-access_code-032,v4-access_code-032--A--answer-A--hedged,test,access_code,T3,A,A,hedged,correct,supported,"According to this record, what is the access code for Avelune Vault 032?","The following registry describes fictional Avelune Vault 032. Each value has its own field:
620063 is listed under locker code.
620062 is listed under access code.","I am uncertain about this answer. For Avelune Vault 032, the access code is 620062.",29,51.50658416748047,1.776089072227478,88,88,116,117,0.10837440548034459
v4-access_code-032,v4-access_code-032--A--answer-B--neutral,test,access_code,T3,A,B,neutral,incorrect,contradicted,"According to this record, what is the access code for Avelune Vault 032?","The following registry describes fictional Avelune Vault 032. Each value has its own field:
620063 is listed under locker code.
620062 is listed under access code.","For Avelune Vault 032, the access code is 620063.",22,23.085474014282227,1.049339771270752,88,88,109,110,0.2614964036589874
v4-access_code-032,v4-access_code-032--A--answer-B--confident,test,access_code,T3,A,B,confident,incorrect,contradicted,"According to this record, what is the access code for Avelune Vault 032?","The following registry describes fictional Avelune Vault 032. Each value has its own field:
620063 is listed under locker code.
620062 is listed under access code.","I am certain about this answer. For Avelune Vault 032, the access code is 620063.",29,59.53684997558594,2.052994728088379,88,88,116,117,0.14917791504118622
v4-access_code-032,v4-access_code-032--A--answer-B--hedged,test,access_code,T3,A,B,hedged,incorrect,contradicted,"According to this record, what is the access code for Avelune Vault 032?","The following registry describes fictional Avelune Vault 032. Each value has its own field:
620063 is listed under locker code.
620062 is listed under access code.","I am uncertain about this answer. For Avelune Vault 032, the access code is 620063.",29,57.02506637573242,1.966381549835205,88,88,116,117,0.0934827358418077
v4-access_code-032,v4-access_code-032--B--answer-A--neutral,test,access_code,T3,B,A,neutral,incorrect,contradicted,"According to this record, what is the access code for Avelune Vault 032?","The following registry describes fictional Avelune Vault 032. Each value has its own field:
620063 is listed under access code.
620062 is listed under locker code.","For Avelune Vault 032, the access code is 620062.",22,23.250614166259766,1.0568461418151855,88,88,109,110,0.24359316155671362
v4-access_code-032,v4-access_code-032--B--answer-A--confident,test,access_code,T3,B,A,confident,incorrect,contradicted,"According to this record, what is the access code for Avelune Vault 032?","The following registry describes fictional Avelune Vault 032. Each value has its own field:
620063 is listed under access code.
620062 is listed under locker code.","I am certain about this answer. For Avelune Vault 032, the access code is 620062.",29,60.09843826293945,2.072360038757324,88,88,116,117,0.15909859602121101
v4-access_code-032,v4-access_code-032--B--answer-A--hedged,test,access_code,T3,B,A,hedged,incorrect,contradicted,"According to this record, what is the access code for Avelune Vault 032?","The following registry describes fictional Avelune Vault 032. Each value has its own field:
620063 is listed under access code.
620062 is listed under locker code.","I am uncertain about this answer. For Avelune Vault 032, the access code is 620062.",29,58.011756896972656,2.0004053115844727,88,88,116,117,0.10712464434413098
v4-access_code-032,v4-access_code-032--B--answer-B--neutral,test,access_code,T3,B,B,neutral,correct,supported,"According to this record, what is the access code for Avelune Vault 032?","The following registry describes fictional Avelune Vault 032. Each value has its own field:
620063 is listed under access code.
620062 is listed under locker code.","For Avelune Vault 032, the access code is 620063.",22,13.877237319946289,0.6307834982872009,88,88,109,110,0.2748643017309729
v4-access_code-032,v4-access_code-032--B--answer-B--confident,test,access_code,T3,B,B,confident,correct,supported,"According to this record, what is the access code for Avelune Vault 032?","The following registry describes fictional Avelune Vault 032. Each value has its own field:
620063 is listed under access code.
620062 is listed under locker code.","I am certain about this answer. For Avelune Vault 032, the access code is 620063.",29,51.959014892578125,1.7916901111602783,88,88,116,117,0.17248517879587869
v4-access_code-032,v4-access_code-032--B--answer-B--hedged,test,access_code,T3,B,B,hedged,correct,supported,"According to this record, what is the access code for Avelune Vault 032?","The following registry describes fictional Avelune Vault 032. Each value has its own field:
620063 is listed under access code.
620062 is listed under locker code.","I am uncertain about this answer. For Avelune Vault 032, the access code is 620063.",29,51.60367965698242,1.7794371843338013,88,88,116,117,0.126073117818218
v4-access_code-032,v4-access_code-032--omitted--answer-A--neutral,test,access_code,T3,omitted,A,neutral,,absent,"According to this record, what is the access code for Avelune Vault 032?","The following registry describes fictional Avelune Vault 032. Each value has its own field:
620063 is listed under ticket code.
620062 is listed under parcel code.","For Avelune Vault 032, the access code is 620062.",22,13.987215042114258,0.6357824802398682,88,88,109,110,0.20605144578970208
v4-access_code-032,v4-access_code-032--omitted--answer-A--confident,test,access_code,T3,omitted,A,confident,,absent,"According to this record, what is the access code for Avelune Vault 032?","The following registry describes fictional Avelune Vault 032. Each value has its own field:
620063 is listed under ticket code.
620062 is listed under parcel code.","I am certain about this answer. For Avelune Vault 032, the access code is 620062.",29,49.9838981628418,1.7235827445983887,88,88,116,117,0.11411081128851001
v4-access_code-032,v4-access_code-032--omitted--answer-A--hedged,test,access_code,T3,omitted,A,hedged,,absent,"According to this record, what is the access code for Avelune Vault 032?","The following registry describes fictional Avelune Vault 032. Each value has its own field:
620063 is listed under ticket code.
620062 is listed under parcel code.","I am uncertain about this answer. For Avelune Vault 032, the access code is 620062.",29,48.46559143066406,1.6712273359298706,88,88,116,117,0.0785074916319132
v4-access_code-032,v4-access_code-032--omitted--answer-B--neutral,test,access_code,T3,omitted,B,neutral,,absent,"According to this record, what is the access code for Avelune Vault 032?","The following registry describes fictional Avelune Vault 032. Each value has its own field:
620063 is listed under ticket code.
620062 is listed under parcel code.","For Avelune Vault 032, the access code is 620063.",22,12.255525588989258,0.5570693612098694,88,88,109,110,0.2142020982218583
v4-access_code-032,v4-access_code-032--omitted--answer-B--confident,test,access_code,T3,omitted,B,confident,,absent,"According to this record, what is the access code for Avelune Vault 032?","The following registry describes fictional Avelune Vault 032. Each value has its own field:
620063 is listed under ticket code.
620062 is listed under parcel code.","I am certain about this answer. For Avelune Vault 032, the access code is 620063.",29,48.61812973022461,1.6764872074127197,88,88,116,117,0.10969514150630526
v4-access_code-032,v4-access_code-032--omitted--answer-B--hedged,test,access_code,T3,omitted,B,hedged,,absent,"According to this record, what is the access code for Avelune Vault 032?","The following registry describes fictional Avelune Vault 032. Each value has its own field:
620063 is listed under ticket code.
620062 is listed under parcel code.","I am uncertain about this answer. For Avelune Vault 032, the access code is 620063.",29,47.26633834838867,1.6298737525939941,88,88,116,117,0.07450766283579298
v4-access_code-033,v4-access_code-033--A--answer-A--neutral,test,access_code,T3,A,A,neutral,correct,supported,"According to this record, what is the access code for Avelune Vault 033?","The following registry describes fictional Avelune Vault 033. Each value has its own field:
620064 is listed under access code.
620065 is listed under locker code.","For Avelune Vault 033, the access code is 620064.",22,14.163162231445312,0.6437801122665405,88,88,109,110,0.3216753535767479
v4-access_code-033,v4-access_code-033--A--answer-A--confident,test,access_code,T3,A,A,confident,correct,supported,"According to this record, what is the access code for Avelune Vault 033?","The following registry describes fictional Avelune Vault 033. Each value has its own field:
620064 is listed under access code.
620065 is listed under locker code.","I am certain about this answer. For Avelune Vault 033, the access code is 620064.",29,51.960662841796875,1.791746973991394,88,88,116,117,0.1992636895870103
v4-access_code-033,v4-access_code-033--A--answer-A--hedged,test,access_code,T3,A,A,hedged,correct,supported,"According to this record, what is the access code for Avelune Vault 033?","The following registry describes fictional Avelune Vault 033. Each value has its own field:
620064 is listed under access code.
620065 is listed under locker code.","I am uncertain about this answer. For Avelune Vault 033, the access code is 620064.",29,52.08981704711914,1.7962006330490112,88,88,116,117,0.14717484626340965
v4-access_code-033,v4-access_code-033--A--answer-B--neutral,test,access_code,T3,A,B,neutral,incorrect,contradicted,"According to this record, what is the access code for Avelune Vault 033?","The following registry describes fictional Avelune Vault 033. Each value has its own field:
620064 is listed under access code.
620065 is listed under locker code.","For Avelune Vault 033, the access code is 620065.",22,24.04126739501953,1.0927848815917969,88,88,109,110,0.2996683421064667
v4-access_code-033,v4-access_code-033--A--answer-B--confident,test,access_code,T3,A,B,confident,incorrect,contradicted,"According to this record, what is the access code for Avelune Vault 033?","The following registry describes fictional Avelune Vault 033. Each value has its own field:
620064 is listed under access code.
620065 is listed under locker code.","I am certain about this answer. For Avelune Vault 033, the access code is 620065.",29,60.72102737426758,2.0938284397125244,88,88,116,117,0.180495764064658
v4-access_code-033,v4-access_code-033--A--answer-B--hedged,test,access_code,T3,A,B,hedged,incorrect,contradicted,"According to this record, what is the access code for Avelune Vault 033?","The following registry describes fictional Avelune Vault 033. Each value has its own field:
620064 is listed under access code.
620065 is listed under locker code.","I am uncertain about this answer. For Avelune Vault 033, the access code is 620065.",29,59.358680725097656,2.04685115814209,88,88,116,117,0.12927342176747172
v4-access_code-033,v4-access_code-033--B--answer-A--neutral,test,access_code,T3,B,A,neutral,incorrect,contradicted,"According to this record, what is the access code for Avelune Vault 033?","The following registry describes fictional Avelune Vault 033. Each value has its own field:
620064 is listed under locker code.
620065 is listed under access code.","For Avelune Vault 033, the access code is 620064.",22,25.704120635986328,1.168369174003601,88,88,109,110,0.28915226356823287
v4-access_code-033,v4-access_code-033--B--answer-A--confident,test,access_code,T3,B,A,confident,incorrect,contradicted,"According to this record, what is the access code for Avelune Vault 033?","The following registry describes fictional Avelune Vault 033. Each value has its own field:
620064 is listed under locker code.
620065 is listed under access code.","I am certain about this answer. For Avelune Vault 033, the access code is 620064.",29,61.95109939575195,2.136244773864746,88,88,116,117,0.16707256989629837
v4-access_code-033,v4-access_code-033--B--answer-A--hedged,test,access_code,T3,B,A,hedged,incorrect,contradicted,"According to this record, what is the access code for Avelune Vault 033?","The following registry describes fictional Avelune Vault 033. Each value has its own field:
620064 is listed under locker code.
620065 is listed under access code.","I am uncertain about this answer. For Avelune Vault 033, the access code is 620064.",29,59.468963623046875,2.0506539344787598,88,88,116,117,0.1056236034283006
v4-access_code-033,v4-access_code-033--B--answer-B--neutral,test,access_code,T3,B,B,neutral,correct,supported,"According to this record, what is the access code for Avelune Vault 033?","The following registry describes fictional Avelune Vault 033. Each value has its own field:
620064 is listed under locker code.
620065 is listed under access code.","For Avelune Vault 033, the access code is 620065.",22,15.088220596313477,0.6858282089233398,88,88,109,110,0.31269556864619563
v4-access_code-033,v4-access_code-033--B--answer-B--confident,test,access_code,T3,B,B,confident,correct,supported,"According to this record, what is the access code for Avelune Vault 033?","The following registry describes fictional Avelune Vault 033. Each value has its own field:
620064 is listed under locker code.
620065 is listed under access code.","I am certain about this answer. For Avelune Vault 033, the access code is 620065.",29,53.07926940917969,1.8303196430206299,88,88,116,117,0.19102753599915467
v4-access_code-033,v4-access_code-033--B--answer-B--hedged,test,access_code,T3,B,B,hedged,correct,supported,"According to this record, what is the access code for Avelune Vault 033?","The following registry describes fictional Avelune Vault 033. Each value has its own field:
620064 is listed under locker code.
620065 is listed under access code.","I am uncertain about this answer. For Avelune Vault 033, the access code is 620065.",29,52.56044387817383,1.8124290704727173,88,88,116,117,0.13280368656325478
v4-access_code-033,v4-access_code-033--omitted--answer-A--neutral,test,access_code,T3,omitted,A,neutral,,absent,"According to this record, what is the access code for Avelune Vault 033?","The following registry describes fictional Avelune Vault 033. Each value has its own field:
620064 is listed under parcel code.
620065 is listed under ticket code.","For Avelune Vault 033, the access code is 620064.",22,14.272579193115234,0.6487535834312439,88,88,109,110,0.27229771840154854
v4-access_code-033,v4-access_code-033--omitted--answer-A--confident,test,access_code,T3,omitted,A,confident,,absent,"According to this record, what is the access code for Avelune Vault 033?","The following registry describes fictional Avelune Vault 033. Each value has its own field:
620064 is listed under parcel code.
620065 is listed under ticket code.","I am certain about this answer. For Avelune Vault 033, the access code is 620064.",29,50.44780731201172,1.7395795583724976,88,88,116,117,0.16385898381039973
v4-access_code-033,v4-access_code-033--omitted--answer-A--hedged,test,access_code,T3,omitted,A,hedged,,absent,"According to this record, what is the access code for Avelune Vault 033?","The following registry describes fictional Avelune Vault 033. Each value has its own field:
620064 is listed under parcel code.
620065 is listed under ticket code.","I am uncertain about this answer. For Avelune Vault 033, the access code is 620064.",29,47.65129852294922,1.6431481838226318,88,88,116,117,0.12006075854736735
v4-access_code-033,v4-access_code-033--omitted--answer-B--neutral,test,access_code,T3,omitted,B,neutral,,absent,"According to this record, what is the access code for Avelune Vault 033?","The following registry describes fictional Avelune Vault 033. Each value has its own field:
620064 is listed under parcel code.
620065 is listed under ticket code.","For Avelune Vault 033, the access code is 620065.",22,12.926149368286133,0.5875522494316101,88,88,109,110,0.26378904706415385
v4-access_code-033,v4-access_code-033--omitted--answer-B--confident,test,access_code,T3,omitted,B,confident,,absent,"According to this record, what is the access code for Avelune Vault 033?","The following registry describes fictional Avelune Vault 033. Each value has its own field:
620064 is listed under parcel code.
620065 is listed under ticket code.","I am certain about this answer. For Avelune Vault 033, the access code is 620065.",29,49.39293670654297,1.7032047510147095,88,88,116,117,0.16012691872691487
v4-access_code-033,v4-access_code-033--omitted--answer-B--hedged,test,access_code,T3,omitted,B,hedged,,absent,"According to this record, what is the access code for Avelune Vault 033?","The following registry describes fictional Avelune Vault 033. Each value has its own field:
620064 is listed under parcel code.
620065 is listed under ticket code.","I am uncertain about this answer. For Avelune Vault 033, the access code is 620065.",29,46.79246520996094,1.6135332584381104,88,88,116,117,0.11860905070412352
v4-access_code-034,v4-access_code-034--A--answer-A--neutral,test,access_code,T3,A,A,neutral,correct,supported,"According to this record, what is the access code for Avelune Vault 034?","The following registry describes fictional Avelune Vault 034. Each value has its own field:
620067 is listed under locker code.
620066 is listed under access code.","For Avelune Vault 034, the access code is 620066.",22,14.444931030273438,0.6565877795219421,88,88,109,110,0.31978069616557814
v4-access_code-034,v4-access_code-034--A--answer-A--confident,test,access_code,T3,A,A,confident,correct,supported,"According to this record, what is the access code for Avelune Vault 034?","The following registry describes fictional Avelune Vault 034. Each value has its own field:
620067 is listed under locker code.
620066 is listed under access code.","I am certain about this answer. For Avelune Vault 034, the access code is 620066.",29,52.41888427734375,1.807547688484192,88,88,116,117,0.19026873538715877
v4-access_code-034,v4-access_code-034--A--answer-A--hedged,test,access_code,T3,A,A,hedged,correct,supported,"According to this record, what is the access code for Avelune Vault 034?","The following registry describes fictional Avelune Vault 034. Each value has its own field:
620067 is listed under locker code.
620066 is listed under access code.","I am uncertain about this answer. For Avelune Vault 034, the access code is 620066.",29,51.216644287109375,1.766091227531433,88,88,116,117,0.13352384029825626
v4-access_code-034,v4-access_code-034--A--answer-B--neutral,test,access_code,T3,A,B,neutral,incorrect,contradicted,"According to this record, what is the access code for Avelune Vault 034?","The following registry describes fictional Avelune Vault 034. Each value has its own field:
620067 is listed under locker code.
620066 is listed under access code.","For Avelune Vault 034, the access code is 620067.",22,23.31926727294922,1.0599666833877563,88,88,109,110,0.3088348944902704
v4-access_code-034,v4-access_code-034--A--answer-B--confident,test,access_code,T3,A,B,confident,incorrect,contradicted,"According to this record, what is the access code for Avelune Vault 034?","The following registry describes fictional Avelune Vault 034. Each value has its own field:
620067 is listed under locker code.
620066 is listed under access code.","I am certain about this answer. For Avelune Vault 034, the access code is 620067.",29,60.048545837402344,2.0706396102905273,88,88,116,117,0.17828946567923318
v4-access_code-034,v4-access_code-034--A--answer-B--hedged,test,access_code,T3,A,B,hedged,incorrect,contradicted,"According to this record, what is the access code for Avelune Vault 034?","The following registry describes fictional Avelune Vault 034. Each value has its own field:
620067 is listed under locker code.
620066 is listed under access code.","I am uncertain about this answer. For Avelune Vault 034, the access code is 620067.",29,57.11802673339844,1.9695870876312256,88,88,116,117,0.12405417815693266
v4-access_code-034,v4-access_code-034--B--answer-A--neutral,test,access_code,T3,B,A,neutral,incorrect,contradicted,"According to this record, what is the access code for Avelune Vault 034?","The following registry describes fictional Avelune Vault 034. Each value has its own field:
620067 is listed under access code.
620066 is listed under locker code.","For Avelune Vault 034, the access code is 620066.",22,23.031997680664062,1.046908974647522,88,88,109,110,0.29621575748025863
v4-access_code-034,v4-access_code-034--B--answer-A--confident,test,access_code,T3,B,A,confident,incorrect,contradicted,"According to this record, what is the access code for Avelune Vault 034?","The following registry describes fictional Avelune Vault 034. Each value has its own field:
620067 is listed under access code.
620066 is listed under locker code.","I am certain about this answer. For Avelune Vault 034, the access code is 620066.",29,60.59703826904297,2.089553117752075,88,88,116,117,0.18243181427388216
v4-access_code-034,v4-access_code-034--B--answer-A--hedged,test,access_code,T3,B,A,hedged,incorrect,contradicted,"According to this record, what is the access code for Avelune Vault 034?","The following registry describes fictional Avelune Vault 034. Each value has its own field:
620067 is listed under access code.
620066 is listed under locker code.","I am uncertain about this answer. For Avelune Vault 034, the access code is 620066.",29,58.638877868652344,2.0220303535461426,88,88,116,117,0.1267774904754841
v4-access_code-034,v4-access_code-034--B--answer-B--neutral,test,access_code,T3,B,B,neutral,correct,supported,"According to this record, what is the access code for Avelune Vault 034?","The following registry describes fictional Avelune Vault 034. Each value has its own field:
620067 is listed under access code.
620066 is listed under locker code.","For Avelune Vault 034, the access code is 620067.",22,14.036079406738281,0.6380035877227783,88,88,109,110,0.31805744611931097
v4-access_code-034,v4-access_code-034--B--answer-B--confident,test,access_code,T3,B,B,confident,correct,supported,"According to this record, what is the access code for Avelune Vault 034?","The following registry describes fictional Avelune Vault 034. Each value has its own field:
620067 is listed under access code.
620066 is listed under locker code.","I am certain about this answer. For Avelune Vault 034, the access code is 620067.",29,52.60414123535156,1.8139358758926392,88,88,116,117,0.20223263862754823
v4-access_code-034,v4-access_code-034--B--answer-B--hedged,test,access_code,T3,B,B,hedged,correct,supported,"According to this record, what is the access code for Avelune Vault 034?","The following registry describes fictional Avelune Vault 034. Each value has its own field:
620067 is listed under access code.
620066 is listed under locker code.","I am uncertain about this answer. For Avelune Vault 034, the access code is 620067.",29,52.231746673583984,1.8010947704315186,88,88,116,117,0.1497887870897779
v4-access_code-034,v4-access_code-034--omitted--answer-A--neutral,test,access_code,T3,omitted,A,neutral,,absent,"According to this record, what is the access code for Avelune Vault 034?","The following registry describes fictional Avelune Vault 034. Each value has its own field:
620067 is listed under ticket code.
620066 is listed under parcel code.","For Avelune Vault 034, the access code is 620066.",22,14.631208419799805,0.6650549173355103,88,88,109,110,0.2554280730132251
v4-access_code-034,v4-access_code-034--omitted--answer-A--confident,test,access_code,T3,omitted,A,confident,,absent,"According to this record, what is the access code for Avelune Vault 034?","The following registry describes fictional Avelune Vault 034. Each value has its own field:
620067 is listed under ticket code.
620066 is listed under parcel code.","I am certain about this answer. For Avelune Vault 034, the access code is 620066.",29,50.717254638671875,1.748870849609375,88,88,116,117,0.15300018253667463
v4-access_code-034,v4-access_code-034--omitted--answer-A--hedged,test,access_code,T3,omitted,A,hedged,,absent,"According to this record, what is the access code for Avelune Vault 034?","The following registry describes fictional Avelune Vault 034. Each value has its own field:
620067 is listed under ticket code.
620066 is listed under parcel code.","I am uncertain about this answer. For Avelune Vault 034, the access code is 620066.",29,48.330589294433594,1.666572093963623,88,88,116,117,0.11261886807513016
v4-access_code-034,v4-access_code-034--omitted--answer-B--neutral,test,access_code,T3,omitted,B,neutral,,absent,"According to this record, what is the access code for Avelune Vault 034?","The following registry describes fictional Avelune Vault 034. Each value has its own field:
620067 is listed under ticket code.
620066 is listed under parcel code.","For Avelune Vault 034, the access code is 620067.",22,12.637165069580078,0.5744165778160095,88,88,109,110,0.2811081268578824
v4-access_code-034,v4-access_code-034--omitted--answer-B--confident,test,access_code,T3,omitted,B,confident,,absent,"According to this record, what is the access code for Avelune Vault 034?","The following registry describes fictional Avelune Vault 034. Each value has its own field:
620067 is listed under ticket code.
620066 is listed under parcel code.","I am certain about this answer. For Avelune Vault 034, the access code is 620067.",29,49.223365783691406,1.697357416152954,88,88,116,117,0.1674640519144448
v4-access_code-034,v4-access_code-034--omitted--answer-B--hedged,test,access_code,T3,omitted,B,hedged,,absent,"According to this record, what is the access code for Avelune Vault 034?","The following registry describes fictional Avelune Vault 034. Each value has its own field:
620067 is listed under ticket code.
620066 is listed under parcel code.","I am uncertain about this answer. For Avelune Vault 034, the access code is 620067.",29,46.989078521728516,1.620313048362732,88,88,116,117,0.13052671865537072
v4-access_code-035,v4-access_code-035--A--answer-A--neutral,test,access_code,T3,A,A,neutral,correct,supported,"According to this record, what is the access code for Avelune Vault 035?","The following registry describes fictional Avelune Vault 035. Each value has its own field:
620068 is listed under access code.
620069 is listed under locker code.","For Avelune Vault 035, the access code is 620068.",22,14.11012077331543,0.641369104385376,88,88,109,110,0.3581121700648616
v4-access_code-035,v4-access_code-035--A--answer-A--confident,test,access_code,T3,A,A,confident,correct,supported,"According to this record, what is the access code for Avelune Vault 035?","The following registry describes fictional Avelune Vault 035. Each value has its own field:
620068 is listed under access code.
620069 is listed under locker code.","I am certain about this answer. For Avelune Vault 035, the access code is 620068.",29,51.96134948730469,1.7917706966400146,88,88,116,117,0.2304162486292856
v4-access_code-035,v4-access_code-035--A--answer-A--hedged,test,access_code,T3,A,A,hedged,correct,supported,"According to this record, what is the access code for Avelune Vault 035?","The following registry describes fictional Avelune Vault 035. Each value has its own field:
620068 is listed under access code.
620069 is listed under locker code.","I am uncertain about this answer. For Avelune Vault 035, the access code is 620068.",29,51.813880920410156,1.786685585975647,88,88,116,117,0.18128040488187247
v4-access_code-035,v4-access_code-035--A--answer-B--neutral,test,access_code,T3,A,B,neutral,incorrect,contradicted,"According to this record, what is the access code for Avelune Vault 035?","The following registry describes fictional Avelune Vault 035. Each value has its own field:
620068 is listed under access code.
620069 is listed under locker code.","For Avelune Vault 035, the access code is 620069.",22,23.486839294433594,1.0675835609436035,88,88,109,110,0.3012486038249821
v4-access_code-035,v4-access_code-035--A--answer-B--confident,test,access_code,T3,A,B,confident,incorrect,contradicted,"According to this record, what is the access code for Avelune Vault 035?","The following registry describes fictional Avelune Vault 035. Each value has its own field:
620068 is listed under access code.
620069 is listed under locker code.","I am certain about this answer. For Avelune Vault 035, the access code is 620069.",29,60.45802688598633,2.084759473800659,88,88,116,117,0.19883372118731024
v4-access_code-035,v4-access_code-035--A--answer-B--hedged,test,access_code,T3,A,B,hedged,incorrect,contradicted,"According to this record, what is the access code for Avelune Vault 035?","The following registry describes fictional Avelune Vault 035. Each value has its own field:
620068 is listed under access code.
620069 is listed under locker code.","I am uncertain about this answer. For Avelune Vault 035, the access code is 620069.",29,59.32658004760742,2.0457441806793213,88,88,116,117,0.15528690870826378
v4-access_code-035,v4-access_code-035--B--answer-A--neutral,test,access_code,T3,B,A,neutral,incorrect,contradicted,"According to this record, what is the access code for Avelune Vault 035?","The following registry describes fictional Avelune Vault 035. Each value has its own field:
620068 is listed under locker code.
620069 is listed under access code.","For Avelune Vault 035, the access code is 620068.",22,25.330102920532227,1.151368260383606,88,88,109,110,0.3247879686466534
v4-access_code-035,v4-access_code-035--B--answer-A--confident,test,access_code,T3,B,A,confident,incorrect,contradicted,"According to this record, what is the access code for Avelune Vault 035?","The following registry describes fictional Avelune Vault 035. Each value has its own field:
620068 is listed under locker code.
620069 is listed under access code.","I am certain about this answer. For Avelune Vault 035, the access code is 620068.",29,61.91065979003906,2.134850263595581,88,88,116,117,0.20389568183206302
v4-access_code-035,v4-access_code-035--B--answer-A--hedged,test,access_code,T3,B,A,hedged,incorrect,contradicted,"According to this record, what is the access code for Avelune Vault 035?","The following registry describes fictional Avelune Vault 035. Each value has its own field:
620068 is listed under locker code.
620069 is listed under access code.","I am uncertain about this answer. For Avelune Vault 035, the access code is 620068.",29,58.58506774902344,2.020174741744995,88,88,116,117,0.14739198472032594
v4-access_code-035,v4-access_code-035--B--answer-B--neutral,test,access_code,T3,B,B,neutral,correct,supported,"According to this record, what is the access code for Avelune Vault 035?","The following registry describes fictional Avelune Vault 035. Each value has its own field:
620068 is listed under locker code.
620069 is listed under access code.","For Avelune Vault 035, the access code is 620069.",22,14.95724105834961,0.67987459897995,88,88,109,110,0.3065001932212267
v4-access_code-035,v4-access_code-035--B--answer-B--confident,test,access_code,T3,B,B,confident,correct,supported,"According to this record, what is the access code for Avelune Vault 035?","The following registry describes fictional Avelune Vault 035. Each value has its own field:
620068 is listed under locker code.
620069 is listed under access code.","I am certain about this answer. For Avelune Vault 035, the access code is 620069.",29,52.77396011352539,1.8197916746139526,88,88,116,117,0.20285502191967
v4-access_code-035,v4-access_code-035--B--answer-B--hedged,test,access_code,T3,B,B,hedged,correct,supported,"According to this record, what is the access code for Avelune Vault 035?","The following registry describes fictional Avelune Vault 035. Each value has its own field:
620068 is listed under locker code.
620069 is listed under access code.","I am uncertain about this answer. For Avelune Vault 035, the access code is 620069.",29,51.312255859375,1.7693880796432495,88,88,116,117,0.14562292607838356
v4-access_code-035,v4-access_code-035--omitted--answer-A--neutral,test,access_code,T3,omitted,A,neutral,,absent,"According to this record, what is the access code for Avelune Vault 035?","The following registry describes fictional Avelune Vault 035. Each value has its own field:
620068 is listed under parcel code.
620069 is listed under ticket code.","For Avelune Vault 035, the access code is 620068.",22,13.754512786865234,0.6252050995826721,88,88,109,110,0.31340367521475465
v4-access_code-035,v4-access_code-035--omitted--answer-A--confident,test,access_code,T3,omitted,A,confident,,absent,"According to this record, what is the access code for Avelune Vault 035?","The following registry describes fictional Avelune Vault 035. Each value has its own field:
620068 is listed under parcel code.
620069 is listed under ticket code.","I am certain about this answer. For Avelune Vault 035, the access code is 620068.",29,50.03322219848633,1.7252835035324097,88,88,116,117,0.19455520085804945
v4-access_code-035,v4-access_code-035--omitted--answer-A--hedged,test,access_code,T3,omitted,A,hedged,,absent,"According to this record, what is the access code for Avelune Vault 035?","The following registry describes fictional Avelune Vault 035. Each value has its own field:
620068 is listed under parcel code.
620069 is listed under ticket code.","I am uncertain about this answer. For Avelune Vault 035, the access code is 620068.",29,47.347206115722656,1.632662296295166,88,88,116,117,0.1535716944662598
v4-access_code-035,v4-access_code-035--omitted--answer-B--neutral,test,access_code,T3,omitted,B,neutral,,absent,"According to this record, what is the access code for Avelune Vault 035?","The following registry describes fictional Avelune Vault 035. Each value has its own field:
620068 is listed under parcel code.
620069 is listed under ticket code.","For Avelune Vault 035, the access code is 620069.",22,12.477106094360352,0.5671411752700806,88,88,109,110,0.2905865804093888
v4-access_code-035,v4-access_code-035--omitted--answer-B--confident,test,access_code,T3,omitted,B,confident,,absent,"According to this record, what is the access code for Avelune Vault 035?","The following registry describes fictional Avelune Vault 035. Each value has its own field:
620068 is listed under parcel code.
620069 is listed under ticket code.","I am certain about this answer. For Avelune Vault 035, the access code is 620069.",29,49.37531280517578,1.7025970220565796,88,88,116,117,0.184327962316216
v4-access_code-035,v4-access_code-035--omitted--answer-B--hedged,test,access_code,T3,omitted,B,hedged,,absent,"According to this record, what is the access code for Avelune Vault 035?","The following registry describes fictional Avelune Vault 035. Each value has its own field:
620068 is listed under parcel code.
620069 is listed under ticket code.","I am uncertain about this answer. For Avelune Vault 035, the access code is 620069.",29,46.86644744873047,1.616084337234497,88,88,116,117,0.14945387078280625
v4-access_code-036,v4-access_code-036--A--answer-A--neutral,test,access_code,T3,A,A,neutral,correct,supported,"According to this record, what is the access code for Avelune Vault 036?","The following registry describes fictional Avelune Vault 036. Each value has its own field:
620071 is listed under locker code.
620070 is listed under access code.","For Avelune Vault 036, the access code is 620070.",22,14.602266311645508,0.6637393832206726,88,88,109,110,0.2440167080429475
v4-access_code-036,v4-access_code-036--A--answer-A--confident,test,access_code,T3,A,A,confident,correct,supported,"According to this record, what is the access code for Avelune Vault 036?","The following registry describes fictional Avelune Vault 036. Each value has its own field:
620071 is listed under locker code.
620070 is listed under access code.","I am certain about this answer. For Avelune Vault 036, the access code is 620070.",29,52.98784637451172,1.8271671533584595,88,88,116,117,0.1469791667107801
v4-access_code-036,v4-access_code-036--A--answer-A--hedged,test,access_code,T3,A,A,hedged,correct,supported,"According to this record, what is the access code for Avelune Vault 036?","The following registry describes fictional Avelune Vault 036. Each value has its own field:
620071 is listed under locker code.
620070 is listed under access code.","I am uncertain about this answer. For Avelune Vault 036, the access code is 620070.",29,52.312416076660156,1.8038763999938965,88,88,116,117,0.08929776374066904
v4-access_code-036,v4-access_code-036--A--answer-B--neutral,test,access_code,T3,A,B,neutral,incorrect,contradicted,"According to this record, what is the access code for Avelune Vault 036?","The following registry describes fictional Avelune Vault 036. Each value has its own field:
620071 is listed under locker code.
620070 is listed under access code.","For Avelune Vault 036, the access code is 620071.",22,19.3367862701416,0.8789448142051697,88,88,109,110,0.2469164438284459
v4-access_code-036,v4-access_code-036--A--answer-B--confident,test,access_code,T3,A,B,confident,incorrect,contradicted,"According to this record, what is the access code for Avelune Vault 036?","The following registry describes fictional Avelune Vault 036. Each value has its own field:
620071 is listed under locker code.
620070 is listed under access code.","I am certain about this answer. For Avelune Vault 036, the access code is 620071.",29,56.98747253417969,1.9650852680206299,88,88,116,117,0.14949968744241482
v4-access_code-036,v4-access_code-036--A--answer-B--hedged,test,access_code,T3,A,B,hedged,incorrect,contradicted,"According to this record, what is the access code for Avelune Vault 036?","The following registry describes fictional Avelune Vault 036. Each value has its own field:
620071 is listed under locker code.
620070 is listed under access code.","I am uncertain about this answer. For Avelune Vault 036, the access code is 620071.",29,54.82704162597656,1.8905876874923706,88,88,116,117,0.08580033551670271
v4-access_code-036,v4-access_code-036--B--answer-A--neutral,test,access_code,T3,B,A,neutral,incorrect,contradicted,"According to this record, what is the access code for Avelune Vault 036?","The following registry describes fictional Avelune Vault 036. Each value has its own field:
620071 is listed under access code.
620070 is listed under locker code.","For Avelune Vault 036, the access code is 620070.",22,25.039905548095703,1.138177514076233,88,88,109,110,0.2317108172221658
v4-access_code-036,v4-access_code-036--B--answer-A--confident,test,access_code,T3,B,A,confident,incorrect,contradicted,"According to this record, what is the access code for Avelune Vault 036?","The following registry describes fictional Avelune Vault 036. Each value has its own field:
620071 is listed under access code.
620070 is listed under locker code.","I am certain about this answer. For Avelune Vault 036, the access code is 620070.",29,61.848350524902344,2.1327016353607178,88,88,116,117,0.14350717638095115
v4-access_code-036,v4-access_code-036--B--answer-A--hedged,test,access_code,T3,B,A,hedged,incorrect,contradicted,"According to this record, what is the access code for Avelune Vault 036?","The following registry describes fictional Avelune Vault 036. Each value has its own field:
620071 is listed under access code.
620070 is listed under locker code.","I am uncertain about this answer. For Avelune Vault 036, the access code is 620070.",29,60.07496643066406,2.0715506076812744,88,88,116,117,0.09044821533831557
v4-access_code-036,v4-access_code-036--B--answer-B--neutral,test,access_code,T3,B,B,neutral,correct,supported,"According to this record, what is the access code for Avelune Vault 036?","The following registry describes fictional Avelune Vault 036. Each value has its own field:
620071 is listed under access code.
620070 is listed under locker code.","For Avelune Vault 036, the access code is 620071.",22,13.77529525756836,0.6261497735977173,88,88,109,110,0.27431875803642713
v4-access_code-036,v4-access_code-036--B--answer-B--confident,test,access_code,T3,B,B,confident,correct,supported,"According to this record, what is the access code for Avelune Vault 036?","The following registry describes fictional Avelune Vault 036. Each value has its own field:
620071 is listed under access code.
620070 is listed under locker code.","I am certain about this answer. For Avelune Vault 036, the access code is 620071.",29,52.20500183105469,1.8001724481582642,88,88,116,117,0.1789665867617069
v4-access_code-036,v4-access_code-036--B--answer-B--hedged,test,access_code,T3,B,B,hedged,correct,supported,"According to this record, what is the access code for Avelune Vault 036?","The following registry describes fictional Avelune Vault 036. Each value has its own field:
620071 is listed under access code.
620070 is listed under locker code.","I am uncertain about this answer. For Avelune Vault 036, the access code is 620071.",29,52.00111770629883,1.7931419610977173,88,88,116,117,0.12276468374487562
v4-access_code-036,v4-access_code-036--omitted--answer-A--neutral,test,access_code,T3,omitted,A,neutral,,absent,"According to this record, what is the access code for Avelune Vault 036?","The following registry describes fictional Avelune Vault 036. Each value has its own field:
620071 is listed under ticket code.
620070 is listed under parcel code.","For Avelune Vault 036, the access code is 620070.",22,18.462186813354492,0.8391903042793274,88,88,109,110,0.1872478945648052
v4-access_code-036,v4-access_code-036--omitted--answer-A--confident,test,access_code,T3,omitted,A,confident,,absent,"According to this record, what is the access code for Avelune Vault 036?","The following registry describes fictional Avelune Vault 036. Each value has its own field:
620071 is listed under ticket code.
620070 is listed under parcel code.","I am certain about this answer. For Avelune Vault 036, the access code is 620070.",29,53.574363708496094,1.8473918437957764,88,88,116,117,0.10813995597378845
v4-access_code-036,v4-access_code-036--omitted--answer-A--hedged,test,access_code,T3,omitted,A,hedged,,absent,"According to this record, what is the access code for Avelune Vault 036?","The following registry describes fictional Avelune Vault 036. Each value has its own field:
620071 is listed under ticket code.
620070 is listed under parcel code.","I am uncertain about this answer. For Avelune Vault 036, the access code is 620070.",29,50.39659881591797,1.7378137111663818,88,88,116,117,0.06553033990516793
v4-access_code-036,v4-access_code-036--omitted--answer-B--neutral,test,access_code,T3,omitted,B,neutral,,absent,"According to this record, what is the access code for Avelune Vault 036?","The following registry describes fictional Avelune Vault 036. Each value has its own field:
620071 is listed under ticket code.
620070 is listed under parcel code.","For Avelune Vault 036, the access code is 620071.",22,12.185077667236328,0.5538671612739563,88,88,109,110,0.22760658753297083
v4-access_code-036,v4-access_code-036--omitted--answer-B--confident,test,access_code,T3,omitted,B,confident,,absent,"According to this record, what is the access code for Avelune Vault 036?","The following registry describes fictional Avelune Vault 036. Each value has its own field:
620071 is listed under ticket code.
620070 is listed under parcel code.","I am certain about this answer. For Avelune Vault 036, the access code is 620071.",29,48.95773696899414,1.6881978511810303,88,88,116,117,0.13319830905811383
v4-access_code-036,v4-access_code-036--omitted--answer-B--hedged,test,access_code,T3,omitted,B,hedged,,absent,"According to this record, what is the access code for Avelune Vault 036?","The following registry describes fictional Avelune Vault 036. Each value has its own field:
620071 is listed under ticket code.
620070 is listed under parcel code.","I am uncertain about this answer. For Avelune Vault 036, the access code is 620071.",29,46.79017639160156,1.6134543418884277,88,88,116,117,0.09042473558376074
v4-access_code-037,v4-access_code-037--A--answer-A--neutral,test,access_code,T4,A,A,neutral,correct,supported,Find the code for access to Avelune Vault 037 in this registry.,"This entry concerns fictional Avelune Vault 037. Values are assigned to distinct fields:
Value: 620072; field: access code.
Value: 620073; field: locker code.",620072 is the access code recorded for Avelune Vault 037.,21,27.276880264282227,1.2988990545272827,91,91,111,112,0.14954333812813855
v4-access_code-037,v4-access_code-037--A--answer-A--confident,test,access_code,T4,A,A,confident,correct,supported,Find the code for access to Avelune Vault 037 in this registry.,"This entry concerns fictional Avelune Vault 037. Values are assigned to distinct fields:
Value: 620072; field: access code.
Value: 620073; field: locker code.",620072 is the access code recorded for Avelune Vault 037. I can state this with confidence.,28,53.24028015136719,1.901438593864441,91,91,118,119,0.15568634207336302
v4-access_code-037,v4-access_code-037--A--answer-A--hedged,test,access_code,T4,A,A,hedged,correct,supported,Find the code for access to Avelune Vault 037 in this registry.,"This entry concerns fictional Avelune Vault 037. Values are assigned to distinct fields:
Value: 620072; field: access code.
Value: 620073; field: locker code.",620072 is the access code recorded for Avelune Vault 037. I can only suggest this tentatively.,29,71.953125,2.481142282485962,91,91,119,120,-0.03794264434720651
v4-access_code-037,v4-access_code-037--A--answer-B--neutral,test,access_code,T4,A,B,neutral,incorrect,contradicted,Find the code for access to Avelune Vault 037 in this registry.,"This entry concerns fictional Avelune Vault 037. Values are assigned to distinct fields:
Value: 620072; field: access code.
Value: 620073; field: locker code.",620073 is the access code recorded for Avelune Vault 037.,21,42.347137451171875,2.0165302753448486,91,91,111,112,0.09979545329842847
v4-access_code-037,v4-access_code-037--A--answer-B--confident,test,access_code,T4,A,B,confident,incorrect,contradicted,Find the code for access to Avelune Vault 037 in this registry.,"This entry concerns fictional Avelune Vault 037. Values are assigned to distinct fields:
Value: 620072; field: access code.
Value: 620073; field: locker code.",620073 is the access code recorded for Avelune Vault 037. I can state this with confidence.,28,67.63763427734375,2.4156298637390137,91,91,118,119,0.1248634151991283
v4-access_code-037,v4-access_code-037--A--answer-B--hedged,test,access_code,T4,A,B,hedged,incorrect,contradicted,Find the code for access to Avelune Vault 037 in this registry.,"This entry concerns fictional Avelune Vault 037. Values are assigned to distinct fields:
Value: 620072; field: access code.
Value: 620073; field: locker code.",620073 is the access code recorded for Avelune Vault 037. I can only suggest this tentatively.,29,86.97563171386719,2.999159812927246,91,91,119,120,-0.0697583272943715
v4-access_code-037,v4-access_code-037--B--answer-A--neutral,test,access_code,T4,B,A,neutral,incorrect,contradicted,Find the code for access to Avelune Vault 037 in this registry.,"This entry concerns fictional Avelune Vault 037. Values are assigned to distinct fields:
Value: 620072; field: locker code.
Value: 620073; field: access code.",620072 is the access code recorded for Avelune Vault 037.,21,37.92138671875,1.805780291557312,91,91,111,112,0.0783697079867053
v4-access_code-037,v4-access_code-037--B--answer-A--confident,test,access_code,T4,B,A,confident,incorrect,contradicted,Find the code for access to Avelune Vault 037 in this registry.,"This entry concerns fictional Avelune Vault 037. Values are assigned to distinct fields:
Value: 620072; field: locker code.
Value: 620073; field: access code.",620072 is the access code recorded for Avelune Vault 037. I can state this with confidence.,28,63.51953125,2.2685546875,91,91,118,119,0.11082175184572612
v4-access_code-037,v4-access_code-037--B--answer-A--hedged,test,access_code,T4,B,A,hedged,incorrect,contradicted,Find the code for access to Avelune Vault 037 in this registry.,"This entry concerns fictional Avelune Vault 037. Values are assigned to distinct fields:
Value: 620072; field: locker code.
Value: 620073; field: access code.",620072 is the access code recorded for Avelune Vault 037. I can only suggest this tentatively.,29,81.75563049316406,2.819159746170044,91,91,119,120,-0.08355554691597339
v4-access_code-037,v4-access_code-037--B--answer-B--neutral,test,access_code,T4,B,B,neutral,correct,supported,Find the code for access to Avelune Vault 037 in this registry.,"This entry concerns fictional Avelune Vault 037. Values are assigned to distinct fields:
Value: 620072; field: locker code.
Value: 620073; field: access code.",620073 is the access code recorded for Avelune Vault 037.,21,29.884891510009766,1.4230901002883911,91,91,111,112,0.07857391519007872
v4-access_code-037,v4-access_code-037--B--answer-B--confident,test,access_code,T4,B,B,confident,correct,supported,Find the code for access to Avelune Vault 037 in this registry.,"This entry concerns fictional Avelune Vault 037. Values are assigned to distinct fields:
Value: 620072; field: locker code.
Value: 620073; field: access code.",620073 is the access code recorded for Avelune Vault 037. I can state this with confidence.,28,55.541099548339844,1.98361074924469,91,91,118,119,0.1134887597362493
v4-access_code-037,v4-access_code-037--B--answer-B--hedged,test,access_code,T4,B,B,hedged,correct,supported,Find the code for access to Avelune Vault 037 in this registry.,"This entry concerns fictional Avelune Vault 037. Values are assigned to distinct fields:
Value: 620072; field: locker code.
Value: 620073; field: access code.",620073 is the access code recorded for Avelune Vault 037. I can only suggest this tentatively.,29,74.29132080078125,2.561769723892212,91,91,119,120,-0.0813574138974959
v4-access_code-037,v4-access_code-037--omitted--answer-A--neutral,test,access_code,T4,omitted,A,neutral,,absent,Find the code for access to Avelune Vault 037 in this registry.,"This entry concerns fictional Avelune Vault 037. Values are assigned to distinct fields:
Value: 620072; field: parcel code.
Value: 620073; field: ticket code.",620072 is the access code recorded for Avelune Vault 037.,21,31.339828491210938,1.492372751235962,91,91,111,112,0.20316344128159655
v4-access_code-037,v4-access_code-037--omitted--answer-A--confident,test,access_code,T4,omitted,A,confident,,absent,Find the code for access to Avelune Vault 037 in this registry.,"This entry concerns fictional Avelune Vault 037. Values are assigned to distinct fields:
Value: 620072; field: parcel code.
Value: 620073; field: ticket code.",620072 is the access code recorded for Avelune Vault 037. I can state this with confidence.,28,54.65105438232422,1.951823353767395,91,91,118,119,0.20821072786359024
v4-access_code-037,v4-access_code-037--omitted--answer-A--hedged,test,access_code,T4,omitted,A,hedged,,absent,Find the code for access to Avelune Vault 037 in this registry.,"This entry concerns fictional Avelune Vault 037. Values are assigned to distinct fields:
Value: 620072; field: parcel code.
Value: 620073; field: ticket code.",620072 is the access code recorded for Avelune Vault 037. I can only suggest this tentatively.,29,72.44293975830078,2.498032331466675,91,91,119,120,0.010778365241802479
v4-access_code-037,v4-access_code-037--omitted--answer-B--neutral,test,access_code,T4,omitted,B,neutral,,absent,Find the code for access to Avelune Vault 037 in this registry.,"This entry concerns fictional Avelune Vault 037. Values are assigned to distinct fields:
Value: 620072; field: parcel code.
Value: 620073; field: ticket code.",620073 is the access code recorded for Avelune Vault 037.,21,37.102447509765625,1.7667832374572754,91,91,111,112,0.15978609932410615
v4-access_code-037,v4-access_code-037--omitted--answer-B--confident,test,access_code,T4,omitted,B,confident,,absent,Find the code for access to Avelune Vault 037 in this registry.,"This entry concerns fictional Avelune Vault 037. Values are assigned to distinct fields:
Value: 620072; field: parcel code.
Value: 620073; field: ticket code.",620073 is the access code recorded for Avelune Vault 037. I can state this with confidence.,28,61.34413146972656,2.190861940383911,91,91,118,119,0.17911892156481432
v4-access_code-037,v4-access_code-037--omitted--answer-B--hedged,test,access_code,T4,omitted,B,hedged,,absent,Find the code for access to Avelune Vault 037 in this registry.,"This entry concerns fictional Avelune Vault 037. Values are assigned to distinct fields:
Value: 620072; field: parcel code.
Value: 620073; field: ticket code.",620073 is the access code recorded for Avelune Vault 037. I can only suggest this tentatively.,29,79.76680755615234,2.750579595565796,91,91,119,120,-0.018119357607288757
v4-access_code-038,v4-access_code-038--A--answer-A--neutral,test,access_code,T4,A,A,neutral,correct,supported,Find the code for access to Avelune Vault 038 in this registry.,"This entry concerns fictional Avelune Vault 038. Values are assigned to distinct fields:
Value: 620075; field: locker code.
Value: 620074; field: access code.",620074 is the access code recorded for Avelune Vault 038.,21,28.373634338378906,1.3511254787445068,91,91,111,112,0.05622585858178247
v4-access_code-038,v4-access_code-038--A--answer-A--confident,test,access_code,T4,A,A,confident,correct,supported,Find the code for access to Avelune Vault 038 in this registry.,"This entry concerns fictional Avelune Vault 038. Values are assigned to distinct fields:
Value: 620075; field: locker code.
Value: 620074; field: access code.",620074 is the access code recorded for Avelune Vault 038. I can state this with confidence.,28,54.398311614990234,1.9427968263626099,91,91,118,119,0.09604782412525542
v4-access_code-038,v4-access_code-038--A--answer-A--hedged,test,access_code,T4,A,A,hedged,correct,supported,Find the code for access to Avelune Vault 038 in this registry.,"This entry concerns fictional Avelune Vault 038. Values are assigned to distinct fields:
Value: 620075; field: locker code.
Value: 620074; field: access code.",620074 is the access code recorded for Avelune Vault 038. I can only suggest this tentatively.,29,72.68353271484375,2.506328821182251,91,91,119,120,-0.09777581065958366
v4-access_code-038,v4-access_code-038--A--answer-B--neutral,test,access_code,T4,A,B,neutral,incorrect,contradicted,Find the code for access to Avelune Vault 038 in this registry.,"This entry concerns fictional Avelune Vault 038. Values are assigned to distinct fields:
Value: 620075; field: locker code.
Value: 620074; field: access code.",620075 is the access code recorded for Avelune Vault 038.,21,33.14826202392578,1.5784887075424194,91,91,111,112,0.07181790020748574
v4-access_code-038,v4-access_code-038--A--answer-B--confident,test,access_code,T4,A,B,confident,incorrect,contradicted,Find the code for access to Avelune Vault 038 in this registry.,"This entry concerns fictional Avelune Vault 038. Values are assigned to distinct fields:
Value: 620075; field: locker code.
Value: 620074; field: access code.",620075 is the access code recorded for Avelune Vault 038. I can state this with confidence.,28,58.3775634765625,2.0849130153656006,91,91,118,119,0.10396943559194774
v4-access_code-038,v4-access_code-038--A--answer-B--hedged,test,access_code,T4,A,B,hedged,incorrect,contradicted,Find the code for access to Avelune Vault 038 in this registry.,"This entry concerns fictional Avelune Vault 038. Values are assigned to distinct fields:
Value: 620075; field: locker code.
Value: 620074; field: access code.",620075 is the access code recorded for Avelune Vault 038. I can only suggest this tentatively.,29,76.63034057617188,2.642425537109375,91,91,119,120,-0.0885980648908647
v4-access_code-038,v4-access_code-038--B--answer-A--neutral,test,access_code,T4,B,A,neutral,incorrect,contradicted,Find the code for access to Avelune Vault 038 in this registry.,"This entry concerns fictional Avelune Vault 038. Values are assigned to distinct fields:
Value: 620075; field: access code.
Value: 620074; field: locker code.",620074 is the access code recorded for Avelune Vault 038.,21,42.09510803222656,2.0045289993286133,91,91,111,112,0.058757380345143856
v4-access_code-038,v4-access_code-038--B--answer-A--confident,test,access_code,T4,B,A,confident,incorrect,contradicted,Find the code for access to Avelune Vault 038 in this registry.,"This entry concerns fictional Avelune Vault 038. Values are assigned to distinct fields:
Value: 620075; field: access code.
Value: 620074; field: locker code.",620074 is the access code recorded for Avelune Vault 038. I can state this with confidence.,28,67.90777587890625,2.4252777099609375,91,91,118,119,0.0937261901897461
v4-access_code-038,v4-access_code-038--B--answer-A--hedged,test,access_code,T4,B,A,hedged,incorrect,contradicted,Find the code for access to Avelune Vault 038 in this registry.,"This entry concerns fictional Avelune Vault 038. Values are assigned to distinct fields:
Value: 620075; field: access code.
Value: 620074; field: locker code.",620074 is the access code recorded for Avelune Vault 038. I can only suggest this tentatively.,29,87.25023651123047,3.0086288452148438,91,91,119,120,-0.09932211275461603
v4-access_code-038,v4-access_code-038--B--answer-B--neutral,test,access_code,T4,B,B,neutral,correct,supported,Find the code for access to Avelune Vault 038 in this registry.,"This entry concerns fictional Avelune Vault 038. Values are assigned to distinct fields:
Value: 620075; field: access code.
Value: 620074; field: locker code.",620075 is the access code recorded for Avelune Vault 038.,21,26.67989730834961,1.2704713344573975,91,91,111,112,0.14366721904158636
v4-access_code-038,v4-access_code-038--B--answer-B--confident,test,access_code,T4,B,B,confident,correct,supported,Find the code for access to Avelune Vault 038 in this registry.,"This entry concerns fictional Avelune Vault 038. Values are assigned to distinct fields:
Value: 620075; field: access code.
Value: 620074; field: locker code.",620075 is the access code recorded for Avelune Vault 038. I can state this with confidence.,28,52.23187255859375,1.8654240369796753,91,91,118,119,0.14680071415320695
v4-access_code-038,v4-access_code-038--B--answer-B--hedged,test,access_code,T4,B,B,hedged,correct,supported,Find the code for access to Avelune Vault 038 in this registry.,"This entry concerns fictional Avelune Vault 038. Values are assigned to distinct fields:
Value: 620075; field: access code.
Value: 620074; field: locker code.",620075 is the access code recorded for Avelune Vault 038. I can only suggest this tentatively.,29,71.09605407714844,2.4515881538391113,91,91,119,120,-0.041133005798748845
v4-access_code-038,v4-access_code-038--omitted--answer-A--neutral,test,access_code,T4,omitted,A,neutral,,absent,Find the code for access to Avelune Vault 038 in this registry.,"This entry concerns fictional Avelune Vault 038. Values are assigned to distinct fields:
Value: 620075; field: ticket code.
Value: 620074; field: parcel code.",620074 is the access code recorded for Avelune Vault 038.,21,38.23339080810547,1.8206377029418945,91,91,111,112,0.12502458634786015
v4-access_code-038,v4-access_code-038--omitted--answer-A--confident,test,access_code,T4,omitted,A,confident,,absent,Find the code for access to Avelune Vault 038 in this registry.,"This entry concerns fictional Avelune Vault 038. Values are assigned to distinct fields:
Value: 620075; field: ticket code.
Value: 620074; field: parcel code.",620074 is the access code recorded for Avelune Vault 038. I can state this with confidence.,28,62.486785888671875,2.23167085647583,91,91,118,119,0.14797108599626063
v4-access_code-038,v4-access_code-038--omitted--answer-A--hedged,test,access_code,T4,omitted,A,hedged,,absent,Find the code for access to Avelune Vault 038 in this registry.,"This entry concerns fictional Avelune Vault 038. Values are assigned to distinct fields:
Value: 620075; field: ticket code.
Value: 620074; field: parcel code.",620074 is the access code recorded for Avelune Vault 038. I can only suggest this tentatively.,29,80.69839477539062,2.782703161239624,91,91,119,120,-0.04637904155637852
v4-access_code-038,v4-access_code-038--omitted--answer-B--neutral,test,access_code,T4,omitted,B,neutral,,absent,Find the code for access to Avelune Vault 038 in this registry.,"This entry concerns fictional Avelune Vault 038. Values are assigned to distinct fields:
Value: 620075; field: ticket code.
Value: 620074; field: parcel code.",620075 is the access code recorded for Avelune Vault 038.,21,32.28628158569336,1.5374419689178467,91,91,111,112,0.17242810575630863
v4-access_code-038,v4-access_code-038--omitted--answer-B--confident,test,access_code,T4,omitted,B,confident,,absent,Find the code for access to Avelune Vault 038 in this registry.,"This entry concerns fictional Avelune Vault 038. Values are assigned to distinct fields:
Value: 620075; field: ticket code.
Value: 620074; field: parcel code.",620075 is the access code recorded for Avelune Vault 038. I can state this with confidence.,28,55.97534942626953,1.9991196393966675,91,91,118,119,0.17971396312368804
v4-access_code-038,v4-access_code-038--omitted--answer-B--hedged,test,access_code,T4,omitted,B,hedged,,absent,Find the code for access to Avelune Vault 038 in this registry.,"This entry concerns fictional Avelune Vault 038. Values are assigned to distinct fields:
Value: 620075; field: ticket code.
Value: 620074; field: parcel code.",620075 is the access code recorded for Avelune Vault 038. I can only suggest this tentatively.,29,73.56888580322266,2.536858081817627,91,91,119,120,-0.013964385685315196
v4-access_code-039,v4-access_code-039--A--answer-A--neutral,test,access_code,T4,A,A,neutral,correct,supported,Find the code for access to Avelune Vault 039 in this registry.,"This entry concerns fictional Avelune Vault 039. Values are assigned to distinct fields:
Value: 620076; field: access code.
Value: 620077; field: locker code.",620076 is the access code recorded for Avelune Vault 039.,21,27.91295623779297,1.329188346862793,91,91,111,112,0.17735558401056178
v4-access_code-039,v4-access_code-039--A--answer-A--confident,test,access_code,T4,A,A,confident,correct,supported,Find the code for access to Avelune Vault 039 in this registry.,"This entry concerns fictional Avelune Vault 039. Values are assigned to distinct fields:
Value: 620076; field: access code.
Value: 620077; field: locker code.",620076 is the access code recorded for Avelune Vault 039. I can state this with confidence.,28,53.68556213378906,1.9173414707183838,91,91,118,119,0.1764132625812124
v4-access_code-039,v4-access_code-039--A--answer-A--hedged,test,access_code,T4,A,A,hedged,correct,supported,Find the code for access to Avelune Vault 039 in this registry.,"This entry concerns fictional Avelune Vault 039. Values are assigned to distinct fields:
Value: 620076; field: access code.
Value: 620077; field: locker code.",620076 is the access code recorded for Avelune Vault 039. I can only suggest this tentatively.,29,72.48712158203125,2.499555826187134,91,91,119,120,-0.016705368157948902
v4-access_code-039,v4-access_code-039--A--answer-B--neutral,test,access_code,T4,A,B,neutral,incorrect,contradicted,Find the code for access to Avelune Vault 039 in this registry.,"This entry concerns fictional Avelune Vault 039. Values are assigned to distinct fields:
Value: 620076; field: access code.
Value: 620077; field: locker code.",620077 is the access code recorded for Avelune Vault 039.,21,40.303688049316406,1.9192231893539429,91,91,111,112,0.09650133569171715
v4-access_code-039,v4-access_code-039--A--answer-B--confident,test,access_code,T4,A,B,confident,incorrect,contradicted,Find the code for access to Avelune Vault 039 in this registry.,"This entry concerns fictional Avelune Vault 039. Values are assigned to distinct fields:
Value: 620076; field: access code.
Value: 620077; field: locker code.",620077 is the access code recorded for Avelune Vault 039. I can state this with confidence.,28,65.70870971679688,2.3467395305633545,91,91,118,119,0.11703542075809872
v4-access_code-039,v4-access_code-039--A--answer-B--hedged,test,access_code,T4,A,B,hedged,incorrect,contradicted,Find the code for access to Avelune Vault 039 in this registry.,"This entry concerns fictional Avelune Vault 039. Values are assigned to distinct fields:
Value: 620076; field: access code.
Value: 620077; field: locker code.",620077 is the access code recorded for Avelune Vault 039. I can only suggest this tentatively.,29,85.11068725585938,2.9348511695861816,91,91,119,120,-0.07855873796320749
v4-access_code-039,v4-access_code-039--B--answer-A--neutral,test,access_code,T4,B,A,neutral,incorrect,contradicted,Find the code for access to Avelune Vault 039 in this registry.,"This entry concerns fictional Avelune Vault 039. Values are assigned to distinct fields:
Value: 620076; field: locker code.
Value: 620077; field: access code.",620076 is the access code recorded for Avelune Vault 039.,21,39.23227310180664,1.8682035207748413,91,91,111,112,0.10916569638994414
v4-access_code-039,v4-access_code-039--B--answer-A--confident,test,access_code,T4,B,A,confident,incorrect,contradicted,Find the code for access to Avelune Vault 039 in this registry.,"This entry concerns fictional Avelune Vault 039. Values are assigned to distinct fields:
Value: 620076; field: locker code.
Value: 620077; field: access code.",620076 is the access code recorded for Avelune Vault 039. I can state this with confidence.,28,64.51083374023438,2.3039584159851074,91,91,118,119,0.1325675176559278
v4-access_code-039,v4-access_code-039--B--answer-A--hedged,test,access_code,T4,B,A,hedged,incorrect,contradicted,Find the code for access to Avelune Vault 039 in this registry.,"This entry concerns fictional Avelune Vault 039. Values are assigned to distinct fields:
Value: 620076; field: locker code.
Value: 620077; field: access code.",620076 is the access code recorded for Avelune Vault 039. I can only suggest this tentatively.,29,83.02784729003906,2.8630292415618896,91,91,119,120,-0.06088395948274509
v4-access_code-039,v4-access_code-039--B--answer-B--neutral,test,access_code,T4,B,B,neutral,correct,supported,Find the code for access to Avelune Vault 039 in this registry.,"This entry concerns fictional Avelune Vault 039. Values are assigned to distinct fields:
Value: 620076; field: locker code.
Value: 620077; field: access code.",620077 is the access code recorded for Avelune Vault 039.,21,28.797327041625977,1.371301293373108,91,91,111,112,0.09062339409354546
v4-access_code-039,v4-access_code-039--B--answer-B--confident,test,access_code,T4,B,B,confident,correct,supported,Find the code for access to Avelune Vault 039 in this registry.,"This entry concerns fictional Avelune Vault 039. Values are assigned to distinct fields:
Value: 620076; field: locker code.
Value: 620077; field: access code.",620077 is the access code recorded for Avelune Vault 039. I can state this with confidence.,28,54.714683532714844,1.9540958404541016,91,91,118,119,0.11697947723385341
v4-access_code-039,v4-access_code-039--B--answer-B--hedged,test,access_code,T4,B,B,hedged,correct,supported,Find the code for access to Avelune Vault 039 in this registry.,"This entry concerns fictional Avelune Vault 039. Values are assigned to distinct fields:
Value: 620076; field: locker code.
Value: 620077; field: access code.",620077 is the access code recorded for Avelune Vault 039. I can only suggest this tentatively.,29,73.29130554199219,2.5272862911224365,91,91,119,120,-0.07769013190825524
v4-access_code-039,v4-access_code-039--omitted--answer-A--neutral,test,access_code,T4,omitted,A,neutral,,absent,Find the code for access to Avelune Vault 039 in this registry.,"This entry concerns fictional Avelune Vault 039. Values are assigned to distinct fields:
Value: 620076; field: parcel code.
Value: 620077; field: ticket code.",620076 is the access code recorded for Avelune Vault 039.,21,32.16374206542969,1.5316067934036255,91,91,111,112,0.22277274738599145
v4-access_code-039,v4-access_code-039--omitted--answer-A--confident,test,access_code,T4,omitted,A,confident,,absent,Find the code for access to Avelune Vault 039 in this registry.,"This entry concerns fictional Avelune Vault 039. Values are assigned to distinct fields:
Value: 620076; field: parcel code.
Value: 620077; field: ticket code.",620076 is the access code recorded for Avelune Vault 039. I can state this with confidence.,28,56.12748336791992,2.0045530796051025,91,91,118,119,0.22125580146424376
v4-access_code-039,v4-access_code-039--omitted--answer-A--hedged,test,access_code,T4,omitted,A,hedged,,absent,Find the code for access to Avelune Vault 039 in this registry.,"This entry concerns fictional Avelune Vault 039. Values are assigned to distinct fields:
Value: 620076; field: parcel code.
Value: 620077; field: ticket code.",620076 is the access code recorded for Avelune Vault 039. I can only suggest this tentatively.,29,73.97075653076172,2.550715684890747,91,91,119,120,0.02226680592274448
v4-access_code-039,v4-access_code-039--omitted--answer-B--neutral,test,access_code,T4,omitted,B,neutral,,absent,Find the code for access to Avelune Vault 039 in this registry.,"This entry concerns fictional Avelune Vault 039. Values are assigned to distinct fields:
Value: 620076; field: parcel code.
Value: 620077; field: ticket code.",620077 is the access code recorded for Avelune Vault 039.,21,35.75458526611328,1.702599287033081,91,91,111,112,0.16177381358513443
v4-access_code-039,v4-access_code-039--omitted--answer-B--confident,test,access_code,T4,omitted,B,confident,,absent,Find the code for access to Avelune Vault 039 in this registry.,"This entry concerns fictional Avelune Vault 039. Values are assigned to distinct fields:
Value: 620076; field: parcel code.
Value: 620077; field: ticket code.",620077 is the access code recorded for Avelune Vault 039. I can state this with confidence.,28,60.297969818115234,2.153498888015747,91,91,118,119,0.17722985580208467
v4-access_code-039,v4-access_code-039--omitted--answer-B--hedged,test,access_code,T4,omitted,B,hedged,,absent,Find the code for access to Avelune Vault 039 in this registry.,"This entry concerns fictional Avelune Vault 039. Values are assigned to distinct fields:
Value: 620076; field: parcel code.
Value: 620077; field: ticket code.",620077 is the access code recorded for Avelune Vault 039. I can only suggest this tentatively.,29,78.66769409179688,2.712679147720337,91,91,119,120,-0.02469362760719806
v4-access_code-040,v4-access_code-040--A--answer-A--neutral,test,access_code,T4,A,A,neutral,correct,supported,Find the code for access to Avelune Vault 040 in this registry.,"This entry concerns fictional Avelune Vault 040. Values are assigned to distinct fields:
Value: 620079; field: locker code.
Value: 620078; field: access code.",620078 is the access code recorded for Avelune Vault 040.,21,29.647615432739258,1.411791205406189,91,91,111,112,0.1443653070507272
v4-access_code-040,v4-access_code-040--A--answer-A--confident,test,access_code,T4,A,A,confident,correct,supported,Find the code for access to Avelune Vault 040 in this registry.,"This entry concerns fictional Avelune Vault 040. Values are assigned to distinct fields:
Value: 620079; field: locker code.
Value: 620078; field: access code.",620078 is the access code recorded for Avelune Vault 040. I can state this with confidence.,28,56.56352233886719,2.0201258659362793,91,91,118,119,0.1727903613777843
v4-access_code-040,v4-access_code-040--A--answer-A--hedged,test,access_code,T4,A,A,hedged,correct,supported,Find the code for access to Avelune Vault 040 in this registry.,"This entry concerns fictional Avelune Vault 040. Values are assigned to distinct fields:
Value: 620079; field: locker code.
Value: 620078; field: access code.",620078 is the access code recorded for Avelune Vault 040. I can only suggest this tentatively.,29,75.75912475585938,2.6123836040496826,91,91,119,120,-0.03177923822988396
v4-access_code-040,v4-access_code-040--A--answer-B--neutral,test,access_code,T4,A,B,neutral,incorrect,contradicted,Find the code for access to Avelune Vault 040 in this registry.,"This entry concerns fictional Avelune Vault 040. Values are assigned to distinct fields:
Value: 620079; field: locker code.
Value: 620078; field: access code.",620079 is the access code recorded for Avelune Vault 040.,21,31.13821792602539,1.4827722311019897,91,91,111,112,0.13171536544936138
v4-access_code-040,v4-access_code-040--A--answer-B--confident,test,access_code,T4,A,B,confident,incorrect,contradicted,Find the code for access to Avelune Vault 040 in this registry.,"This entry concerns fictional Avelune Vault 040. Values are assigned to distinct fields:
Value: 620079; field: locker code.
Value: 620078; field: access code.",620079 is the access code recorded for Avelune Vault 040. I can state this with confidence.,28,56.875789642333984,2.031278133392334,91,91,118,119,0.15077003553130314
v4-access_code-040,v4-access_code-040--A--answer-B--hedged,test,access_code,T4,A,B,hedged,incorrect,contradicted,Find the code for access to Avelune Vault 040 in this registry.,"This entry concerns fictional Avelune Vault 040. Values are assigned to distinct fields:
Value: 620079; field: locker code.
Value: 620078; field: access code.",620079 is the access code recorded for Avelune Vault 040. I can only suggest this tentatively.,29,75.35997009277344,2.5986196994781494,91,91,119,120,-0.04419813905675572
v4-access_code-040,v4-access_code-040--B--answer-A--neutral,test,access_code,T4,B,A,neutral,incorrect,contradicted,Find the code for access to Avelune Vault 040 in this registry.,"This entry concerns fictional Avelune Vault 040. Values are assigned to distinct fields:
Value: 620079; field: access code.
Value: 620078; field: locker code.",620078 is the access code recorded for Avelune Vault 040.,21,43.4727897644043,2.0701327323913574,91,91,111,112,0.12763724327436385
v4-access_code-040,v4-access_code-040--B--answer-A--confident,test,access_code,T4,B,A,confident,incorrect,contradicted,Find the code for access to Avelune Vault 040 in this registry.,"This entry concerns fictional Avelune Vault 040. Values are assigned to distinct fields:
Value: 620079; field: access code.
Value: 620078; field: locker code.",620078 is the access code recorded for Avelune Vault 040. I can state this with confidence.,28,70.13099670410156,2.50467848777771,91,91,118,119,0.15466885553234835
v4-access_code-040,v4-access_code-040--B--answer-A--hedged,test,access_code,T4,B,A,hedged,incorrect,contradicted,Find the code for access to Avelune Vault 040 in this registry.,"This entry concerns fictional Avelune Vault 040. Values are assigned to distinct fields:
Value: 620079; field: access code.
Value: 620078; field: locker code.",620078 is the access code recorded for Avelune Vault 040. I can only suggest this tentatively.,29,89.8096923828125,3.096885919570923,91,91,119,120,-0.04981089746078804
v4-access_code-040,v4-access_code-040--B--answer-B--neutral,test,access_code,T4,B,B,neutral,correct,supported,Find the code for access to Avelune Vault 040 in this registry.,"This entry concerns fictional Avelune Vault 040. Values are assigned to distinct fields:
Value: 620079; field: access code.
Value: 620078; field: locker code.",620079 is the access code recorded for Avelune Vault 040.,21,27.62012481689453,1.3152440786361694,91,91,111,112,0.17864455398401816
v4-access_code-040,v4-access_code-040--B--answer-B--confident,test,access_code,T4,B,B,confident,correct,supported,Find the code for access to Avelune Vault 040 in this registry.,"This entry concerns fictional Avelune Vault 040. Values are assigned to distinct fields:
Value: 620079; field: access code.
Value: 620078; field: locker code.",620079 is the access code recorded for Avelune Vault 040. I can state this with confidence.,28,53.7087516784668,1.9181697368621826,91,91,118,119,0.1776053565862175
v4-access_code-040,v4-access_code-040--B--answer-B--hedged,test,access_code,T4,B,B,hedged,correct,supported,Find the code for access to Avelune Vault 040 in this registry.,"This entry concerns fictional Avelune Vault 040. Values are assigned to distinct fields:
Value: 620079; field: access code.
Value: 620078; field: locker code.",620079 is the access code recorded for Avelune Vault 040. I can only suggest this tentatively.,29,72.74860382080078,2.508572578430176,91,91,119,120,-0.01995436740755894
v4-access_code-040,v4-access_code-040--omitted--answer-A--neutral,test,access_code,T4,omitted,A,neutral,,absent,Find the code for access to Avelune Vault 040 in this registry.,"This entry concerns fictional Avelune Vault 040. Values are assigned to distinct fields:
Value: 620079; field: ticket code.
Value: 620078; field: parcel code.",620078 is the access code recorded for Avelune Vault 040.,21,40.27731704711914,1.917967438697815,91,91,111,112,0.19683945058091315
v4-access_code-040,v4-access_code-040--omitted--answer-A--confident,test,access_code,T4,omitted,A,confident,,absent,Find the code for access to Avelune Vault 040 in this registry.,"This entry concerns fictional Avelune Vault 040. Values are assigned to distinct fields:
Value: 620079; field: ticket code.
Value: 620078; field: parcel code.",620078 is the access code recorded for Avelune Vault 040. I can state this with confidence.,28,65.3535385131836,2.334054946899414,91,91,118,119,0.21547824362629742
v4-access_code-040,v4-access_code-040--omitted--answer-A--hedged,test,access_code,T4,omitted,A,hedged,,absent,Find the code for access to Avelune Vault 040 in this registry.,"This entry concerns fictional Avelune Vault 040. Values are assigned to distinct fields:
Value: 620079; field: ticket code.
Value: 620078; field: parcel code.",620078 is the access code recorded for Avelune Vault 040. I can only suggest this tentatively.,29,84.39007568359375,2.9100027084350586,91,91,119,120,0.008285415689105138
v4-access_code-040,v4-access_code-040--omitted--answer-B--neutral,test,access_code,T4,omitted,B,neutral,,absent,Find the code for access to Avelune Vault 040 in this registry.,"This entry concerns fictional Avelune Vault 040. Values are assigned to distinct fields:
Value: 620079; field: ticket code.
Value: 620078; field: parcel code.",620079 is the access code recorded for Avelune Vault 040.,21,32.48529052734375,1.5469186305999756,91,91,111,112,0.2196713176394535
v4-access_code-040,v4-access_code-040--omitted--answer-B--confident,test,access_code,T4,omitted,B,confident,,absent,Find the code for access to Avelune Vault 040 in this registry.,"This entry concerns fictional Avelune Vault 040. Values are assigned to distinct fields:
Value: 620079; field: ticket code.
Value: 620078; field: parcel code.",620079 is the access code recorded for Avelune Vault 040. I can state this with confidence.,28,56.118377685546875,2.004227876663208,91,91,118,119,0.21980193447692234
v4-access_code-040,v4-access_code-040--omitted--answer-B--hedged,test,access_code,T4,omitted,B,hedged,,absent,Find the code for access to Avelune Vault 040 in this registry.,"This entry concerns fictional Avelune Vault 040. Values are assigned to distinct fields:
Value: 620079; field: ticket code.
Value: 620078; field: parcel code.",620079 is the access code recorded for Avelune Vault 040. I can only suggest this tentatively.,29,74.27633666992188,2.561253070831299,91,91,119,120,0.020658861573909226
v4-access_code-041,v4-access_code-041--A--answer-A--neutral,test,access_code,T4,A,A,neutral,correct,supported,Find the code for access to Avelune Vault 041 in this registry.,"This entry concerns fictional Avelune Vault 041. Values are assigned to distinct fields:
Value: 620080; field: access code.
Value: 620081; field: locker code.",620080 is the access code recorded for Avelune Vault 041.,21,26.586315155029297,1.2660150527954102,91,91,111,112,0.17980689336718533
v4-access_code-041,v4-access_code-041--A--answer-A--confident,test,access_code,T4,A,A,confident,correct,supported,Find the code for access to Avelune Vault 041 in this registry.,"This entry concerns fictional Avelune Vault 041. Values are assigned to distinct fields:
Value: 620080; field: access code.
Value: 620081; field: locker code.",620080 is the access code recorded for Avelune Vault 041. I can state this with confidence.,28,52.82463073730469,1.8865939378738403,91,91,118,119,0.1816915531644837
v4-access_code-041,v4-access_code-041--A--answer-A--hedged,test,access_code,T4,A,A,hedged,correct,supported,Find the code for access to Avelune Vault 041 in this registry.,"This entry concerns fictional Avelune Vault 041. Values are assigned to distinct fields:
Value: 620080; field: access code.
Value: 620081; field: locker code.",620080 is the access code recorded for Avelune Vault 041. I can only suggest this tentatively.,29,72.24143981933594,2.491084098815918,91,91,119,120,-0.011683035174364406
v4-access_code-041,v4-access_code-041--A--answer-B--neutral,test,access_code,T4,A,B,neutral,incorrect,contradicted,Find the code for access to Avelune Vault 041 in this registry.,"This entry concerns fictional Avelune Vault 041. Values are assigned to distinct fields:
Value: 620080; field: access code.
Value: 620081; field: locker code.",620081 is the access code recorded for Avelune Vault 041.,21,39.71916961669922,1.891389012336731,91,91,111,112,0.12204984063771551
v4-access_code-041,v4-access_code-041--A--answer-B--confident,test,access_code,T4,A,B,confident,incorrect,contradicted,Find the code for access to Avelune Vault 041 in this registry.,"This entry concerns fictional Avelune Vault 041. Values are assigned to distinct fields:
Value: 620080; field: access code.
Value: 620081; field: locker code.",620081 is the access code recorded for Avelune Vault 041. I can state this with confidence.,28,65.519287109375,2.3399746417999268,91,91,118,119,0.14426872030134424
v4-access_code-041,v4-access_code-041--A--answer-B--hedged,test,access_code,T4,A,B,hedged,incorrect,contradicted,Find the code for access to Avelune Vault 041 in this registry.,"This entry concerns fictional Avelune Vault 041. Values are assigned to distinct fields:
Value: 620080; field: access code.
Value: 620081; field: locker code.",620081 is the access code recorded for Avelune Vault 041. I can only suggest this tentatively.,29,85.60954284667969,2.9520533084869385,91,91,119,120,-0.05484680382416368
v4-access_code-041,v4-access_code-041--B--answer-A--neutral,test,access_code,T4,B,A,neutral,incorrect,contradicted,Find the code for access to Avelune Vault 041 in this registry.,"This entry concerns fictional Avelune Vault 041. Values are assigned to distinct fields:
Value: 620080; field: locker code.
Value: 620081; field: access code.",620080 is the access code recorded for Avelune Vault 041.,21,36.49137878417969,1.737684726715088,91,91,111,112,0.11569615589023834
v4-access_code-041,v4-access_code-041--B--answer-A--confident,test,access_code,T4,B,A,confident,incorrect,contradicted,Find the code for access to Avelune Vault 041 in this registry.,"This entry concerns fictional Avelune Vault 041. Values are assigned to distinct fields:
Value: 620080; field: locker code.
Value: 620081; field: access code.",620080 is the access code recorded for Avelune Vault 041. I can state this with confidence.,28,62.221290588378906,2.222188949584961,91,91,118,119,0.14203375622999942
v4-access_code-041,v4-access_code-041--B--answer-A--hedged,test,access_code,T4,B,A,hedged,incorrect,contradicted,Find the code for access to Avelune Vault 041 in this registry.,"This entry concerns fictional Avelune Vault 041. Values are assigned to distinct fields:
Value: 620080; field: locker code.
Value: 620081; field: access code.",620080 is the access code recorded for Avelune Vault 041. I can only suggest this tentatively.,29,80.91336059570312,2.7901158332824707,91,91,119,120,-0.04975618395810809
v4-access_code-041,v4-access_code-041--B--answer-B--neutral,test,access_code,T4,B,B,neutral,correct,supported,Find the code for access to Avelune Vault 041 in this registry.,"This entry concerns fictional Avelune Vault 041. Values are assigned to distinct fields:
Value: 620080; field: locker code.
Value: 620081; field: access code.",620081 is the access code recorded for Avelune Vault 041.,21,27.860111236572266,1.3266719579696655,91,91,111,112,0.1385388497606364
v4-access_code-041,v4-access_code-041--B--answer-B--confident,test,access_code,T4,B,B,confident,correct,supported,Find the code for access to Avelune Vault 041 in this registry.,"This entry concerns fictional Avelune Vault 041. Values are assigned to distinct fields:
Value: 620080; field: locker code.
Value: 620081; field: access code.",620081 is the access code recorded for Avelune Vault 041. I can state this with confidence.,28,53.837249755859375,1.922758936882019,91,91,118,119,0.16595958155260454
v4-access_code-041,v4-access_code-041--B--answer-B--hedged,test,access_code,T4,B,B,hedged,correct,supported,Find the code for access to Avelune Vault 041 in this registry.,"This entry concerns fictional Avelune Vault 041. Values are assigned to distinct fields:
Value: 620080; field: locker code.
Value: 620081; field: access code.",620081 is the access code recorded for Avelune Vault 041. I can only suggest this tentatively.,29,72.9849853515625,2.5167236328125,91,91,119,120,-0.03392360757534055
v4-access_code-041,v4-access_code-041--omitted--answer-A--neutral,test,access_code,T4,omitted,A,neutral,,absent,Find the code for access to Avelune Vault 041 in this registry.,"This entry concerns fictional Avelune Vault 041. Values are assigned to distinct fields:
Value: 620080; field: parcel code.
Value: 620081; field: ticket code.",620080 is the access code recorded for Avelune Vault 041.,21,32.88848114013672,1.5661181211471558,91,91,111,112,0.24627268929715956
v4-access_code-041,v4-access_code-041--omitted--answer-A--confident,test,access_code,T4,omitted,A,confident,,absent,Find the code for access to Avelune Vault 041 in this registry.,"This entry concerns fictional Avelune Vault 041. Values are assigned to distinct fields:
Value: 620080; field: parcel code.
Value: 620081; field: ticket code.",620080 is the access code recorded for Avelune Vault 041. I can state this with confidence.,28,57.070579528808594,2.0382349491119385,91,91,118,119,0.25207810606628717
v4-access_code-041,v4-access_code-041--omitted--answer-A--hedged,test,access_code,T4,omitted,A,hedged,,absent,Find the code for access to Avelune Vault 041 in this registry.,"This entry concerns fictional Avelune Vault 041. Values are assigned to distinct fields:
Value: 620080; field: parcel code.
Value: 620081; field: ticket code.",620080 is the access code recorded for Avelune Vault 041. I can only suggest this tentatively.,29,75.53568267822266,2.6046786308288574,91,91,119,120,0.04850884289445012
v4-access_code-041,v4-access_code-041--omitted--answer-B--neutral,test,access_code,T4,omitted,B,neutral,,absent,Find the code for access to Avelune Vault 041 in this registry.,"This entry concerns fictional Avelune Vault 041. Values are assigned to distinct fields:
Value: 620080; field: parcel code.
Value: 620081; field: ticket code.",620081 is the access code recorded for Avelune Vault 041.,21,35.92996597290039,1.7109507322311401,91,91,111,112,0.2297661421699817
v4-access_code-041,v4-access_code-041--omitted--answer-B--confident,test,access_code,T4,omitted,B,confident,,absent,Find the code for access to Avelune Vault 041 in this registry.,"This entry concerns fictional Avelune Vault 041. Values are assigned to distinct fields:
Value: 620080; field: parcel code.
Value: 620081; field: ticket code.",620081 is the access code recorded for Avelune Vault 041. I can state this with confidence.,28,60.34988021850586,2.155352830886841,91,91,118,119,0.24486574964942204
v4-access_code-041,v4-access_code-041--omitted--answer-B--hedged,test,access_code,T4,omitted,B,hedged,,absent,Find the code for access to Avelune Vault 041 in this registry.,"This entry concerns fictional Avelune Vault 041. Values are assigned to distinct fields:
Value: 620080; field: parcel code.
Value: 620081; field: ticket code.",620081 is the access code recorded for Avelune Vault 041. I can only suggest this tentatively.,29,79.55921936035156,2.7434213161468506,91,91,119,120,0.036520803765467263
v4-access_code-042,v4-access_code-042--A--answer-A--neutral,test,access_code,T4,A,A,neutral,correct,supported,Find the code for access to Avelune Vault 042 in this registry.,"This entry concerns fictional Avelune Vault 042. Values are assigned to distinct fields:
Value: 620083; field: locker code.
Value: 620082; field: access code.",620082 is the access code recorded for Avelune Vault 042.,21,28.805578231811523,1.3716942071914673,91,91,111,112,0.09365148703590694
v4-access_code-042,v4-access_code-042--A--answer-A--confident,test,access_code,T4,A,A,confident,correct,supported,Find the code for access to Avelune Vault 042 in this registry.,"This entry concerns fictional Avelune Vault 042. Values are assigned to distinct fields:
Value: 620083; field: locker code.
Value: 620082; field: access code.",620082 is the access code recorded for Avelune Vault 042. I can state this with confidence.,28,55.01612854003906,1.9648617506027222,91,91,118,119,0.12684957722393475
v4-access_code-042,v4-access_code-042--A--answer-A--hedged,test,access_code,T4,A,A,hedged,correct,supported,Find the code for access to Avelune Vault 042 in this registry.,"This entry concerns fictional Avelune Vault 042. Values are assigned to distinct fields:
Value: 620083; field: locker code.
Value: 620082; field: access code.",620082 is the access code recorded for Avelune Vault 042. I can only suggest this tentatively.,29,73.61070251464844,2.538300037384033,91,91,119,120,-0.07150033905070721
v4-access_code-042,v4-access_code-042--A--answer-B--neutral,test,access_code,T4,A,B,neutral,incorrect,contradicted,Find the code for access to Avelune Vault 042 in this registry.,"This entry concerns fictional Avelune Vault 042. Values are assigned to distinct fields:
Value: 620083; field: locker code.
Value: 620082; field: access code.",620083 is the access code recorded for Avelune Vault 042.,21,33.286834716796875,1.5850874185562134,91,91,111,112,0.1124137115190094
v4-access_code-042,v4-access_code-042--A--answer-B--confident,test,access_code,T4,A,B,confident,incorrect,contradicted,Find the code for access to Avelune Vault 042 in this registry.,"This entry concerns fictional Avelune Vault 042. Values are assigned to distinct fields:
Value: 620083; field: locker code.
Value: 620082; field: access code.",620083 is the access code recorded for Avelune Vault 042. I can state this with confidence.,28,58.87354278564453,2.1026265621185303,91,91,118,119,0.13927033056014002
v4-access_code-042,v4-access_code-042--A--answer-B--hedged,test,access_code,T4,A,B,hedged,incorrect,contradicted,Find the code for access to Avelune Vault 042 in this registry.,"This entry concerns fictional Avelune Vault 042. Values are assigned to distinct fields:
Value: 620083; field: locker code.
Value: 620082; field: access code.",620083 is the access code recorded for Avelune Vault 042. I can only suggest this tentatively.,29,77.82504272460938,2.683622121810913,91,91,119,120,-0.05163301601530304
v4-access_code-042,v4-access_code-042--B--answer-A--neutral,test,access_code,T4,B,A,neutral,incorrect,contradicted,Find the code for access to Avelune Vault 042 in this registry.,"This entry concerns fictional Avelune Vault 042. Values are assigned to distinct fields:
Value: 620083; field: access code.
Value: 620082; field: locker code.",620082 is the access code recorded for Avelune Vault 042.,21,41.48631286621094,1.975538730621338,91,91,111,112,0.09135038144601734
v4-access_code-042,v4-access_code-042--B--answer-A--confident,test,access_code,T4,B,A,confident,incorrect,contradicted,Find the code for access to Avelune Vault 042 in this registry.,"This entry concerns fictional Avelune Vault 042. Values are assigned to distinct fields:
Value: 620083; field: access code.
Value: 620082; field: locker code.",620082 is the access code recorded for Avelune Vault 042. I can state this with confidence.,28,67.29595947265625,2.4034271240234375,91,91,118,119,0.12155394692587657
v4-access_code-042,v4-access_code-042--B--answer-A--hedged,test,access_code,T4,B,A,hedged,incorrect,contradicted,Find the code for access to Avelune Vault 042 in this registry.,"This entry concerns fictional Avelune Vault 042. Values are assigned to distinct fields:
Value: 620083; field: access code.
Value: 620082; field: locker code.",620082 is the access code recorded for Avelune Vault 042. I can only suggest this tentatively.,29,86.52117919921875,2.9834890365600586,91,91,119,120,-0.07677832440250185
v4-access_code-042,v4-access_code-042--B--answer-B--neutral,test,access_code,T4,B,B,neutral,correct,supported,Find the code for access to Avelune Vault 042 in this registry.,"This entry concerns fictional Avelune Vault 042. Values are assigned to distinct fields:
Value: 620083; field: access code.
Value: 620082; field: locker code.",620083 is the access code recorded for Avelune Vault 042.,21,27.169456481933594,1.2937836647033691,91,91,111,112,0.15761079963022195
v4-access_code-042,v4-access_code-042--B--answer-B--confident,test,access_code,T4,B,B,confident,correct,supported,Find the code for access to Avelune Vault 042 in this registry.,"This entry concerns fictional Avelune Vault 042. Values are assigned to distinct fields:
Value: 620083; field: access code.
Value: 620082; field: locker code.",620083 is the access code recorded for Avelune Vault 042. I can state this with confidence.,28,53.13124465942383,1.897544503211975,91,91,118,119,0.17065032756350199
v4-access_code-042,v4-access_code-042--B--answer-B--hedged,test,access_code,T4,B,B,hedged,correct,supported,Find the code for access to Avelune Vault 042 in this registry.,"This entry concerns fictional Avelune Vault 042. Values are assigned to distinct fields:
Value: 620083; field: access code.
Value: 620082; field: locker code.",620083 is the access code recorded for Avelune Vault 042. I can only suggest this tentatively.,29,72.42156219482422,2.4972951412200928,91,91,119,120,-0.0233672006917673
v4-access_code-042,v4-access_code-042--omitted--answer-A--neutral,test,access_code,T4,omitted,A,neutral,,absent,Find the code for access to Avelune Vault 042 in this registry.,"This entry concerns fictional Avelune Vault 042. Values are assigned to distinct fields:
Value: 620083; field: ticket code.
Value: 620082; field: parcel code.",620082 is the access code recorded for Avelune Vault 042.,21,36.08665466308594,1.718412160873413,91,91,111,112,0.19978450157005165
v4-access_code-042,v4-access_code-042--omitted--answer-A--confident,test,access_code,T4,omitted,A,confident,,absent,Find the code for access to Avelune Vault 042 in this registry.,"This entry concerns fictional Avelune Vault 042. Values are assigned to distinct fields:
Value: 620083; field: ticket code.
Value: 620082; field: parcel code.",620082 is the access code recorded for Avelune Vault 042. I can state this with confidence.,28,60.23161315917969,2.1511290073394775,91,91,118,119,0.21201759725586794
v4-access_code-042,v4-access_code-042--omitted--answer-A--hedged,test,access_code,T4,omitted,A,hedged,,absent,Find the code for access to Avelune Vault 042 in this registry.,"This entry concerns fictional Avelune Vault 042. Values are assigned to distinct fields:
Value: 620083; field: ticket code.
Value: 620082; field: parcel code.",620082 is the access code recorded for Avelune Vault 042. I can only suggest this tentatively.,29,78.28723907470703,2.6995599269866943,91,91,119,120,0.009549657456728977
v4-access_code-042,v4-access_code-042--omitted--answer-B--neutral,test,access_code,T4,omitted,B,neutral,,absent,Find the code for access to Avelune Vault 042 in this registry.,"This entry concerns fictional Avelune Vault 042. Values are assigned to distinct fields:
Value: 620083; field: ticket code.
Value: 620082; field: parcel code.",620083 is the access code recorded for Avelune Vault 042.,21,32.09458923339844,1.5283137559890747,91,91,111,112,0.21457241888913384
v4-access_code-042,v4-access_code-042--omitted--answer-B--confident,test,access_code,T4,omitted,B,confident,,absent,Find the code for access to Avelune Vault 042 in this registry.,"This entry concerns fictional Avelune Vault 042. Values are assigned to distinct fields:
Value: 620083; field: ticket code.
Value: 620082; field: parcel code.",620083 is the access code recorded for Avelune Vault 042. I can state this with confidence.,28,55.97674560546875,1.9991694688796997,91,91,118,119,0.2198630607795672
v4-access_code-042,v4-access_code-042--omitted--answer-B--hedged,test,access_code,T4,omitted,B,hedged,,absent,Find the code for access to Avelune Vault 042 in this registry.,"This entry concerns fictional Avelune Vault 042. Values are assigned to distinct fields:
Value: 620083; field: ticket code.
Value: 620082; field: parcel code.",620083 is the access code recorded for Avelune Vault 042. I can only suggest this tentatively.,29,74.17002868652344,2.557587146759033,91,91,119,120,0.022868193675987428
v4-room_assignment-001,v4-room_assignment-001--A--answer-A--neutral,train,room_assignment,T1,A,A,neutral,correct,supported,Which seminar room is assigned to Avelune Academy 001?,"Fictional registry for Avelune Academy 001. Values and assigned fields:
Suite 7100 | seminar room
Suite 7101 | storage room",The seminar room for Avelune Academy 001 is Suite 7100.,20,8.035438537597656,0.4017719328403473,76,76,95,96,0.1544067183171286
v4-room_assignment-001,v4-room_assignment-001--A--answer-B--neutral,train,room_assignment,T1,A,B,neutral,incorrect,contradicted,Which seminar room is assigned to Avelune Academy 001?,"Fictional registry for Avelune Academy 001. Values and assigned fields:
Suite 7100 | seminar room
Suite 7101 | storage room",The seminar room for Avelune Academy 001 is Suite 7101.,20,19.410457611083984,0.9705228805541992,76,76,95,96,0.18246306196487722
v4-room_assignment-001,v4-room_assignment-001--B--answer-A--neutral,train,room_assignment,T1,B,A,neutral,incorrect,contradicted,Which seminar room is assigned to Avelune Academy 001?,"Fictional registry for Avelune Academy 001. Values and assigned fields:
Suite 7100 | storage room
Suite 7101 | seminar room",The seminar room for Avelune Academy 001 is Suite 7100.,20,17.499561309814453,0.8749780654907227,76,76,95,96,0.1275261792155633
v4-room_assignment-001,v4-room_assignment-001--B--answer-B--neutral,train,room_assignment,T1,B,B,neutral,correct,supported,Which seminar room is assigned to Avelune Academy 001?,"Fictional registry for Avelune Academy 001. Values and assigned fields:
Suite 7100 | storage room
Suite 7101 | seminar room",The seminar room for Avelune Academy 001 is Suite 7101.,20,9.496355056762695,0.47481775283813477,76,76,95,96,0.19743024479074683
v4-room_assignment-001,v4-room_assignment-001--omitted--answer-A--neutral,train,room_assignment,T1,omitted,A,neutral,,absent,Which seminar room is assigned to Avelune Academy 001?,"Fictional registry for Avelune Academy 001. Values and assigned fields:
Suite 7100 | meeting room
Suite 7101 | reading room",The seminar room for Avelune Academy 001 is Suite 7100.,20,10.426759719848633,0.5213379859924316,76,76,95,96,0.05162619353475005
v4-room_assignment-001,v4-room_assignment-001--omitted--answer-B--neutral,train,room_assignment,T1,omitted,B,neutral,,absent,Which seminar room is assigned to Avelune Academy 001?,"Fictional registry for Avelune Academy 001. Values and assigned fields:
Suite 7100 | meeting room
Suite 7101 | reading room",The seminar room for Avelune Academy 001 is Suite 7101.,20,18.357332229614258,0.917866587638855,76,76,95,96,0.09160932141172826
v4-room_assignment-002,v4-room_assignment-002--A--answer-A--neutral,train,room_assignment,T1,A,A,neutral,correct,supported,Which seminar room is assigned to Avelune Academy 002?,"Fictional registry for Avelune Academy 002. Values and assigned fields:
Suite 7103 | storage room
Suite 7102 | seminar room",The seminar room for Avelune Academy 002 is Suite 7102.,20,9.507282257080078,0.4753641188144684,76,76,95,96,0.15807879299641664
v4-room_assignment-002,v4-room_assignment-002--A--answer-B--neutral,train,room_assignment,T1,A,B,neutral,incorrect,contradicted,Which seminar room is assigned to Avelune Academy 002?,"Fictional registry for Avelune Academy 002. Values and assigned fields:
Suite 7103 | storage room
Suite 7102 | seminar room",The seminar room for Avelune Academy 002 is Suite 7103.,20,16.383636474609375,0.8191817998886108,76,76,95,96,0.15897037207258718
v4-room_assignment-002,v4-room_assignment-002--B--answer-A--neutral,train,room_assignment,T1,B,A,neutral,incorrect,contradicted,Which seminar room is assigned to Avelune Academy 002?,"Fictional registry for Avelune Academy 002. Values and assigned fields:
Suite 7103 | seminar room
Suite 7102 | storage room",The seminar room for Avelune Academy 002 is Suite 7102.,20,19.095134735107422,0.9547567367553711,76,76,95,96,0.13554210604336836
v4-room_assignment-002,v4-room_assignment-002--B--answer-B--neutral,train,room_assignment,T1,B,B,neutral,correct,supported,Which seminar room is assigned to Avelune Academy 002?,"Fictional registry for Avelune Academy 002. Values and assigned fields:
Suite 7103 | seminar room
Suite 7102 | storage room",The seminar room for Avelune Academy 002 is Suite 7103.,20,7.844831466674805,0.39224156737327576,76,76,95,96,0.18176995177933045
v4-room_assignment-002,v4-room_assignment-002--omitted--answer-A--neutral,train,room_assignment,T1,omitted,A,neutral,,absent,Which seminar room is assigned to Avelune Academy 002?,"Fictional registry for Avelune Academy 002. Values and assigned fields:
Suite 7103 | reading room
Suite 7102 | meeting room",The seminar room for Avelune Academy 002 is Suite 7102.,20,12.275432586669922,0.6137716174125671,76,76,95,96,0.07472671283147021
v4-room_assignment-002,v4-room_assignment-002--omitted--answer-B--neutral,train,room_assignment,T1,omitted,B,neutral,,absent,Which seminar room is assigned to Avelune Academy 002?,"Fictional registry for Avelune Academy 002. Values and assigned fields:
Suite 7103 | reading room
Suite 7102 | meeting room",The seminar room for Avelune Academy 002 is Suite 7103.,20,10.964366912841797,0.5482183694839478,76,76,95,96,0.10705312873398842
v4-room_assignment-003,v4-room_assignment-003--A--answer-A--neutral,train,room_assignment,T1,A,A,neutral,correct,supported,Which seminar room is assigned to Avelune Academy 003?,"Fictional registry for Avelune Academy 003. Values and assigned fields:
Suite 7104 | seminar room
Suite 7105 | storage room",The seminar room for Avelune Academy 003 is Suite 7104.,20,8.012731552124023,0.40063658356666565,76,76,95,96,0.17452800906779026
v4-room_assignment-003,v4-room_assignment-003--A--answer-B--neutral,train,room_assignment,T1,A,B,neutral,incorrect,contradicted,Which seminar room is assigned to Avelune Academy 003?,"Fictional registry for Avelune Academy 003. Values and assigned fields:
Suite 7104 | seminar room
Suite 7105 | storage room",The seminar room for Avelune Academy 003 is Suite 7105.,20,19.763225555419922,0.9881612658500671,76,76,95,96,0.14989987393668502
v4-room_assignment-003,v4-room_assignment-003--B--answer-A--neutral,train,room_assignment,T1,B,A,neutral,incorrect,contradicted,Which seminar room is assigned to Avelune Academy 003?,"Fictional registry for Avelune Academy 003. Values and assigned fields:
Suite 7104 | storage room
Suite 7105 | seminar room",The seminar room for Avelune Academy 003 is Suite 7104.,20,18.322860717773438,0.9161430597305298,76,76,95,96,0.13897365947062895
v4-room_assignment-003,v4-room_assignment-003--B--answer-B--neutral,train,room_assignment,T1,B,B,neutral,correct,supported,Which seminar room is assigned to Avelune Academy 003?,"Fictional registry for Avelune Academy 003. Values and assigned fields:
Suite 7104 | storage room
Suite 7105 | seminar room",The seminar room for Avelune Academy 003 is Suite 7105.,20,9.694013595581055,0.48470067977905273,76,76,95,96,0.16970292839930715
v4-room_assignment-003,v4-room_assignment-003--omitted--answer-A--neutral,train,room_assignment,T1,omitted,A,neutral,,absent,Which seminar room is assigned to Avelune Academy 003?,"Fictional registry for Avelune Academy 003. Values and assigned fields:
Suite 7104 | meeting room
Suite 7105 | reading room",The seminar room for Avelune Academy 003 is Suite 7104.,20,10.616151809692383,0.530807614326477,76,76,95,96,0.09239573552420366
v4-room_assignment-003,v4-room_assignment-003--omitted--answer-B--neutral,train,room_assignment,T1,omitted,B,neutral,,absent,Which seminar room is assigned to Avelune Academy 003?,"Fictional registry for Avelune Academy 003. Values and assigned fields:
Suite 7104 | meeting room
Suite 7105 | reading room",The seminar room for Avelune Academy 003 is Suite 7105.,20,18.674041748046875,0.9337021112442017,76,76,95,96,0.0832697254563805
v4-room_assignment-004,v4-room_assignment-004--A--answer-A--neutral,train,room_assignment,T1,A,A,neutral,correct,supported,Which seminar room is assigned to Avelune Academy 004?,"Fictional registry for Avelune Academy 004. Values and assigned fields:
Suite 7107 | storage room
Suite 7106 | seminar room",The seminar room for Avelune Academy 004 is Suite 7106.,20,9.158838272094727,0.4579419195652008,76,76,95,96,0.17519387417162055
v4-room_assignment-004,v4-room_assignment-004--A--answer-B--neutral,train,room_assignment,T1,A,B,neutral,incorrect,contradicted,Which seminar room is assigned to Avelune Academy 004?,"Fictional registry for Avelune Academy 004. Values and assigned fields:
Suite 7107 | storage room
Suite 7106 | seminar room",The seminar room for Avelune Academy 004 is Suite 7107.,20,17.035202026367188,0.8517600893974304,76,76,95,96,0.19611150006627667
v4-room_assignment-004,v4-room_assignment-004--B--answer-A--neutral,train,room_assignment,T1,B,A,neutral,incorrect,contradicted,Which seminar room is assigned to Avelune Academy 004?,"Fictional registry for Avelune Academy 004. Values and assigned fields:
Suite 7107 | seminar room
Suite 7106 | storage room",The seminar room for Avelune Academy 004 is Suite 7106.,20,19.009462356567383,0.9504731297492981,76,76,95,96,0.15610869471638894
v4-room_assignment-004,v4-room_assignment-004--B--answer-B--neutral,train,room_assignment,T1,B,B,neutral,correct,supported,Which seminar room is assigned to Avelune Academy 004?,"Fictional registry for Avelune Academy 004. Values and assigned fields:
Suite 7107 | seminar room
Suite 7106 | storage room",The seminar room for Avelune Academy 004 is Suite 7107.,20,7.758358001708984,0.3879179060459137,76,76,95,96,0.22160813745560007
v4-room_assignment-004,v4-room_assignment-004--omitted--answer-A--neutral,train,room_assignment,T1,omitted,A,neutral,,absent,Which seminar room is assigned to Avelune Academy 004?,"Fictional registry for Avelune Academy 004. Values and assigned fields:
Suite 7107 | reading room
Suite 7106 | meeting room",The seminar room for Avelune Academy 004 is Suite 7106.,20,10.991678237915039,0.549583911895752,76,76,95,96,0.10037554808429455
v4-room_assignment-004,v4-room_assignment-004--omitted--answer-B--neutral,train,room_assignment,T1,omitted,B,neutral,,absent,Which seminar room is assigned to Avelune Academy 004?,"Fictional registry for Avelune Academy 004. Values and assigned fields:
Suite 7107 | reading room
Suite 7106 | meeting room",The seminar room for Avelune Academy 004 is Suite 7107.,20,11.478059768676758,0.57390296459198,76,76,95,96,0.14526817956770993
v4-room_assignment-005,v4-room_assignment-005--A--answer-A--neutral,train,room_assignment,T1,A,A,neutral,correct,supported,Which seminar room is assigned to Avelune Academy 005?,"Fictional registry for Avelune Academy 005. Values and assigned fields:
Suite 7108 | seminar room
Suite 7109 | storage room",The seminar room for Avelune Academy 005 is Suite 7108.,20,8.5836181640625,0.42918092012405396,76,76,95,96,0.16636513277414497
v4-room_assignment-005,v4-room_assignment-005--A--answer-B--neutral,train,room_assignment,T1,A,B,neutral,incorrect,contradicted,Which seminar room is assigned to Avelune Academy 005?,"Fictional registry for Avelune Academy 005. Values and assigned fields:
Suite 7108 | seminar room
Suite 7109 | storage room",The seminar room for Avelune Academy 005 is Suite 7109.,20,16.834138870239258,0.8417069315910339,76,76,95,96,0.16957986840764558
v4-room_assignment-005,v4-room_assignment-005--B--answer-A--neutral,train,room_assignment,T1,B,A,neutral,incorrect,contradicted,Which seminar room is assigned to Avelune Academy 005?,"Fictional registry for Avelune Academy 005. Values and assigned fields:
Suite 7108 | storage room
Suite 7109 | seminar room",The seminar room for Avelune Academy 005 is Suite 7108.,20,19.441211700439453,0.9720605611801147,76,76,95,96,0.1531649831336349
v4-room_assignment-005,v4-room_assignment-005--B--answer-B--neutral,train,room_assignment,T1,B,B,neutral,correct,supported,Which seminar room is assigned to Avelune Academy 005?,"Fictional registry for Avelune Academy 005. Values and assigned fields:
Suite 7108 | storage room
Suite 7109 | seminar room",The seminar room for Avelune Academy 005 is Suite 7109.,20,9.812606811523438,0.4906303286552429,76,76,95,96,0.20098569570473546
v4-room_assignment-005,v4-room_assignment-005--omitted--answer-A--neutral,train,room_assignment,T1,omitted,A,neutral,,absent,Which seminar room is assigned to Avelune Academy 005?,"Fictional registry for Avelune Academy 005. Values and assigned fields:
Suite 7108 | meeting room
Suite 7109 | reading room",The seminar room for Avelune Academy 005 is Suite 7108.,20,10.330842971801758,0.5165421366691589,76,76,95,96,0.09543551464623327
v4-room_assignment-005,v4-room_assignment-005--omitted--answer-B--neutral,train,room_assignment,T1,omitted,B,neutral,,absent,Which seminar room is assigned to Avelune Academy 005?,"Fictional registry for Avelune Academy 005. Values and assigned fields:
Suite 7108 | meeting room
Suite 7109 | reading room",The seminar room for Avelune Academy 005 is Suite 7109.,20,16.24141502380371,0.8120707273483276,76,76,95,96,0.10705870349305893
v4-room_assignment-006,v4-room_assignment-006--A--answer-A--neutral,train,room_assignment,T1,A,A,neutral,correct,supported,Which seminar room is assigned to Avelune Academy 006?,"Fictional registry for Avelune Academy 006. Values and assigned fields:
Suite 7111 | storage room
Suite 7110 | seminar room",The seminar room for Avelune Academy 006 is Suite 7110.,20,9.107721328735352,0.45538607239723206,76,76,95,96,0.17835841220411253
v4-room_assignment-006,v4-room_assignment-006--A--answer-B--neutral,train,room_assignment,T1,A,B,neutral,incorrect,contradicted,Which seminar room is assigned to Avelune Academy 006?,"Fictional registry for Avelune Academy 006. Values and assigned fields:
Suite 7111 | storage room
Suite 7110 | seminar room",The seminar room for Avelune Academy 006 is Suite 7111.,20,14.108819961547852,0.7054409980773926,76,76,95,96,0.18831109192295187
v4-room_assignment-006,v4-room_assignment-006--B--answer-A--neutral,train,room_assignment,T1,B,A,neutral,incorrect,contradicted,Which seminar room is assigned to Avelune Academy 006?,"Fictional registry for Avelune Academy 006. Values and assigned fields:
Suite 7111 | seminar room
Suite 7110 | storage room",The seminar room for Avelune Academy 006 is Suite 7110.,20,21.695846557617188,1.0847923755645752,76,76,95,96,0.1595525505592507
v4-room_assignment-006,v4-room_assignment-006--B--answer-B--neutral,train,room_assignment,T1,B,B,neutral,correct,supported,Which seminar room is assigned to Avelune Academy 006?,"Fictional registry for Avelune Academy 006. Values and assigned fields:
Suite 7111 | seminar room
Suite 7110 | storage room",The seminar room for Avelune Academy 006 is Suite 7111.,20,8.320398330688477,0.41601991653442383,76,76,95,96,0.21234681512726652
v4-room_assignment-006,v4-room_assignment-006--omitted--answer-A--neutral,train,room_assignment,T1,omitted,A,neutral,,absent,Which seminar room is assigned to Avelune Academy 006?,"Fictional registry for Avelune Academy 006. Values and assigned fields:
Suite 7111 | reading room
Suite 7110 | meeting room",The seminar room for Avelune Academy 006 is Suite 7110.,20,11.214128494262695,0.5607064366340637,76,76,95,96,0.10230297385486069
v4-room_assignment-006,v4-room_assignment-006--omitted--answer-B--neutral,train,room_assignment,T1,omitted,B,neutral,,absent,Which seminar room is assigned to Avelune Academy 006?,"Fictional registry for Avelune Academy 006. Values and assigned fields:
Suite 7111 | reading room
Suite 7110 | meeting room",The seminar room for Avelune Academy 006 is Suite 7111.,20,11.132001876831055,0.5566000938415527,76,76,95,96,0.1391978894693116
v4-room_assignment-007,v4-room_assignment-007--A--answer-A--neutral,train,room_assignment,T1,A,A,neutral,correct,supported,Which seminar room is assigned to Avelune Academy 007?,"Fictional registry for Avelune Academy 007. Values and assigned fields:
Suite 7112 | seminar room
Suite 7113 | storage room",The seminar room for Avelune Academy 007 is Suite 7112.,20,8.458457946777344,0.42292290925979614,76,76,95,96,0.11867281475742239
v4-room_assignment-007,v4-room_assignment-007--A--answer-B--neutral,train,room_assignment,T1,A,B,neutral,incorrect,contradicted,Which seminar room is assigned to Avelune Academy 007?,"Fictional registry for Avelune Academy 007. Values and assigned fields:
Suite 7112 | seminar room
Suite 7113 | storage room",The seminar room for Avelune Academy 007 is Suite 7113.,20,20.583721160888672,1.0291860103607178,76,76,95,96,0.06446717864748433
v4-room_assignment-007,v4-room_assignment-007--B--answer-A--neutral,train,room_assignment,T1,B,A,neutral,incorrect,contradicted,Which seminar room is assigned to Avelune Academy 007?,"Fictional registry for Avelune Academy 007. Values and assigned fields:
Suite 7112 | storage room
Suite 7113 | seminar room",The seminar room for Avelune Academy 007 is Suite 7112.,20,17.892929077148438,0.8946464657783508,76,76,95,96,0.10205136055417995
v4-room_assignment-007,v4-room_assignment-007--B--answer-B--neutral,train,room_assignment,T1,B,B,neutral,correct,supported,Which seminar room is assigned to Avelune Academy 007?,"Fictional registry for Avelune Academy 007. Values and assigned fields:
Suite 7112 | storage room
Suite 7113 | seminar room",The seminar room for Avelune Academy 007 is Suite 7113.,20,9.516401290893555,0.47582006454467773,76,76,95,96,0.09972924028696444
v4-room_assignment-007,v4-room_assignment-007--omitted--answer-A--neutral,train,room_assignment,T1,omitted,A,neutral,,absent,Which seminar room is assigned to Avelune Academy 007?,"Fictional registry for Avelune Academy 007. Values and assigned fields:
Suite 7112 | meeting room
Suite 7113 | reading room",The seminar room for Avelune Academy 007 is Suite 7112.,20,10.885026931762695,0.5442513227462769,76,76,95,96,0.05950559042091581
v4-room_assignment-007,v4-room_assignment-007--omitted--answer-B--neutral,train,room_assignment,T1,omitted,B,neutral,,absent,Which seminar room is assigned to Avelune Academy 007?,"Fictional registry for Avelune Academy 007. Values and assigned fields:
Suite 7112 | meeting room
Suite 7113 | reading room",The seminar room for Avelune Academy 007 is Suite 7113.,20,20.090993881225586,1.0045497417449951,76,76,95,96,0.014874442855198386
v4-room_assignment-008,v4-room_assignment-008--A--answer-A--neutral,train,room_assignment,T1,A,A,neutral,correct,supported,Which seminar room is assigned to Avelune Academy 008?,"Fictional registry for Avelune Academy 008. Values and assigned fields:
Suite 7115 | storage room
Suite 7114 | seminar room",The seminar room for Avelune Academy 008 is Suite 7114.,20,9.410676956176758,0.4705338478088379,76,76,95,96,0.21555700525086952
v4-room_assignment-008,v4-room_assignment-008--A--answer-B--neutral,train,room_assignment,T1,A,B,neutral,incorrect,contradicted,Which seminar room is assigned to Avelune Academy 008?,"Fictional registry for Avelune Academy 008. Values and assigned fields:
Suite 7115 | storage room
Suite 7114 | seminar room",The seminar room for Avelune Academy 008 is Suite 7115.,20,19.911880493164062,0.9955940246582031,76,76,95,96,0.21177906860824275
v4-room_assignment-008,v4-room_assignment-008--B--answer-A--neutral,train,room_assignment,T1,B,A,neutral,incorrect,contradicted,Which seminar room is assigned to Avelune Academy 008?,"Fictional registry for Avelune Academy 008. Values and assigned fields:
Suite 7115 | seminar room
Suite 7114 | storage room",The seminar room for Avelune Academy 008 is Suite 7114.,20,19.6603946685791,0.9830197095870972,76,76,95,96,0.18524497232542364
v4-room_assignment-008,v4-room_assignment-008--B--answer-B--neutral,train,room_assignment,T1,B,B,neutral,correct,supported,Which seminar room is assigned to Avelune Academy 008?,"Fictional registry for Avelune Academy 008. Values and assigned fields:
Suite 7115 | seminar room
Suite 7114 | storage room",The seminar room for Avelune Academy 008 is Suite 7115.,20,8.659639358520508,0.4329819679260254,76,76,95,96,0.24084181420473885
v4-room_assignment-008,v4-room_assignment-008--omitted--answer-A--neutral,train,room_assignment,T1,omitted,A,neutral,,absent,Which seminar room is assigned to Avelune Academy 008?,"Fictional registry for Avelune Academy 008. Values and assigned fields:
Suite 7115 | reading room
Suite 7114 | meeting room",The seminar room for Avelune Academy 008 is Suite 7114.,20,9.99924087524414,0.4999620318412781,76,76,95,96,0.13557337082892956
v4-room_assignment-008,v4-room_assignment-008--omitted--answer-B--neutral,train,room_assignment,T1,omitted,B,neutral,,absent,Which seminar room is assigned to Avelune Academy 008?,"Fictional registry for Avelune Academy 008. Values and assigned fields:
Suite 7115 | reading room
Suite 7114 | meeting room",The seminar room for Avelune Academy 008 is Suite 7115.,20,12.359420776367188,0.6179710626602173,76,76,95,96,0.17208014522817217
v4-room_assignment-009,v4-room_assignment-009--A--answer-A--neutral,train,room_assignment,T1,A,A,neutral,correct,supported,Which seminar room is assigned to Avelune Academy 009?,"Fictional registry for Avelune Academy 009. Values and assigned fields:
Suite 7116 | seminar room
Suite 7117 | storage room",The seminar room for Avelune Academy 009 is Suite 7116.,20,7.983652114868164,0.39918261766433716,76,76,95,96,0.25773724865485886
v4-room_assignment-009,v4-room_assignment-009--A--answer-B--neutral,train,room_assignment,T1,A,B,neutral,incorrect,contradicted,Which seminar room is assigned to Avelune Academy 009?,"Fictional registry for Avelune Academy 009. Values and assigned fields:
Suite 7116 | seminar room
Suite 7117 | storage room",The seminar room for Avelune Academy 009 is Suite 7117.,20,21.2338924407959,1.061694622039795,76,76,95,96,0.20622852931974694
v4-room_assignment-009,v4-room_assignment-009--B--answer-A--neutral,train,room_assignment,T1,B,A,neutral,incorrect,contradicted,Which seminar room is assigned to Avelune Academy 009?,"Fictional registry for Avelune Academy 009. Values and assigned fields:
Suite 7116 | storage room
Suite 7117 | seminar room",The seminar room for Avelune Academy 009 is Suite 7116.,20,18.294052124023438,0.9147025942802429,76,76,95,96,0.23276833088174176
v4-room_assignment-009,v4-room_assignment-009--B--answer-B--neutral,train,room_assignment,T1,B,B,neutral,correct,supported,Which seminar room is assigned to Avelune Academy 009?,"Fictional registry for Avelune Academy 009. Values and assigned fields:
Suite 7116 | storage room
Suite 7117 | seminar room",The seminar room for Avelune Academy 009 is Suite 7117.,20,9.292594909667969,0.46462973952293396,76,76,95,96,0.23979731015734995
v4-room_assignment-009,v4-room_assignment-009--omitted--answer-A--neutral,train,room_assignment,T1,omitted,A,neutral,,absent,Which seminar room is assigned to Avelune Academy 009?,"Fictional registry for Avelune Academy 009. Values and assigned fields:
Suite 7116 | meeting room
Suite 7117 | reading room",The seminar room for Avelune Academy 009 is Suite 7116.,20,10.422819137573242,0.5211409330368042,76,76,95,96,0.1832735462523808
v4-room_assignment-009,v4-room_assignment-009--omitted--answer-B--neutral,train,room_assignment,T1,omitted,B,neutral,,absent,Which seminar room is assigned to Avelune Academy 009?,"Fictional registry for Avelune Academy 009. Values and assigned fields:
Suite 7116 | meeting room
Suite 7117 | reading room",The seminar room for Avelune Academy 009 is Suite 7117.,20,19.525466918945312,0.9762733578681946,76,76,95,96,0.14284104879450044
v4-room_assignment-010,v4-room_assignment-010--A--answer-A--neutral,train,room_assignment,T1,A,A,neutral,correct,supported,Which seminar room is assigned to Avelune Academy 010?,"Fictional registry for Avelune Academy 010. Values and assigned fields:
Suite 7119 | storage room
Suite 7118 | seminar room",The seminar room for Avelune Academy 010 is Suite 7118.,20,9.269298553466797,0.4634649157524109,76,76,95,96,0.20827957206223235
v4-room_assignment-010,v4-room_assignment-010--A--answer-B--neutral,train,room_assignment,T1,A,B,neutral,incorrect,contradicted,Which seminar room is assigned to Avelune Academy 010?,"Fictional registry for Avelune Academy 010. Values and assigned fields:
Suite 7119 | storage room
Suite 7118 | seminar room",The seminar room for Avelune Academy 010 is Suite 7119.,20,13.395547866821289,0.6697773933410645,76,76,95,96,0.2392887657360716
v4-room_assignment-010,v4-room_assignment-010--B--answer-A--neutral,train,room_assignment,T1,B,A,neutral,incorrect,contradicted,Which seminar room is assigned to Avelune Academy 010?,"Fictional registry for Avelune Academy 010. Values and assigned fields:
Suite 7119 | seminar room
Suite 7118 | storage room",The seminar room for Avelune Academy 010 is Suite 7118.,20,20.62819480895996,1.031409740447998,76,76,95,96,0.17177263387739133
v4-room_assignment-010,v4-room_assignment-010--B--answer-B--neutral,train,room_assignment,T1,B,B,neutral,correct,supported,Which seminar room is assigned to Avelune Academy 010?,"Fictional registry for Avelune Academy 010. Values and assigned fields:
Suite 7119 | seminar room
Suite 7118 | storage room",The seminar room for Avelune Academy 010 is Suite 7119.,20,8.253189086914062,0.4126594662666321,76,76,95,96,0.2564508575447148
v4-room_assignment-010,v4-room_assignment-010--omitted--answer-A--neutral,train,room_assignment,T1,omitted,A,neutral,,absent,Which seminar room is assigned to Avelune Academy 010?,"Fictional registry for Avelune Academy 010. Values and assigned fields:
Suite 7119 | reading room
Suite 7118 | meeting room",The seminar room for Avelune Academy 010 is Suite 7118.,20,12.788188934326172,0.6394094228744507,76,76,95,96,0.1220795166745037
v4-room_assignment-010,v4-room_assignment-010--omitted--answer-B--neutral,train,room_assignment,T1,omitted,B,neutral,,absent,Which seminar room is assigned to Avelune Academy 010?,"Fictional registry for Avelune Academy 010. Values and assigned fields:
Suite 7119 | reading room
Suite 7118 | meeting room",The seminar room for Avelune Academy 010 is Suite 7119.,20,10.728208541870117,0.5364104509353638,76,76,95,96,0.18745206130814424
v4-room_assignment-011,v4-room_assignment-011--A--answer-A--neutral,train,room_assignment,T1,A,A,neutral,correct,supported,Which seminar room is assigned to Avelune Academy 011?,"Fictional registry for Avelune Academy 011. Values and assigned fields:
Suite 7120 | seminar room
Suite 7121 | storage room",The seminar room for Avelune Academy 011 is Suite 7120.,20,7.790904998779297,0.3895452618598938,76,76,95,96,0.17163178165228007
v4-room_assignment-011,v4-room_assignment-011--A--answer-B--neutral,train,room_assignment,T1,A,B,neutral,incorrect,contradicted,Which seminar room is assigned to Avelune Academy 011?,"Fictional registry for Avelune Academy 011. Values and assigned fields:
Suite 7120 | seminar room
Suite 7121 | storage room",The seminar room for Avelune Academy 011 is Suite 7121.,20,19.416305541992188,0.9708153009414673,76,76,95,96,0.1673017377275075
v4-room_assignment-011,v4-room_assignment-011--B--answer-A--neutral,train,room_assignment,T1,B,A,neutral,incorrect,contradicted,Which seminar room is assigned to Avelune Academy 011?,"Fictional registry for Avelune Academy 011. Values and assigned fields:
Suite 7120 | storage room
Suite 7121 | seminar room",The seminar room for Avelune Academy 011 is Suite 7120.,20,17.869564056396484,0.8934782147407532,76,76,95,96,0.15530422135195832
v4-room_assignment-011,v4-room_assignment-011--B--answer-B--neutral,train,room_assignment,T1,B,B,neutral,correct,supported,Which seminar room is assigned to Avelune Academy 011?,"Fictional registry for Avelune Academy 011. Values and assigned fields:
Suite 7120 | storage room
Suite 7121 | seminar room",The seminar room for Avelune Academy 011 is Suite 7121.,20,8.618576049804688,0.4309287965297699,76,76,95,96,0.18291181875554488
v4-room_assignment-011,v4-room_assignment-011--omitted--answer-A--neutral,train,room_assignment,T1,omitted,A,neutral,,absent,Which seminar room is assigned to Avelune Academy 011?,"Fictional registry for Avelune Academy 011. Values and assigned fields:
Suite 7120 | meeting room
Suite 7121 | reading room",The seminar room for Avelune Academy 011 is Suite 7120.,20,10.210411071777344,0.5105205774307251,76,76,95,96,0.11288927198780528
v4-room_assignment-011,v4-room_assignment-011--omitted--answer-B--neutral,train,room_assignment,T1,omitted,B,neutral,,absent,Which seminar room is assigned to Avelune Academy 011?,"Fictional registry for Avelune Academy 011. Values and assigned fields:
Suite 7120 | meeting room
Suite 7121 | reading room",The seminar room for Avelune Academy 011 is Suite 7121.,20,18.4100341796875,0.920501708984375,76,76,95,96,0.1183289345548684
v4-room_assignment-012,v4-room_assignment-012--A--answer-A--neutral,train,room_assignment,T1,A,A,neutral,correct,supported,Which seminar room is assigned to Avelune Academy 012?,"Fictional registry for Avelune Academy 012. Values and assigned fields:
Suite 7123 | storage room
Suite 7122 | seminar room",The seminar room for Avelune Academy 012 is Suite 7122.,20,8.670284271240234,0.43351420760154724,76,76,95,96,0.048901936416808234
v4-room_assignment-012,v4-room_assignment-012--A--answer-B--neutral,train,room_assignment,T1,A,B,neutral,incorrect,contradicted,Which seminar room is assigned to Avelune Academy 012?,"Fictional registry for Avelune Academy 012. Values and assigned fields:
Suite 7123 | storage room
Suite 7122 | seminar room",The seminar room for Avelune Academy 012 is Suite 7123.,20,15.922147750854492,0.7961074113845825,76,76,95,96,0.02918060580321856
v4-room_assignment-012,v4-room_assignment-012--B--answer-A--neutral,train,room_assignment,T1,B,A,neutral,incorrect,contradicted,Which seminar room is assigned to Avelune Academy 012?,"Fictional registry for Avelune Academy 012. Values and assigned fields:
Suite 7123 | seminar room
Suite 7122 | storage room",The seminar room for Avelune Academy 012 is Suite 7122.,20,18.89958381652832,0.944979190826416,76,76,95,96,0.03492718588638284
v4-room_assignment-012,v4-room_assignment-012--B--answer-B--neutral,train,room_assignment,T1,B,B,neutral,correct,supported,Which seminar room is assigned to Avelune Academy 012?,"Fictional registry for Avelune Academy 012. Values and assigned fields:
Suite 7123 | seminar room
Suite 7122 | storage room",The seminar room for Avelune Academy 012 is Suite 7123.,20,7.524995803833008,0.3762497901916504,76,76,95,96,0.05354502305884797
v4-room_assignment-012,v4-room_assignment-012--omitted--answer-A--neutral,train,room_assignment,T1,omitted,A,neutral,,absent,Which seminar room is assigned to Avelune Academy 012?,"Fictional registry for Avelune Academy 012. Values and assigned fields:
Suite 7123 | reading room
Suite 7122 | meeting room",The seminar room for Avelune Academy 012 is Suite 7122.,20,11.879926681518555,0.5939963459968567,76,76,95,96,-0.009796741917267905
v4-room_assignment-012,v4-room_assignment-012--omitted--answer-B--neutral,train,room_assignment,T1,omitted,B,neutral,,absent,Which seminar room is assigned to Avelune Academy 012?,"Fictional registry for Avelune Academy 012. Values and assigned fields:
Suite 7123 | reading room
Suite 7122 | meeting room",The seminar room for Avelune Academy 012 is Suite 7123.,20,10.75855827331543,0.5379279255867004,76,76,95,96,-0.002651859599545385
v4-room_assignment-013,v4-room_assignment-013--A--answer-A--neutral,train,room_assignment,T1,A,A,neutral,correct,supported,Which seminar room is assigned to Avelune Academy 013?,"Fictional registry for Avelune Academy 013. Values and assigned fields:
Suite 7124 | seminar room
Suite 7125 | storage room",The seminar room for Avelune Academy 013 is Suite 7124.,20,7.830440521240234,0.39152202010154724,76,76,95,96,0.18884400803110463
v4-room_assignment-013,v4-room_assignment-013--A--answer-B--neutral,train,room_assignment,T1,A,B,neutral,incorrect,contradicted,Which seminar room is assigned to Avelune Academy 013?,"Fictional registry for Avelune Academy 013. Values and assigned fields:
Suite 7124 | seminar room
Suite 7125 | storage room",The seminar room for Avelune Academy 013 is Suite 7125.,20,20.455503463745117,1.0227751731872559,76,76,95,96,0.16313110602156028
v4-room_assignment-013,v4-room_assignment-013--B--answer-A--neutral,train,room_assignment,T1,B,A,neutral,incorrect,contradicted,Which seminar room is assigned to Avelune Academy 013?,"Fictional registry for Avelune Academy 013. Values and assigned fields:
Suite 7124 | storage room
Suite 7125 | seminar room",The seminar room for Avelune Academy 013 is Suite 7124.,20,18.058635711669922,0.902931809425354,76,76,95,96,0.16994455676067086
v4-room_assignment-013,v4-room_assignment-013--B--answer-B--neutral,train,room_assignment,T1,B,B,neutral,correct,supported,Which seminar room is assigned to Avelune Academy 013?,"Fictional registry for Avelune Academy 013. Values and assigned fields:
Suite 7124 | storage room
Suite 7125 | seminar room",The seminar room for Avelune Academy 013 is Suite 7125.,20,9.05665397644043,0.4528326988220215,76,76,95,96,0.18307130240263392
v4-room_assignment-013,v4-room_assignment-013--omitted--answer-A--neutral,train,room_assignment,T1,omitted,A,neutral,,absent,Which seminar room is assigned to Avelune Academy 013?,"Fictional registry for Avelune Academy 013. Values and assigned fields:
Suite 7124 | meeting room
Suite 7125 | reading room",The seminar room for Avelune Academy 013 is Suite 7124.,20,9.980474472045898,0.4990237355232239,76,76,95,96,0.12753602131086844
v4-room_assignment-013,v4-room_assignment-013--omitted--answer-B--neutral,train,room_assignment,T1,omitted,B,neutral,,absent,Which seminar room is assigned to Avelune Academy 013?,"Fictional registry for Avelune Academy 013. Values and assigned fields:
Suite 7124 | meeting room
Suite 7125 | reading room",The seminar room for Avelune Academy 013 is Suite 7125.,20,19.37252426147461,0.9686262011528015,76,76,95,96,0.11500211542014878
v4-room_assignment-014,v4-room_assignment-014--A--answer-A--neutral,train,room_assignment,T1,A,A,neutral,correct,supported,Which seminar room is assigned to Avelune Academy 014?,"Fictional registry for Avelune Academy 014. Values and assigned fields:
Suite 7127 | storage room
Suite 7126 | seminar room",The seminar room for Avelune Academy 014 is Suite 7126.,20,8.710304260253906,0.43551522493362427,76,76,95,96,0.2233055729337312
v4-room_assignment-014,v4-room_assignment-014--A--answer-B--neutral,train,room_assignment,T1,A,B,neutral,incorrect,contradicted,Which seminar room is assigned to Avelune Academy 014?,"Fictional registry for Avelune Academy 014. Values and assigned fields:
Suite 7127 | storage room
Suite 7126 | seminar room",The seminar room for Avelune Academy 014 is Suite 7127.,20,17.836322784423828,0.8918161392211914,76,76,95,96,0.2120418526713124
v4-room_assignment-014,v4-room_assignment-014--B--answer-A--neutral,train,room_assignment,T1,B,A,neutral,incorrect,contradicted,Which seminar room is assigned to Avelune Academy 014?,"Fictional registry for Avelune Academy 014. Values and assigned fields:
Suite 7127 | seminar room
Suite 7126 | storage room",The seminar room for Avelune Academy 014 is Suite 7126.,20,19.365543365478516,0.9682771563529968,76,76,95,96,0.20789706738801078
v4-room_assignment-014,v4-room_assignment-014--B--answer-B--neutral,train,room_assignment,T1,B,B,neutral,correct,supported,Which seminar room is assigned to Avelune Academy 014?,"Fictional registry for Avelune Academy 014. Values and assigned fields:
Suite 7127 | seminar room
Suite 7126 | storage room",The seminar room for Avelune Academy 014 is Suite 7127.,20,7.989469528198242,0.39947348833084106,76,76,95,96,0.24810200820153444
v4-room_assignment-014,v4-room_assignment-014--omitted--answer-A--neutral,train,room_assignment,T1,omitted,A,neutral,,absent,Which seminar room is assigned to Avelune Academy 014?,"Fictional registry for Avelune Academy 014. Values and assigned fields:
Suite 7127 | reading room
Suite 7126 | meeting room",The seminar room for Avelune Academy 014 is Suite 7126.,20,11.055110931396484,0.5527555346488953,76,76,95,96,0.1623389134051169
v4-room_assignment-014,v4-room_assignment-014--omitted--answer-B--neutral,train,room_assignment,T1,omitted,B,neutral,,absent,Which seminar room is assigned to Avelune Academy 014?,"Fictional registry for Avelune Academy 014. Values and assigned fields:
Suite 7127 | reading room
Suite 7126 | meeting room",The seminar room for Avelune Academy 014 is Suite 7127.,20,11.361738204956055,0.5680869221687317,76,76,95,96,0.18796362709463527
v4-room_assignment-015,v4-room_assignment-015--A--answer-A--neutral,train,room_assignment,T1,A,A,neutral,correct,supported,Which seminar room is assigned to Avelune Academy 015?,"Fictional registry for Avelune Academy 015. Values and assigned fields:
Suite 7128 | seminar room
Suite 7129 | storage room",The seminar room for Avelune Academy 015 is Suite 7128.,20,6.739185333251953,0.33695927262306213,76,76,95,96,0.27729312565595693
v4-room_assignment-015,v4-room_assignment-015--A--answer-B--neutral,train,room_assignment,T1,A,B,neutral,incorrect,contradicted,Which seminar room is assigned to Avelune Academy 015?,"Fictional registry for Avelune Academy 015. Values and assigned fields:
Suite 7128 | seminar room
Suite 7129 | storage room",The seminar room for Avelune Academy 015 is Suite 7129.,20,15.865001678466797,0.7932500839233398,76,76,95,96,0.27214255732571496
v4-room_assignment-015,v4-room_assignment-015--B--answer-A--neutral,train,room_assignment,T1,B,A,neutral,incorrect,contradicted,Which seminar room is assigned to Avelune Academy 015?,"Fictional registry for Avelune Academy 015. Values and assigned fields:
Suite 7128 | storage room
Suite 7129 | seminar room",The seminar room for Avelune Academy 015 is Suite 7128.,20,17.96156883239746,0.898078441619873,76,76,95,96,0.2604733275135984
v4-room_assignment-015,v4-room_assignment-015--B--answer-B--neutral,train,room_assignment,T1,B,B,neutral,correct,supported,Which seminar room is assigned to Avelune Academy 015?,"Fictional registry for Avelune Academy 015. Values and assigned fields:
Suite 7128 | storage room
Suite 7129 | seminar room",The seminar room for Avelune Academy 015 is Suite 7129.,20,7.96165657043457,0.39808282256126404,76,76,95,96,0.29940470781772044
v4-room_assignment-015,v4-room_assignment-015--omitted--answer-A--neutral,train,room_assignment,T1,omitted,A,neutral,,absent,Which seminar room is assigned to Avelune Academy 015?,"Fictional registry for Avelune Academy 015. Values and assigned fields:
Suite 7128 | meeting room
Suite 7129 | reading room",The seminar room for Avelune Academy 015 is Suite 7128.,20,8.625804901123047,0.43129023909568787,76,76,95,96,0.21355794098993683
v4-room_assignment-015,v4-room_assignment-015--omitted--answer-B--neutral,train,room_assignment,T1,omitted,B,neutral,,absent,Which seminar room is assigned to Avelune Academy 015?,"Fictional registry for Avelune Academy 015. Values and assigned fields:
Suite 7128 | meeting room
Suite 7129 | reading room",The seminar room for Avelune Academy 015 is Suite 7129.,20,14.789941787719727,0.7394970655441284,76,76,95,96,0.2145838729863522
v4-room_assignment-016,v4-room_assignment-016--A--answer-A--neutral,train,room_assignment,T1,A,A,neutral,correct,supported,Which seminar room is assigned to Avelune Academy 016?,"Fictional registry for Avelune Academy 016. Values and assigned fields:
Suite 7131 | storage room
Suite 7130 | seminar room",The seminar room for Avelune Academy 016 is Suite 7130.,20,8.770540237426758,0.43852701783180237,76,76,95,96,0.2505081379370342
v4-room_assignment-016,v4-room_assignment-016--A--answer-B--neutral,train,room_assignment,T1,A,B,neutral,incorrect,contradicted,Which seminar room is assigned to Avelune Academy 016?,"Fictional registry for Avelune Academy 016. Values and assigned fields:
Suite 7131 | storage room
Suite 7130 | seminar room",The seminar room for Avelune Academy 016 is Suite 7131.,20,16.895559310913086,0.8447779417037964,76,76,95,96,0.2679786747381532
v4-room_assignment-016,v4-room_assignment-016--B--answer-A--neutral,train,room_assignment,T1,B,A,neutral,incorrect,contradicted,Which seminar room is assigned to Avelune Academy 016?,"Fictional registry for Avelune Academy 016. Values and assigned fields:
Suite 7131 | seminar room
Suite 7130 | storage room",The seminar room for Avelune Academy 016 is Suite 7130.,20,19.573925018310547,0.9786962270736694,76,76,95,96,0.21622290247070147
v4-room_assignment-016,v4-room_assignment-016--B--answer-B--neutral,train,room_assignment,T1,B,B,neutral,correct,supported,Which seminar room is assigned to Avelune Academy 016?,"Fictional registry for Avelune Academy 016. Values and assigned fields:
Suite 7131 | seminar room
Suite 7130 | storage room",The seminar room for Avelune Academy 016 is Suite 7131.,20,7.322458267211914,0.36612290143966675,76,76,95,96,0.28868116606455296
v4-room_assignment-016,v4-room_assignment-016--omitted--answer-A--neutral,train,room_assignment,T1,omitted,A,neutral,,absent,Which seminar room is assigned to Avelune Academy 016?,"Fictional registry for Avelune Academy 016. Values and assigned fields:
Suite 7131 | reading room
Suite 7130 | meeting room",The seminar room for Avelune Academy 016 is Suite 7130.,20,10.56561279296875,0.5282806158065796,76,76,95,96,0.17536333896782702
v4-room_assignment-016,v4-room_assignment-016--omitted--answer-B--neutral,train,room_assignment,T1,omitted,B,neutral,,absent,Which seminar room is assigned to Avelune Academy 016?,"Fictional registry for Avelune Academy 016. Values and assigned fields:
Suite 7131 | reading room
Suite 7130 | meeting room",The seminar room for Avelune Academy 016 is Suite 7131.,20,11.313770294189453,0.5656884908676147,76,76,95,96,0.22389360951855214
v4-room_assignment-017,v4-room_assignment-017--A--answer-A--neutral,train,room_assignment,T1,A,A,neutral,correct,supported,Which seminar room is assigned to Avelune Academy 017?,"Fictional registry for Avelune Academy 017. Values and assigned fields:
Suite 7132 | seminar room
Suite 7133 | storage room",The seminar room for Avelune Academy 017 is Suite 7132.,20,7.940639495849609,0.3970319628715515,76,76,95,96,0.17255517072191734
v4-room_assignment-017,v4-room_assignment-017--A--answer-B--neutral,train,room_assignment,T1,A,B,neutral,incorrect,contradicted,Which seminar room is assigned to Avelune Academy 017?,"Fictional registry for Avelune Academy 017. Values and assigned fields:
Suite 7132 | seminar room
Suite 7133 | storage room",The seminar room for Avelune Academy 017 is Suite 7133.,20,19.065845489501953,0.9532922506332397,76,76,95,96,0.16578918127341233
v4-room_assignment-017,v4-room_assignment-017--B--answer-A--neutral,train,room_assignment,T1,B,A,neutral,incorrect,contradicted,Which seminar room is assigned to Avelune Academy 017?,"Fictional registry for Avelune Academy 017. Values and assigned fields:
Suite 7132 | storage room
Suite 7133 | seminar room",The seminar room for Avelune Academy 017 is Suite 7132.,20,17.91895294189453,0.8959476351737976,76,76,95,96,0.15055925986985103
v4-room_assignment-017,v4-room_assignment-017--B--answer-B--neutral,train,room_assignment,T1,B,B,neutral,correct,supported,Which seminar room is assigned to Avelune Academy 017?,"Fictional registry for Avelune Academy 017. Values and assigned fields:
Suite 7132 | storage room
Suite 7133 | seminar room",The seminar room for Avelune Academy 017 is Suite 7133.,20,9.04245376586914,0.45212268829345703,76,76,95,96,0.18211959749207765
v4-room_assignment-017,v4-room_assignment-017--omitted--answer-A--neutral,train,room_assignment,T1,omitted,A,neutral,,absent,Which seminar room is assigned to Avelune Academy 017?,"Fictional registry for Avelune Academy 017. Values and assigned fields:
Suite 7132 | meeting room
Suite 7133 | reading room",The seminar room for Avelune Academy 017 is Suite 7132.,20,10.625541687011719,0.531277060508728,76,76,95,96,0.10576217387019264
v4-room_assignment-017,v4-room_assignment-017--omitted--answer-B--neutral,train,room_assignment,T1,omitted,B,neutral,,absent,Which seminar room is assigned to Avelune Academy 017?,"Fictional registry for Avelune Academy 017. Values and assigned fields:
Suite 7132 | meeting room
Suite 7133 | reading room",The seminar room for Avelune Academy 017 is Suite 7133.,20,18.958364486694336,0.9479182362556458,76,76,95,96,0.1073964801913999
v4-room_assignment-018,v4-room_assignment-018--A--answer-A--neutral,train,room_assignment,T1,A,A,neutral,correct,supported,Which seminar room is assigned to Avelune Academy 018?,"Fictional registry for Avelune Academy 018. Values and assigned fields:
Suite 7135 | storage room
Suite 7134 | seminar room",The seminar room for Avelune Academy 018 is Suite 7134.,20,8.735301971435547,0.4367651045322418,76,76,95,96,0.21909999307231104
v4-room_assignment-018,v4-room_assignment-018--A--answer-B--neutral,train,room_assignment,T1,A,B,neutral,incorrect,contradicted,Which seminar room is assigned to Avelune Academy 018?,"Fictional registry for Avelune Academy 018. Values and assigned fields:
Suite 7135 | storage room
Suite 7134 | seminar room",The seminar room for Avelune Academy 018 is Suite 7135.,20,18.11052703857422,0.905526340007782,76,76,95,96,0.20339477895037278
v4-room_assignment-018,v4-room_assignment-018--B--answer-A--neutral,train,room_assignment,T1,B,A,neutral,incorrect,contradicted,Which seminar room is assigned to Avelune Academy 018?,"Fictional registry for Avelune Academy 018. Values and assigned fields:
Suite 7135 | seminar room
Suite 7134 | storage room",The seminar room for Avelune Academy 018 is Suite 7134.,20,18.508737564086914,0.9254368543624878,76,76,95,96,0.19906241674443745
v4-room_assignment-018,v4-room_assignment-018--B--answer-B--neutral,train,room_assignment,T1,B,B,neutral,correct,supported,Which seminar room is assigned to Avelune Academy 018?,"Fictional registry for Avelune Academy 018. Values and assigned fields:
Suite 7135 | seminar room
Suite 7134 | storage room",The seminar room for Avelune Academy 018 is Suite 7135.,20,7.757516860961914,0.38787585496902466,76,76,95,96,0.23553700284642917
v4-room_assignment-018,v4-room_assignment-018--omitted--answer-A--neutral,train,room_assignment,T1,omitted,A,neutral,,absent,Which seminar room is assigned to Avelune Academy 018?,"Fictional registry for Avelune Academy 018. Values and assigned fields:
Suite 7135 | reading room
Suite 7134 | meeting room",The seminar room for Avelune Academy 018 is Suite 7134.,20,10.182123184204102,0.5091061592102051,76,76,95,96,0.1540972121030869
v4-room_assignment-018,v4-room_assignment-018--omitted--answer-B--neutral,train,room_assignment,T1,omitted,B,neutral,,absent,Which seminar room is assigned to Avelune Academy 018?,"Fictional registry for Avelune Academy 018. Values and assigned fields:
Suite 7135 | reading room
Suite 7134 | meeting room",The seminar room for Avelune Academy 018 is Suite 7135.,20,11.35433578491211,0.5677167773246765,76,76,95,96,0.17206733026865345
v4-room_assignment-019,v4-room_assignment-019--A--answer-A--neutral,train,room_assignment,T1,A,A,neutral,correct,supported,Which seminar room is assigned to Avelune Academy 019?,"Fictional registry for Avelune Academy 019. Values and assigned fields:
Suite 7136 | seminar room
Suite 7137 | storage room",The seminar room for Avelune Academy 019 is Suite 7136.,20,7.437482833862305,0.3718741536140442,76,76,95,96,0.26127728386651783
v4-room_assignment-019,v4-room_assignment-019--A--answer-B--neutral,train,room_assignment,T1,A,B,neutral,incorrect,contradicted,Which seminar room is assigned to Avelune Academy 019?,"Fictional registry for Avelune Academy 019. Values and assigned fields:
Suite 7136 | seminar room
Suite 7137 | storage room",The seminar room for Avelune Academy 019 is Suite 7137.,20,21.187774658203125,1.0593887567520142,76,76,95,96,0.20240917973527028
v4-room_assignment-019,v4-room_assignment-019--B--answer-A--neutral,train,room_assignment,T1,B,A,neutral,incorrect,contradicted,Which seminar room is assigned to Avelune Academy 019?,"Fictional registry for Avelune Academy 019. Values and assigned fields:
Suite 7136 | storage room
Suite 7137 | seminar room",The seminar room for Avelune Academy 019 is Suite 7136.,20,16.84406089782715,0.8422030210494995,76,76,95,96,0.22719655262621485
v4-room_assignment-019,v4-room_assignment-019--B--answer-B--neutral,train,room_assignment,T1,B,B,neutral,correct,supported,Which seminar room is assigned to Avelune Academy 019?,"Fictional registry for Avelune Academy 019. Values and assigned fields:
Suite 7136 | storage room
Suite 7137 | seminar room",The seminar room for Avelune Academy 019 is Suite 7137.,20,8.718647003173828,0.43593233823776245,76,76,95,96,0.22626456224235422
v4-room_assignment-019,v4-room_assignment-019--omitted--answer-A--neutral,train,room_assignment,T1,omitted,A,neutral,,absent,Which seminar room is assigned to Avelune Academy 019?,"Fictional registry for Avelune Academy 019. Values and assigned fields:
Suite 7136 | meeting room
Suite 7137 | reading room",The seminar room for Avelune Academy 019 is Suite 7136.,20,9.840280532836914,0.4920140206813812,76,76,95,96,0.19350749829767322
v4-room_assignment-019,v4-room_assignment-019--omitted--answer-B--neutral,train,room_assignment,T1,omitted,B,neutral,,absent,Which seminar room is assigned to Avelune Academy 019?,"Fictional registry for Avelune Academy 019. Values and assigned fields:
Suite 7136 | meeting room
Suite 7137 | reading room",The seminar room for Avelune Academy 019 is Suite 7137.,20,19.03696060180664,0.951848030090332,76,76,95,96,0.146204570505867
v4-room_assignment-020,v4-room_assignment-020--A--answer-A--neutral,train,room_assignment,T1,A,A,neutral,correct,supported,Which seminar room is assigned to Avelune Academy 020?,"Fictional registry for Avelune Academy 020. Values and assigned fields:
Suite 7139 | storage room
Suite 7138 | seminar room",The seminar room for Avelune Academy 020 is Suite 7138.,20,9.695005416870117,0.48475027084350586,76,76,95,96,0.16691770062604855
v4-room_assignment-020,v4-room_assignment-020--A--answer-B--neutral,train,room_assignment,T1,A,B,neutral,incorrect,contradicted,Which seminar room is assigned to Avelune Academy 020?,"Fictional registry for Avelune Academy 020. Values and assigned fields:
Suite 7139 | storage room
Suite 7138 | seminar room",The seminar room for Avelune Academy 020 is Suite 7139.,20,10.946798324584961,0.547339916229248,76,76,95,96,0.19457572531446676
v4-room_assignment-020,v4-room_assignment-020--B--answer-A--neutral,train,room_assignment,T1,B,A,neutral,incorrect,contradicted,Which seminar room is assigned to Avelune Academy 020?,"Fictional registry for Avelune Academy 020. Values and assigned fields:
Suite 7139 | seminar room
Suite 7138 | storage room",The seminar room for Avelune Academy 020 is Suite 7138.,20,20.330059051513672,1.0165029764175415,76,76,95,96,0.15183149995318324
v4-room_assignment-020,v4-room_assignment-020--B--answer-B--neutral,train,room_assignment,T1,B,B,neutral,correct,supported,Which seminar room is assigned to Avelune Academy 020?,"Fictional registry for Avelune Academy 020. Values and assigned fields:
Suite 7139 | seminar room
Suite 7138 | storage room",The seminar room for Avelune Academy 020 is Suite 7139.,20,7.704524993896484,0.3852262496948242,76,76,95,96,0.2145767495131017
v4-room_assignment-020,v4-room_assignment-020--omitted--answer-A--neutral,train,room_assignment,T1,omitted,A,neutral,,absent,Which seminar room is assigned to Avelune Academy 020?,"Fictional registry for Avelune Academy 020. Values and assigned fields:
Suite 7139 | reading room
Suite 7138 | meeting room",The seminar room for Avelune Academy 020 is Suite 7138.,20,12.983455657958984,0.6491727828979492,76,76,95,96,0.09216944615419405
v4-room_assignment-020,v4-room_assignment-020--omitted--answer-B--neutral,train,room_assignment,T1,omitted,B,neutral,,absent,Which seminar room is assigned to Avelune Academy 020?,"Fictional registry for Avelune Academy 020. Values and assigned fields:
Suite 7139 | reading room
Suite 7138 | meeting room",The seminar room for Avelune Academy 020 is Suite 7139.,20,10.577741622924805,0.5288870930671692,76,76,95,96,0.14129801726678382
v4-room_assignment-021,v4-room_assignment-021--A--answer-A--neutral,train,room_assignment,T1,A,A,neutral,correct,supported,Which seminar room is assigned to Avelune Academy 021?,"Fictional registry for Avelune Academy 021. Values and assigned fields:
Suite 7140 | seminar room
Suite 7141 | storage room",The seminar room for Avelune Academy 021 is Suite 7140.,20,7.58936882019043,0.3794684410095215,76,76,95,96,0.23319198629653046
v4-room_assignment-021,v4-room_assignment-021--A--answer-B--neutral,train,room_assignment,T1,A,B,neutral,incorrect,contradicted,Which seminar room is assigned to Avelune Academy 021?,"Fictional registry for Avelune Academy 021. Values and assigned fields:
Suite 7140 | seminar room
Suite 7141 | storage room",The seminar room for Avelune Academy 021 is Suite 7141.,20,18.21481704711914,0.910740852355957,76,76,95,96,0.23594630018060964
v4-room_assignment-021,v4-room_assignment-021--B--answer-A--neutral,train,room_assignment,T1,B,A,neutral,incorrect,contradicted,Which seminar room is assigned to Avelune Academy 021?,"Fictional registry for Avelune Academy 021. Values and assigned fields:
Suite 7140 | storage room
Suite 7141 | seminar room",The seminar room for Avelune Academy 021 is Suite 7140.,20,18.125072479248047,0.9062536358833313,76,76,95,96,0.20938480285084862
v4-room_assignment-021,v4-room_assignment-021--B--answer-B--neutral,train,room_assignment,T1,B,B,neutral,correct,supported,Which seminar room is assigned to Avelune Academy 021?,"Fictional registry for Avelune Academy 021. Values and assigned fields:
Suite 7140 | storage room
Suite 7141 | seminar room",The seminar room for Avelune Academy 021 is Suite 7141.,20,8.74812126159668,0.437406063079834,76,76,95,96,0.25728294418201675
v4-room_assignment-021,v4-room_assignment-021--omitted--answer-A--neutral,train,room_assignment,T1,omitted,A,neutral,,absent,Which seminar room is assigned to Avelune Academy 021?,"Fictional registry for Avelune Academy 021. Values and assigned fields:
Suite 7140 | meeting room
Suite 7141 | reading room",The seminar room for Avelune Academy 021 is Suite 7140.,20,10.627218246459961,0.531360924243927,76,76,95,96,0.1545860057787657
v4-room_assignment-021,v4-room_assignment-021--omitted--answer-B--neutral,train,room_assignment,T1,omitted,B,neutral,,absent,Which seminar room is assigned to Avelune Academy 021?,"Fictional registry for Avelune Academy 021. Values and assigned fields:
Suite 7140 | meeting room
Suite 7141 | reading room",The seminar room for Avelune Academy 021 is Suite 7141.,20,18.117422103881836,0.9058710932731628,76,76,95,96,0.16918681151551773
v4-room_assignment-022,v4-room_assignment-022--A--answer-A--neutral,train,room_assignment,T1,A,A,neutral,correct,supported,Which seminar room is assigned to Avelune Academy 022?,"Fictional registry for Avelune Academy 022. Values and assigned fields:
Suite 7143 | storage room
Suite 7142 | seminar room",The seminar room for Avelune Academy 022 is Suite 7142.,20,9.307266235351562,0.4653633236885071,76,76,95,96,0.1916093171593797
v4-room_assignment-022,v4-room_assignment-022--A--answer-B--neutral,train,room_assignment,T1,A,B,neutral,incorrect,contradicted,Which seminar room is assigned to Avelune Academy 022?,"Fictional registry for Avelune Academy 022. Values and assigned fields:
Suite 7143 | storage room
Suite 7142 | seminar room",The seminar room for Avelune Academy 022 is Suite 7143.,20,15.559558868408203,0.7779779434204102,76,76,95,96,0.18988444313530456
v4-room_assignment-022,v4-room_assignment-022--B--answer-A--neutral,train,room_assignment,T1,B,A,neutral,incorrect,contradicted,Which seminar room is assigned to Avelune Academy 022?,"Fictional registry for Avelune Academy 022. Values and assigned fields:
Suite 7143 | seminar room
Suite 7142 | storage room",The seminar room for Avelune Academy 022 is Suite 7142.,20,20.21758270263672,1.0108791589736938,76,76,95,96,0.16089415345958183
v4-room_assignment-022,v4-room_assignment-022--B--answer-B--neutral,train,room_assignment,T1,B,B,neutral,correct,supported,Which seminar room is assigned to Avelune Academy 022?,"Fictional registry for Avelune Academy 022. Values and assigned fields:
Suite 7143 | seminar room
Suite 7142 | storage room",The seminar room for Avelune Academy 022 is Suite 7143.,20,8.217239379882812,0.4108619689941406,76,76,95,96,0.20138182233242707
v4-room_assignment-022,v4-room_assignment-022--omitted--answer-A--neutral,train,room_assignment,T1,omitted,A,neutral,,absent,Which seminar room is assigned to Avelune Academy 022?,"Fictional registry for Avelune Academy 022. Values and assigned fields:
Suite 7143 | reading room
Suite 7142 | meeting room",The seminar room for Avelune Academy 022 is Suite 7142.,20,12.129959106445312,0.6064979434013367,76,76,95,96,0.12302879754246798
v4-room_assignment-022,v4-room_assignment-022--omitted--answer-B--neutral,train,room_assignment,T1,omitted,B,neutral,,absent,Which seminar room is assigned to Avelune Academy 022?,"Fictional registry for Avelune Academy 022. Values and assigned fields:
Suite 7143 | reading room
Suite 7142 | meeting room",The seminar room for Avelune Academy 022 is Suite 7143.,20,11.057994842529297,0.5528997182846069,76,76,95,96,0.14981398817834313
v4-room_assignment-023,v4-room_assignment-023--A--answer-A--neutral,train,room_assignment,T1,A,A,neutral,correct,supported,Which seminar room is assigned to Avelune Academy 023?,"Fictional registry for Avelune Academy 023. Values and assigned fields:
Suite 7144 | seminar room
Suite 7145 | storage room",The seminar room for Avelune Academy 023 is Suite 7144.,20,7.361276626586914,0.3680638372898102,76,76,95,96,0.24539338075622513
v4-room_assignment-023,v4-room_assignment-023--A--answer-B--neutral,train,room_assignment,T1,A,B,neutral,incorrect,contradicted,Which seminar room is assigned to Avelune Academy 023?,"Fictional registry for Avelune Academy 023. Values and assigned fields:
Suite 7144 | seminar room
Suite 7145 | storage room",The seminar room for Avelune Academy 023 is Suite 7145.,20,19.236541748046875,0.9618270993232727,76,76,95,96,0.21632324737057568
v4-room_assignment-023,v4-room_assignment-023--B--answer-A--neutral,train,room_assignment,T1,B,A,neutral,incorrect,contradicted,Which seminar room is assigned to Avelune Academy 023?,"Fictional registry for Avelune Academy 023. Values and assigned fields:
Suite 7144 | storage room
Suite 7145 | seminar room",The seminar room for Avelune Academy 023 is Suite 7144.,20,16.055482864379883,0.8027741312980652,76,76,95,96,0.22074861274389557
v4-room_assignment-023,v4-room_assignment-023--B--answer-B--neutral,train,room_assignment,T1,B,B,neutral,correct,supported,Which seminar room is assigned to Avelune Academy 023?,"Fictional registry for Avelune Academy 023. Values and assigned fields:
Suite 7144 | storage room
Suite 7145 | seminar room",The seminar room for Avelune Academy 023 is Suite 7145.,20,8.678028106689453,0.4339013993740082,76,76,95,96,0.24130948688981738
v4-room_assignment-023,v4-room_assignment-023--omitted--answer-A--neutral,train,room_assignment,T1,omitted,A,neutral,,absent,Which seminar room is assigned to Avelune Academy 023?,"Fictional registry for Avelune Academy 023. Values and assigned fields:
Suite 7144 | meeting room
Suite 7145 | reading room",The seminar room for Avelune Academy 023 is Suite 7144.,20,10.260881423950195,0.5130440592765808,76,76,95,96,0.18095401543047906
v4-room_assignment-023,v4-room_assignment-023--omitted--answer-B--neutral,train,room_assignment,T1,omitted,B,neutral,,absent,Which seminar room is assigned to Avelune Academy 023?,"Fictional registry for Avelune Academy 023. Values and assigned fields:
Suite 7144 | meeting room
Suite 7145 | reading room",The seminar room for Avelune Academy 023 is Suite 7145.,20,18.827545166015625,0.9413772821426392,76,76,95,96,0.16594652277032207
v4-room_assignment-024,v4-room_assignment-024--A--answer-A--neutral,train,room_assignment,T1,A,A,neutral,correct,supported,Which seminar room is assigned to Avelune Academy 024?,"Fictional registry for Avelune Academy 024. Values and assigned fields:
Suite 7147 | storage room
Suite 7146 | seminar room",The seminar room for Avelune Academy 024 is Suite 7146.,20,8.879432678222656,0.4439716339111328,76,76,95,96,0.22553788794916513
v4-room_assignment-024,v4-room_assignment-024--A--answer-B--neutral,train,room_assignment,T1,A,B,neutral,incorrect,contradicted,Which seminar room is assigned to Avelune Academy 024?,"Fictional registry for Avelune Academy 024. Values and assigned fields:
Suite 7147 | storage room
Suite 7146 | seminar room",The seminar room for Avelune Academy 024 is Suite 7147.,20,17.505544662475586,0.8752772212028503,76,76,95,96,0.2370980471333718
v4-room_assignment-024,v4-room_assignment-024--B--answer-A--neutral,train,room_assignment,T1,B,A,neutral,incorrect,contradicted,Which seminar room is assigned to Avelune Academy 024?,"Fictional registry for Avelune Academy 024. Values and assigned fields:
Suite 7147 | seminar room
Suite 7146 | storage room",The seminar room for Avelune Academy 024 is Suite 7146.,20,18.340688705444336,0.9170344471931458,76,76,95,96,0.20832946442763645
v4-room_assignment-024,v4-room_assignment-024--B--answer-B--neutral,train,room_assignment,T1,B,B,neutral,correct,supported,Which seminar room is assigned to Avelune Academy 024?,"Fictional registry for Avelune Academy 024. Values and assigned fields:
Suite 7147 | seminar room
Suite 7146 | storage room",The seminar room for Avelune Academy 024 is Suite 7147.,20,7.7139739990234375,0.38569870591163635,76,76,95,96,0.2632843889750557
v4-room_assignment-024,v4-room_assignment-024--omitted--answer-A--neutral,train,room_assignment,T1,omitted,A,neutral,,absent,Which seminar room is assigned to Avelune Academy 024?,"Fictional registry for Avelune Academy 024. Values and assigned fields:
Suite 7147 | reading room
Suite 7146 | meeting room",The seminar room for Avelune Academy 024 is Suite 7146.,20,10.96738052368164,0.5483690500259399,76,76,95,96,0.16777393994309986
v4-room_assignment-024,v4-room_assignment-024--omitted--answer-B--neutral,train,room_assignment,T1,omitted,B,neutral,,absent,Which seminar room is assigned to Avelune Academy 024?,"Fictional registry for Avelune Academy 024. Values and assigned fields:
Suite 7147 | reading room
Suite 7146 | meeting room",The seminar room for Avelune Academy 024 is Suite 7147.,20,11.608924865722656,0.5804462432861328,76,76,95,96,0.20175087896294103
v4-room_assignment-025,v4-room_assignment-025--A--answer-A--neutral,validation,room_assignment,T2,A,A,neutral,correct,supported,What seminar room does the registry give for Avelune Academy 025?,"Record for Avelune Academy 025 (invented). The entries specify separate fields:
Listed value Suite 7148 belongs to field seminar room.
Listed value Suite 7149 belongs to field storage room.",The registry assigns Suite 7148 as the seminar room for Avelune Academy 025.,23,11.585731506347656,0.5037274360656738,90,90,112,113,0.4237743022814351
v4-room_assignment-025,v4-room_assignment-025--A--answer-B--neutral,validation,room_assignment,T2,A,B,neutral,incorrect,contradicted,What seminar room does the registry give for Avelune Academy 025?,"Record for Avelune Academy 025 (invented). The entries specify separate fields:
Listed value Suite 7148 belongs to field seminar room.
Listed value Suite 7149 belongs to field storage room.",The registry assigns Suite 7149 as the seminar room for Avelune Academy 025.,23,18.580442428588867,0.8078452944755554,90,90,112,113,0.3096694936087686
v4-room_assignment-025,v4-room_assignment-025--B--answer-A--neutral,validation,room_assignment,T2,B,A,neutral,incorrect,contradicted,What seminar room does the registry give for Avelune Academy 025?,"Record for Avelune Academy 025 (invented). The entries specify separate fields:
Listed value Suite 7148 belongs to field storage room.
Listed value Suite 7149 belongs to field seminar room.",The registry assigns Suite 7148 as the seminar room for Avelune Academy 025.,23,21.159162521362305,0.9199635982513428,90,90,112,113,0.3359151709330487
v4-room_assignment-025,v4-room_assignment-025--B--answer-B--neutral,validation,room_assignment,T2,B,B,neutral,correct,supported,What seminar room does the registry give for Avelune Academy 025?,"Record for Avelune Academy 025 (invented). The entries specify separate fields:
Listed value Suite 7148 belongs to field storage room.
Listed value Suite 7149 belongs to field seminar room.",The registry assigns Suite 7149 as the seminar room for Avelune Academy 025.,23,12.664499282836914,0.5506303906440735,90,90,112,113,0.30886121116039084
v4-room_assignment-025,v4-room_assignment-025--omitted--answer-A--neutral,validation,room_assignment,T2,omitted,A,neutral,,absent,What seminar room does the registry give for Avelune Academy 025?,"Record for Avelune Academy 025 (invented). The entries specify separate fields:
Listed value Suite 7148 belongs to field meeting room.
Listed value Suite 7149 belongs to field reading room.",The registry assigns Suite 7148 as the seminar room for Avelune Academy 025.,23,15.630905151367188,0.6796045899391174,90,90,112,113,0.3687083632139839
v4-room_assignment-025,v4-room_assignment-025--omitted--answer-B--neutral,validation,room_assignment,T2,omitted,B,neutral,,absent,What seminar room does the registry give for Avelune Academy 025?,"Record for Avelune Academy 025 (invented). The entries specify separate fields:
Listed value Suite 7148 belongs to field meeting room.
Listed value Suite 7149 belongs to field reading room.",The registry assigns Suite 7149 as the seminar room for Avelune Academy 025.,23,16.83965301513672,0.7321588397026062,90,90,112,113,0.2887832799186027
v4-room_assignment-026,v4-room_assignment-026--A--answer-A--neutral,validation,room_assignment,T2,A,A,neutral,correct,supported,What seminar room does the registry give for Avelune Academy 026?,"Record for Avelune Academy 026 (invented). The entries specify separate fields:
Listed value Suite 7151 belongs to field storage room.
Listed value Suite 7150 belongs to field seminar room.",The registry assigns Suite 7150 as the seminar room for Avelune Academy 026.,23,13.919683456420898,0.6052036285400391,90,90,112,113,0.35068833987485015
v4-room_assignment-026,v4-room_assignment-026--A--answer-B--neutral,validation,room_assignment,T2,A,B,neutral,incorrect,contradicted,What seminar room does the registry give for Avelune Academy 026?,"Record for Avelune Academy 026 (invented). The entries specify separate fields:
Listed value Suite 7151 belongs to field storage room.
Listed value Suite 7150 belongs to field seminar room.",The registry assigns Suite 7151 as the seminar room for Avelune Academy 026.,23,20.1485595703125,0.8760243058204651,90,90,112,113,0.39515174031439937
v4-room_assignment-026,v4-room_assignment-026--B--answer-A--neutral,validation,room_assignment,T2,B,A,neutral,incorrect,contradicted,What seminar room does the registry give for Avelune Academy 026?,"Record for Avelune Academy 026 (invented). The entries specify separate fields:
Listed value Suite 7151 belongs to field seminar room.
Listed value Suite 7150 belongs to field storage room.",The registry assigns Suite 7150 as the seminar room for Avelune Academy 026.,23,21.590116500854492,0.9387007355690002,90,90,112,113,0.34149727194355617
v4-room_assignment-026,v4-room_assignment-026--B--answer-B--neutral,validation,room_assignment,T2,B,B,neutral,correct,supported,What seminar room does the registry give for Avelune Academy 026?,"Record for Avelune Academy 026 (invented). The entries specify separate fields:
Listed value Suite 7151 belongs to field seminar room.
Listed value Suite 7150 belongs to field storage room.",The registry assigns Suite 7151 as the seminar room for Avelune Academy 026.,23,12.519968032836914,0.5443464517593384,90,90,112,113,0.4724507310172232
v4-room_assignment-026,v4-room_assignment-026--omitted--answer-A--neutral,validation,room_assignment,T2,omitted,A,neutral,,absent,What seminar room does the registry give for Avelune Academy 026?,"Record for Avelune Academy 026 (invented). The entries specify separate fields:
Listed value Suite 7151 belongs to field reading room.
Listed value Suite 7150 belongs to field meeting room.",The registry assigns Suite 7150 as the seminar room for Avelune Academy 026.,23,17.491233825683594,0.7604884505271912,90,90,112,113,0.2837861081538282
v4-room_assignment-026,v4-room_assignment-026--omitted--answer-B--neutral,validation,room_assignment,T2,omitted,B,neutral,,absent,What seminar room does the registry give for Avelune Academy 026?,"Record for Avelune Academy 026 (invented). The entries specify separate fields:
Listed value Suite 7151 belongs to field reading room.
Listed value Suite 7150 belongs to field meeting room.",The registry assigns Suite 7151 as the seminar room for Avelune Academy 026.,23,14.799028396606445,0.6434360146522522,90,90,112,113,0.37161546313208726
v4-room_assignment-027,v4-room_assignment-027--A--answer-A--neutral,validation,room_assignment,T2,A,A,neutral,correct,supported,What seminar room does the registry give for Avelune Academy 027?,"Record for Avelune Academy 027 (invented). The entries specify separate fields:
Listed value Suite 7152 belongs to field seminar room.
Listed value Suite 7153 belongs to field storage room.",The registry assigns Suite 7152 as the seminar room for Avelune Academy 027.,23,12.031328201293945,0.5231012105941772,90,90,112,113,0.43954305015744005
v4-room_assignment-027,v4-room_assignment-027--A--answer-B--neutral,validation,room_assignment,T2,A,B,neutral,incorrect,contradicted,What seminar room does the registry give for Avelune Academy 027?,"Record for Avelune Academy 027 (invented). The entries specify separate fields:
Listed value Suite 7152 belongs to field seminar room.
Listed value Suite 7153 belongs to field storage room.",The registry assigns Suite 7153 as the seminar room for Avelune Academy 027.,23,20.589441299438477,0.8951930999755859,90,90,112,113,0.3086322822126554
v4-room_assignment-027,v4-room_assignment-027--B--answer-A--neutral,validation,room_assignment,T2,B,A,neutral,incorrect,contradicted,What seminar room does the registry give for Avelune Academy 027?,"Record for Avelune Academy 027 (invented). The entries specify separate fields:
Listed value Suite 7152 belongs to field storage room.
Listed value Suite 7153 belongs to field seminar room.",The registry assigns Suite 7152 as the seminar room for Avelune Academy 027.,23,22.08808135986328,0.9603513479232788,90,90,112,113,0.37291283240470186
v4-room_assignment-027,v4-room_assignment-027--B--answer-B--neutral,validation,room_assignment,T2,B,B,neutral,correct,supported,What seminar room does the registry give for Avelune Academy 027?,"Record for Avelune Academy 027 (invented). The entries specify separate fields:
Listed value Suite 7152 belongs to field storage room.
Listed value Suite 7153 belongs to field seminar room.",The registry assigns Suite 7153 as the seminar room for Avelune Academy 027.,23,13.995967864990234,0.6085203289985657,90,90,112,113,0.3282265891800596
v4-room_assignment-027,v4-room_assignment-027--omitted--answer-A--neutral,validation,room_assignment,T2,omitted,A,neutral,,absent,What seminar room does the registry give for Avelune Academy 027?,"Record for Avelune Academy 027 (invented). The entries specify separate fields:
Listed value Suite 7152 belongs to field meeting room.
Listed value Suite 7153 belongs to field reading room.",The registry assigns Suite 7152 as the seminar room for Avelune Academy 027.,23,15.364845275878906,0.6680367588996887,90,90,112,113,0.37059121765503555
v4-room_assignment-027,v4-room_assignment-027--omitted--answer-B--neutral,validation,room_assignment,T2,omitted,B,neutral,,absent,What seminar room does the registry give for Avelune Academy 027?,"Record for Avelune Academy 027 (invented). The entries specify separate fields:
Listed value Suite 7152 belongs to field meeting room.
Listed value Suite 7153 belongs to field reading room.",The registry assigns Suite 7153 as the seminar room for Avelune Academy 027.,23,17.937040328979492,0.7798713445663452,90,90,112,113,0.28438048436282776
v4-room_assignment-028,v4-room_assignment-028--A--answer-A--neutral,validation,room_assignment,T2,A,A,neutral,correct,supported,What seminar room does the registry give for Avelune Academy 028?,"Record for Avelune Academy 028 (invented). The entries specify separate fields:
Listed value Suite 7155 belongs to field storage room.
Listed value Suite 7154 belongs to field seminar room.",The registry assigns Suite 7154 as the seminar room for Avelune Academy 028.,23,13.157026290893555,0.5720446109771729,90,90,112,113,0.35493294200250664
v4-room_assignment-028,v4-room_assignment-028--A--answer-B--neutral,validation,room_assignment,T2,A,B,neutral,incorrect,contradicted,What seminar room does the registry give for Avelune Academy 028?,"Record for Avelune Academy 028 (invented). The entries specify separate fields:
Listed value Suite 7155 belongs to field storage room.
Listed value Suite 7154 belongs to field seminar room.",The registry assigns Suite 7155 as the seminar room for Avelune Academy 028.,23,18.074512481689453,0.7858483791351318,90,90,112,113,0.41233025978595234
v4-room_assignment-028,v4-room_assignment-028--B--answer-A--neutral,validation,room_assignment,T2,B,A,neutral,incorrect,contradicted,What seminar room does the registry give for Avelune Academy 028?,"Record for Avelune Academy 028 (invented). The entries specify separate fields:
Listed value Suite 7155 belongs to field seminar room.
Listed value Suite 7154 belongs to field storage room.",The registry assigns Suite 7154 as the seminar room for Avelune Academy 028.,23,21.3902587890625,0.9300112724304199,90,90,112,113,0.35650614501160616
v4-room_assignment-028,v4-room_assignment-028--B--answer-B--neutral,validation,room_assignment,T2,B,B,neutral,correct,supported,What seminar room does the registry give for Avelune Academy 028?,"Record for Avelune Academy 028 (invented). The entries specify separate fields:
Listed value Suite 7155 belongs to field seminar room.
Listed value Suite 7154 belongs to field storage room.",The registry assigns Suite 7155 as the seminar room for Avelune Academy 028.,23,11.638553619384766,0.5060240626335144,90,90,112,113,0.4795365864265695
v4-room_assignment-028,v4-room_assignment-028--omitted--answer-A--neutral,validation,room_assignment,T2,omitted,A,neutral,,absent,What seminar room does the registry give for Avelune Academy 028?,"Record for Avelune Academy 028 (invented). The entries specify separate fields:
Listed value Suite 7155 belongs to field reading room.
Listed value Suite 7154 belongs to field meeting room.",The registry assigns Suite 7154 as the seminar room for Avelune Academy 028.,23,17.14811897277832,0.7455703616142273,90,90,112,113,0.28837370474727964
v4-room_assignment-028,v4-room_assignment-028--omitted--answer-B--neutral,validation,room_assignment,T2,omitted,B,neutral,,absent,What seminar room does the registry give for Avelune Academy 028?,"Record for Avelune Academy 028 (invented). The entries specify separate fields:
Listed value Suite 7155 belongs to field reading room.
Listed value Suite 7154 belongs to field meeting room.",The registry assigns Suite 7155 as the seminar room for Avelune Academy 028.,23,14.636184692382812,0.6363558769226074,90,90,112,113,0.3671061200999349
v4-room_assignment-029,v4-room_assignment-029--A--answer-A--neutral,validation,room_assignment,T2,A,A,neutral,correct,supported,What seminar room does the registry give for Avelune Academy 029?,"Record for Avelune Academy 029 (invented). The entries specify separate fields:
Listed value Suite 7156 belongs to field seminar room.
Listed value Suite 7157 belongs to field storage room.",The registry assigns Suite 7156 as the seminar room for Avelune Academy 029.,23,11.974920272827148,0.520648717880249,90,90,112,113,0.4797736975009903
v4-room_assignment-029,v4-room_assignment-029--A--answer-B--neutral,validation,room_assignment,T2,A,B,neutral,incorrect,contradicted,What seminar room does the registry give for Avelune Academy 029?,"Record for Avelune Academy 029 (invented). The entries specify separate fields:
Listed value Suite 7156 belongs to field seminar room.
Listed value Suite 7157 belongs to field storage room.",The registry assigns Suite 7157 as the seminar room for Avelune Academy 029.,23,22.904098510742188,0.9958303570747375,90,90,112,113,0.32536123267784706
v4-room_assignment-029,v4-room_assignment-029--B--answer-A--neutral,validation,room_assignment,T2,B,A,neutral,incorrect,contradicted,What seminar room does the registry give for Avelune Academy 029?,"Record for Avelune Academy 029 (invented). The entries specify separate fields:
Listed value Suite 7156 belongs to field storage room.
Listed value Suite 7157 belongs to field seminar room.",The registry assigns Suite 7156 as the seminar room for Avelune Academy 029.,23,20.605514526367188,0.8958919644355774,90,90,112,113,0.38495932868324967
v4-room_assignment-029,v4-room_assignment-029--B--answer-B--neutral,validation,room_assignment,T2,B,B,neutral,correct,supported,What seminar room does the registry give for Avelune Academy 029?,"Record for Avelune Academy 029 (invented). The entries specify separate fields:
Listed value Suite 7156 belongs to field storage room.
Listed value Suite 7157 belongs to field seminar room.",The registry assigns Suite 7157 as the seminar room for Avelune Academy 029.,23,13.434415817260742,0.5841050148010254,90,90,112,113,0.325700763115889
v4-room_assignment-029,v4-room_assignment-029--omitted--answer-A--neutral,validation,room_assignment,T2,omitted,A,neutral,,absent,What seminar room does the registry give for Avelune Academy 029?,"Record for Avelune Academy 029 (invented). The entries specify separate fields:
Listed value Suite 7156 belongs to field meeting room.
Listed value Suite 7157 belongs to field reading room.",The registry assigns Suite 7156 as the seminar room for Avelune Academy 029.,23,14.659591674804688,0.6373735666275024,90,90,112,113,0.4053639331099863
v4-room_assignment-029,v4-room_assignment-029--omitted--answer-B--neutral,validation,room_assignment,T2,omitted,B,neutral,,absent,What seminar room does the registry give for Avelune Academy 029?,"Record for Avelune Academy 029 (invented). The entries specify separate fields:
Listed value Suite 7156 belongs to field meeting room.
Listed value Suite 7157 belongs to field reading room.",The registry assigns Suite 7157 as the seminar room for Avelune Academy 029.,23,19.217641830444336,0.8355496525764465,90,90,112,113,0.29577012838380384
v4-room_assignment-030,v4-room_assignment-030--A--answer-A--neutral,validation,room_assignment,T2,A,A,neutral,correct,supported,What seminar room does the registry give for Avelune Academy 030?,"Record for Avelune Academy 030 (invented). The entries specify separate fields:
Listed value Suite 7159 belongs to field storage room.
Listed value Suite 7158 belongs to field seminar room.",The registry assigns Suite 7158 as the seminar room for Avelune Academy 030.,23,14.381494522094727,0.625282347202301,90,90,112,113,0.31511188922160926
v4-room_assignment-030,v4-room_assignment-030--A--answer-B--neutral,validation,room_assignment,T2,A,B,neutral,incorrect,contradicted,What seminar room does the registry give for Avelune Academy 030?,"Record for Avelune Academy 030 (invented). The entries specify separate fields:
Listed value Suite 7159 belongs to field storage room.
Listed value Suite 7158 belongs to field seminar room.",The registry assigns Suite 7159 as the seminar room for Avelune Academy 030.,23,17.811201095581055,0.7744000554084778,90,90,112,113,0.3716692023884544
v4-room_assignment-030,v4-room_assignment-030--B--answer-A--neutral,validation,room_assignment,T2,B,A,neutral,incorrect,contradicted,What seminar room does the registry give for Avelune Academy 030?,"Record for Avelune Academy 030 (invented). The entries specify separate fields:
Listed value Suite 7159 belongs to field seminar room.
Listed value Suite 7158 belongs to field storage room.",The registry assigns Suite 7158 as the seminar room for Avelune Academy 030.,23,21.938400268554688,0.9538434743881226,90,90,112,113,0.3295865049141847
v4-room_assignment-030,v4-room_assignment-030--B--answer-B--neutral,validation,room_assignment,T2,B,B,neutral,correct,supported,What seminar room does the registry give for Avelune Academy 030?,"Record for Avelune Academy 030 (invented). The entries specify separate fields:
Listed value Suite 7159 belongs to field seminar room.
Listed value Suite 7158 belongs to field storage room.",The registry assigns Suite 7159 as the seminar room for Avelune Academy 030.,23,13.040019989013672,0.566957414150238,90,90,112,113,0.42814953237028924
v4-room_assignment-030,v4-room_assignment-030--omitted--answer-A--neutral,validation,room_assignment,T2,omitted,A,neutral,,absent,What seminar room does the registry give for Avelune Academy 030?,"Record for Avelune Academy 030 (invented). The entries specify separate fields:
Listed value Suite 7159 belongs to field reading room.
Listed value Suite 7158 belongs to field meeting room.",The registry assigns Suite 7158 as the seminar room for Avelune Academy 030.,23,19.631132125854492,0.8535274863243103,90,90,112,113,0.2664357408219344
v4-room_assignment-030,v4-room_assignment-030--omitted--answer-B--neutral,validation,room_assignment,T2,omitted,B,neutral,,absent,What seminar room does the registry give for Avelune Academy 030?,"Record for Avelune Academy 030 (invented). The entries specify separate fields:
Listed value Suite 7159 belongs to field reading room.
Listed value Suite 7158 belongs to field meeting room.",The registry assigns Suite 7159 as the seminar room for Avelune Academy 030.,23,15.674659729003906,0.6815069317817688,90,90,112,113,0.346293721726561
v4-room_assignment-031,v4-room_assignment-031--A--answer-A--neutral,test,room_assignment,T3,A,A,neutral,correct,supported,"According to this record, what is the seminar room for Avelune Academy 031?","The following registry describes fictional Avelune Academy 031. Each value has its own field:
Suite 7160 is listed under seminar room.
Suite 7161 is listed under storage room.","For Avelune Academy 031, the seminar room is Suite 7160.",21,16.015302658081055,0.7626334428787231,88,88,108,109,0.4645422531793213
v4-room_assignment-031,v4-room_assignment-031--A--answer-A--confident,test,room_assignment,T3,A,A,confident,correct,supported,"According to this record, what is the seminar room for Avelune Academy 031?","The following registry describes fictional Avelune Academy 031. Each value has its own field:
Suite 7160 is listed under seminar room.
Suite 7161 is listed under storage room.","I am certain about this answer. For Avelune Academy 031, the seminar room is Suite 7160.",28,52.50124740600586,1.875044584274292,88,88,115,116,0.3370825408912229
v4-room_assignment-031,v4-room_assignment-031--A--answer-A--hedged,test,room_assignment,T3,A,A,hedged,correct,supported,"According to this record, what is the seminar room for Avelune Academy 031?","The following registry describes fictional Avelune Academy 031. Each value has its own field:
Suite 7160 is listed under seminar room.
Suite 7161 is listed under storage room.","I am uncertain about this answer. For Avelune Academy 031, the seminar room is Suite 7160.",28,54.332740783691406,1.9404550790786743,88,88,115,116,0.2728982156010108
v4-room_assignment-031,v4-room_assignment-031--A--answer-B--neutral,test,room_assignment,T3,A,B,neutral,incorrect,contradicted,"According to this record, what is the seminar room for Avelune Academy 031?","The following registry describes fictional Avelune Academy 031. Each value has its own field:
Suite 7160 is listed under seminar room.
Suite 7161 is listed under storage room.","For Avelune Academy 031, the seminar room is Suite 7161.",21,25.673892974853516,1.2225663661956787,88,88,108,109,0.43565281479959206
v4-room_assignment-031,v4-room_assignment-031--A--answer-B--confident,test,room_assignment,T3,A,B,confident,incorrect,contradicted,"According to this record, what is the seminar room for Avelune Academy 031?","The following registry describes fictional Avelune Academy 031. Each value has its own field:
Suite 7160 is listed under seminar room.
Suite 7161 is listed under storage room.","I am certain about this answer. For Avelune Academy 031, the seminar room is Suite 7161.",28,61.31156921386719,2.1896989345550537,88,88,115,116,0.3140619805641649
v4-room_assignment-031,v4-room_assignment-031--A--answer-B--hedged,test,room_assignment,T3,A,B,hedged,incorrect,contradicted,"According to this record, what is the seminar room for Avelune Academy 031?","The following registry describes fictional Avelune Academy 031. Each value has its own field:
Suite 7160 is listed under seminar room.
Suite 7161 is listed under storage room.","I am uncertain about this answer. For Avelune Academy 031, the seminar room is Suite 7161.",28,61.748863220214844,2.2053165435791016,88,88,115,116,0.24687164878098772
v4-room_assignment-031,v4-room_assignment-031--B--answer-A--neutral,test,room_assignment,T3,B,A,neutral,incorrect,contradicted,"According to this record, what is the seminar room for Avelune Academy 031?","The following registry describes fictional Avelune Academy 031. Each value has its own field:
Suite 7160 is listed under storage room.
Suite 7161 is listed under seminar room.","For Avelune Academy 031, the seminar room is Suite 7160.",21,27.3505802154541,1.3024085760116577,88,88,108,109,0.3505679066909215
v4-room_assignment-031,v4-room_assignment-031--B--answer-A--confident,test,room_assignment,T3,B,A,confident,incorrect,contradicted,"According to this record, what is the seminar room for Avelune Academy 031?","The following registry describes fictional Avelune Academy 031. Each value has its own field:
Suite 7160 is listed under storage room.
Suite 7161 is listed under seminar room.","I am certain about this answer. For Avelune Academy 031, the seminar room is Suite 7160.",28,61.88862609863281,2.210308074951172,88,88,115,116,0.23928918717144868
v4-room_assignment-031,v4-room_assignment-031--B--answer-A--hedged,test,room_assignment,T3,B,A,hedged,incorrect,contradicted,"According to this record, what is the seminar room for Avelune Academy 031?","The following registry describes fictional Avelune Academy 031. Each value has its own field:
Suite 7160 is listed under storage room.
Suite 7161 is listed under seminar room.","I am uncertain about this answer. For Avelune Academy 031, the seminar room is Suite 7160.",28,62.1102180480957,2.218222141265869,88,88,115,116,0.17593212951868234
v4-room_assignment-031,v4-room_assignment-031--B--answer-B--neutral,test,room_assignment,T3,B,B,neutral,correct,supported,"According to this record, what is the seminar room for Avelune Academy 031?","The following registry describes fictional Avelune Academy 031. Each value has its own field:
Suite 7160 is listed under storage room.
Suite 7161 is listed under seminar room.","For Avelune Academy 031, the seminar room is Suite 7161.",21,17.83476448059082,0.8492745161056519,88,88,108,109,0.40490157225033707
v4-room_assignment-031,v4-room_assignment-031--B--answer-B--confident,test,room_assignment,T3,B,B,confident,correct,supported,"According to this record, what is the seminar room for Avelune Academy 031?","The following registry describes fictional Avelune Academy 031. Each value has its own field:
Suite 7160 is listed under storage room.
Suite 7161 is listed under seminar room.","I am certain about this answer. For Avelune Academy 031, the seminar room is Suite 7161.",28,53.34101867675781,1.9050363302230835,88,88,115,116,0.28118323350686386
v4-room_assignment-031,v4-room_assignment-031--B--answer-B--hedged,test,room_assignment,T3,B,B,hedged,correct,supported,"According to this record, what is the seminar room for Avelune Academy 031?","The following registry describes fictional Avelune Academy 031. Each value has its own field:
Suite 7160 is listed under storage room.
Suite 7161 is listed under seminar room.","I am uncertain about this answer. For Avelune Academy 031, the seminar room is Suite 7161.",28,55.23381805419922,1.972636342048645,88,88,115,116,0.21956076494853508
v4-room_assignment-031,v4-room_assignment-031--omitted--answer-A--neutral,test,room_assignment,T3,omitted,A,neutral,,absent,"According to this record, what is the seminar room for Avelune Academy 031?","The following registry describes fictional Avelune Academy 031. Each value has its own field:
Suite 7160 is listed under meeting room.
Suite 7161 is listed under reading room.","For Avelune Academy 031, the seminar room is Suite 7160.",21,23.77294158935547,1.132044792175293,88,88,108,109,0.35309111032341123
v4-room_assignment-031,v4-room_assignment-031--omitted--answer-A--confident,test,room_assignment,T3,omitted,A,confident,,absent,"According to this record, what is the seminar room for Avelune Academy 031?","The following registry describes fictional Avelune Academy 031. Each value has its own field:
Suite 7160 is listed under meeting room.
Suite 7161 is listed under reading room.","I am certain about this answer. For Avelune Academy 031, the seminar room is Suite 7160.",28,54.1273193359375,1.9331185817718506,88,88,115,116,0.23777220225009976
v4-room_assignment-031,v4-room_assignment-031--omitted--answer-A--hedged,test,room_assignment,T3,omitted,A,hedged,,absent,"According to this record, what is the seminar room for Avelune Academy 031?","The following registry describes fictional Avelune Academy 031. Each value has its own field:
Suite 7160 is listed under meeting room.
Suite 7161 is listed under reading room.","I am uncertain about this answer. For Avelune Academy 031, the seminar room is Suite 7160.",28,55.468223571777344,1.9810079336166382,88,88,115,116,0.16993202305001537
v4-room_assignment-031,v4-room_assignment-031--omitted--answer-B--neutral,test,room_assignment,T3,omitted,B,neutral,,absent,"According to this record, what is the seminar room for Avelune Academy 031?","The following registry describes fictional Avelune Academy 031. Each value has its own field:
Suite 7160 is listed under meeting room.
Suite 7161 is listed under reading room.","For Avelune Academy 031, the seminar room is Suite 7161.",21,25.544008255004883,1.216381311416626,88,88,108,109,0.34824504985200366
v4-room_assignment-031,v4-room_assignment-031--omitted--answer-B--confident,test,room_assignment,T3,omitted,B,confident,,absent,"According to this record, what is the seminar room for Avelune Academy 031?","The following registry describes fictional Avelune Academy 031. Each value has its own field:
Suite 7160 is listed under meeting room.
Suite 7161 is listed under reading room.","I am certain about this answer. For Avelune Academy 031, the seminar room is Suite 7161.",28,55.45435333251953,1.9805126190185547,88,88,115,116,0.24045512372388128
v4-room_assignment-031,v4-room_assignment-031--omitted--answer-B--hedged,test,room_assignment,T3,omitted,B,hedged,,absent,"According to this record, what is the seminar room for Avelune Academy 031?","The following registry describes fictional Avelune Academy 031. Each value has its own field:
Suite 7160 is listed under meeting room.
Suite 7161 is listed under reading room.","I am uncertain about this answer. For Avelune Academy 031, the seminar room is Suite 7161.",28,56.640541076660156,2.022876501083374,88,88,115,116,0.17579923187704466
v4-room_assignment-032,v4-room_assignment-032--A--answer-A--neutral,test,room_assignment,T3,A,A,neutral,correct,supported,"According to this record, what is the seminar room for Avelune Academy 032?","The following registry describes fictional Avelune Academy 032. Each value has its own field:
Suite 7163 is listed under storage room.
Suite 7162 is listed under seminar room.","For Avelune Academy 032, the seminar room is Suite 7162.",21,18.046772003173828,0.8593701124191284,88,88,108,109,0.3825339794702043
v4-room_assignment-032,v4-room_assignment-032--A--answer-A--confident,test,room_assignment,T3,A,A,confident,correct,supported,"According to this record, what is the seminar room for Avelune Academy 032?","The following registry describes fictional Avelune Academy 032. Each value has its own field:
Suite 7163 is listed under storage room.
Suite 7162 is listed under seminar room.","I am certain about this answer. For Avelune Academy 032, the seminar room is Suite 7162.",28,53.131446838378906,1.8975516557693481,88,88,115,116,0.2667464307416056
v4-room_assignment-032,v4-room_assignment-032--A--answer-A--hedged,test,room_assignment,T3,A,A,hedged,correct,supported,"According to this record, what is the seminar room for Avelune Academy 032?","The following registry describes fictional Avelune Academy 032. Each value has its own field:
Suite 7163 is listed under storage room.
Suite 7162 is listed under seminar room.","I am uncertain about this answer. For Avelune Academy 032, the seminar room is Suite 7162.",28,55.29529571533203,1.9748319387435913,88,88,115,116,0.1976738470627588
v4-room_assignment-032,v4-room_assignment-032--A--answer-B--neutral,test,room_assignment,T3,A,B,neutral,incorrect,contradicted,"According to this record, what is the seminar room for Avelune Academy 032?","The following registry describes fictional Avelune Academy 032. Each value has its own field:
Suite 7163 is listed under storage room.
Suite 7162 is listed under seminar room.","For Avelune Academy 032, the seminar room is Suite 7163.",21,26.677221298217773,1.2703438997268677,88,88,108,109,0.35032203415599134
v4-room_assignment-032,v4-room_assignment-032--A--answer-B--confident,test,room_assignment,T3,A,B,confident,incorrect,contradicted,"According to this record, what is the seminar room for Avelune Academy 032?","The following registry describes fictional Avelune Academy 032. Each value has its own field:
Suite 7163 is listed under storage room.
Suite 7162 is listed under seminar room.","I am certain about this answer. For Avelune Academy 032, the seminar room is Suite 7163.",28,61.160179138183594,2.1842920780181885,88,88,115,116,0.23807637406879506
v4-room_assignment-032,v4-room_assignment-032--A--answer-B--hedged,test,room_assignment,T3,A,B,hedged,incorrect,contradicted,"According to this record, what is the seminar room for Avelune Academy 032?","The following registry describes fictional Avelune Academy 032. Each value has its own field:
Suite 7163 is listed under storage room.
Suite 7162 is listed under seminar room.","I am uncertain about this answer. For Avelune Academy 032, the seminar room is Suite 7163.",28,61.99211883544922,2.2140042781829834,88,88,115,116,0.1676402753563267
v4-room_assignment-032,v4-room_assignment-032--B--answer-A--neutral,test,room_assignment,T3,B,A,neutral,incorrect,contradicted,"According to this record, what is the seminar room for Avelune Academy 032?","The following registry describes fictional Avelune Academy 032. Each value has its own field:
Suite 7163 is listed under seminar room.
Suite 7162 is listed under storage room.","For Avelune Academy 032, the seminar room is Suite 7162.",21,24.8583927154541,1.1837329864501953,88,88,108,109,0.3928742590163769
v4-room_assignment-032,v4-room_assignment-032--B--answer-A--confident,test,room_assignment,T3,B,A,confident,incorrect,contradicted,"According to this record, what is the seminar room for Avelune Academy 032?","The following registry describes fictional Avelune Academy 032. Each value has its own field:
Suite 7163 is listed under seminar room.
Suite 7162 is listed under storage room.","I am certain about this answer. For Avelune Academy 032, the seminar room is Suite 7162.",28,59.938499450683594,2.1406607627868652,88,88,115,116,0.28291078058116687
v4-room_assignment-032,v4-room_assignment-032--B--answer-A--hedged,test,room_assignment,T3,B,A,hedged,incorrect,contradicted,"According to this record, what is the seminar room for Avelune Academy 032?","The following registry describes fictional Avelune Academy 032. Each value has its own field:
Suite 7163 is listed under seminar room.
Suite 7162 is listed under storage room.","I am uncertain about this answer. For Avelune Academy 032, the seminar room is Suite 7162.",28,59.342777252197266,2.119385004043579,88,88,115,116,0.20777583202907762
v4-room_assignment-032,v4-room_assignment-032--B--answer-B--neutral,test,room_assignment,T3,B,B,neutral,correct,supported,"According to this record, what is the seminar room for Avelune Academy 032?","The following registry describes fictional Avelune Academy 032. Each value has its own field:
Suite 7163 is listed under seminar room.
Suite 7162 is listed under storage room.","For Avelune Academy 032, the seminar room is Suite 7163.",21,15.841325759887695,0.754348874092102,88,88,108,109,0.42899112958966434
v4-room_assignment-032,v4-room_assignment-032--B--answer-B--confident,test,room_assignment,T3,B,B,confident,correct,supported,"According to this record, what is the seminar room for Avelune Academy 032?","The following registry describes fictional Avelune Academy 032. Each value has its own field:
Suite 7163 is listed under seminar room.
Suite 7162 is listed under storage room.","I am certain about this answer. For Avelune Academy 032, the seminar room is Suite 7163.",28,52.040016174316406,1.858572006225586,88,88,115,116,0.30934118857930115
v4-room_assignment-032,v4-room_assignment-032--B--answer-B--hedged,test,room_assignment,T3,B,B,hedged,correct,supported,"According to this record, what is the seminar room for Avelune Academy 032?","The following registry describes fictional Avelune Academy 032. Each value has its own field:
Suite 7163 is listed under seminar room.
Suite 7162 is listed under storage room.","I am uncertain about this answer. For Avelune Academy 032, the seminar room is Suite 7163.",28,53.87517547607422,1.924113392829895,88,88,115,116,0.2371865246353769
v4-room_assignment-032,v4-room_assignment-032--omitted--answer-A--neutral,test,room_assignment,T3,omitted,A,neutral,,absent,"According to this record, what is the seminar room for Avelune Academy 032?","The following registry describes fictional Avelune Academy 032. Each value has its own field:
Suite 7163 is listed under reading room.
Suite 7162 is listed under meeting room.","For Avelune Academy 032, the seminar room is Suite 7162.",21,23.77801513671875,1.1322864294052124,88,88,108,109,0.30319076017231084
v4-room_assignment-032,v4-room_assignment-032--omitted--answer-A--confident,test,room_assignment,T3,omitted,A,confident,,absent,"According to this record, what is the seminar room for Avelune Academy 032?","The following registry describes fictional Avelune Academy 032. Each value has its own field:
Suite 7163 is listed under reading room.
Suite 7162 is listed under meeting room.","I am certain about this answer. For Avelune Academy 032, the seminar room is Suite 7162.",28,54.587318420410156,1.9495470523834229,88,88,115,116,0.2170677265859104
v4-room_assignment-032,v4-room_assignment-032--omitted--answer-A--hedged,test,room_assignment,T3,omitted,A,hedged,,absent,"According to this record, what is the seminar room for Avelune Academy 032?","The following registry describes fictional Avelune Academy 032. Each value has its own field:
Suite 7163 is listed under reading room.
Suite 7162 is listed under meeting room.","I am uncertain about this answer. For Avelune Academy 032, the seminar room is Suite 7162.",28,56.29945373535156,2.010694742202759,88,88,115,116,0.14796016028540607
v4-room_assignment-032,v4-room_assignment-032--omitted--answer-B--neutral,test,room_assignment,T3,omitted,B,neutral,,absent,"According to this record, what is the seminar room for Avelune Academy 032?","The following registry describes fictional Avelune Academy 032. Each value has its own field:
Suite 7163 is listed under reading room.
Suite 7162 is listed under meeting room.","For Avelune Academy 032, the seminar room is Suite 7163.",21,23.22416877746582,1.1059128046035767,88,88,108,109,0.31561007051249634
v4-room_assignment-032,v4-room_assignment-032--omitted--answer-B--confident,test,room_assignment,T3,omitted,B,confident,,absent,"According to this record, what is the seminar room for Avelune Academy 032?","The following registry describes fictional Avelune Academy 032. Each value has its own field:
Suite 7163 is listed under reading room.
Suite 7162 is listed under meeting room.","I am certain about this answer. For Avelune Academy 032, the seminar room is Suite 7163.",28,54.021888732910156,1.92935311794281,88,88,115,116,0.22188981499557633
v4-room_assignment-032,v4-room_assignment-032--omitted--answer-B--hedged,test,room_assignment,T3,omitted,B,hedged,,absent,"According to this record, what is the seminar room for Avelune Academy 032?","The following registry describes fictional Avelune Academy 032. Each value has its own field:
Suite 7163 is listed under reading room.
Suite 7162 is listed under meeting room.","I am uncertain about this answer. For Avelune Academy 032, the seminar room is Suite 7163.",28,55.625083923339844,1.9866101741790771,88,88,115,116,0.1546328883733229
v4-room_assignment-033,v4-room_assignment-033--A--answer-A--neutral,test,room_assignment,T3,A,A,neutral,correct,supported,"According to this record, what is the seminar room for Avelune Academy 033?","The following registry describes fictional Avelune Academy 033. Each value has its own field:
Suite 7164 is listed under seminar room.
Suite 7165 is listed under storage room.","For Avelune Academy 033, the seminar room is Suite 7164.",21,16.103233337402344,0.7668206095695496,88,88,108,109,0.4786781791911225
v4-room_assignment-033,v4-room_assignment-033--A--answer-A--confident,test,room_assignment,T3,A,A,confident,correct,supported,"According to this record, what is the seminar room for Avelune Academy 033?","The following registry describes fictional Avelune Academy 033. Each value has its own field:
Suite 7164 is listed under seminar room.
Suite 7165 is listed under storage room.","I am certain about this answer. For Avelune Academy 033, the seminar room is Suite 7164.",28,52.700626373291016,1.8821651935577393,88,88,115,116,0.3488989602486807
v4-room_assignment-033,v4-room_assignment-033--A--answer-A--hedged,test,room_assignment,T3,A,A,hedged,correct,supported,"According to this record, what is the seminar room for Avelune Academy 033?","The following registry describes fictional Avelune Academy 033. Each value has its own field:
Suite 7164 is listed under seminar room.
Suite 7165 is listed under storage room.","I am uncertain about this answer. For Avelune Academy 033, the seminar room is Suite 7164.",28,53.96288299560547,1.927245855331421,88,88,115,116,0.2827770921347196
v4-room_assignment-033,v4-room_assignment-033--A--answer-B--neutral,test,room_assignment,T3,A,B,neutral,incorrect,contradicted,"According to this record, what is the seminar room for Avelune Academy 033?","The following registry describes fictional Avelune Academy 033. Each value has its own field:
Suite 7164 is listed under seminar room.
Suite 7165 is listed under storage room.","For Avelune Academy 033, the seminar room is Suite 7165.",21,24.740262985229492,1.178107738494873,88,88,108,109,0.453489301989523
v4-room_assignment-033,v4-room_assignment-033--A--answer-B--confident,test,room_assignment,T3,A,B,confident,incorrect,contradicted,"According to this record, what is the seminar room for Avelune Academy 033?","The following registry describes fictional Avelune Academy 033. Each value has its own field:
Suite 7164 is listed under seminar room.
Suite 7165 is listed under storage room.","I am certain about this answer. For Avelune Academy 033, the seminar room is Suite 7165.",28,60.46601867675781,2.1595005989074707,88,88,115,116,0.3182177950198133
v4-room_assignment-033,v4-room_assignment-033--A--answer-B--hedged,test,room_assignment,T3,A,B,hedged,incorrect,contradicted,"According to this record, what is the seminar room for Avelune Academy 033?","The following registry describes fictional Avelune Academy 033. Each value has its own field:
Suite 7164 is listed under seminar room.
Suite 7165 is listed under storage room.","I am uncertain about this answer. For Avelune Academy 033, the seminar room is Suite 7165.",28,59.95845031738281,2.1413731575012207,88,88,115,116,0.25422277243332647
v4-room_assignment-033,v4-room_assignment-033--B--answer-A--neutral,test,room_assignment,T3,B,A,neutral,incorrect,contradicted,"According to this record, what is the seminar room for Avelune Academy 033?","The following registry describes fictional Avelune Academy 033. Each value has its own field:
Suite 7164 is listed under storage room.
Suite 7165 is listed under seminar room.","For Avelune Academy 033, the seminar room is Suite 7164.",21,27.192222595214844,1.294867753982544,88,88,108,109,0.3796584918469254
v4-room_assignment-033,v4-room_assignment-033--B--answer-A--confident,test,room_assignment,T3,B,A,confident,incorrect,contradicted,"According to this record, what is the seminar room for Avelune Academy 033?","The following registry describes fictional Avelune Academy 033. Each value has its own field:
Suite 7164 is listed under storage room.
Suite 7165 is listed under seminar room.","I am certain about this answer. For Avelune Academy 033, the seminar room is Suite 7164.",28,61.333091735839844,2.190467596054077,88,88,115,116,0.2565460029552417
v4-room_assignment-033,v4-room_assignment-033--B--answer-A--hedged,test,room_assignment,T3,B,A,hedged,incorrect,contradicted,"According to this record, what is the seminar room for Avelune Academy 033?","The following registry describes fictional Avelune Academy 033. Each value has its own field:
Suite 7164 is listed under storage room.
Suite 7165 is listed under seminar room.","I am uncertain about this answer. For Avelune Academy 033, the seminar room is Suite 7164.",28,62.19622039794922,2.2212936878204346,88,88,115,116,0.19028988735477964
v4-room_assignment-033,v4-room_assignment-033--B--answer-B--neutral,test,room_assignment,T3,B,B,neutral,correct,supported,"According to this record, what is the seminar room for Avelune Academy 033?","The following registry describes fictional Avelune Academy 033. Each value has its own field:
Suite 7164 is listed under storage room.
Suite 7165 is listed under seminar room.","For Avelune Academy 033, the seminar room is Suite 7165.",21,17.927568435668945,0.8536937236785889,88,88,108,109,0.43682490837480603
v4-room_assignment-033,v4-room_assignment-033--B--answer-B--confident,test,room_assignment,T3,B,B,confident,correct,supported,"According to this record, what is the seminar room for Avelune Academy 033?","The following registry describes fictional Avelune Academy 033. Each value has its own field:
Suite 7164 is listed under storage room.
Suite 7165 is listed under seminar room.","I am certain about this answer. For Avelune Academy 033, the seminar room is Suite 7165.",28,53.051185607910156,1.89468514919281,88,88,115,116,0.2909385047049127
v4-room_assignment-033,v4-room_assignment-033--B--answer-B--hedged,test,room_assignment,T3,B,B,hedged,correct,supported,"According to this record, what is the seminar room for Avelune Academy 033?","The following registry describes fictional Avelune Academy 033. Each value has its own field:
Suite 7164 is listed under storage room.
Suite 7165 is listed under seminar room.","I am uncertain about this answer. For Avelune Academy 033, the seminar room is Suite 7165.",28,55.43993377685547,1.9799976348876953,88,88,115,116,0.2305390080129671
v4-room_assignment-033,v4-room_assignment-033--omitted--answer-A--neutral,test,room_assignment,T3,omitted,A,neutral,,absent,"According to this record, what is the seminar room for Avelune Academy 033?","The following registry describes fictional Avelune Academy 033. Each value has its own field:
Suite 7164 is listed under meeting room.
Suite 7165 is listed under reading room.","For Avelune Academy 033, the seminar room is Suite 7164.",21,23.970182418823242,1.141437292098999,88,88,108,109,0.36799323174252624
v4-room_assignment-033,v4-room_assignment-033--omitted--answer-A--confident,test,room_assignment,T3,omitted,A,confident,,absent,"According to this record, what is the seminar room for Avelune Academy 033?","The following registry describes fictional Avelune Academy 033. Each value has its own field:
Suite 7164 is listed under meeting room.
Suite 7165 is listed under reading room.","I am certain about this answer. For Avelune Academy 033, the seminar room is Suite 7164.",28,54.117591857910156,1.93277108669281,88,88,115,116,0.253753718571219
v4-room_assignment-033,v4-room_assignment-033--omitted--answer-A--hedged,test,room_assignment,T3,omitted,A,hedged,,absent,"According to this record, what is the seminar room for Avelune Academy 033?","The following registry describes fictional Avelune Academy 033. Each value has its own field:
Suite 7164 is listed under meeting room.
Suite 7165 is listed under reading room.","I am uncertain about this answer. For Avelune Academy 033, the seminar room is Suite 7164.",28,56.18623352050781,2.0066511631011963,88,88,115,116,0.1854464037994133
v4-room_assignment-033,v4-room_assignment-033--omitted--answer-B--neutral,test,room_assignment,T3,omitted,B,neutral,,absent,"According to this record, what is the seminar room for Avelune Academy 033?","The following registry describes fictional Avelune Academy 033. Each value has its own field:
Suite 7164 is listed under meeting room.
Suite 7165 is listed under reading room.","For Avelune Academy 033, the seminar room is Suite 7165.",21,25.869855880737305,1.2318979501724243,88,88,108,109,0.3745933379128177
v4-room_assignment-033,v4-room_assignment-033--omitted--answer-B--confident,test,room_assignment,T3,omitted,B,confident,,absent,"According to this record, what is the seminar room for Avelune Academy 033?","The following registry describes fictional Avelune Academy 033. Each value has its own field:
Suite 7164 is listed under meeting room.
Suite 7165 is listed under reading room.","I am certain about this answer. For Avelune Academy 033, the seminar room is Suite 7165.",28,55.67636489868164,1.9884415864944458,88,88,115,116,0.2525355401174274
v4-room_assignment-033,v4-room_assignment-033--omitted--answer-B--hedged,test,room_assignment,T3,omitted,B,hedged,,absent,"According to this record, what is the seminar room for Avelune Academy 033?","The following registry describes fictional Avelune Academy 033. Each value has its own field:
Suite 7164 is listed under meeting room.
Suite 7165 is listed under reading room.","I am uncertain about this answer. For Avelune Academy 033, the seminar room is Suite 7165.",28,57.760780334472656,2.062885046005249,88,88,115,116,0.18831263013745114
v4-room_assignment-034,v4-room_assignment-034--A--answer-A--neutral,test,room_assignment,T3,A,A,neutral,correct,supported,"According to this record, what is the seminar room for Avelune Academy 034?","The following registry describes fictional Avelune Academy 034. Each value has its own field:
Suite 7167 is listed under storage room.
Suite 7166 is listed under seminar room.","For Avelune Academy 034, the seminar room is Suite 7166.",21,17.009878158569336,0.8099942207336426,88,88,108,109,0.4084244201035009
v4-room_assignment-034,v4-room_assignment-034--A--answer-A--confident,test,room_assignment,T3,A,A,confident,correct,supported,"According to this record, what is the seminar room for Avelune Academy 034?","The following registry describes fictional Avelune Academy 034. Each value has its own field:
Suite 7167 is listed under storage room.
Suite 7166 is listed under seminar room.","I am certain about this answer. For Avelune Academy 034, the seminar room is Suite 7166.",28,52.78694152832031,1.8852479457855225,88,88,115,116,0.2762074760866251
v4-room_assignment-034,v4-room_assignment-034--A--answer-A--hedged,test,room_assignment,T3,A,A,hedged,correct,supported,"According to this record, what is the seminar room for Avelune Academy 034?","The following registry describes fictional Avelune Academy 034. Each value has its own field:
Suite 7167 is listed under storage room.
Suite 7166 is listed under seminar room.","I am uncertain about this answer. For Avelune Academy 034, the seminar room is Suite 7166.",28,54.85740280151367,1.9591929912567139,88,88,115,116,0.2129290127374513
v4-room_assignment-034,v4-room_assignment-034--A--answer-B--neutral,test,room_assignment,T3,A,B,neutral,incorrect,contradicted,"According to this record, what is the seminar room for Avelune Academy 034?","The following registry describes fictional Avelune Academy 034. Each value has its own field:
Suite 7167 is listed under storage room.
Suite 7166 is listed under seminar room.","For Avelune Academy 034, the seminar room is Suite 7167.",21,25.766752243041992,1.2269881963729858,88,88,108,109,0.36315567516740965
v4-room_assignment-034,v4-room_assignment-034--A--answer-B--confident,test,room_assignment,T3,A,B,confident,incorrect,contradicted,"According to this record, what is the seminar room for Avelune Academy 034?","The following registry describes fictional Avelune Academy 034. Each value has its own field:
Suite 7167 is listed under storage room.
Suite 7166 is listed under seminar room.","I am certain about this answer. For Avelune Academy 034, the seminar room is Suite 7167.",28,60.83521270751953,2.1726861000061035,88,88,115,116,0.24665819582157966
v4-room_assignment-034,v4-room_assignment-034--A--answer-B--hedged,test,room_assignment,T3,A,B,hedged,incorrect,contradicted,"According to this record, what is the seminar room for Avelune Academy 034?","The following registry describes fictional Avelune Academy 034. Each value has its own field:
Suite 7167 is listed under storage room.
Suite 7166 is listed under seminar room.","I am uncertain about this answer. For Avelune Academy 034, the seminar room is Suite 7167.",28,61.56817626953125,2.1988635063171387,88,88,115,116,0.17972529930732317
v4-room_assignment-034,v4-room_assignment-034--B--answer-A--neutral,test,room_assignment,T3,B,A,neutral,incorrect,contradicted,"According to this record, what is the seminar room for Avelune Academy 034?","The following registry describes fictional Avelune Academy 034. Each value has its own field:
Suite 7167 is listed under seminar room.
Suite 7166 is listed under storage room.","For Avelune Academy 034, the seminar room is Suite 7166.",21,21.434917449951172,1.0207103490829468,88,88,108,109,0.4162482406900032
v4-room_assignment-034,v4-room_assignment-034--B--answer-A--confident,test,room_assignment,T3,B,A,confident,incorrect,contradicted,"According to this record, what is the seminar room for Avelune Academy 034?","The following registry describes fictional Avelune Academy 034. Each value has its own field:
Suite 7167 is listed under seminar room.
Suite 7166 is listed under storage room.","I am certain about this answer. For Avelune Academy 034, the seminar room is Suite 7166.",28,57.593772888183594,2.0569205284118652,88,88,115,116,0.29653708642643833
v4-room_assignment-034,v4-room_assignment-034--B--answer-A--hedged,test,room_assignment,T3,B,A,hedged,incorrect,contradicted,"According to this record, what is the seminar room for Avelune Academy 034?","The following registry describes fictional Avelune Academy 034. Each value has its own field:
Suite 7167 is listed under seminar room.
Suite 7166 is listed under storage room.","I am uncertain about this answer. For Avelune Academy 034, the seminar room is Suite 7166.",28,56.92231750488281,2.032939910888672,88,88,115,116,0.22447090139311934
v4-room_assignment-034,v4-room_assignment-034--B--answer-B--neutral,test,room_assignment,T3,B,B,neutral,correct,supported,"According to this record, what is the seminar room for Avelune Academy 034?","The following registry describes fictional Avelune Academy 034. Each value has its own field:
Suite 7167 is listed under seminar room.
Suite 7166 is listed under storage room.","For Avelune Academy 034, the seminar room is Suite 7167.",21,15.410835266113281,0.733849287033081,88,88,108,109,0.4429815815746675
v4-room_assignment-034,v4-room_assignment-034--B--answer-B--confident,test,room_assignment,T3,B,B,confident,correct,supported,"According to this record, what is the seminar room for Avelune Academy 034?","The following registry describes fictional Avelune Academy 034. Each value has its own field:
Suite 7167 is listed under seminar room.
Suite 7166 is listed under storage room.","I am certain about this answer. For Avelune Academy 034, the seminar room is Suite 7167.",28,52.310401916503906,1.8682286739349365,88,88,115,116,0.31609893497096536
v4-room_assignment-034,v4-room_assignment-034--B--answer-B--hedged,test,room_assignment,T3,B,B,hedged,correct,supported,"According to this record, what is the seminar room for Avelune Academy 034?","The following registry describes fictional Avelune Academy 034. Each value has its own field:
Suite 7167 is listed under seminar room.
Suite 7166 is listed under storage room.","I am uncertain about this answer. For Avelune Academy 034, the seminar room is Suite 7167.",28,53.43199157714844,1.90828537940979,88,88,115,116,0.2493064113441093
v4-room_assignment-034,v4-room_assignment-034--omitted--answer-A--neutral,test,room_assignment,T3,omitted,A,neutral,,absent,"According to this record, what is the seminar room for Avelune Academy 034?","The following registry describes fictional Avelune Academy 034. Each value has its own field:
Suite 7167 is listed under reading room.
Suite 7166 is listed under meeting room.","For Avelune Academy 034, the seminar room is Suite 7166.",21,23.45741081237793,1.117019534111023,88,88,108,109,0.33513705033538277
v4-room_assignment-034,v4-room_assignment-034--omitted--answer-A--confident,test,room_assignment,T3,omitted,A,confident,,absent,"According to this record, what is the seminar room for Avelune Academy 034?","The following registry describes fictional Avelune Academy 034. Each value has its own field:
Suite 7167 is listed under reading room.
Suite 7166 is listed under meeting room.","I am certain about this answer. For Avelune Academy 034, the seminar room is Suite 7166.",28,54.32943344116211,1.9403369426727295,88,88,115,116,0.242473687362243
v4-room_assignment-034,v4-room_assignment-034--omitted--answer-A--hedged,test,room_assignment,T3,omitted,A,hedged,,absent,"According to this record, what is the seminar room for Avelune Academy 034?","The following registry describes fictional Avelune Academy 034. Each value has its own field:
Suite 7167 is listed under reading room.
Suite 7166 is listed under meeting room.","I am uncertain about this answer. For Avelune Academy 034, the seminar room is Suite 7166.",28,54.92196273803711,1.9614986181259155,88,88,115,116,0.16852767443469735
v4-room_assignment-034,v4-room_assignment-034--omitted--answer-B--neutral,test,room_assignment,T3,omitted,B,neutral,,absent,"According to this record, what is the seminar room for Avelune Academy 034?","The following registry describes fictional Avelune Academy 034. Each value has its own field:
Suite 7167 is listed under reading room.
Suite 7166 is listed under meeting room.","For Avelune Academy 034, the seminar room is Suite 7167.",21,23.41026496887207,1.114774465560913,88,88,108,109,0.32655044816877477
v4-room_assignment-034,v4-room_assignment-034--omitted--answer-B--confident,test,room_assignment,T3,omitted,B,confident,,absent,"According to this record, what is the seminar room for Avelune Academy 034?","The following registry describes fictional Avelune Academy 034. Each value has its own field:
Suite 7167 is listed under reading room.
Suite 7166 is listed under meeting room.","I am certain about this answer. For Avelune Academy 034, the seminar room is Suite 7167.",28,54.69172668457031,1.9532759189605713,88,88,115,116,0.23283529417942878
v4-room_assignment-034,v4-room_assignment-034--omitted--answer-B--hedged,test,room_assignment,T3,omitted,B,hedged,,absent,"According to this record, what is the seminar room for Avelune Academy 034?","The following registry describes fictional Avelune Academy 034. Each value has its own field:
Suite 7167 is listed under reading room.
Suite 7166 is listed under meeting room.","I am uncertain about this answer. For Avelune Academy 034, the seminar room is Suite 7167.",28,55.42633819580078,1.979512095451355,88,88,115,116,0.16010296880939334
v4-room_assignment-035,v4-room_assignment-035--A--answer-A--neutral,test,room_assignment,T3,A,A,neutral,correct,supported,"According to this record, what is the seminar room for Avelune Academy 035?","The following registry describes fictional Avelune Academy 035. Each value has its own field:
Suite 7168 is listed under seminar room.
Suite 7169 is listed under storage room.","For Avelune Academy 035, the seminar room is Suite 7168.",21,15.70401382446289,0.7478101849555969,88,88,108,109,0.442286949722294
v4-room_assignment-035,v4-room_assignment-035--A--answer-A--confident,test,room_assignment,T3,A,A,confident,correct,supported,"According to this record, what is the seminar room for Avelune Academy 035?","The following registry describes fictional Avelune Academy 035. Each value has its own field:
Suite 7168 is listed under seminar room.
Suite 7169 is listed under storage room.","I am certain about this answer. For Avelune Academy 035, the seminar room is Suite 7168.",28,52.29608917236328,1.8677175045013428,88,88,115,116,0.3205797099015887
v4-room_assignment-035,v4-room_assignment-035--A--answer-A--hedged,test,room_assignment,T3,A,A,hedged,correct,supported,"According to this record, what is the seminar room for Avelune Academy 035?","The following registry describes fictional Avelune Academy 035. Each value has its own field:
Suite 7168 is listed under seminar room.
Suite 7169 is listed under storage room.","I am uncertain about this answer. For Avelune Academy 035, the seminar room is Suite 7168.",28,54.46156311035156,1.9450558423995972,88,88,115,116,0.2492083528796705
v4-room_assignment-035,v4-room_assignment-035--A--answer-B--neutral,test,room_assignment,T3,A,B,neutral,incorrect,contradicted,"According to this record, what is the seminar room for Avelune Academy 035?","The following registry describes fictional Avelune Academy 035. Each value has its own field:
Suite 7168 is listed under seminar room.
Suite 7169 is listed under storage room.","For Avelune Academy 035, the seminar room is Suite 7169.",21,23.276256561279297,1.1083931922912598,88,88,108,109,0.40358039940264945
v4-room_assignment-035,v4-room_assignment-035--A--answer-B--confident,test,room_assignment,T3,A,B,confident,incorrect,contradicted,"According to this record, what is the seminar room for Avelune Academy 035?","The following registry describes fictional Avelune Academy 035. Each value has its own field:
Suite 7168 is listed under seminar room.
Suite 7169 is listed under storage room.","I am certain about this answer. For Avelune Academy 035, the seminar room is Suite 7169.",28,59.35968780517578,2.1199889183044434,88,88,115,116,0.2924429292218746
v4-room_assignment-035,v4-room_assignment-035--A--answer-B--hedged,test,room_assignment,T3,A,B,hedged,incorrect,contradicted,"According to this record, what is the seminar room for Avelune Academy 035?","The following registry describes fictional Avelune Academy 035. Each value has its own field:
Suite 7168 is listed under seminar room.
Suite 7169 is listed under storage room.","I am uncertain about this answer. For Avelune Academy 035, the seminar room is Suite 7169.",28,59.70225524902344,2.13222336769104,88,88,115,116,0.21532749531151396
v4-room_assignment-035,v4-room_assignment-035--B--answer-A--neutral,test,room_assignment,T3,B,A,neutral,incorrect,contradicted,"According to this record, what is the seminar room for Avelune Academy 035?","The following registry describes fictional Avelune Academy 035. Each value has its own field:
Suite 7168 is listed under storage room.
Suite 7169 is listed under seminar room.","For Avelune Academy 035, the seminar room is Suite 7168.",21,26.667177200317383,1.26986563205719,88,88,108,109,0.3387721889814369
v4-room_assignment-035,v4-room_assignment-035--B--answer-A--confident,test,room_assignment,T3,B,A,confident,incorrect,contradicted,"According to this record, what is the seminar room for Avelune Academy 035?","The following registry describes fictional Avelune Academy 035. Each value has its own field:
Suite 7168 is listed under storage room.
Suite 7169 is listed under seminar room.","I am certain about this answer. For Avelune Academy 035, the seminar room is Suite 7168.",28,60.913421630859375,2.1754794120788574,88,88,115,116,0.22892464365242476
v4-room_assignment-035,v4-room_assignment-035--B--answer-A--hedged,test,room_assignment,T3,B,A,hedged,incorrect,contradicted,"According to this record, what is the seminar room for Avelune Academy 035?","The following registry describes fictional Avelune Academy 035. Each value has its own field:
Suite 7168 is listed under storage room.
Suite 7169 is listed under seminar room.","I am uncertain about this answer. For Avelune Academy 035, the seminar room is Suite 7168.",28,61.68524932861328,2.2030446529388428,88,88,115,116,0.16278877675795062
v4-room_assignment-035,v4-room_assignment-035--B--answer-B--neutral,test,room_assignment,T3,B,B,neutral,correct,supported,"According to this record, what is the seminar room for Avelune Academy 035?","The following registry describes fictional Avelune Academy 035. Each value has its own field:
Suite 7168 is listed under storage room.
Suite 7169 is listed under seminar room.","For Avelune Academy 035, the seminar room is Suite 7169.",21,17.65524673461914,0.8407260179519653,88,88,108,109,0.37941589677600873
v4-room_assignment-035,v4-room_assignment-035--B--answer-B--confident,test,room_assignment,T3,B,B,confident,correct,supported,"According to this record, what is the seminar room for Avelune Academy 035?","The following registry describes fictional Avelune Academy 035. Each value has its own field:
Suite 7168 is listed under storage room.
Suite 7169 is listed under seminar room.","I am certain about this answer. For Avelune Academy 035, the seminar room is Suite 7169.",28,52.75543212890625,1.884122610092163,88,88,115,116,0.25756321341511046
v4-room_assignment-035,v4-room_assignment-035--B--answer-B--hedged,test,room_assignment,T3,B,B,hedged,correct,supported,"According to this record, what is the seminar room for Avelune Academy 035?","The following registry describes fictional Avelune Academy 035. Each value has its own field:
Suite 7168 is listed under storage room.
Suite 7169 is listed under seminar room.","I am uncertain about this answer. For Avelune Academy 035, the seminar room is Suite 7169.",28,55.05754852294922,1.9663410186767578,88,88,115,116,0.19442792112484572
v4-room_assignment-035,v4-room_assignment-035--omitted--answer-A--neutral,test,room_assignment,T3,omitted,A,neutral,,absent,"According to this record, what is the seminar room for Avelune Academy 035?","The following registry describes fictional Avelune Academy 035. Each value has its own field:
Suite 7168 is listed under meeting room.
Suite 7169 is listed under reading room.","For Avelune Academy 035, the seminar room is Suite 7168.",21,24.03394889831543,1.1444737911224365,88,88,108,109,0.3383260461845771
v4-room_assignment-035,v4-room_assignment-035--omitted--answer-A--confident,test,room_assignment,T3,omitted,A,confident,,absent,"According to this record, what is the seminar room for Avelune Academy 035?","The following registry describes fictional Avelune Academy 035. Each value has its own field:
Suite 7168 is listed under meeting room.
Suite 7169 is listed under reading room.","I am certain about this answer. For Avelune Academy 035, the seminar room is Suite 7168.",28,54.883140563964844,1.96011221408844,88,88,115,116,0.2278329746235145
v4-room_assignment-035,v4-room_assignment-035--omitted--answer-A--hedged,test,room_assignment,T3,omitted,A,hedged,,absent,"According to this record, what is the seminar room for Avelune Academy 035?","The following registry describes fictional Avelune Academy 035. Each value has its own field:
Suite 7168 is listed under meeting room.
Suite 7169 is listed under reading room.","I am uncertain about this answer. For Avelune Academy 035, the seminar room is Suite 7168.",28,56.34687805175781,2.0123884677886963,88,88,115,116,0.1669400155144549
v4-room_assignment-035,v4-room_assignment-035--omitted--answer-B--neutral,test,room_assignment,T3,omitted,B,neutral,,absent,"According to this record, what is the seminar room for Avelune Academy 035?","The following registry describes fictional Avelune Academy 035. Each value has its own field:
Suite 7168 is listed under meeting room.
Suite 7169 is listed under reading room.","For Avelune Academy 035, the seminar room is Suite 7169.",21,26.866735458374023,1.2793684005737305,88,88,108,109,0.32596408488118955
v4-room_assignment-035,v4-room_assignment-035--omitted--answer-B--confident,test,room_assignment,T3,omitted,B,confident,,absent,"According to this record, what is the seminar room for Avelune Academy 035?","The following registry describes fictional Avelune Academy 035. Each value has its own field:
Suite 7168 is listed under meeting room.
Suite 7169 is listed under reading room.","I am certain about this answer. For Avelune Academy 035, the seminar room is Suite 7169.",28,56.650001525878906,2.023214340209961,88,88,115,116,0.22482514828655153
v4-room_assignment-035,v4-room_assignment-035--omitted--answer-B--hedged,test,room_assignment,T3,omitted,B,hedged,,absent,"According to this record, what is the seminar room for Avelune Academy 035?","The following registry describes fictional Avelune Academy 035. Each value has its own field:
Suite 7168 is listed under meeting room.
Suite 7169 is listed under reading room.","I am uncertain about this answer. For Avelune Academy 035, the seminar room is Suite 7169.",28,58.24473571777344,2.080169200897217,88,88,115,116,0.1631980654631075
v4-room_assignment-036,v4-room_assignment-036--A--answer-A--neutral,test,room_assignment,T3,A,A,neutral,correct,supported,"According to this record, what is the seminar room for Avelune Academy 036?","The following registry describes fictional Avelune Academy 036. Each value has its own field:
Suite 7171 is listed under storage room.
Suite 7170 is listed under seminar room.","For Avelune Academy 036, the seminar room is Suite 7170.",21,18.012821197509766,0.8577533960342407,88,88,108,109,0.3477110402423843
v4-room_assignment-036,v4-room_assignment-036--A--answer-A--confident,test,room_assignment,T3,A,A,confident,correct,supported,"According to this record, what is the seminar room for Avelune Academy 036?","The following registry describes fictional Avelune Academy 036. Each value has its own field:
Suite 7171 is listed under storage room.
Suite 7170 is listed under seminar room.","I am certain about this answer. For Avelune Academy 036, the seminar room is Suite 7170.",28,53.002098083496094,1.8929320573806763,88,88,115,116,0.23251103931941522
v4-room_assignment-036,v4-room_assignment-036--A--answer-A--hedged,test,room_assignment,T3,A,A,hedged,correct,supported,"According to this record, what is the seminar room for Avelune Academy 036?","The following registry describes fictional Avelune Academy 036. Each value has its own field:
Suite 7171 is listed under storage room.
Suite 7170 is listed under seminar room.","I am uncertain about this answer. For Avelune Academy 036, the seminar room is Suite 7170.",28,55.14936065673828,1.9696199893951416,88,88,115,116,0.17222039542808626
v4-room_assignment-036,v4-room_assignment-036--A--answer-B--neutral,test,room_assignment,T3,A,B,neutral,incorrect,contradicted,"According to this record, what is the seminar room for Avelune Academy 036?","The following registry describes fictional Avelune Academy 036. Each value has its own field:
Suite 7171 is listed under storage room.
Suite 7170 is listed under seminar room.","For Avelune Academy 036, the seminar room is Suite 7171.",21,23.649274826049805,1.126155972480774,88,88,108,109,0.29945905525642785
v4-room_assignment-036,v4-room_assignment-036--A--answer-B--confident,test,room_assignment,T3,A,B,confident,incorrect,contradicted,"According to this record, what is the seminar room for Avelune Academy 036?","The following registry describes fictional Avelune Academy 036. Each value has its own field:
Suite 7171 is listed under storage room.
Suite 7170 is listed under seminar room.","I am certain about this answer. For Avelune Academy 036, the seminar room is Suite 7171.",28,58.15746307373047,2.077052354812622,88,88,115,116,0.2008240281789413
v4-room_assignment-036,v4-room_assignment-036--A--answer-B--hedged,test,room_assignment,T3,A,B,hedged,incorrect,contradicted,"According to this record, what is the seminar room for Avelune Academy 036?","The following registry describes fictional Avelune Academy 036. Each value has its own field:
Suite 7171 is listed under storage room.
Suite 7170 is listed under seminar room.","I am uncertain about this answer. For Avelune Academy 036, the seminar room is Suite 7171.",28,59.443870544433594,2.122995376586914,88,88,115,116,0.13621601004151235
v4-room_assignment-036,v4-room_assignment-036--B--answer-A--neutral,test,room_assignment,T3,B,A,neutral,incorrect,contradicted,"According to this record, what is the seminar room for Avelune Academy 036?","The following registry describes fictional Avelune Academy 036. Each value has its own field:
Suite 7171 is listed under seminar room.
Suite 7170 is listed under storage room.","For Avelune Academy 036, the seminar room is Suite 7170.",21,26.069969177246094,1.2414270639419556,88,88,108,109,0.357928955787862
v4-room_assignment-036,v4-room_assignment-036--B--answer-A--confident,test,room_assignment,T3,B,A,confident,incorrect,contradicted,"According to this record, what is the seminar room for Avelune Academy 036?","The following registry describes fictional Avelune Academy 036. Each value has its own field:
Suite 7171 is listed under seminar room.
Suite 7170 is listed under storage room.","I am certain about this answer. For Avelune Academy 036, the seminar room is Suite 7170.",28,61.412010192871094,2.193286180496216,88,88,115,116,0.2471951730287522
v4-room_assignment-036,v4-room_assignment-036--B--answer-A--hedged,test,room_assignment,T3,B,A,hedged,incorrect,contradicted,"According to this record, what is the seminar room for Avelune Academy 036?","The following registry describes fictional Avelune Academy 036. Each value has its own field:
Suite 7171 is listed under seminar room.
Suite 7170 is listed under storage room.","I am uncertain about this answer. For Avelune Academy 036, the seminar room is Suite 7170.",28,61.83266067504883,2.2083094120025635,88,88,115,116,0.17327681034028164
v4-room_assignment-036,v4-room_assignment-036--B--answer-B--neutral,test,room_assignment,T3,B,B,neutral,correct,supported,"According to this record, what is the seminar room for Avelune Academy 036?","The following registry describes fictional Avelune Academy 036. Each value has its own field:
Suite 7171 is listed under seminar room.
Suite 7170 is listed under storage room.","For Avelune Academy 036, the seminar room is Suite 7171.",21,15.264911651611328,0.726900577545166,88,88,108,109,0.408832115802254
v4-room_assignment-036,v4-room_assignment-036--B--answer-B--confident,test,room_assignment,T3,B,B,confident,correct,supported,"According to this record, what is the seminar room for Avelune Academy 036?","The following registry describes fictional Avelune Academy 036. Each value has its own field:
Suite 7171 is listed under seminar room.
Suite 7170 is listed under storage room.","I am certain about this answer. For Avelune Academy 036, the seminar room is Suite 7171.",28,51.7423095703125,1.8479396104812622,88,88,115,116,0.2915640400973958
v4-room_assignment-036,v4-room_assignment-036--B--answer-B--hedged,test,room_assignment,T3,B,B,hedged,correct,supported,"According to this record, what is the seminar room for Avelune Academy 036?","The following registry describes fictional Avelune Academy 036. Each value has its own field:
Suite 7171 is listed under seminar room.
Suite 7170 is listed under storage room.","I am uncertain about this answer. For Avelune Academy 036, the seminar room is Suite 7171.",28,53.93235778808594,1.926155686378479,88,88,115,116,0.2219369978911147
v4-room_assignment-036,v4-room_assignment-036--omitted--answer-A--neutral,test,room_assignment,T3,omitted,A,neutral,,absent,"According to this record, what is the seminar room for Avelune Academy 036?","The following registry describes fictional Avelune Academy 036. Each value has its own field:
Suite 7171 is listed under reading room.
Suite 7170 is listed under meeting room.","For Avelune Academy 036, the seminar room is Suite 7170.",21,23.997159957885742,1.1427218914031982,88,88,108,109,0.2700090944539683
v4-room_assignment-036,v4-room_assignment-036--omitted--answer-A--confident,test,room_assignment,T3,omitted,A,confident,,absent,"According to this record, what is the seminar room for Avelune Academy 036?","The following registry describes fictional Avelune Academy 036. Each value has its own field:
Suite 7171 is listed under reading room.
Suite 7170 is listed under meeting room.","I am certain about this answer. For Avelune Academy 036, the seminar room is Suite 7170.",28,54.393890380859375,1.9426389932632446,88,88,115,116,0.19191577610311256
v4-room_assignment-036,v4-room_assignment-036--omitted--answer-A--hedged,test,room_assignment,T3,omitted,A,hedged,,absent,"According to this record, what is the seminar room for Avelune Academy 036?","The following registry describes fictional Avelune Academy 036. Each value has its own field:
Suite 7171 is listed under reading room.
Suite 7170 is listed under meeting room.","I am uncertain about this answer. For Avelune Academy 036, the seminar room is Suite 7170.",28,55.97814178466797,1.999219298362732,88,88,115,116,0.1213140801963041
v4-room_assignment-036,v4-room_assignment-036--omitted--answer-B--neutral,test,room_assignment,T3,omitted,B,neutral,,absent,"According to this record, what is the seminar room for Avelune Academy 036?","The following registry describes fictional Avelune Academy 036. Each value has its own field:
Suite 7171 is listed under reading room.
Suite 7170 is listed under meeting room.","For Avelune Academy 036, the seminar room is Suite 7171.",21,25.272239685058594,1.2034399509429932,88,88,108,109,0.2668222624645058
v4-room_assignment-036,v4-room_assignment-036--omitted--answer-B--confident,test,room_assignment,T3,omitted,B,confident,,absent,"According to this record, what is the seminar room for Avelune Academy 036?","The following registry describes fictional Avelune Academy 036. Each value has its own field:
Suite 7171 is listed under reading room.
Suite 7170 is listed under meeting room.","I am certain about this answer. For Avelune Academy 036, the seminar room is Suite 7171.",28,55.46559143066406,1.9809139966964722,88,88,115,116,0.1858130688014341
v4-room_assignment-036,v4-room_assignment-036--omitted--answer-B--hedged,test,room_assignment,T3,omitted,B,hedged,,absent,"According to this record, what is the seminar room for Avelune Academy 036?","The following registry describes fictional Avelune Academy 036. Each value has its own field:
Suite 7171 is listed under reading room.
Suite 7170 is listed under meeting room.","I am uncertain about this answer. For Avelune Academy 036, the seminar room is Suite 7171.",28,56.5614128112793,2.020050525665283,88,88,115,116,0.11327289441797038
v4-room_assignment-037,v4-room_assignment-037--A--answer-A--neutral,test,room_assignment,T4,A,A,neutral,correct,supported,Find the room for seminars at Avelune Academy 037 in this registry.,"This entry concerns fictional Avelune Academy 037. Values are assigned to distinct fields:
Value: Suite 7172; field: seminar room.
Value: Suite 7173; field: storage room.",Suite 7172 is the seminar room recorded for Avelune Academy 037.,21,32.51261520385742,1.5482197999954224,89,89,109,110,0.2141085133669579
v4-room_assignment-037,v4-room_assignment-037--A--answer-A--confident,test,room_assignment,T4,A,A,confident,correct,supported,Find the room for seminars at Avelune Academy 037 in this registry.,"This entry concerns fictional Avelune Academy 037. Values are assigned to distinct fields:
Value: Suite 7172; field: seminar room.
Value: Suite 7173; field: storage room.",Suite 7172 is the seminar room recorded for Avelune Academy 037. I can state this with confidence.,28,59.26467514038086,2.116595506668091,89,89,116,117,0.24657496796468537
v4-room_assignment-037,v4-room_assignment-037--A--answer-A--hedged,test,room_assignment,T4,A,A,hedged,correct,supported,Find the room for seminars at Avelune Academy 037 in this registry.,"This entry concerns fictional Avelune Academy 037. Values are assigned to distinct fields:
Value: Suite 7172; field: seminar room.
Value: Suite 7173; field: storage room.",Suite 7172 is the seminar room recorded for Avelune Academy 037. I can only suggest this tentatively.,29,75.73019409179688,2.6113860607147217,89,89,117,118,-0.002301028650892531
v4-room_assignment-037,v4-room_assignment-037--A--answer-B--neutral,test,room_assignment,T4,A,B,neutral,incorrect,contradicted,Find the room for seminars at Avelune Academy 037 in this registry.,"This entry concerns fictional Avelune Academy 037. Values are assigned to distinct fields:
Value: Suite 7172; field: seminar room.
Value: Suite 7173; field: storage room.",Suite 7173 is the seminar room recorded for Avelune Academy 037.,21,42.66498565673828,2.0316660404205322,89,89,109,110,0.09819582037859378
v4-room_assignment-037,v4-room_assignment-037--A--answer-B--confident,test,room_assignment,T4,A,B,confident,incorrect,contradicted,Find the room for seminars at Avelune Academy 037 in this registry.,"This entry concerns fictional Avelune Academy 037. Values are assigned to distinct fields:
Value: Suite 7172; field: seminar room.
Value: Suite 7173; field: storage room.",Suite 7173 is the seminar room recorded for Avelune Academy 037. I can state this with confidence.,28,70.52352905273438,2.518697500228882,89,89,116,117,0.15500296751616832
v4-room_assignment-037,v4-room_assignment-037--A--answer-B--hedged,test,room_assignment,T4,A,B,hedged,incorrect,contradicted,Find the room for seminars at Avelune Academy 037 in this registry.,"This entry concerns fictional Avelune Academy 037. Values are assigned to distinct fields:
Value: Suite 7172; field: seminar room.
Value: Suite 7173; field: storage room.",Suite 7173 is the seminar room recorded for Avelune Academy 037. I can only suggest this tentatively.,29,87.365478515625,3.0126028060913086,89,89,117,118,-0.09351220967620272
v4-room_assignment-037,v4-room_assignment-037--B--answer-A--neutral,test,room_assignment,T4,B,A,neutral,incorrect,contradicted,Find the room for seminars at Avelune Academy 037 in this registry.,"This entry concerns fictional Avelune Academy 037. Values are assigned to distinct fields:
Value: Suite 7172; field: storage room.
Value: Suite 7173; field: seminar room.",Suite 7172 is the seminar room recorded for Avelune Academy 037.,21,48.947696685791016,2.3308427333831787,89,89,109,110,0.09840313122569846
v4-room_assignment-037,v4-room_assignment-037--B--answer-A--confident,test,room_assignment,T4,B,A,confident,incorrect,contradicted,Find the room for seminars at Avelune Academy 037 in this registry.,"This entry concerns fictional Avelune Academy 037. Values are assigned to distinct fields:
Value: Suite 7172; field: storage room.
Value: Suite 7173; field: seminar room.",Suite 7172 is the seminar room recorded for Avelune Academy 037. I can state this with confidence.,28,75.23431396484375,2.6869397163391113,89,89,116,117,0.15844113337549004
v4-room_assignment-037,v4-room_assignment-037--B--answer-A--hedged,test,room_assignment,T4,B,A,hedged,incorrect,contradicted,Find the room for seminars at Avelune Academy 037 in this registry.,"This entry concerns fictional Avelune Academy 037. Values are assigned to distinct fields:
Value: Suite 7172; field: storage room.
Value: Suite 7173; field: seminar room.",Suite 7172 is the seminar room recorded for Avelune Academy 037. I can only suggest this tentatively.,29,91.87045288085938,3.1679465770721436,89,89,117,118,-0.09075662255840311
v4-room_assignment-037,v4-room_assignment-037--B--answer-B--neutral,test,room_assignment,T4,B,B,neutral,correct,supported,Find the room for seminars at Avelune Academy 037 in this registry.,"This entry concerns fictional Avelune Academy 037. Values are assigned to distinct fields:
Value: Suite 7172; field: storage room.
Value: Suite 7173; field: seminar room.",Suite 7173 is the seminar room recorded for Avelune Academy 037.,21,31.654033660888672,1.5073349475860596,89,89,109,110,0.0696006486243509
v4-room_assignment-037,v4-room_assignment-037--B--answer-B--confident,test,room_assignment,T4,B,B,confident,correct,supported,Find the room for seminars at Avelune Academy 037 in this registry.,"This entry concerns fictional Avelune Academy 037. Values are assigned to distinct fields:
Value: Suite 7172; field: storage room.
Value: Suite 7173; field: seminar room.",Suite 7173 is the seminar room recorded for Avelune Academy 037. I can state this with confidence.,28,59.573455810546875,2.1276233196258545,89,89,116,117,0.13467551621494603
v4-room_assignment-037,v4-room_assignment-037--B--answer-B--hedged,test,room_assignment,T4,B,B,hedged,correct,supported,Find the room for seminars at Avelune Academy 037 in this registry.,"This entry concerns fictional Avelune Academy 037. Values are assigned to distinct fields:
Value: Suite 7172; field: storage room.
Value: Suite 7173; field: seminar room.",Suite 7173 is the seminar room recorded for Avelune Academy 037. I can only suggest this tentatively.,29,76.388916015625,2.6341004371643066,89,89,117,118,-0.11390195849773845
v4-room_assignment-037,v4-room_assignment-037--omitted--answer-A--neutral,test,room_assignment,T4,omitted,A,neutral,,absent,Find the room for seminars at Avelune Academy 037 in this registry.,"This entry concerns fictional Avelune Academy 037. Values are assigned to distinct fields:
Value: Suite 7172; field: meeting room.
Value: Suite 7173; field: reading room.",Suite 7172 is the seminar room recorded for Avelune Academy 037.,21,37.648712158203125,1.7927957773208618,89,89,109,110,0.20798928669958833
v4-room_assignment-037,v4-room_assignment-037--omitted--answer-A--confident,test,room_assignment,T4,omitted,A,confident,,absent,Find the room for seminars at Avelune Academy 037 in this registry.,"This entry concerns fictional Avelune Academy 037. Values are assigned to distinct fields:
Value: Suite 7172; field: meeting room.
Value: Suite 7173; field: reading room.",Suite 7172 is the seminar room recorded for Avelune Academy 037. I can state this with confidence.,28,63.07879638671875,2.2528140544891357,89,89,116,117,0.24135993115421725
v4-room_assignment-037,v4-room_assignment-037--omitted--answer-A--hedged,test,room_assignment,T4,omitted,A,hedged,,absent,Find the room for seminars at Avelune Academy 037 in this registry.,"This entry concerns fictional Avelune Academy 037. Values are assigned to distinct fields:
Value: Suite 7172; field: meeting room.
Value: Suite 7173; field: reading room.",Suite 7172 is the seminar room recorded for Avelune Academy 037. I can only suggest this tentatively.,29,78.41703796386719,2.704035758972168,89,89,117,118,-0.01230276519304381
v4-room_assignment-037,v4-room_assignment-037--omitted--answer-B--neutral,test,room_assignment,T4,omitted,B,neutral,,absent,Find the room for seminars at Avelune Academy 037 in this registry.,"This entry concerns fictional Avelune Academy 037. Values are assigned to distinct fields:
Value: Suite 7172; field: meeting room.
Value: Suite 7173; field: reading room.",Suite 7173 is the seminar room recorded for Avelune Academy 037.,21,37.22386932373047,1.772565245628357,89,89,109,110,0.13283385818460208
v4-room_assignment-037,v4-room_assignment-037--omitted--answer-B--confident,test,room_assignment,T4,omitted,B,confident,,absent,Find the room for seminars at Avelune Academy 037 in this registry.,"This entry concerns fictional Avelune Academy 037. Values are assigned to distinct fields:
Value: Suite 7172; field: meeting room.
Value: Suite 7173; field: reading room.",Suite 7173 is the seminar room recorded for Avelune Academy 037. I can state this with confidence.,28,63.83222579956055,2.2797224521636963,89,89,116,117,0.18250076476273727
v4-room_assignment-037,v4-room_assignment-037--omitted--answer-B--hedged,test,room_assignment,T4,omitted,B,hedged,,absent,Find the room for seminars at Avelune Academy 037 in this registry.,"This entry concerns fictional Avelune Academy 037. Values are assigned to distinct fields:
Value: Suite 7172; field: meeting room.
Value: Suite 7173; field: reading room.",Suite 7173 is the seminar room recorded for Avelune Academy 037. I can only suggest this tentatively.,29,78.92190551757812,2.721445083618164,89,89,117,118,-0.0722624090261804
v4-room_assignment-038,v4-room_assignment-038--A--answer-A--neutral,test,room_assignment,T4,A,A,neutral,correct,supported,Find the room for seminars at Avelune Academy 038 in this registry.,"This entry concerns fictional Avelune Academy 038. Values are assigned to distinct fields:
Value: Suite 7175; field: storage room.
Value: Suite 7174; field: seminar room.",Suite 7174 is the seminar room recorded for Avelune Academy 038.,21,32.965850830078125,1.5698024034500122,89,89,109,110,0.12131528484972565
v4-room_assignment-038,v4-room_assignment-038--A--answer-A--confident,test,room_assignment,T4,A,A,confident,correct,supported,Find the room for seminars at Avelune Academy 038 in this registry.,"This entry concerns fictional Avelune Academy 038. Values are assigned to distinct fields:
Value: Suite 7175; field: storage room.
Value: Suite 7174; field: seminar room.",Suite 7174 is the seminar room recorded for Avelune Academy 038. I can state this with confidence.,28,61.1578483581543,2.184208869934082,89,89,116,117,0.17338846330778412
v4-room_assignment-038,v4-room_assignment-038--A--answer-A--hedged,test,room_assignment,T4,A,A,hedged,correct,supported,Find the room for seminars at Avelune Academy 038 in this registry.,"This entry concerns fictional Avelune Academy 038. Values are assigned to distinct fields:
Value: Suite 7175; field: storage room.
Value: Suite 7174; field: seminar room.",Suite 7174 is the seminar room recorded for Avelune Academy 038. I can only suggest this tentatively.,29,77.78514862060547,2.682246446609497,89,89,117,118,-0.0763004225724701
v4-room_assignment-038,v4-room_assignment-038--A--answer-B--neutral,test,room_assignment,T4,A,B,neutral,incorrect,contradicted,Find the room for seminars at Avelune Academy 038 in this registry.,"This entry concerns fictional Avelune Academy 038. Values are assigned to distinct fields:
Value: Suite 7175; field: storage room.
Value: Suite 7174; field: seminar room.",Suite 7175 is the seminar room recorded for Avelune Academy 038.,21,46.36529541015625,2.207871198654175,89,89,109,110,0.18389229916762934
v4-room_assignment-038,v4-room_assignment-038--A--answer-B--confident,test,room_assignment,T4,A,B,confident,incorrect,contradicted,Find the room for seminars at Avelune Academy 038 in this registry.,"This entry concerns fictional Avelune Academy 038. Values are assigned to distinct fields:
Value: Suite 7175; field: storage room.
Value: Suite 7174; field: seminar room.",Suite 7175 is the seminar room recorded for Avelune Academy 038. I can state this with confidence.,28,72.42720031738281,2.5866856575012207,89,89,116,117,0.21826468765993717
v4-room_assignment-038,v4-room_assignment-038--A--answer-B--hedged,test,room_assignment,T4,A,B,hedged,incorrect,contradicted,Find the room for seminars at Avelune Academy 038 in this registry.,"This entry concerns fictional Avelune Academy 038. Values are assigned to distinct fields:
Value: Suite 7175; field: storage room.
Value: Suite 7174; field: seminar room.",Suite 7175 is the seminar room recorded for Avelune Academy 038. I can only suggest this tentatively.,29,88.84214782714844,3.0635223388671875,89,89,117,118,-0.030524314189152885
v4-room_assignment-038,v4-room_assignment-038--B--answer-A--neutral,test,room_assignment,T4,B,A,neutral,incorrect,contradicted,Find the room for seminars at Avelune Academy 038 in this registry.,"This entry concerns fictional Avelune Academy 038. Values are assigned to distinct fields:
Value: Suite 7175; field: seminar room.
Value: Suite 7174; field: storage room.",Suite 7174 is the seminar room recorded for Avelune Academy 038.,21,43.46656799316406,2.0698366165161133,89,89,109,110,0.11013270504883213
v4-room_assignment-038,v4-room_assignment-038--B--answer-A--confident,test,room_assignment,T4,B,A,confident,incorrect,contradicted,Find the room for seminars at Avelune Academy 038 in this registry.,"This entry concerns fictional Avelune Academy 038. Values are assigned to distinct fields:
Value: Suite 7175; field: seminar room.
Value: Suite 7174; field: storage room.",Suite 7174 is the seminar room recorded for Avelune Academy 038. I can state this with confidence.,28,71.54031372070312,2.55501127243042,89,89,116,117,0.16351110829772375
v4-room_assignment-038,v4-room_assignment-038--B--answer-A--hedged,test,room_assignment,T4,B,A,hedged,incorrect,contradicted,Find the room for seminars at Avelune Academy 038 in this registry.,"This entry concerns fictional Avelune Academy 038. Values are assigned to distinct fields:
Value: Suite 7175; field: seminar room.
Value: Suite 7174; field: storage room.",Suite 7174 is the seminar room recorded for Avelune Academy 038. I can only suggest this tentatively.,29,88.13089752197266,3.038996458053589,89,89,117,118,-0.0855835923132775
v4-room_assignment-038,v4-room_assignment-038--B--answer-B--neutral,test,room_assignment,T4,B,B,neutral,correct,supported,Find the room for seminars at Avelune Academy 038 in this registry.,"This entry concerns fictional Avelune Academy 038. Values are assigned to distinct fields:
Value: Suite 7175; field: seminar room.
Value: Suite 7174; field: storage room.",Suite 7175 is the seminar room recorded for Avelune Academy 038.,21,32.87327194213867,1.5653939247131348,89,89,109,110,0.2714046332474186
v4-room_assignment-038,v4-room_assignment-038--B--answer-B--confident,test,room_assignment,T4,B,B,confident,correct,supported,Find the room for seminars at Avelune Academy 038 in this registry.,"This entry concerns fictional Avelune Academy 038. Values are assigned to distinct fields:
Value: Suite 7175; field: seminar room.
Value: Suite 7174; field: storage room.",Suite 7175 is the seminar room recorded for Avelune Academy 038. I can state this with confidence.,28,59.41332244873047,2.1219043731689453,89,89,116,117,0.281195986864051
v4-room_assignment-038,v4-room_assignment-038--B--answer-B--hedged,test,room_assignment,T4,B,B,hedged,correct,supported,Find the room for seminars at Avelune Academy 038 in this registry.,"This entry concerns fictional Avelune Academy 038. Values are assigned to distinct fields:
Value: Suite 7175; field: seminar room.
Value: Suite 7174; field: storage room.",Suite 7175 is the seminar room recorded for Avelune Academy 038. I can only suggest this tentatively.,29,76.0626449584961,2.622849941253662,89,89,117,118,0.03550812366438531
v4-room_assignment-038,v4-room_assignment-038--omitted--answer-A--neutral,test,room_assignment,T4,omitted,A,neutral,,absent,Find the room for seminars at Avelune Academy 038 in this registry.,"This entry concerns fictional Avelune Academy 038. Values are assigned to distinct fields:
Value: Suite 7175; field: reading room.
Value: Suite 7174; field: meeting room.",Suite 7174 is the seminar room recorded for Avelune Academy 038.,21,39.130210876464844,1.863343358039856,89,89,109,110,0.12748355255554483
v4-room_assignment-038,v4-room_assignment-038--omitted--answer-A--confident,test,room_assignment,T4,omitted,A,confident,,absent,Find the room for seminars at Avelune Academy 038 in this registry.,"This entry concerns fictional Avelune Academy 038. Values are assigned to distinct fields:
Value: Suite 7175; field: reading room.
Value: Suite 7174; field: meeting room.",Suite 7174 is the seminar room recorded for Avelune Academy 038. I can state this with confidence.,28,66.18531799316406,2.3637614250183105,89,89,116,117,0.17649158547393282
v4-room_assignment-038,v4-room_assignment-038--omitted--answer-A--hedged,test,room_assignment,T4,omitted,A,hedged,,absent,Find the room for seminars at Avelune Academy 038 in this registry.,"This entry concerns fictional Avelune Academy 038. Values are assigned to distinct fields:
Value: Suite 7175; field: reading room.
Value: Suite 7174; field: meeting room.",Suite 7174 is the seminar room recorded for Avelune Academy 038. I can only suggest this tentatively.,29,81.26932525634766,2.8023905754089355,89,89,117,118,-0.0746528492564948
v4-room_assignment-038,v4-room_assignment-038--omitted--answer-B--neutral,test,room_assignment,T4,omitted,B,neutral,,absent,Find the room for seminars at Avelune Academy 038 in this registry.,"This entry concerns fictional Avelune Academy 038. Values are assigned to distinct fields:
Value: Suite 7175; field: reading room.
Value: Suite 7174; field: meeting room.",Suite 7175 is the seminar room recorded for Avelune Academy 038.,21,39.68354797363281,1.889692783355713,89,89,109,110,0.2422138892698971
v4-room_assignment-038,v4-room_assignment-038--omitted--answer-B--confident,test,room_assignment,T4,omitted,B,confident,,absent,Find the room for seminars at Avelune Academy 038 in this registry.,"This entry concerns fictional Avelune Academy 038. Values are assigned to distinct fields:
Value: Suite 7175; field: reading room.
Value: Suite 7174; field: meeting room.",Suite 7175 is the seminar room recorded for Avelune Academy 038. I can state this with confidence.,28,64.90768432617188,2.318131685256958,89,89,116,117,0.2589400610719726
v4-room_assignment-038,v4-room_assignment-038--omitted--answer-B--hedged,test,room_assignment,T4,omitted,B,hedged,,absent,Find the room for seminars at Avelune Academy 038 in this registry.,"This entry concerns fictional Avelune Academy 038. Values are assigned to distinct fields:
Value: Suite 7175; field: reading room.
Value: Suite 7174; field: meeting room.",Suite 7175 is the seminar room recorded for Avelune Academy 038. I can only suggest this tentatively.,29,80.37773132324219,2.771646022796631,89,89,117,118,0.01174466393761936
v4-room_assignment-039,v4-room_assignment-039--A--answer-A--neutral,test,room_assignment,T4,A,A,neutral,correct,supported,Find the room for seminars at Avelune Academy 039 in this registry.,"This entry concerns fictional Avelune Academy 039. Values are assigned to distinct fields:
Value: Suite 7176; field: seminar room.
Value: Suite 7177; field: storage room.",Suite 7176 is the seminar room recorded for Avelune Academy 039.,21,34.05659103393555,1.6217424869537354,89,89,109,110,0.25072201316441306
v4-room_assignment-039,v4-room_assignment-039--A--answer-A--confident,test,room_assignment,T4,A,A,confident,correct,supported,Find the room for seminars at Avelune Academy 039 in this registry.,"This entry concerns fictional Avelune Academy 039. Values are assigned to distinct fields:
Value: Suite 7176; field: seminar room.
Value: Suite 7177; field: storage room.",Suite 7176 is the seminar room recorded for Avelune Academy 039. I can state this with confidence.,28,60.523101806640625,2.161539316177368,89,89,116,117,0.27361752395270694
v4-room_assignment-039,v4-room_assignment-039--A--answer-A--hedged,test,room_assignment,T4,A,A,hedged,correct,supported,Find the room for seminars at Avelune Academy 039 in this registry.,"This entry concerns fictional Avelune Academy 039. Values are assigned to distinct fields:
Value: Suite 7176; field: seminar room.
Value: Suite 7177; field: storage room.",Suite 7176 is the seminar room recorded for Avelune Academy 039. I can only suggest this tentatively.,29,77.09317016601562,2.6583852767944336,89,89,117,118,0.021531328865090432
v4-room_assignment-039,v4-room_assignment-039--A--answer-B--neutral,test,room_assignment,T4,A,B,neutral,incorrect,contradicted,Find the room for seminars at Avelune Academy 039 in this registry.,"This entry concerns fictional Avelune Academy 039. Values are assigned to distinct fields:
Value: Suite 7176; field: seminar room.
Value: Suite 7177; field: storage room.",Suite 7177 is the seminar room recorded for Avelune Academy 039.,21,42.55029296875,2.0262043476104736,89,89,109,110,0.1433699301366097
v4-room_assignment-039,v4-room_assignment-039--A--answer-B--confident,test,room_assignment,T4,A,B,confident,incorrect,contradicted,Find the room for seminars at Avelune Academy 039 in this registry.,"This entry concerns fictional Avelune Academy 039. Values are assigned to distinct fields:
Value: Suite 7176; field: seminar room.
Value: Suite 7177; field: storage room.",Suite 7177 is the seminar room recorded for Avelune Academy 039. I can state this with confidence.,28,70.13350677490234,2.504768133163452,89,89,116,117,0.1919259625440104
v4-room_assignment-039,v4-room_assignment-039--A--answer-B--hedged,test,room_assignment,T4,A,B,hedged,incorrect,contradicted,Find the room for seminars at Avelune Academy 039 in this registry.,"This entry concerns fictional Avelune Academy 039. Values are assigned to distinct fields:
Value: Suite 7176; field: seminar room.
Value: Suite 7177; field: storage room.",Suite 7177 is the seminar room recorded for Avelune Academy 039. I can only suggest this tentatively.,29,86.91249084472656,2.9969823360443115,89,89,117,118,-0.06533355249157577
v4-room_assignment-039,v4-room_assignment-039--B--answer-A--neutral,test,room_assignment,T4,B,A,neutral,incorrect,contradicted,Find the room for seminars at Avelune Academy 039 in this registry.,"This entry concerns fictional Avelune Academy 039. Values are assigned to distinct fields:
Value: Suite 7176; field: storage room.
Value: Suite 7177; field: seminar room.",Suite 7176 is the seminar room recorded for Avelune Academy 039.,21,50.79813766479492,2.418958902359009,89,89,109,110,0.13752268580549065
v4-room_assignment-039,v4-room_assignment-039--B--answer-A--confident,test,room_assignment,T4,B,A,confident,incorrect,contradicted,Find the room for seminars at Avelune Academy 039 in this registry.,"This entry concerns fictional Avelune Academy 039. Values are assigned to distinct fields:
Value: Suite 7176; field: storage room.
Value: Suite 7177; field: seminar room.",Suite 7176 is the seminar room recorded for Avelune Academy 039. I can state this with confidence.,28,76.6913070678711,2.7389752864837646,89,89,116,117,0.18757555703046652
v4-room_assignment-039,v4-room_assignment-039--B--answer-A--hedged,test,room_assignment,T4,B,A,hedged,incorrect,contradicted,Find the room for seminars at Avelune Academy 039 in this registry.,"This entry concerns fictional Avelune Academy 039. Values are assigned to distinct fields:
Value: Suite 7176; field: storage room.
Value: Suite 7177; field: seminar room.",Suite 7176 is the seminar room recorded for Avelune Academy 039. I can only suggest this tentatively.,29,93.32351684570312,3.218052387237549,89,89,117,118,-0.06503830569318095
v4-room_assignment-039,v4-room_assignment-039--B--answer-B--neutral,test,room_assignment,T4,B,B,neutral,correct,supported,Find the room for seminars at Avelune Academy 039 in this registry.,"This entry concerns fictional Avelune Academy 039. Values are assigned to distinct fields:
Value: Suite 7176; field: storage room.
Value: Suite 7177; field: seminar room.",Suite 7177 is the seminar room recorded for Avelune Academy 039.,21,31.739824295043945,1.5114202499389648,89,89,109,110,0.13760434836542873
v4-room_assignment-039,v4-room_assignment-039--B--answer-B--confident,test,room_assignment,T4,B,B,confident,correct,supported,Find the room for seminars at Avelune Academy 039 in this registry.,"This entry concerns fictional Avelune Academy 039. Values are assigned to distinct fields:
Value: Suite 7176; field: storage room.
Value: Suite 7177; field: seminar room.",Suite 7177 is the seminar room recorded for Avelune Academy 039. I can state this with confidence.,28,59.70845031738281,2.1324446201324463,89,89,116,117,0.18381610316813154
v4-room_assignment-039,v4-room_assignment-039--B--answer-B--hedged,test,room_assignment,T4,B,B,hedged,correct,supported,Find the room for seminars at Avelune Academy 039 in this registry.,"This entry concerns fictional Avelune Academy 039. Values are assigned to distinct fields:
Value: Suite 7176; field: storage room.
Value: Suite 7177; field: seminar room.",Suite 7177 is the seminar room recorded for Avelune Academy 039. I can only suggest this tentatively.,29,76.64434051513672,2.6429083347320557,89,89,117,118,-0.06985134755632638
v4-room_assignment-039,v4-room_assignment-039--omitted--answer-A--neutral,test,room_assignment,T4,omitted,A,neutral,,absent,Find the room for seminars at Avelune Academy 039 in this registry.,"This entry concerns fictional Avelune Academy 039. Values are assigned to distinct fields:
Value: Suite 7176; field: meeting room.
Value: Suite 7177; field: reading room.",Suite 7176 is the seminar room recorded for Avelune Academy 039.,21,38.51725387573242,1.8341549634933472,89,89,109,110,0.23094836556203033
v4-room_assignment-039,v4-room_assignment-039--omitted--answer-A--confident,test,room_assignment,T4,omitted,A,confident,,absent,Find the room for seminars at Avelune Academy 039 in this registry.,"This entry concerns fictional Avelune Academy 039. Values are assigned to distinct fields:
Value: Suite 7176; field: meeting room.
Value: Suite 7177; field: reading room.",Suite 7176 is the seminar room recorded for Avelune Academy 039. I can state this with confidence.,28,63.46717834472656,2.2666850090026855,89,89,116,117,0.2574315163163765
v4-room_assignment-039,v4-room_assignment-039--omitted--answer-A--hedged,test,room_assignment,T4,omitted,A,hedged,,absent,Find the room for seminars at Avelune Academy 039 in this registry.,"This entry concerns fictional Avelune Academy 039. Values are assigned to distinct fields:
Value: Suite 7176; field: meeting room.
Value: Suite 7177; field: reading room.",Suite 7176 is the seminar room recorded for Avelune Academy 039. I can only suggest this tentatively.,29,78.57125091552734,2.709353446960449,89,89,117,118,0.0012970836045184259
v4-room_assignment-039,v4-room_assignment-039--omitted--answer-B--neutral,test,room_assignment,T4,omitted,B,neutral,,absent,Find the room for seminars at Avelune Academy 039 in this registry.,"This entry concerns fictional Avelune Academy 039. Values are assigned to distinct fields:
Value: Suite 7176; field: meeting room.
Value: Suite 7177; field: reading room.",Suite 7177 is the seminar room recorded for Avelune Academy 039.,21,38.84779357910156,1.8498948812484741,89,89,109,110,0.16534198390637783
v4-room_assignment-039,v4-room_assignment-039--omitted--answer-B--confident,test,room_assignment,T4,omitted,B,confident,,absent,Find the room for seminars at Avelune Academy 039 in this registry.,"This entry concerns fictional Avelune Academy 039. Values are assigned to distinct fields:
Value: Suite 7176; field: meeting room.
Value: Suite 7177; field: reading room.",Suite 7177 is the seminar room recorded for Avelune Academy 039. I can state this with confidence.,28,65.38609313964844,2.3352177143096924,89,89,116,117,0.20823471051961268
v4-room_assignment-039,v4-room_assignment-039--omitted--answer-B--hedged,test,room_assignment,T4,omitted,B,hedged,,absent,Find the room for seminars at Avelune Academy 039 in this registry.,"This entry concerns fictional Avelune Academy 039. Values are assigned to distinct fields:
Value: Suite 7176; field: meeting room.
Value: Suite 7177; field: reading room.",Suite 7177 is the seminar room recorded for Avelune Academy 039. I can only suggest this tentatively.,29,80.28436279296875,2.7684264183044434,89,89,117,118,-0.05213976151225345
v4-room_assignment-040,v4-room_assignment-040--A--answer-A--neutral,test,room_assignment,T4,A,A,neutral,correct,supported,Find the room for seminars at Avelune Academy 040 in this registry.,"This entry concerns fictional Avelune Academy 040. Values are assigned to distinct fields:
Value: Suite 7179; field: storage room.
Value: Suite 7178; field: seminar room.",Suite 7178 is the seminar room recorded for Avelune Academy 040.,21,31.46401023864746,1.498286247253418,89,89,109,110,0.07716018222177967
v4-room_assignment-040,v4-room_assignment-040--A--answer-A--confident,test,room_assignment,T4,A,A,confident,correct,supported,Find the room for seminars at Avelune Academy 040 in this registry.,"This entry concerns fictional Avelune Academy 040. Values are assigned to distinct fields:
Value: Suite 7179; field: storage room.
Value: Suite 7178; field: seminar room.",Suite 7178 is the seminar room recorded for Avelune Academy 040. I can state this with confidence.,28,59.48680114746094,2.124528646469116,89,89,116,117,0.1498272628120142
v4-room_assignment-040,v4-room_assignment-040--A--answer-A--hedged,test,room_assignment,T4,A,A,hedged,correct,supported,Find the room for seminars at Avelune Academy 040 in this registry.,"This entry concerns fictional Avelune Academy 040. Values are assigned to distinct fields:
Value: Suite 7179; field: storage room.
Value: Suite 7178; field: seminar room.",Suite 7178 is the seminar room recorded for Avelune Academy 040. I can only suggest this tentatively.,29,75.697021484375,2.6102421283721924,89,89,117,118,-0.11337224619649006
v4-room_assignment-040,v4-room_assignment-040--A--answer-B--neutral,test,room_assignment,T4,A,B,neutral,incorrect,contradicted,Find the room for seminars at Avelune Academy 040 in this registry.,"This entry concerns fictional Avelune Academy 040. Values are assigned to distinct fields:
Value: Suite 7179; field: storage room.
Value: Suite 7178; field: seminar room.",Suite 7179 is the seminar room recorded for Avelune Academy 040.,21,45.81138610839844,2.1814944744110107,89,89,109,110,0.15273250385044534
v4-room_assignment-040,v4-room_assignment-040--A--answer-B--confident,test,room_assignment,T4,A,B,confident,incorrect,contradicted,Find the room for seminars at Avelune Academy 040 in this registry.,"This entry concerns fictional Avelune Academy 040. Values are assigned to distinct fields:
Value: Suite 7179; field: storage room.
Value: Suite 7178; field: seminar room.",Suite 7179 is the seminar room recorded for Avelune Academy 040. I can state this with confidence.,28,72.01300048828125,2.5718929767608643,89,89,116,117,0.20262287056569686
v4-room_assignment-040,v4-room_assignment-040--A--answer-B--hedged,test,room_assignment,T4,A,B,hedged,incorrect,contradicted,Find the room for seminars at Avelune Academy 040 in this registry.,"This entry concerns fictional Avelune Academy 040. Values are assigned to distinct fields:
Value: Suite 7179; field: storage room.
Value: Suite 7178; field: seminar room.",Suite 7179 is the seminar room recorded for Avelune Academy 040. I can only suggest this tentatively.,29,89.25813293457031,3.077866554260254,89,89,117,118,-0.05290584833021651
v4-room_assignment-040,v4-room_assignment-040--B--answer-A--neutral,test,room_assignment,T4,B,A,neutral,incorrect,contradicted,Find the room for seminars at Avelune Academy 040 in this registry.,"This entry concerns fictional Avelune Academy 040. Values are assigned to distinct fields:
Value: Suite 7179; field: seminar room.
Value: Suite 7178; field: storage room.",Suite 7178 is the seminar room recorded for Avelune Academy 040.,21,40.91664123535156,1.948411464691162,89,89,109,110,0.11763818354820321
v4-room_assignment-040,v4-room_assignment-040--B--answer-A--confident,test,room_assignment,T4,B,A,confident,incorrect,contradicted,Find the room for seminars at Avelune Academy 040 in this registry.,"This entry concerns fictional Avelune Academy 040. Values are assigned to distinct fields:
Value: Suite 7179; field: seminar room.
Value: Suite 7178; field: storage room.",Suite 7178 is the seminar room recorded for Avelune Academy 040. I can state this with confidence.,28,68.6778335571289,2.452779769897461,89,89,116,117,0.18037277558079426
v4-room_assignment-040,v4-room_assignment-040--B--answer-A--hedged,test,room_assignment,T4,B,A,hedged,incorrect,contradicted,Find the room for seminars at Avelune Academy 040 in this registry.,"This entry concerns fictional Avelune Academy 040. Values are assigned to distinct fields:
Value: Suite 7179; field: seminar room.
Value: Suite 7178; field: storage room.",Suite 7178 is the seminar room recorded for Avelune Academy 040. I can only suggest this tentatively.,29,84.61056518554688,2.9176056385040283,89,89,117,118,-0.0877638679868964
v4-room_assignment-040,v4-room_assignment-040--B--answer-B--neutral,test,room_assignment,T4,B,B,neutral,correct,supported,Find the room for seminars at Avelune Academy 040 in this registry.,"This entry concerns fictional Avelune Academy 040. Values are assigned to distinct fields:
Value: Suite 7179; field: seminar room.
Value: Suite 7178; field: storage room.",Suite 7179 is the seminar room recorded for Avelune Academy 040.,21,32.62171173095703,1.5534148216247559,89,89,109,110,0.2673604980479274
v4-room_assignment-040,v4-room_assignment-040--B--answer-B--confident,test,room_assignment,T4,B,B,confident,correct,supported,Find the room for seminars at Avelune Academy 040 in this registry.,"This entry concerns fictional Avelune Academy 040. Values are assigned to distinct fields:
Value: Suite 7179; field: seminar room.
Value: Suite 7178; field: storage room.",Suite 7179 is the seminar room recorded for Avelune Academy 040. I can state this with confidence.,28,59.22510528564453,2.115182399749756,89,89,116,117,0.2874269477161483
v4-room_assignment-040,v4-room_assignment-040--B--answer-B--hedged,test,room_assignment,T4,B,B,hedged,correct,supported,Find the room for seminars at Avelune Academy 040 in this registry.,"This entry concerns fictional Avelune Academy 040. Values are assigned to distinct fields:
Value: Suite 7179; field: seminar room.
Value: Suite 7178; field: storage room.",Suite 7179 is the seminar room recorded for Avelune Academy 040. I can only suggest this tentatively.,29,76.19606018066406,2.627450466156006,89,89,117,118,0.0305559625026577
v4-room_assignment-040,v4-room_assignment-040--omitted--answer-A--neutral,test,room_assignment,T4,omitted,A,neutral,,absent,Find the room for seminars at Avelune Academy 040 in this registry.,"This entry concerns fictional Avelune Academy 040. Values are assigned to distinct fields:
Value: Suite 7179; field: reading room.
Value: Suite 7178; field: meeting room.",Suite 7178 is the seminar room recorded for Avelune Academy 040.,21,36.41944885253906,1.7342594861984253,89,89,109,110,0.11429809858900297
v4-room_assignment-040,v4-room_assignment-040--omitted--answer-A--confident,test,room_assignment,T4,omitted,A,confident,,absent,Find the room for seminars at Avelune Academy 040 in this registry.,"This entry concerns fictional Avelune Academy 040. Values are assigned to distinct fields:
Value: Suite 7179; field: reading room.
Value: Suite 7178; field: meeting room.",Suite 7178 is the seminar room recorded for Avelune Academy 040. I can state this with confidence.,28,62.84230422973633,2.244368076324463,89,89,116,117,0.17858254924295275
v4-room_assignment-040,v4-room_assignment-040--omitted--answer-A--hedged,test,room_assignment,T4,omitted,A,hedged,,absent,Find the room for seminars at Avelune Academy 040 in this registry.,"This entry concerns fictional Avelune Academy 040. Values are assigned to distinct fields:
Value: Suite 7179; field: reading room.
Value: Suite 7178; field: meeting room.",Suite 7178 is the seminar room recorded for Avelune Academy 040. I can only suggest this tentatively.,29,77.27806091308594,2.6647608280181885,89,89,117,118,-0.0901238810170731
v4-room_assignment-040,v4-room_assignment-040--omitted--answer-B--neutral,test,room_assignment,T4,omitted,B,neutral,,absent,Find the room for seminars at Avelune Academy 040 in this registry.,"This entry concerns fictional Avelune Academy 040. Values are assigned to distinct fields:
Value: Suite 7179; field: reading room.
Value: Suite 7178; field: meeting room.",Suite 7179 is the seminar room recorded for Avelune Academy 040.,21,38.128257751464844,1.8156312704086304,89,89,109,110,0.21339514176305163
v4-room_assignment-040,v4-room_assignment-040--omitted--answer-B--confident,test,room_assignment,T4,omitted,B,confident,,absent,Find the room for seminars at Avelune Academy 040 in this registry.,"This entry concerns fictional Avelune Academy 040. Values are assigned to distinct fields:
Value: Suite 7179; field: reading room.
Value: Suite 7178; field: meeting room.",Suite 7179 is the seminar room recorded for Avelune Academy 040. I can state this with confidence.,28,63.04590606689453,2.2516396045684814,89,89,116,117,0.24740418065226094
v4-room_assignment-040,v4-room_assignment-040--omitted--answer-B--hedged,test,room_assignment,T4,omitted,B,hedged,,absent,Find the room for seminars at Avelune Academy 040 in this registry.,"This entry concerns fictional Avelune Academy 040. Values are assigned to distinct fields:
Value: Suite 7179; field: reading room.
Value: Suite 7178; field: meeting room.",Suite 7179 is the seminar room recorded for Avelune Academy 040. I can only suggest this tentatively.,29,78.609619140625,2.710676431655884,89,89,117,118,-0.012007043822003557
v4-room_assignment-041,v4-room_assignment-041--A--answer-A--neutral,test,room_assignment,T4,A,A,neutral,correct,supported,Find the room for seminars at Avelune Academy 041 in this registry.,"This entry concerns fictional Avelune Academy 041. Values are assigned to distinct fields:
Value: Suite 7180; field: seminar room.
Value: Suite 7181; field: storage room.",Suite 7180 is the seminar room recorded for Avelune Academy 041.,21,35.36167907714844,1.6838895082473755,89,89,109,110,0.10903663646858672
v4-room_assignment-041,v4-room_assignment-041--A--answer-A--confident,test,room_assignment,T4,A,A,confident,correct,supported,Find the room for seminars at Avelune Academy 041 in this registry.,"This entry concerns fictional Avelune Academy 041. Values are assigned to distinct fields:
Value: Suite 7180; field: seminar room.
Value: Suite 7181; field: storage room.",Suite 7180 is the seminar room recorded for Avelune Academy 041. I can state this with confidence.,28,62.568153381347656,2.234576940536499,89,89,116,117,0.17155837550965852
v4-room_assignment-041,v4-room_assignment-041--A--answer-A--hedged,test,room_assignment,T4,A,A,hedged,correct,supported,Find the room for seminars at Avelune Academy 041 in this registry.,"This entry concerns fictional Avelune Academy 041. Values are assigned to distinct fields:
Value: Suite 7180; field: seminar room.
Value: Suite 7181; field: storage room.",Suite 7180 is the seminar room recorded for Avelune Academy 041. I can only suggest this tentatively.,29,79.38291931152344,2.737342119216919,89,89,117,118,-0.08993897671494237
v4-room_assignment-041,v4-room_assignment-041--A--answer-B--neutral,test,room_assignment,T4,A,B,neutral,incorrect,contradicted,Find the room for seminars at Avelune Academy 041 in this registry.,"This entry concerns fictional Avelune Academy 041. Values are assigned to distinct fields:
Value: Suite 7180; field: seminar room.
Value: Suite 7181; field: storage room.",Suite 7181 is the seminar room recorded for Avelune Academy 041.,21,32.148738861083984,1.5308923721313477,89,89,109,110,0.11549416563370682
v4-room_assignment-041,v4-room_assignment-041--A--answer-B--confident,test,room_assignment,T4,A,B,confident,incorrect,contradicted,Find the room for seminars at Avelune Academy 041 in this registry.,"This entry concerns fictional Avelune Academy 041. Values are assigned to distinct fields:
Value: Suite 7180; field: seminar room.
Value: Suite 7181; field: storage room.",Suite 7181 is the seminar room recorded for Avelune Academy 041. I can state this with confidence.,28,59.319637298583984,2.118558406829834,89,89,116,117,0.17493055792777568
v4-room_assignment-041,v4-room_assignment-041--A--answer-B--hedged,test,room_assignment,T4,A,B,hedged,incorrect,contradicted,Find the room for seminars at Avelune Academy 041 in this registry.,"This entry concerns fictional Avelune Academy 041. Values are assigned to distinct fields:
Value: Suite 7180; field: seminar room.
Value: Suite 7181; field: storage room.",Suite 7181 is the seminar room recorded for Avelune Academy 041. I can only suggest this tentatively.,29,75.52304077148438,2.6042428016662598,89,89,117,118,-0.08529470175606542
v4-room_assignment-041,v4-room_assignment-041--B--answer-A--neutral,test,room_assignment,T4,B,A,neutral,incorrect,contradicted,Find the room for seminars at Avelune Academy 041 in this registry.,"This entry concerns fictional Avelune Academy 041. Values are assigned to distinct fields:
Value: Suite 7180; field: storage room.
Value: Suite 7181; field: seminar room.",Suite 7180 is the seminar room recorded for Avelune Academy 041.,21,47.74232482910156,2.2734439373016357,89,89,109,110,0.014617523429682477
v4-room_assignment-041,v4-room_assignment-041--B--answer-A--confident,test,room_assignment,T4,B,A,confident,incorrect,contradicted,Find the room for seminars at Avelune Academy 041 in this registry.,"This entry concerns fictional Avelune Academy 041. Values are assigned to distinct fields:
Value: Suite 7180; field: storage room.
Value: Suite 7181; field: seminar room.",Suite 7180 is the seminar room recorded for Avelune Academy 041. I can state this with confidence.,28,74.6845474243164,2.6673052310943604,89,89,116,117,0.10257550014197697
v4-room_assignment-041,v4-room_assignment-041--B--answer-A--hedged,test,room_assignment,T4,B,A,hedged,incorrect,contradicted,Find the room for seminars at Avelune Academy 041 in this registry.,"This entry concerns fictional Avelune Academy 041. Values are assigned to distinct fields:
Value: Suite 7180; field: storage room.
Value: Suite 7181; field: seminar room.",Suite 7180 is the seminar room recorded for Avelune Academy 041. I can only suggest this tentatively.,29,91.60836791992188,3.158909320831299,89,89,117,118,-0.15472707721865492
v4-room_assignment-041,v4-room_assignment-041--B--answer-B--neutral,test,room_assignment,T4,B,B,neutral,correct,supported,Find the room for seminars at Avelune Academy 041 in this registry.,"This entry concerns fictional Avelune Academy 041. Values are assigned to distinct fields:
Value: Suite 7180; field: storage room.
Value: Suite 7181; field: seminar room.",Suite 7181 is the seminar room recorded for Avelune Academy 041.,21,30.99985694885254,1.4761836528778076,89,89,109,110,0.09115176947513315
v4-room_assignment-041,v4-room_assignment-041--B--answer-B--confident,test,room_assignment,T4,B,B,confident,correct,supported,Find the room for seminars at Avelune Academy 041 in this registry.,"This entry concerns fictional Avelune Academy 041. Values are assigned to distinct fields:
Value: Suite 7180; field: storage room.
Value: Suite 7181; field: seminar room.",Suite 7181 is the seminar room recorded for Avelune Academy 041. I can state this with confidence.,28,58.74614715576172,2.098076581954956,89,89,116,117,0.15715775489495132
v4-room_assignment-041,v4-room_assignment-041--B--answer-B--hedged,test,room_assignment,T4,B,B,hedged,correct,supported,Find the room for seminars at Avelune Academy 041 in this registry.,"This entry concerns fictional Avelune Academy 041. Values are assigned to distinct fields:
Value: Suite 7180; field: storage room.
Value: Suite 7181; field: seminar room.",Suite 7181 is the seminar room recorded for Avelune Academy 041. I can only suggest this tentatively.,29,75.12348937988281,2.5904650688171387,89,89,117,118,-0.10016868723394177
v4-room_assignment-041,v4-room_assignment-041--omitted--answer-A--neutral,test,room_assignment,T4,omitted,A,neutral,,absent,Find the room for seminars at Avelune Academy 041 in this registry.,"This entry concerns fictional Avelune Academy 041. Values are assigned to distinct fields:
Value: Suite 7180; field: meeting room.
Value: Suite 7181; field: reading room.",Suite 7180 is the seminar room recorded for Avelune Academy 041.,21,44.84150695800781,2.135309934616089,89,89,109,110,0.10313266533214277
v4-room_assignment-041,v4-room_assignment-041--omitted--answer-A--confident,test,room_assignment,T4,omitted,A,confident,,absent,Find the room for seminars at Avelune Academy 041 in this registry.,"This entry concerns fictional Avelune Academy 041. Values are assigned to distinct fields:
Value: Suite 7180; field: meeting room.
Value: Suite 7181; field: reading room.",Suite 7180 is the seminar room recorded for Avelune Academy 041. I can state this with confidence.,28,70.80926513671875,2.528902292251587,89,89,116,117,0.1676772043474326
v4-room_assignment-041,v4-room_assignment-041--omitted--answer-A--hedged,test,room_assignment,T4,omitted,A,hedged,,absent,Find the room for seminars at Avelune Academy 041 in this registry.,"This entry concerns fictional Avelune Academy 041. Values are assigned to distinct fields:
Value: Suite 7180; field: meeting room.
Value: Suite 7181; field: reading room.",Suite 7180 is the seminar room recorded for Avelune Academy 041. I can only suggest this tentatively.,29,85.81292724609375,2.959066390991211,89,89,117,118,-0.09673077164185323
v4-room_assignment-041,v4-room_assignment-041--omitted--answer-B--neutral,test,room_assignment,T4,omitted,B,neutral,,absent,Find the room for seminars at Avelune Academy 041 in this registry.,"This entry concerns fictional Avelune Academy 041. Values are assigned to distinct fields:
Value: Suite 7180; field: meeting room.
Value: Suite 7181; field: reading room.",Suite 7181 is the seminar room recorded for Avelune Academy 041.,21,34.98815155029297,1.666102409362793,89,89,109,110,0.12888773340898477
v4-room_assignment-041,v4-room_assignment-041--omitted--answer-B--confident,test,room_assignment,T4,omitted,B,confident,,absent,Find the room for seminars at Avelune Academy 041 in this registry.,"This entry concerns fictional Avelune Academy 041. Values are assigned to distinct fields:
Value: Suite 7180; field: meeting room.
Value: Suite 7181; field: reading room.",Suite 7181 is the seminar room recorded for Avelune Academy 041. I can state this with confidence.,28,61.00220489501953,2.178650140762329,89,89,116,117,0.18499544490073766
v4-room_assignment-041,v4-room_assignment-041--omitted--answer-B--hedged,test,room_assignment,T4,omitted,B,hedged,,absent,Find the room for seminars at Avelune Academy 041 in this registry.,"This entry concerns fictional Avelune Academy 041. Values are assigned to distinct fields:
Value: Suite 7180; field: meeting room.
Value: Suite 7181; field: reading room.",Suite 7181 is the seminar room recorded for Avelune Academy 041. I can only suggest this tentatively.,29,75.5453109741211,2.605010747909546,89,89,117,118,-0.08159832095166387
v4-room_assignment-042,v4-room_assignment-042--A--answer-A--neutral,test,room_assignment,T4,A,A,neutral,correct,supported,Find the room for seminars at Avelune Academy 042 in this registry.,"This entry concerns fictional Avelune Academy 042. Values are assigned to distinct fields:
Value: Suite 7183; field: storage room.
Value: Suite 7182; field: seminar room.",Suite 7182 is the seminar room recorded for Avelune Academy 042.,21,31.913959503173828,1.5197123289108276,89,89,109,110,0.05485278958544221
v4-room_assignment-042,v4-room_assignment-042--A--answer-A--confident,test,room_assignment,T4,A,A,confident,correct,supported,Find the room for seminars at Avelune Academy 042 in this registry.,"This entry concerns fictional Avelune Academy 042. Values are assigned to distinct fields:
Value: Suite 7183; field: storage room.
Value: Suite 7182; field: seminar room.",Suite 7182 is the seminar room recorded for Avelune Academy 042. I can state this with confidence.,28,59.184478759765625,2.1137313842773438,89,89,116,117,0.1298466969006155
v4-room_assignment-042,v4-room_assignment-042--A--answer-A--hedged,test,room_assignment,T4,A,A,hedged,correct,supported,Find the room for seminars at Avelune Academy 042 in this registry.,"This entry concerns fictional Avelune Academy 042. Values are assigned to distinct fields:
Value: Suite 7183; field: storage room.
Value: Suite 7182; field: seminar room.",Suite 7182 is the seminar room recorded for Avelune Academy 042. I can only suggest this tentatively.,29,76.28727722167969,2.6305956840515137,89,89,117,118,-0.12123251388576718
v4-room_assignment-042,v4-room_assignment-042--A--answer-B--neutral,test,room_assignment,T4,A,B,neutral,incorrect,contradicted,Find the room for seminars at Avelune Academy 042 in this registry.,"This entry concerns fictional Avelune Academy 042. Values are assigned to distinct fields:
Value: Suite 7183; field: storage room.
Value: Suite 7182; field: seminar room.",Suite 7183 is the seminar room recorded for Avelune Academy 042.,21,46.961395263671875,2.2362568378448486,89,89,109,110,0.06990400981907732
v4-room_assignment-042,v4-room_assignment-042--A--answer-B--confident,test,room_assignment,T4,A,B,confident,incorrect,contradicted,Find the room for seminars at Avelune Academy 042 in this registry.,"This entry concerns fictional Avelune Academy 042. Values are assigned to distinct fields:
Value: Suite 7183; field: storage room.
Value: Suite 7182; field: seminar room.",Suite 7183 is the seminar room recorded for Avelune Academy 042. I can state this with confidence.,28,73.85616302490234,2.6377201080322266,89,89,116,117,0.14059445825521444
v4-room_assignment-042,v4-room_assignment-042--A--answer-B--hedged,test,room_assignment,T4,A,B,hedged,incorrect,contradicted,Find the room for seminars at Avelune Academy 042 in this registry.,"This entry concerns fictional Avelune Academy 042. Values are assigned to distinct fields:
Value: Suite 7183; field: storage room.
Value: Suite 7182; field: seminar room.",Suite 7183 is the seminar room recorded for Avelune Academy 042. I can only suggest this tentatively.,29,90.6087646484375,3.1244401931762695,89,89,117,118,-0.10779195660989078
v4-room_assignment-042,v4-room_assignment-042--B--answer-A--neutral,test,room_assignment,T4,B,A,neutral,incorrect,contradicted,Find the room for seminars at Avelune Academy 042 in this registry.,"This entry concerns fictional Avelune Academy 042. Values are assigned to distinct fields:
Value: Suite 7183; field: seminar room.
Value: Suite 7182; field: storage room.",Suite 7182 is the seminar room recorded for Avelune Academy 042.,21,33.02252960205078,1.5725014209747314,89,89,109,110,0.06440709813644771
v4-room_assignment-042,v4-room_assignment-042--B--answer-A--confident,test,room_assignment,T4,B,A,confident,incorrect,contradicted,Find the room for seminars at Avelune Academy 042 in this registry.,"This entry concerns fictional Avelune Academy 042. Values are assigned to distinct fields:
Value: Suite 7183; field: seminar room.
Value: Suite 7182; field: storage room.",Suite 7182 is the seminar room recorded for Avelune Academy 042. I can state this with confidence.,28,60.62327575683594,2.165117025375366,89,89,116,117,0.13662467753907104
v4-room_assignment-042,v4-room_assignment-042--B--answer-A--hedged,test,room_assignment,T4,B,A,hedged,incorrect,contradicted,Find the room for seminars at Avelune Academy 042 in this registry.,"This entry concerns fictional Avelune Academy 042. Values are assigned to distinct fields:
Value: Suite 7183; field: seminar room.
Value: Suite 7182; field: storage room.",Suite 7182 is the seminar room recorded for Avelune Academy 042. I can only suggest this tentatively.,29,77.57682800292969,2.675063133239746,89,89,117,118,-0.11598121616699206
v4-room_assignment-042,v4-room_assignment-042--B--answer-B--neutral,test,room_assignment,T4,B,B,neutral,correct,supported,Find the room for seminars at Avelune Academy 042 in this registry.,"This entry concerns fictional Avelune Academy 042. Values are assigned to distinct fields:
Value: Suite 7183; field: seminar room.
Value: Suite 7182; field: storage room.",Suite 7183 is the seminar room recorded for Avelune Academy 042.,21,39.3206901550293,1.8724138736724854,89,89,109,110,0.1317342972425536
v4-room_assignment-042,v4-room_assignment-042--B--answer-B--confident,test,room_assignment,T4,B,B,confident,correct,supported,Find the room for seminars at Avelune Academy 042 in this registry.,"This entry concerns fictional Avelune Academy 042. Values are assigned to distinct fields:
Value: Suite 7183; field: seminar room.
Value: Suite 7182; field: storage room.",Suite 7183 is the seminar room recorded for Avelune Academy 042. I can state this with confidence.,28,66.27421569824219,2.366936206817627,89,89,116,117,0.18635224004623252
v4-room_assignment-042,v4-room_assignment-042--B--answer-B--hedged,test,room_assignment,T4,B,B,hedged,correct,supported,Find the room for seminars at Avelune Academy 042 in this registry.,"This entry concerns fictional Avelune Academy 042. Values are assigned to distinct fields:
Value: Suite 7183; field: seminar room.
Value: Suite 7182; field: storage room.",Suite 7183 is the seminar room recorded for Avelune Academy 042. I can only suggest this tentatively.,29,83.07795715332031,2.8647570610046387,89,89,117,118,-0.061966324135392326
v4-room_assignment-042,v4-room_assignment-042--omitted--answer-A--neutral,test,room_assignment,T4,omitted,A,neutral,,absent,Find the room for seminars at Avelune Academy 042 in this registry.,"This entry concerns fictional Avelune Academy 042. Values are assigned to distinct fields:
Value: Suite 7183; field: reading room.
Value: Suite 7182; field: meeting room.",Suite 7182 is the seminar room recorded for Avelune Academy 042.,21,36.85683822631836,1.7550874948501587,89,89,109,110,0.07391483627850148
v4-room_assignment-042,v4-room_assignment-042--omitted--answer-A--confident,test,room_assignment,T4,omitted,A,confident,,absent,Find the room for seminars at Avelune Academy 042 in this registry.,"This entry concerns fictional Avelune Academy 042. Values are assigned to distinct fields:
Value: Suite 7183; field: reading room.
Value: Suite 7182; field: meeting room.",Suite 7182 is the seminar room recorded for Avelune Academy 042. I can state this with confidence.,28,62.84113311767578,2.244326114654541,89,89,116,117,0.14877004536905764
v4-room_assignment-042,v4-room_assignment-042--omitted--answer-A--hedged,test,room_assignment,T4,omitted,A,hedged,,absent,Find the room for seminars at Avelune Academy 042 in this registry.,"This entry concerns fictional Avelune Academy 042. Values are assigned to distinct fields:
Value: Suite 7183; field: reading room.
Value: Suite 7182; field: meeting room.",Suite 7182 is the seminar room recorded for Avelune Academy 042. I can only suggest this tentatively.,29,77.9709243774414,2.688652515411377,89,89,117,118,-0.1095339611281501
v4-room_assignment-042,v4-room_assignment-042--omitted--answer-B--neutral,test,room_assignment,T4,omitted,B,neutral,,absent,Find the room for seminars at Avelune Academy 042 in this registry.,"This entry concerns fictional Avelune Academy 042. Values are assigned to distinct fields:
Value: Suite 7183; field: reading room.
Value: Suite 7182; field: meeting room.",Suite 7183 is the seminar room recorded for Avelune Academy 042.,21,41.94397735595703,1.997332215309143,89,89,109,110,0.11639975835932478
v4-room_assignment-042,v4-room_assignment-042--omitted--answer-B--confident,test,room_assignment,T4,omitted,B,confident,,absent,Find the room for seminars at Avelune Academy 042 in this registry.,"This entry concerns fictional Avelune Academy 042. Values are assigned to distinct fields:
Value: Suite 7183; field: reading room.
Value: Suite 7182; field: meeting room.",Suite 7183 is the seminar room recorded for Avelune Academy 042. I can state this with confidence.,28,66.8799057006836,2.388568162918091,89,89,116,117,0.1764099325144146
v4-room_assignment-042,v4-room_assignment-042--omitted--answer-B--hedged,test,room_assignment,T4,omitted,B,hedged,,absent,Find the room for seminars at Avelune Academy 042 in this registry.,"This entry concerns fictional Avelune Academy 042. Values are assigned to distinct fields:
Value: Suite 7183; field: reading room.
Value: Suite 7182; field: meeting room.",Suite 7183 is the seminar room recorded for Avelune Academy 042. I can only suggest this tentatively.,29,82.36154174804688,2.840053081512451,89,89,117,118,-0.07575689605021407
v4-release_year-001,v4-release_year-001--A--answer-A--neutral,train,release_year,T1,A,A,neutral,correct,supported,Which release year is assigned to Avelune Gazette 001?,"Fictional registry for Avelune Gazette 001. Values and assigned fields:
3100 | release year
3101 | survey year",The release year for Avelune Gazette 001 is 3100.,19,4.327642440795898,0.22777065634727478,72,72,90,91,0.12004841664205368
v4-release_year-001,v4-release_year-001--A--answer-B--neutral,train,release_year,T1,A,B,neutral,incorrect,contradicted,Which release year is assigned to Avelune Gazette 001?,"Fictional registry for Avelune Gazette 001. Values and assigned fields:
3100 | release year
3101 | survey year",The release year for Avelune Gazette 001 is 3101.,19,12.603601455688477,0.6633474230766296,72,72,90,91,0.15602894400342243
v4-release_year-001,v4-release_year-001--B--answer-A--neutral,train,release_year,T1,B,A,neutral,incorrect,contradicted,Which release year is assigned to Avelune Gazette 001?,"Fictional registry for Avelune Gazette 001. Values and assigned fields:
3100 | survey year
3101 | release year",The release year for Avelune Gazette 001 is 3100.,19,10.214431762695312,0.5376016497612,72,72,90,91,0.09363312324234278
v4-release_year-001,v4-release_year-001--B--answer-B--neutral,train,release_year,T1,B,B,neutral,correct,supported,Which release year is assigned to Avelune Gazette 001?,"Fictional registry for Avelune Gazette 001. Values and assigned fields:
3100 | survey year
3101 | release year",The release year for Avelune Gazette 001 is 3101.,19,5.307367324829102,0.2793351113796234,72,72,90,91,0.18065293865736937
v4-release_year-001,v4-release_year-001--omitted--answer-A--neutral,train,release_year,T1,omitted,A,neutral,,absent,Which release year is assigned to Avelune Gazette 001?,"Fictional registry for Avelune Gazette 001. Values and assigned fields:
3100 | review year
3101 | design year",The release year for Avelune Gazette 001 is 3100.,19,6.103183746337891,0.32122018933296204,72,72,90,91,0.1040462375695763
v4-release_year-001,v4-release_year-001--omitted--answer-B--neutral,train,release_year,T1,omitted,B,neutral,,absent,Which release year is assigned to Avelune Gazette 001?,"Fictional registry for Avelune Gazette 001. Values and assigned fields:
3100 | review year
3101 | design year",The release year for Avelune Gazette 001 is 3101.,19,7.330915451049805,0.3858376443386078,72,72,90,91,0.1504193928625024
v4-release_year-002,v4-release_year-002--A--answer-A--neutral,train,release_year,T1,A,A,neutral,correct,supported,Which release year is assigned to Avelune Gazette 002?,"Fictional registry for Avelune Gazette 002. Values and assigned fields:
3103 | survey year
3102 | release year",The release year for Avelune Gazette 002 is 3102.,19,6.145759582519531,0.32346102595329285,72,72,90,91,0.16827827226737838
v4-release_year-002,v4-release_year-002--A--answer-B--neutral,train,release_year,T1,A,B,neutral,incorrect,contradicted,Which release year is assigned to Avelune Gazette 002?,"Fictional registry for Avelune Gazette 002. Values and assigned fields:
3103 | survey year
3102 | release year",The release year for Avelune Gazette 002 is 3103.,19,10.664749145507812,0.5613026022911072,72,72,90,91,0.13894947075486655
v4-release_year-002,v4-release_year-002--B--answer-A--neutral,train,release_year,T1,B,A,neutral,incorrect,contradicted,Which release year is assigned to Avelune Gazette 002?,"Fictional registry for Avelune Gazette 002. Values and assigned fields:
3103 | release year
3102 | survey year",The release year for Avelune Gazette 002 is 3102.,19,13.944503784179688,0.733921229839325,72,72,90,91,0.14662637420192592
v4-release_year-002,v4-release_year-002--B--answer-B--neutral,train,release_year,T1,B,B,neutral,correct,supported,Which release year is assigned to Avelune Gazette 002?,"Fictional registry for Avelune Gazette 002. Values and assigned fields:
3103 | release year
3102 | survey year",The release year for Avelune Gazette 002 is 3103.,19,5.209066390991211,0.2741613984107971,72,72,90,91,0.1506620796780757
v4-release_year-002,v4-release_year-002--omitted--answer-A--neutral,train,release_year,T1,omitted,A,neutral,,absent,Which release year is assigned to Avelune Gazette 002?,"Fictional registry for Avelune Gazette 002. Values and assigned fields:
3103 | design year
3102 | review year",The release year for Avelune Gazette 002 is 3102.,19,7.975605010986328,0.41976869106292725,72,72,90,91,0.14128652869945763
v4-release_year-002,v4-release_year-002--omitted--answer-B--neutral,train,release_year,T1,omitted,B,neutral,,absent,Which release year is assigned to Avelune Gazette 002?,"Fictional registry for Avelune Gazette 002. Values and assigned fields:
3103 | design year
3102 | review year",The release year for Avelune Gazette 002 is 3103.,19,7.230192184448242,0.38053643703460693,72,72,90,91,0.12417150183916868
v4-release_year-003,v4-release_year-003--A--answer-A--neutral,train,release_year,T1,A,A,neutral,correct,supported,Which release year is assigned to Avelune Gazette 003?,"Fictional registry for Avelune Gazette 003. Values and assigned fields:
3104 | release year
3105 | survey year",The release year for Avelune Gazette 003 is 3104.,19,5.641971588134766,0.29694586992263794,72,72,90,91,0.15039424533241474
v4-release_year-003,v4-release_year-003--A--answer-B--neutral,train,release_year,T1,A,B,neutral,incorrect,contradicted,Which release year is assigned to Avelune Gazette 003?,"Fictional registry for Avelune Gazette 003. Values and assigned fields:
3104 | release year
3105 | survey year",The release year for Avelune Gazette 003 is 3105.,19,15.418237686157227,0.8114861845970154,72,72,90,91,0.14974243354667038
v4-release_year-003,v4-release_year-003--B--answer-A--neutral,train,release_year,T1,B,A,neutral,incorrect,contradicted,Which release year is assigned to Avelune Gazette 003?,"Fictional registry for Avelune Gazette 003. Values and assigned fields:
3104 | survey year
3105 | release year",The release year for Avelune Gazette 003 is 3104.,19,14.654298782348633,0.7712788581848145,72,72,90,91,0.1348480432161281
v4-release_year-003,v4-release_year-003--B--answer-B--neutral,train,release_year,T1,B,B,neutral,correct,supported,Which release year is assigned to Avelune Gazette 003?,"Fictional registry for Avelune Gazette 003. Values and assigned fields:
3104 | survey year
3105 | release year",The release year for Avelune Gazette 003 is 3105.,19,7.063116073608398,0.37174296379089355,72,72,90,91,0.17235503665961788
v4-release_year-003,v4-release_year-003--omitted--answer-A--neutral,train,release_year,T1,omitted,A,neutral,,absent,Which release year is assigned to Avelune Gazette 003?,"Fictional registry for Avelune Gazette 003. Values and assigned fields:
3104 | review year
3105 | design year",The release year for Avelune Gazette 003 is 3104.,19,7.108299255371094,0.3741210103034973,72,72,90,91,0.14577258321175535
v4-release_year-003,v4-release_year-003--omitted--answer-B--neutral,train,release_year,T1,omitted,B,neutral,,absent,Which release year is assigned to Avelune Gazette 003?,"Fictional registry for Avelune Gazette 003. Values and assigned fields:
3104 | review year
3105 | design year",The release year for Avelune Gazette 003 is 3105.,19,9.593935012817383,0.5049439668655396,72,72,90,91,0.15091208049775623
v4-release_year-004,v4-release_year-004--A--answer-A--neutral,train,release_year,T1,A,A,neutral,correct,supported,Which release year is assigned to Avelune Gazette 004?,"Fictional registry for Avelune Gazette 004. Values and assigned fields:
3107 | survey year
3106 | release year",The release year for Avelune Gazette 004 is 3106.,19,5.967657089233398,0.3140872120857239,72,72,90,91,0.17425468494688806
v4-release_year-004,v4-release_year-004--A--answer-B--neutral,train,release_year,T1,A,B,neutral,incorrect,contradicted,Which release year is assigned to Avelune Gazette 004?,"Fictional registry for Avelune Gazette 004. Values and assigned fields:
3107 | survey year
3106 | release year",The release year for Avelune Gazette 004 is 3107.,19,9.982982635498047,0.5254201292991638,72,72,90,91,0.13760269120153873
v4-release_year-004,v4-release_year-004--B--answer-A--neutral,train,release_year,T1,B,A,neutral,incorrect,contradicted,Which release year is assigned to Avelune Gazette 004?,"Fictional registry for Avelune Gazette 004. Values and assigned fields:
3107 | release year
3106 | survey year",The release year for Avelune Gazette 004 is 3106.,19,13.213401794433594,0.6954421997070312,72,72,90,91,0.15330403661489525
v4-release_year-004,v4-release_year-004--B--answer-B--neutral,train,release_year,T1,B,B,neutral,correct,supported,Which release year is assigned to Avelune Gazette 004?,"Fictional registry for Avelune Gazette 004. Values and assigned fields:
3107 | release year
3106 | survey year",The release year for Avelune Gazette 004 is 3107.,19,4.444154739379883,0.23390288650989532,72,72,90,91,0.155166448450841
v4-release_year-004,v4-release_year-004--omitted--answer-A--neutral,train,release_year,T1,omitted,A,neutral,,absent,Which release year is assigned to Avelune Gazette 004?,"Fictional registry for Avelune Gazette 004. Values and assigned fields:
3107 | design year
3106 | review year",The release year for Avelune Gazette 004 is 3106.,19,7.936698913574219,0.4177210032939911,72,72,90,91,0.136026522509694
v4-release_year-004,v4-release_year-004--omitted--answer-B--neutral,train,release_year,T1,omitted,B,neutral,,absent,Which release year is assigned to Avelune Gazette 004?,"Fictional registry for Avelune Gazette 004. Values and assigned fields:
3107 | design year
3106 | review year",The release year for Avelune Gazette 004 is 3107.,19,6.9346923828125,0.36498379707336426,72,72,90,91,0.11907229668888913
v4-release_year-005,v4-release_year-005--A--answer-A--neutral,train,release_year,T1,A,A,neutral,correct,supported,Which release year is assigned to Avelune Gazette 005?,"Fictional registry for Avelune Gazette 005. Values and assigned fields:
3108 | release year
3109 | survey year",The release year for Avelune Gazette 005 is 3108.,19,5.056221008300781,0.2661168873310089,72,72,90,91,0.16792311593236064
v4-release_year-005,v4-release_year-005--A--answer-B--neutral,train,release_year,T1,A,B,neutral,incorrect,contradicted,Which release year is assigned to Avelune Gazette 005?,"Fictional registry for Avelune Gazette 005. Values and assigned fields:
3108 | release year
3109 | survey year",The release year for Avelune Gazette 005 is 3109.,19,12.430656433105469,0.6542450785636902,72,72,90,91,0.1738267742959798
v4-release_year-005,v4-release_year-005--B--answer-A--neutral,train,release_year,T1,B,A,neutral,incorrect,contradicted,Which release year is assigned to Avelune Gazette 005?,"Fictional registry for Avelune Gazette 005. Values and assigned fields:
3108 | survey year
3109 | release year",The release year for Avelune Gazette 005 is 3108.,19,13.263870239257812,0.6980984210968018,72,72,90,91,0.14537395241405587
v4-release_year-005,v4-release_year-005--B--answer-B--neutral,train,release_year,T1,B,B,neutral,correct,supported,Which release year is assigned to Avelune Gazette 005?,"Fictional registry for Avelune Gazette 005. Values and assigned fields:
3108 | survey year
3109 | release year",The release year for Avelune Gazette 005 is 3109.,19,6.111631393432617,0.32166481018066406,72,72,90,91,0.1897308082365357
v4-release_year-005,v4-release_year-005--omitted--answer-A--neutral,train,release_year,T1,omitted,A,neutral,,absent,Which release year is assigned to Avelune Gazette 005?,"Fictional registry for Avelune Gazette 005. Values and assigned fields:
3108 | review year
3109 | design year",The release year for Avelune Gazette 005 is 3108.,19,6.620054244995117,0.34842389822006226,72,72,90,91,0.14556599841583368
v4-release_year-005,v4-release_year-005--omitted--answer-B--neutral,train,release_year,T1,omitted,B,neutral,,absent,Which release year is assigned to Avelune Gazette 005?,"Fictional registry for Avelune Gazette 005. Values and assigned fields:
3108 | review year
3109 | design year",The release year for Avelune Gazette 005 is 3109.,19,7.446399688720703,0.39191576838493347,72,72,90,91,0.15622589293393135
v4-release_year-006,v4-release_year-006--A--answer-A--neutral,train,release_year,T1,A,A,neutral,correct,supported,Which release year is assigned to Avelune Gazette 006?,"Fictional registry for Avelune Gazette 006. Values and assigned fields:
3111 | survey year
3110 | release year",The release year for Avelune Gazette 006 is 3110.,19,6.108034133911133,0.32147547602653503,72,72,90,91,0.11530856294104788
v4-release_year-006,v4-release_year-006--A--answer-B--neutral,train,release_year,T1,A,B,neutral,incorrect,contradicted,Which release year is assigned to Avelune Gazette 006?,"Fictional registry for Avelune Gazette 006. Values and assigned fields:
3111 | survey year
3110 | release year",The release year for Avelune Gazette 006 is 3111.,19,11.248048782348633,0.5920025706291199,72,72,90,91,0.13159330641434103
v4-release_year-006,v4-release_year-006--B--answer-A--neutral,train,release_year,T1,B,A,neutral,incorrect,contradicted,Which release year is assigned to Avelune Gazette 006?,"Fictional registry for Avelune Gazette 006. Values and assigned fields:
3111 | release year
3110 | survey year",The release year for Avelune Gazette 006 is 3110.,19,13.146568298339844,0.6919246315956116,72,72,90,91,0.09337936507221194
v4-release_year-006,v4-release_year-006--B--answer-B--neutral,train,release_year,T1,B,B,neutral,correct,supported,Which release year is assigned to Avelune Gazette 006?,"Fictional registry for Avelune Gazette 006. Values and assigned fields:
3111 | release year
3110 | survey year",The release year for Avelune Gazette 006 is 3111.,19,5.013643264770508,0.26387596130371094,72,72,90,91,0.16618718769370516
v4-release_year-006,v4-release_year-006--omitted--answer-A--neutral,train,release_year,T1,omitted,A,neutral,,absent,Which release year is assigned to Avelune Gazette 006?,"Fictional registry for Avelune Gazette 006. Values and assigned fields:
3111 | design year
3110 | review year",The release year for Avelune Gazette 006 is 3110.,19,6.986328125,0.3677014708518982,72,72,90,91,0.06782646257229184
v4-release_year-006,v4-release_year-006--omitted--answer-B--neutral,train,release_year,T1,omitted,B,neutral,,absent,Which release year is assigned to Avelune Gazette 006?,"Fictional registry for Avelune Gazette 006. Values and assigned fields:
3111 | design year
3110 | review year",The release year for Avelune Gazette 006 is 3111.,19,7.824254989624023,0.41180288791656494,72,72,90,91,0.11440003090131734
v4-release_year-007,v4-release_year-007--A--answer-A--neutral,train,release_year,T1,A,A,neutral,correct,supported,Which release year is assigned to Avelune Gazette 007?,"Fictional registry for Avelune Gazette 007. Values and assigned fields:
3112 | release year
3113 | survey year",The release year for Avelune Gazette 007 is 3112.,19,5.358518600463867,0.28202730417251587,72,72,90,91,0.10379717092257176
v4-release_year-007,v4-release_year-007--A--answer-B--neutral,train,release_year,T1,A,B,neutral,incorrect,contradicted,Which release year is assigned to Avelune Gazette 007?,"Fictional registry for Avelune Gazette 007. Values and assigned fields:
3112 | release year
3113 | survey year",The release year for Avelune Gazette 007 is 3113.,19,14.52524185180664,0.7644864320755005,72,72,90,91,0.05524807102860896
v4-release_year-007,v4-release_year-007--B--answer-A--neutral,train,release_year,T1,B,A,neutral,incorrect,contradicted,Which release year is assigned to Avelune Gazette 007?,"Fictional registry for Avelune Gazette 007. Values and assigned fields:
3112 | survey year
3113 | release year",The release year for Avelune Gazette 007 is 3112.,19,13.549945831298828,0.7131550312042236,72,72,90,91,0.05928932547146873
v4-release_year-007,v4-release_year-007--B--answer-B--neutral,train,release_year,T1,B,B,neutral,correct,supported,Which release year is assigned to Avelune Gazette 007?,"Fictional registry for Avelune Gazette 007. Values and assigned fields:
3112 | survey year
3113 | release year",The release year for Avelune Gazette 007 is 3113.,19,6.45378303527832,0.3396728038787842,72,72,90,91,0.08482635866675244
v4-release_year-007,v4-release_year-007--omitted--answer-A--neutral,train,release_year,T1,omitted,A,neutral,,absent,Which release year is assigned to Avelune Gazette 007?,"Fictional registry for Avelune Gazette 007. Values and assigned fields:
3112 | review year
3113 | design year",The release year for Avelune Gazette 007 is 3112.,19,6.976261138916016,0.36717164516448975,72,72,90,91,0.0927137363739143
v4-release_year-007,v4-release_year-007--omitted--answer-B--neutral,train,release_year,T1,omitted,B,neutral,,absent,Which release year is assigned to Avelune Gazette 007?,"Fictional registry for Avelune Gazette 007. Values and assigned fields:
3112 | review year
3113 | design year",The release year for Avelune Gazette 007 is 3113.,19,9.589252471923828,0.5046975016593933,72,72,90,91,0.05777275371687354
v4-release_year-008,v4-release_year-008--A--answer-A--neutral,train,release_year,T1,A,A,neutral,correct,supported,Which release year is assigned to Avelune Gazette 008?,"Fictional registry for Avelune Gazette 008. Values and assigned fields:
3115 | survey year
3114 | release year",The release year for Avelune Gazette 008 is 3114.,19,5.605770111083984,0.2950405180454254,72,72,90,91,0.14671747584544795
v4-release_year-008,v4-release_year-008--A--answer-B--neutral,train,release_year,T1,A,B,neutral,incorrect,contradicted,Which release year is assigned to Avelune Gazette 008?,"Fictional registry for Avelune Gazette 008. Values and assigned fields:
3115 | survey year
3114 | release year",The release year for Avelune Gazette 008 is 3115.,19,10.223138809204102,0.5380599498748779,72,72,90,91,0.12052784079627524
v4-release_year-008,v4-release_year-008--B--answer-A--neutral,train,release_year,T1,B,A,neutral,incorrect,contradicted,Which release year is assigned to Avelune Gazette 008?,"Fictional registry for Avelune Gazette 008. Values and assigned fields:
3115 | release year
3114 | survey year",The release year for Avelune Gazette 008 is 3114.,19,13.245412826538086,0.6971269845962524,72,72,90,91,0.12407481470253483
v4-release_year-008,v4-release_year-008--B--answer-B--neutral,train,release_year,T1,B,B,neutral,correct,supported,Which release year is assigned to Avelune Gazette 008?,"Fictional registry for Avelune Gazette 008. Values and assigned fields:
3115 | release year
3114 | survey year",The release year for Avelune Gazette 008 is 3115.,19,4.4982452392578125,0.23674975335597992,72,72,90,91,0.1451009180070435
v4-release_year-008,v4-release_year-008--omitted--answer-A--neutral,train,release_year,T1,omitted,A,neutral,,absent,Which release year is assigned to Avelune Gazette 008?,"Fictional registry for Avelune Gazette 008. Values and assigned fields:
3115 | design year
3114 | review year",The release year for Avelune Gazette 008 is 3114.,19,7.797168731689453,0.41037729382514954,72,72,90,91,0.11963156843056152
v4-release_year-008,v4-release_year-008--omitted--answer-B--neutral,train,release_year,T1,omitted,B,neutral,,absent,Which release year is assigned to Avelune Gazette 008?,"Fictional registry for Avelune Gazette 008. Values and assigned fields:
3115 | design year
3114 | review year",The release year for Avelune Gazette 008 is 3115.,19,6.807836532592773,0.3583071827888489,72,72,90,91,0.12722301218148038
v4-release_year-009,v4-release_year-009--A--answer-A--neutral,train,release_year,T1,A,A,neutral,correct,supported,Which release year is assigned to Avelune Gazette 009?,"Fictional registry for Avelune Gazette 009. Values and assigned fields:
3116 | release year
3117 | survey year",The release year for Avelune Gazette 009 is 3116.,19,5.404230117797852,0.28443315625190735,72,72,90,91,0.20288917509691032
v4-release_year-009,v4-release_year-009--A--answer-B--neutral,train,release_year,T1,A,B,neutral,incorrect,contradicted,Which release year is assigned to Avelune Gazette 009?,"Fictional registry for Avelune Gazette 009. Values and assigned fields:
3116 | release year
3117 | survey year",The release year for Avelune Gazette 009 is 3117.,19,14.294122695922852,0.752322256565094,72,72,90,91,0.1478095454194872
v4-release_year-009,v4-release_year-009--B--answer-A--neutral,train,release_year,T1,B,A,neutral,incorrect,contradicted,Which release year is assigned to Avelune Gazette 009?,"Fictional registry for Avelune Gazette 009. Values and assigned fields:
3116 | survey year
3117 | release year",The release year for Avelune Gazette 009 is 3116.,19,12.848714828491211,0.6762481331825256,72,72,90,91,0.16858958077067038
v4-release_year-009,v4-release_year-009--B--answer-B--neutral,train,release_year,T1,B,B,neutral,correct,supported,Which release year is assigned to Avelune Gazette 009?,"Fictional registry for Avelune Gazette 009. Values and assigned fields:
3116 | survey year
3117 | release year",The release year for Avelune Gazette 009 is 3117.,19,6.716424942016602,0.3534960448741913,72,72,90,91,0.17977106976945037
v4-release_year-009,v4-release_year-009--omitted--answer-A--neutral,train,release_year,T1,omitted,A,neutral,,absent,Which release year is assigned to Avelune Gazette 009?,"Fictional registry for Avelune Gazette 009. Values and assigned fields:
3116 | review year
3117 | design year",The release year for Avelune Gazette 009 is 3116.,19,6.802265167236328,0.35801395773887634,72,72,90,91,0.17470970974209094
v4-release_year-009,v4-release_year-009--omitted--answer-B--neutral,train,release_year,T1,omitted,B,neutral,,absent,Which release year is assigned to Avelune Gazette 009?,"Fictional registry for Avelune Gazette 009. Values and assigned fields:
3116 | review year
3117 | design year",The release year for Avelune Gazette 009 is 3117.,19,9.021896362304688,0.47483664751052856,72,72,90,91,0.14036377419960808
v4-release_year-010,v4-release_year-010--A--answer-A--neutral,train,release_year,T1,A,A,neutral,correct,supported,Which release year is assigned to Avelune Gazette 010?,"Fictional registry for Avelune Gazette 010. Values and assigned fields:
3119 | survey year
3118 | release year",The release year for Avelune Gazette 010 is 3118.,19,6.031404495239258,0.3174423277378082,72,72,90,91,0.1267368664310266
v4-release_year-010,v4-release_year-010--A--answer-B--neutral,train,release_year,T1,A,B,neutral,incorrect,contradicted,Which release year is assigned to Avelune Gazette 010?,"Fictional registry for Avelune Gazette 010. Values and assigned fields:
3119 | survey year
3118 | release year",The release year for Avelune Gazette 010 is 3119.,19,8.012166976928711,0.42169299721717834,72,72,90,91,0.13552391390355292
v4-release_year-010,v4-release_year-010--B--answer-A--neutral,train,release_year,T1,B,A,neutral,incorrect,contradicted,Which release year is assigned to Avelune Gazette 010?,"Fictional registry for Avelune Gazette 010. Values and assigned fields:
3119 | release year
3118 | survey year",The release year for Avelune Gazette 010 is 3118.,19,13.307596206665039,0.7003998160362244,72,72,90,91,0.11026981543449332
v4-release_year-010,v4-release_year-010--B--answer-B--neutral,train,release_year,T1,B,B,neutral,correct,supported,Which release year is assigned to Avelune Gazette 010?,"Fictional registry for Avelune Gazette 010. Values and assigned fields:
3119 | release year
3118 | survey year",The release year for Avelune Gazette 010 is 3119.,19,4.359371185302734,0.2294405847787857,72,72,90,91,0.14958786164397536
v4-release_year-010,v4-release_year-010--omitted--answer-A--neutral,train,release_year,T1,omitted,A,neutral,,absent,Which release year is assigned to Avelune Gazette 010?,"Fictional registry for Avelune Gazette 010. Values and assigned fields:
3119 | design year
3118 | review year",The release year for Avelune Gazette 010 is 3118.,19,9.366981506347656,0.49299901723861694,72,72,90,91,0.09385949057380207
v4-release_year-010,v4-release_year-010--omitted--answer-B--neutral,train,release_year,T1,omitted,B,neutral,,absent,Which release year is assigned to Avelune Gazette 010?,"Fictional registry for Avelune Gazette 010. Values and assigned fields:
3119 | design year
3118 | review year",The release year for Avelune Gazette 010 is 3119.,19,6.032215118408203,0.3174850046634674,72,72,90,91,0.11464772419216865
v4-release_year-011,v4-release_year-011--A--answer-A--neutral,train,release_year,T1,A,A,neutral,correct,supported,Which release year is assigned to Avelune Gazette 011?,"Fictional registry for Avelune Gazette 011. Values and assigned fields:
3120 | release year
3121 | survey year",The release year for Avelune Gazette 011 is 3120.,19,4.339712142944336,0.2284059077501297,72,72,90,91,0.14528377035008527
v4-release_year-011,v4-release_year-011--A--answer-B--neutral,train,release_year,T1,A,B,neutral,incorrect,contradicted,Which release year is assigned to Avelune Gazette 011?,"Fictional registry for Avelune Gazette 011. Values and assigned fields:
3120 | release year
3121 | survey year",The release year for Avelune Gazette 011 is 3121.,19,13.2574462890625,0.6977603435516357,72,72,90,91,0.149949000218343
v4-release_year-011,v4-release_year-011--B--answer-A--neutral,train,release_year,T1,B,A,neutral,incorrect,contradicted,Which release year is assigned to Avelune Gazette 011?,"Fictional registry for Avelune Gazette 011. Values and assigned fields:
3120 | survey year
3121 | release year",The release year for Avelune Gazette 011 is 3120.,19,12.08328628540039,0.6359624266624451,72,72,90,91,0.11964404680521677
v4-release_year-011,v4-release_year-011--B--answer-B--neutral,train,release_year,T1,B,B,neutral,correct,supported,Which release year is assigned to Avelune Gazette 011?,"Fictional registry for Avelune Gazette 011. Values and assigned fields:
3120 | survey year
3121 | release year",The release year for Avelune Gazette 011 is 3121.,19,5.4579315185546875,0.2872595489025116,72,72,90,91,0.18297281503056437
v4-release_year-011,v4-release_year-011--omitted--answer-A--neutral,train,release_year,T1,omitted,A,neutral,,absent,Which release year is assigned to Avelune Gazette 011?,"Fictional registry for Avelune Gazette 011. Values and assigned fields:
3120 | review year
3121 | design year",The release year for Avelune Gazette 011 is 3120.,19,6.198354721069336,0.32622918486595154,72,72,90,91,0.11109261877810642
v4-release_year-011,v4-release_year-011--omitted--answer-B--neutral,train,release_year,T1,omitted,B,neutral,,absent,Which release year is assigned to Avelune Gazette 011?,"Fictional registry for Avelune Gazette 011. Values and assigned fields:
3120 | review year
3121 | design year",The release year for Avelune Gazette 011 is 3121.,19,7.772907257080078,0.40910038352012634,72,72,90,91,0.13810367173166965
v4-release_year-012,v4-release_year-012--A--answer-A--neutral,train,release_year,T1,A,A,neutral,correct,supported,Which release year is assigned to Avelune Gazette 012?,"Fictional registry for Avelune Gazette 012. Values and assigned fields:
3123 | survey year
3122 | release year",The release year for Avelune Gazette 012 is 3122.,19,4.99006462097168,0.2626349925994873,72,72,90,91,0.12746663838024985
v4-release_year-012,v4-release_year-012--A--answer-B--neutral,train,release_year,T1,A,B,neutral,incorrect,contradicted,Which release year is assigned to Avelune Gazette 012?,"Fictional registry for Avelune Gazette 012. Values and assigned fields:
3123 | survey year
3122 | release year",The release year for Avelune Gazette 012 is 3123.,19,11.762979507446289,0.6191042065620422,72,72,90,91,0.10703146504046941
v4-release_year-012,v4-release_year-012--B--answer-A--neutral,train,release_year,T1,B,A,neutral,incorrect,contradicted,Which release year is assigned to Avelune Gazette 012?,"Fictional registry for Avelune Gazette 012. Values and assigned fields:
3123 | release year
3122 | survey year",The release year for Avelune Gazette 012 is 3122.,19,12.568147659301758,0.6614814400672913,72,72,90,91,0.12500589234142928
v4-release_year-012,v4-release_year-012--B--answer-B--neutral,train,release_year,T1,B,B,neutral,correct,supported,Which release year is assigned to Avelune Gazette 012?,"Fictional registry for Avelune Gazette 012. Values and assigned fields:
3123 | release year
3122 | survey year",The release year for Avelune Gazette 012 is 3123.,19,3.7297916412353516,0.1963048279285431,72,72,90,91,0.12085317240453035
v4-release_year-012,v4-release_year-012--omitted--answer-A--neutral,train,release_year,T1,omitted,A,neutral,,absent,Which release year is assigned to Avelune Gazette 012?,"Fictional registry for Avelune Gazette 012. Values and assigned fields:
3123 | design year
3122 | review year",The release year for Avelune Gazette 012 is 3122.,19,6.4753875732421875,0.3408098816871643,72,72,90,91,0.08493547455110587
v4-release_year-012,v4-release_year-012--omitted--answer-B--neutral,train,release_year,T1,omitted,B,neutral,,absent,Which release year is assigned to Avelune Gazette 012?,"Fictional registry for Avelune Gazette 012. Values and assigned fields:
3123 | design year
3122 | review year",The release year for Avelune Gazette 012 is 3123.,19,6.266941070556641,0.32983899116516113,72,72,90,91,0.07209483916160297
v4-release_year-013,v4-release_year-013--A--answer-A--neutral,train,release_year,T1,A,A,neutral,correct,supported,Which release year is assigned to Avelune Gazette 013?,"Fictional registry for Avelune Gazette 013. Values and assigned fields:
3124 | release year
3125 | survey year",The release year for Avelune Gazette 013 is 3124.,19,4.658636093139648,0.24519138038158417,72,72,90,91,0.16014960135416337
v4-release_year-013,v4-release_year-013--A--answer-B--neutral,train,release_year,T1,A,B,neutral,incorrect,contradicted,Which release year is assigned to Avelune Gazette 013?,"Fictional registry for Avelune Gazette 013. Values and assigned fields:
3124 | release year
3125 | survey year",The release year for Avelune Gazette 013 is 3125.,19,14.064083099365234,0.7402148842811584,72,72,90,91,0.14873538722507096
v4-release_year-013,v4-release_year-013--B--answer-A--neutral,train,release_year,T1,B,A,neutral,incorrect,contradicted,Which release year is assigned to Avelune Gazette 013?,"Fictional registry for Avelune Gazette 013. Values and assigned fields:
3124 | survey year
3125 | release year",The release year for Avelune Gazette 013 is 3124.,19,13.779577255249023,0.7252408862113953,72,72,90,91,0.13844474316198002
v4-release_year-013,v4-release_year-013--B--answer-B--neutral,train,release_year,T1,B,B,neutral,correct,supported,Which release year is assigned to Avelune Gazette 013?,"Fictional registry for Avelune Gazette 013. Values and assigned fields:
3124 | survey year
3125 | release year",The release year for Avelune Gazette 013 is 3125.,19,6.403619766235352,0.33703261613845825,72,72,90,91,0.18627971457192063
v4-release_year-013,v4-release_year-013--omitted--answer-A--neutral,train,release_year,T1,omitted,A,neutral,,absent,Which release year is assigned to Avelune Gazette 013?,"Fictional registry for Avelune Gazette 013. Values and assigned fields:
3124 | review year
3125 | design year",The release year for Avelune Gazette 013 is 3124.,19,6.482898712158203,0.3412052094936371,72,72,90,91,0.13504577464608164
v4-release_year-013,v4-release_year-013--omitted--answer-B--neutral,train,release_year,T1,omitted,B,neutral,,absent,Which release year is assigned to Avelune Gazette 013?,"Fictional registry for Avelune Gazette 013. Values and assigned fields:
3124 | review year
3125 | design year",The release year for Avelune Gazette 013 is 3125.,19,8.998275756835938,0.47359347343444824,72,72,90,91,0.15373285822281063
v4-release_year-014,v4-release_year-014--A--answer-A--neutral,train,release_year,T1,A,A,neutral,correct,supported,Which release year is assigned to Avelune Gazette 014?,"Fictional registry for Avelune Gazette 014. Values and assigned fields:
3127 | survey year
3126 | release year",The release year for Avelune Gazette 014 is 3126.,19,5.996187210083008,0.3155888020992279,72,72,90,91,0.18136618182873207
v4-release_year-014,v4-release_year-014--A--answer-B--neutral,train,release_year,T1,A,B,neutral,incorrect,contradicted,Which release year is assigned to Avelune Gazette 014?,"Fictional registry for Avelune Gazette 014. Values and assigned fields:
3127 | survey year
3126 | release year",The release year for Avelune Gazette 014 is 3127.,19,10.49802017211914,0.5525273680686951,72,72,90,91,0.14691748452245718
v4-release_year-014,v4-release_year-014--B--answer-A--neutral,train,release_year,T1,B,A,neutral,incorrect,contradicted,Which release year is assigned to Avelune Gazette 014?,"Fictional registry for Avelune Gazette 014. Values and assigned fields:
3127 | release year
3126 | survey year",The release year for Avelune Gazette 014 is 3126.,19,13.1046142578125,0.6897165179252625,72,72,90,91,0.1610323829965265
v4-release_year-014,v4-release_year-014--B--answer-B--neutral,train,release_year,T1,B,B,neutral,correct,supported,Which release year is assigned to Avelune Gazette 014?,"Fictional registry for Avelune Gazette 014. Values and assigned fields:
3127 | release year
3126 | survey year",The release year for Avelune Gazette 014 is 3127.,19,4.325504302978516,0.22765812277793884,72,72,90,91,0.16122280179991572
v4-release_year-014,v4-release_year-014--omitted--answer-A--neutral,train,release_year,T1,omitted,A,neutral,,absent,Which release year is assigned to Avelune Gazette 014?,"Fictional registry for Avelune Gazette 014. Values and assigned fields:
3127 | design year
3126 | review year",The release year for Avelune Gazette 014 is 3126.,19,7.902151107788086,0.415902704000473,72,72,90,91,0.14633013276152662
v4-release_year-014,v4-release_year-014--omitted--answer-B--neutral,train,release_year,T1,omitted,B,neutral,,absent,Which release year is assigned to Avelune Gazette 014?,"Fictional registry for Avelune Gazette 014. Values and assigned fields:
3127 | design year
3126 | review year",The release year for Avelune Gazette 014 is 3127.,19,6.585432052612305,0.3466016948223114,72,72,90,91,0.1378529735914536
v4-release_year-015,v4-release_year-015--A--answer-A--neutral,train,release_year,T1,A,A,neutral,correct,supported,Which release year is assigned to Avelune Gazette 015?,"Fictional registry for Avelune Gazette 015. Values and assigned fields:
3128 | release year
3129 | survey year",The release year for Avelune Gazette 015 is 3128.,19,4.30958366394043,0.2268201857805252,72,72,90,91,0.17331530062097195
v4-release_year-015,v4-release_year-015--A--answer-B--neutral,train,release_year,T1,A,B,neutral,incorrect,contradicted,Which release year is assigned to Avelune Gazette 015?,"Fictional registry for Avelune Gazette 015. Values and assigned fields:
3128 | release year
3129 | survey year",The release year for Avelune Gazette 015 is 3129.,19,13.569076538085938,0.7141619324684143,72,72,90,91,0.16307102318210243
v4-release_year-015,v4-release_year-015--B--answer-A--neutral,train,release_year,T1,B,A,neutral,incorrect,contradicted,Which release year is assigned to Avelune Gazette 015?,"Fictional registry for Avelune Gazette 015. Values and assigned fields:
3128 | survey year
3129 | release year",The release year for Avelune Gazette 015 is 3128.,19,15.093158721923828,0.794376790523529,72,72,90,91,0.14814373632821837
v4-release_year-015,v4-release_year-015--B--answer-B--neutral,train,release_year,T1,B,B,neutral,correct,supported,Which release year is assigned to Avelune Gazette 015?,"Fictional registry for Avelune Gazette 015. Values and assigned fields:
3128 | survey year
3129 | release year",The release year for Avelune Gazette 015 is 3129.,19,5.954526901245117,0.313396155834198,72,72,90,91,0.18927952590528285
v4-release_year-015,v4-release_year-015--omitted--answer-A--neutral,train,release_year,T1,omitted,A,neutral,,absent,Which release year is assigned to Avelune Gazette 015?,"Fictional registry for Avelune Gazette 015. Values and assigned fields:
3128 | review year
3129 | design year",The release year for Avelune Gazette 015 is 3128.,19,6.43278694152832,0.33856773376464844,72,72,90,91,0.1472870705196581
v4-release_year-015,v4-release_year-015--omitted--answer-B--neutral,train,release_year,T1,omitted,B,neutral,,absent,Which release year is assigned to Avelune Gazette 015?,"Fictional registry for Avelune Gazette 015. Values and assigned fields:
3128 | review year
3129 | design year",The release year for Avelune Gazette 015 is 3129.,19,7.149383544921875,0.37628334760665894,72,72,90,91,0.15807927489743456
v4-release_year-016,v4-release_year-016--A--answer-A--neutral,train,release_year,T1,A,A,neutral,correct,supported,Which release year is assigned to Avelune Gazette 016?,"Fictional registry for Avelune Gazette 016. Values and assigned fields:
3131 | survey year
3130 | release year",The release year for Avelune Gazette 016 is 3130.,19,5.855659484863281,0.3081926107406616,72,72,90,91,0.11835534408284712
v4-release_year-016,v4-release_year-016--A--answer-B--neutral,train,release_year,T1,A,B,neutral,incorrect,contradicted,Which release year is assigned to Avelune Gazette 016?,"Fictional registry for Avelune Gazette 016. Values and assigned fields:
3131 | survey year
3130 | release year",The release year for Avelune Gazette 016 is 3131.,19,10.594938278198242,0.557628333568573,72,72,90,91,0.12600823103425285
v4-release_year-016,v4-release_year-016--B--answer-A--neutral,train,release_year,T1,B,A,neutral,incorrect,contradicted,Which release year is assigned to Avelune Gazette 016?,"Fictional registry for Avelune Gazette 016. Values and assigned fields:
3131 | release year
3130 | survey year",The release year for Avelune Gazette 016 is 3130.,19,12.893518447875977,0.6786062121391296,72,72,90,91,0.08712820718076561
v4-release_year-016,v4-release_year-016--B--answer-B--neutral,train,release_year,T1,B,B,neutral,correct,supported,Which release year is assigned to Avelune Gazette 016?,"Fictional registry for Avelune Gazette 016. Values and assigned fields:
3131 | release year
3130 | survey year",The release year for Avelune Gazette 016 is 3131.,19,4.601409912109375,0.24217946827411652,72,72,90,91,0.15915475180921973
v4-release_year-016,v4-release_year-016--omitted--answer-A--neutral,train,release_year,T1,omitted,A,neutral,,absent,Which release year is assigned to Avelune Gazette 016?,"Fictional registry for Avelune Gazette 016. Values and assigned fields:
3131 | design year
3130 | review year",The release year for Avelune Gazette 016 is 3130.,19,7.091928482055664,0.37325939536094666,72,72,90,91,0.08653779073338659
v4-release_year-016,v4-release_year-016--omitted--answer-B--neutral,train,release_year,T1,omitted,B,neutral,,absent,Which release year is assigned to Avelune Gazette 016?,"Fictional registry for Avelune Gazette 016. Values and assigned fields:
3131 | design year
3130 | review year",The release year for Avelune Gazette 016 is 3131.,19,7.04339599609375,0.3707050383090973,72,72,90,91,0.12553381271318723
v4-release_year-017,v4-release_year-017--A--answer-A--neutral,train,release_year,T1,A,A,neutral,correct,supported,Which release year is assigned to Avelune Gazette 017?,"Fictional registry for Avelune Gazette 017. Values and assigned fields:
3132 | release year
3133 | survey year",The release year for Avelune Gazette 017 is 3132.,19,4.835977554321289,0.2545251250267029,72,72,90,91,0.1199142885211744
v4-release_year-017,v4-release_year-017--A--answer-B--neutral,train,release_year,T1,A,B,neutral,incorrect,contradicted,Which release year is assigned to Avelune Gazette 017?,"Fictional registry for Avelune Gazette 017. Values and assigned fields:
3132 | release year
3133 | survey year",The release year for Avelune Gazette 017 is 3133.,19,12.197006225585938,0.6419476866722107,72,72,90,91,0.0651831236292154
v4-release_year-017,v4-release_year-017--B--answer-A--neutral,train,release_year,T1,B,A,neutral,incorrect,contradicted,Which release year is assigned to Avelune Gazette 017?,"Fictional registry for Avelune Gazette 017. Values and assigned fields:
3132 | survey year
3133 | release year",The release year for Avelune Gazette 017 is 3132.,19,10.430505752563477,0.5489739775657654,72,72,90,91,0.09816501316430613
v4-release_year-017,v4-release_year-017--B--answer-B--neutral,train,release_year,T1,B,B,neutral,correct,supported,Which release year is assigned to Avelune Gazette 017?,"Fictional registry for Avelune Gazette 017. Values and assigned fields:
3132 | survey year
3133 | release year",The release year for Avelune Gazette 017 is 3133.,19,5.913904190063477,0.31125810742378235,72,72,90,91,0.10091919780027464
v4-release_year-017,v4-release_year-017--omitted--answer-A--neutral,train,release_year,T1,omitted,A,neutral,,absent,Which release year is assigned to Avelune Gazette 017?,"Fictional registry for Avelune Gazette 017. Values and assigned fields:
3132 | review year
3133 | design year",The release year for Avelune Gazette 017 is 3132.,19,7.058858871459961,0.3715188801288605,72,72,90,91,0.12276053968996811
v4-release_year-017,v4-release_year-017--omitted--answer-B--neutral,train,release_year,T1,omitted,B,neutral,,absent,Which release year is assigned to Avelune Gazette 017?,"Fictional registry for Avelune Gazette 017. Values and assigned fields:
3132 | review year
3133 | design year",The release year for Avelune Gazette 017 is 3133.,19,9.100589752197266,0.47897839546203613,72,72,90,91,0.07668847177665196
v4-release_year-018,v4-release_year-018--A--answer-A--neutral,train,release_year,T1,A,A,neutral,correct,supported,Which release year is assigned to Avelune Gazette 018?,"Fictional registry for Avelune Gazette 018. Values and assigned fields:
3135 | survey year
3134 | release year",The release year for Avelune Gazette 018 is 3134.,19,5.696554183959961,0.29981863498687744,72,72,90,91,0.11087778416070507
v4-release_year-018,v4-release_year-018--A--answer-B--neutral,train,release_year,T1,A,B,neutral,incorrect,contradicted,Which release year is assigned to Avelune Gazette 018?,"Fictional registry for Avelune Gazette 018. Values and assigned fields:
3135 | survey year
3134 | release year",The release year for Avelune Gazette 018 is 3135.,19,10.58060073852539,0.5568737387657166,72,72,90,91,0.12668444386357294
v4-release_year-018,v4-release_year-018--B--answer-A--neutral,train,release_year,T1,B,A,neutral,incorrect,contradicted,Which release year is assigned to Avelune Gazette 018?,"Fictional registry for Avelune Gazette 018. Values and assigned fields:
3135 | release year
3134 | survey year",The release year for Avelune Gazette 018 is 3134.,19,12.295938491821289,0.6471546292304993,72,72,90,91,0.08702136745404186
v4-release_year-018,v4-release_year-018--B--answer-B--neutral,train,release_year,T1,B,B,neutral,correct,supported,Which release year is assigned to Avelune Gazette 018?,"Fictional registry for Avelune Gazette 018. Values and assigned fields:
3135 | release year
3134 | survey year",The release year for Avelune Gazette 018 is 3135.,19,4.539203643798828,0.23890545964241028,72,72,90,91,0.14231142385183188
v4-release_year-018,v4-release_year-018--omitted--answer-A--neutral,train,release_year,T1,omitted,A,neutral,,absent,Which release year is assigned to Avelune Gazette 018?,"Fictional registry for Avelune Gazette 018. Values and assigned fields:
3135 | design year
3134 | review year",The release year for Avelune Gazette 018 is 3134.,19,7.1352386474609375,0.3755388855934143,72,72,90,91,0.07293229889322887
v4-release_year-018,v4-release_year-018--omitted--answer-B--neutral,train,release_year,T1,omitted,B,neutral,,absent,Which release year is assigned to Avelune Gazette 018?,"Fictional registry for Avelune Gazette 018. Values and assigned fields:
3135 | design year
3134 | review year",The release year for Avelune Gazette 018 is 3135.,19,6.509725570678711,0.34261712431907654,72,72,90,91,0.11451707798268565
v4-release_year-019,v4-release_year-019--A--answer-A--neutral,train,release_year,T1,A,A,neutral,correct,supported,Which release year is assigned to Avelune Gazette 019?,"Fictional registry for Avelune Gazette 019. Values and assigned fields:
3136 | release year
3137 | survey year",The release year for Avelune Gazette 019 is 3136.,19,4.716804504394531,0.24825286865234375,72,72,90,91,0.15820057189951156
v4-release_year-019,v4-release_year-019--A--answer-B--neutral,train,release_year,T1,A,B,neutral,incorrect,contradicted,Which release year is assigned to Avelune Gazette 019?,"Fictional registry for Avelune Gazette 019. Values and assigned fields:
3136 | release year
3137 | survey year",The release year for Avelune Gazette 019 is 3137.,19,14.393182754516602,0.7575359344482422,72,72,90,91,0.1137767511919089
v4-release_year-019,v4-release_year-019--B--answer-A--neutral,train,release_year,T1,B,A,neutral,incorrect,contradicted,Which release year is assigned to Avelune Gazette 019?,"Fictional registry for Avelune Gazette 019. Values and assigned fields:
3136 | survey year
3137 | release year",The release year for Avelune Gazette 019 is 3136.,19,11.86406135559082,0.6244242787361145,72,72,90,91,0.11489256180214344
v4-release_year-019,v4-release_year-019--B--answer-B--neutral,train,release_year,T1,B,B,neutral,correct,supported,Which release year is assigned to Avelune Gazette 019?,"Fictional registry for Avelune Gazette 019. Values and assigned fields:
3136 | survey year
3137 | release year",The release year for Avelune Gazette 019 is 3137.,19,6.492923736572266,0.34173282980918884,72,72,90,91,0.14107255978852618
v4-release_year-019,v4-release_year-019--omitted--answer-A--neutral,train,release_year,T1,omitted,A,neutral,,absent,Which release year is assigned to Avelune Gazette 019?,"Fictional registry for Avelune Gazette 019. Values and assigned fields:
3136 | review year
3137 | design year",The release year for Avelune Gazette 019 is 3136.,19,6.50691032409668,0.3424689769744873,72,72,90,91,0.14164599652916365
v4-release_year-019,v4-release_year-019--omitted--answer-B--neutral,train,release_year,T1,omitted,B,neutral,,absent,Which release year is assigned to Avelune Gazette 019?,"Fictional registry for Avelune Gazette 019. Values and assigned fields:
3136 | review year
3137 | design year",The release year for Avelune Gazette 019 is 3137.,19,9.529670715332031,0.5015616416931152,72,72,90,91,0.11659389079004932
v4-release_year-020,v4-release_year-020--A--answer-A--neutral,train,release_year,T1,A,A,neutral,correct,supported,Which release year is assigned to Avelune Gazette 020?,"Fictional registry for Avelune Gazette 020. Values and assigned fields:
3139 | survey year
3138 | release year",The release year for Avelune Gazette 020 is 3138.,19,6.389284133911133,0.33627811074256897,72,72,90,91,0.04325271339195555
v4-release_year-020,v4-release_year-020--A--answer-B--neutral,train,release_year,T1,A,B,neutral,incorrect,contradicted,Which release year is assigned to Avelune Gazette 020?,"Fictional registry for Avelune Gazette 020. Values and assigned fields:
3139 | survey year
3138 | release year",The release year for Avelune Gazette 020 is 3139.,19,9.259552001953125,0.4873448312282562,72,72,90,91,0.06433882536394046
v4-release_year-020,v4-release_year-020--B--answer-A--neutral,train,release_year,T1,B,A,neutral,incorrect,contradicted,Which release year is assigned to Avelune Gazette 020?,"Fictional registry for Avelune Gazette 020. Values and assigned fields:
3139 | release year
3138 | survey year",The release year for Avelune Gazette 020 is 3138.,19,12.768922805786133,0.6720485687255859,72,72,90,91,0.009903555776683379
v4-release_year-020,v4-release_year-020--B--answer-B--neutral,train,release_year,T1,B,B,neutral,correct,supported,Which release year is assigned to Avelune Gazette 020?,"Fictional registry for Avelune Gazette 020. Values and assigned fields:
3139 | release year
3138 | survey year",The release year for Avelune Gazette 020 is 3139.,19,4.479179382324219,0.23574627935886383,72,72,90,91,0.07661813155869328
v4-release_year-020,v4-release_year-020--omitted--answer-A--neutral,train,release_year,T1,omitted,A,neutral,,absent,Which release year is assigned to Avelune Gazette 020?,"Fictional registry for Avelune Gazette 020. Values and assigned fields:
3139 | design year
3138 | review year",The release year for Avelune Gazette 020 is 3138.,19,9.975486755371094,0.5250256061553955,72,72,90,91,0.04070063171302615
v4-release_year-020,v4-release_year-020--omitted--answer-B--neutral,train,release_year,T1,omitted,B,neutral,,absent,Which release year is assigned to Avelune Gazette 020?,"Fictional registry for Avelune Gazette 020. Values and assigned fields:
3139 | design year
3138 | review year",The release year for Avelune Gazette 020 is 3139.,19,6.600942611694336,0.34741804003715515,72,72,90,91,0.08688320732357183
v4-release_year-021,v4-release_year-021--A--answer-A--neutral,train,release_year,T1,A,A,neutral,correct,supported,Which release year is assigned to Avelune Gazette 021?,"Fictional registry for Avelune Gazette 021. Values and assigned fields:
3140 | release year
3141 | survey year",The release year for Avelune Gazette 021 is 3140.,19,4.917539596557617,0.2588178813457489,72,72,90,91,0.11987338746111662
v4-release_year-021,v4-release_year-021--A--answer-B--neutral,train,release_year,T1,A,B,neutral,incorrect,contradicted,Which release year is assigned to Avelune Gazette 021?,"Fictional registry for Avelune Gazette 021. Values and assigned fields:
3140 | release year
3141 | survey year",The release year for Avelune Gazette 021 is 3141.,19,12.94757080078125,0.6814510822296143,72,72,90,91,0.11787657927077388
v4-release_year-021,v4-release_year-021--B--answer-A--neutral,train,release_year,T1,B,A,neutral,incorrect,contradicted,Which release year is assigned to Avelune Gazette 021?,"Fictional registry for Avelune Gazette 021. Values and assigned fields:
3140 | survey year
3141 | release year",The release year for Avelune Gazette 021 is 3140.,19,11.17054557800293,0.5879234671592712,72,72,90,91,0.08626353429262403
v4-release_year-021,v4-release_year-021--B--answer-B--neutral,train,release_year,T1,B,B,neutral,correct,supported,Which release year is assigned to Avelune Gazette 021?,"Fictional registry for Avelune Gazette 021. Values and assigned fields:
3140 | survey year
3141 | release year",The release year for Avelune Gazette 021 is 3141.,19,6.007568359375,0.3161877989768982,72,72,90,91,0.12651753833880605
v4-release_year-021,v4-release_year-021--omitted--answer-A--neutral,train,release_year,T1,omitted,A,neutral,,absent,Which release year is assigned to Avelune Gazette 021?,"Fictional registry for Avelune Gazette 021. Values and assigned fields:
3140 | review year
3141 | design year",The release year for Avelune Gazette 021 is 3140.,19,6.786310195922852,0.35717421770095825,72,72,90,91,0.10470123691806038
v4-release_year-021,v4-release_year-021--omitted--answer-B--neutral,train,release_year,T1,omitted,B,neutral,,absent,Which release year is assigned to Avelune Gazette 021?,"Fictional registry for Avelune Gazette 021. Values and assigned fields:
3140 | review year
3141 | design year",The release year for Avelune Gazette 021 is 3141.,19,8.154956817626953,0.42920824885368347,72,72,90,91,0.1238093725235519
v4-release_year-022,v4-release_year-022--A--answer-A--neutral,train,release_year,T1,A,A,neutral,correct,supported,Which release year is assigned to Avelune Gazette 022?,"Fictional registry for Avelune Gazette 022. Values and assigned fields:
3143 | survey year
3142 | release year",The release year for Avelune Gazette 022 is 3142.,19,6.426050186157227,0.338213175535202,72,72,90,91,0.12841935291398052
v4-release_year-022,v4-release_year-022--A--answer-B--neutral,train,release_year,T1,A,B,neutral,incorrect,contradicted,Which release year is assigned to Avelune Gazette 022?,"Fictional registry for Avelune Gazette 022. Values and assigned fields:
3143 | survey year
3142 | release year",The release year for Avelune Gazette 022 is 3143.,19,10.579519271850586,0.556816816329956,72,72,90,91,0.08983110480459318
v4-release_year-022,v4-release_year-022--B--answer-A--neutral,train,release_year,T1,B,A,neutral,incorrect,contradicted,Which release year is assigned to Avelune Gazette 022?,"Fictional registry for Avelune Gazette 022. Values and assigned fields:
3143 | release year
3142 | survey year",The release year for Avelune Gazette 022 is 3142.,19,13.58613395690918,0.7150596976280212,72,72,90,91,0.11431766253907437
v4-release_year-022,v4-release_year-022--B--answer-B--neutral,train,release_year,T1,B,B,neutral,correct,supported,Which release year is assigned to Avelune Gazette 022?,"Fictional registry for Avelune Gazette 022. Values and assigned fields:
3143 | release year
3142 | survey year",The release year for Avelune Gazette 022 is 3143.,19,4.732183456420898,0.24906228482723236,72,72,90,91,0.11297901217671018
v4-release_year-022,v4-release_year-022--omitted--answer-A--neutral,train,release_year,T1,omitted,A,neutral,,absent,Which release year is assigned to Avelune Gazette 022?,"Fictional registry for Avelune Gazette 022. Values and assigned fields:
3143 | design year
3142 | review year",The release year for Avelune Gazette 022 is 3142.,19,7.680580139160156,0.40424105525016785,72,72,90,91,0.12360057490800264
v4-release_year-022,v4-release_year-022--omitted--answer-B--neutral,train,release_year,T1,omitted,B,neutral,,absent,Which release year is assigned to Avelune Gazette 022?,"Fictional registry for Avelune Gazette 022. Values and assigned fields:
3143 | design year
3142 | review year",The release year for Avelune Gazette 022 is 3143.,19,6.862245559692383,0.36117082834243774,72,72,90,91,0.09948864851932705
v4-release_year-023,v4-release_year-023--A--answer-A--neutral,train,release_year,T1,A,A,neutral,correct,supported,Which release year is assigned to Avelune Gazette 023?,"Fictional registry for Avelune Gazette 023. Values and assigned fields:
3144 | release year
3145 | survey year",The release year for Avelune Gazette 023 is 3144.,19,4.871519088745117,0.25639572739601135,72,72,90,91,0.1708219583524711
v4-release_year-023,v4-release_year-023--A--answer-B--neutral,train,release_year,T1,A,B,neutral,incorrect,contradicted,Which release year is assigned to Avelune Gazette 023?,"Fictional registry for Avelune Gazette 023. Values and assigned fields:
3144 | release year
3145 | survey year",The release year for Avelune Gazette 023 is 3145.,19,13.60750961303711,0.7161847352981567,72,72,90,91,0.14567570346216246
v4-release_year-023,v4-release_year-023--B--answer-A--neutral,train,release_year,T1,B,A,neutral,incorrect,contradicted,Which release year is assigned to Avelune Gazette 023?,"Fictional registry for Avelune Gazette 023. Values and assigned fields:
3144 | survey year
3145 | release year",The release year for Avelune Gazette 023 is 3144.,19,13.657674789428711,0.7188249826431274,72,72,90,91,0.14353145207140133
v4-release_year-023,v4-release_year-023--B--answer-B--neutral,train,release_year,T1,B,B,neutral,correct,supported,Which release year is assigned to Avelune Gazette 023?,"Fictional registry for Avelune Gazette 023. Values and assigned fields:
3144 | survey year
3145 | release year",The release year for Avelune Gazette 023 is 3145.,19,6.745222091674805,0.3550117015838623,72,72,90,91,0.17350595010056327
v4-release_year-023,v4-release_year-023--omitted--answer-A--neutral,train,release_year,T1,omitted,A,neutral,,absent,Which release year is assigned to Avelune Gazette 023?,"Fictional registry for Avelune Gazette 023. Values and assigned fields:
3144 | review year
3145 | design year",The release year for Avelune Gazette 023 is 3144.,19,6.716300964355469,0.3534895181655884,72,72,90,91,0.1627151735448757
v4-release_year-023,v4-release_year-023--omitted--answer-B--neutral,train,release_year,T1,omitted,B,neutral,,absent,Which release year is assigned to Avelune Gazette 023?,"Fictional registry for Avelune Gazette 023. Values and assigned fields:
3144 | review year
3145 | design year",The release year for Avelune Gazette 023 is 3145.,19,9.077529907226562,0.47776472568511963,72,72,90,91,0.1591830547404644
v4-release_year-024,v4-release_year-024--A--answer-A--neutral,train,release_year,T1,A,A,neutral,correct,supported,Which release year is assigned to Avelune Gazette 024?,"Fictional registry for Avelune Gazette 024. Values and assigned fields:
3147 | survey year
3146 | release year",The release year for Avelune Gazette 024 is 3146.,19,6.282588958740234,0.3306625783443451,72,72,90,91,0.14747798190494865
v4-release_year-024,v4-release_year-024--A--answer-B--neutral,train,release_year,T1,A,B,neutral,incorrect,contradicted,Which release year is assigned to Avelune Gazette 024?,"Fictional registry for Avelune Gazette 024. Values and assigned fields:
3147 | survey year
3146 | release year",The release year for Avelune Gazette 024 is 3147.,19,10.032480239868164,0.5280252695083618,72,72,90,91,0.12394710491354034
v4-release_year-024,v4-release_year-024--B--answer-A--neutral,train,release_year,T1,B,A,neutral,incorrect,contradicted,Which release year is assigned to Avelune Gazette 024?,"Fictional registry for Avelune Gazette 024. Values and assigned fields:
3147 | release year
3146 | survey year",The release year for Avelune Gazette 024 is 3146.,19,12.83321762084961,0.6754325032234192,72,72,90,91,0.13360482443203908
v4-release_year-024,v4-release_year-024--B--answer-B--neutral,train,release_year,T1,B,B,neutral,correct,supported,Which release year is assigned to Avelune Gazette 024?,"Fictional registry for Avelune Gazette 024. Values and assigned fields:
3147 | release year
3146 | survey year",The release year for Avelune Gazette 024 is 3147.,19,4.565410614013672,0.2402847707271576,72,72,90,91,0.14291333743483142
v4-release_year-024,v4-release_year-024--omitted--answer-A--neutral,train,release_year,T1,omitted,A,neutral,,absent,Which release year is assigned to Avelune Gazette 024?,"Fictional registry for Avelune Gazette 024. Values and assigned fields:
3147 | design year
3146 | review year",The release year for Avelune Gazette 024 is 3146.,19,7.529726028442383,0.39630135893821716,72,72,90,91,0.1112881859455574
v4-release_year-024,v4-release_year-024--omitted--answer-B--neutral,train,release_year,T1,omitted,B,neutral,,absent,Which release year is assigned to Avelune Gazette 024?,"Fictional registry for Avelune Gazette 024. Values and assigned fields:
3147 | design year
3146 | review year",The release year for Avelune Gazette 024 is 3147.,19,6.6233062744140625,0.3485950529575348,72,72,90,91,0.09824907778742512
v4-release_year-025,v4-release_year-025--A--answer-A--neutral,validation,release_year,T2,A,A,neutral,correct,supported,What release year does the registry give for Avelune Gazette 025?,"Record for Avelune Gazette 025 (invented). The entries specify separate fields:
Listed value 3148 belongs to field release year.
Listed value 3149 belongs to field survey year.",The registry assigns 3148 as the release year for Avelune Gazette 025.,22,19.175609588623047,0.8716186285018921,88,88,109,110,0.3992212909993812
v4-release_year-025,v4-release_year-025--A--answer-B--neutral,validation,release_year,T2,A,B,neutral,incorrect,contradicted,What release year does the registry give for Avelune Gazette 025?,"Record for Avelune Gazette 025 (invented). The entries specify separate fields:
Listed value 3148 belongs to field release year.
Listed value 3149 belongs to field survey year.",The registry assigns 3149 as the release year for Avelune Gazette 025.,22,25.159563064575195,1.1436165571212769,88,88,109,110,0.34963982818674133
v4-release_year-025,v4-release_year-025--B--answer-A--neutral,validation,release_year,T2,B,A,neutral,incorrect,contradicted,What release year does the registry give for Avelune Gazette 025?,"Record for Avelune Gazette 025 (invented). The entries specify separate fields:
Listed value 3148 belongs to field survey year.
Listed value 3149 belongs to field release year.",The registry assigns 3148 as the release year for Avelune Gazette 025.,22,30.772348403930664,1.3987431526184082,88,88,109,110,0.32230657100934507
v4-release_year-025,v4-release_year-025--B--answer-B--neutral,validation,release_year,T2,B,B,neutral,correct,supported,What release year does the registry give for Avelune Gazette 025?,"Record for Avelune Gazette 025 (invented). The entries specify separate fields:
Listed value 3148 belongs to field survey year.
Listed value 3149 belongs to field release year.",The registry assigns 3149 as the release year for Avelune Gazette 025.,22,19.981712341308594,0.9082596302032471,88,88,109,110,0.3267251832184795
v4-release_year-025,v4-release_year-025--omitted--answer-A--neutral,validation,release_year,T2,omitted,A,neutral,,absent,What release year does the registry give for Avelune Gazette 025?,"Record for Avelune Gazette 025 (invented). The entries specify separate fields:
Listed value 3148 belongs to field review year.
Listed value 3149 belongs to field design year.",The registry assigns 3148 as the release year for Avelune Gazette 025.,22,20.695919036865234,0.9407235980033875,88,88,109,110,0.37182975842104177
v4-release_year-025,v4-release_year-025--omitted--answer-B--neutral,validation,release_year,T2,omitted,B,neutral,,absent,What release year does the registry give for Avelune Gazette 025?,"Record for Avelune Gazette 025 (invented). The entries specify separate fields:
Listed value 3148 belongs to field review year.
Listed value 3149 belongs to field design year.",The registry assigns 3149 as the release year for Avelune Gazette 025.,22,20.462743759155273,0.9301247000694275,88,88,109,110,0.3303457903907935
v4-release_year-026,v4-release_year-026--A--answer-A--neutral,validation,release_year,T2,A,A,neutral,correct,supported,What release year does the registry give for Avelune Gazette 026?,"Record for Avelune Gazette 026 (invented). The entries specify separate fields:
Listed value 3151 belongs to field survey year.
Listed value 3150 belongs to field release year.",The registry assigns 3150 as the release year for Avelune Gazette 026.,22,20.967897415161133,0.953086256980896,88,88,109,110,0.3626241435660849
v4-release_year-026,v4-release_year-026--A--answer-B--neutral,validation,release_year,T2,A,B,neutral,incorrect,contradicted,What release year does the registry give for Avelune Gazette 026?,"Record for Avelune Gazette 026 (invented). The entries specify separate fields:
Listed value 3151 belongs to field survey year.
Listed value 3150 belongs to field release year.",The registry assigns 3151 as the release year for Avelune Gazette 026.,22,25.994510650634766,1.1815686225891113,88,88,109,110,0.39219979759478363
v4-release_year-026,v4-release_year-026--B--answer-A--neutral,validation,release_year,T2,B,A,neutral,incorrect,contradicted,What release year does the registry give for Avelune Gazette 026?,"Record for Avelune Gazette 026 (invented). The entries specify separate fields:
Listed value 3151 belongs to field release year.
Listed value 3150 belongs to field survey year.",The registry assigns 3150 as the release year for Avelune Gazette 026.,22,28.76565170288086,1.3075295686721802,88,88,109,110,0.37800659187992214
v4-release_year-026,v4-release_year-026--B--answer-B--neutral,validation,release_year,T2,B,B,neutral,correct,supported,What release year does the registry give for Avelune Gazette 026?,"Record for Avelune Gazette 026 (invented). The entries specify separate fields:
Listed value 3151 belongs to field release year.
Listed value 3150 belongs to field survey year.",The registry assigns 3151 as the release year for Avelune Gazette 026.,22,19.369951248168945,0.8804523348808289,88,88,109,110,0.45162542020893137
v4-release_year-026,v4-release_year-026--omitted--answer-A--neutral,validation,release_year,T2,omitted,A,neutral,,absent,What release year does the registry give for Avelune Gazette 026?,"Record for Avelune Gazette 026 (invented). The entries specify separate fields:
Listed value 3151 belongs to field design year.
Listed value 3150 belongs to field review year.",The registry assigns 3150 as the release year for Avelune Gazette 026.,22,24.047624588012695,1.093073844909668,88,88,109,110,0.3382190946965462
v4-release_year-026,v4-release_year-026--omitted--answer-B--neutral,validation,release_year,T2,omitted,B,neutral,,absent,What release year does the registry give for Avelune Gazette 026?,"Record for Avelune Gazette 026 (invented). The entries specify separate fields:
Listed value 3151 belongs to field design year.
Listed value 3150 belongs to field review year.",The registry assigns 3151 as the release year for Avelune Gazette 026.,22,20.18569564819336,0.9175316095352173,88,88,109,110,0.40362260794112576
v4-release_year-027,v4-release_year-027--A--answer-A--neutral,validation,release_year,T2,A,A,neutral,correct,supported,What release year does the registry give for Avelune Gazette 027?,"Record for Avelune Gazette 027 (invented). The entries specify separate fields:
Listed value 3152 belongs to field release year.
Listed value 3153 belongs to field survey year.",The registry assigns 3152 as the release year for Avelune Gazette 027.,22,20.047073364257812,0.9112306237220764,88,88,109,110,0.43068501172347035
v4-release_year-027,v4-release_year-027--A--answer-B--neutral,validation,release_year,T2,A,B,neutral,incorrect,contradicted,What release year does the registry give for Avelune Gazette 027?,"Record for Avelune Gazette 027 (invented). The entries specify separate fields:
Listed value 3152 belongs to field release year.
Listed value 3153 belongs to field survey year.",The registry assigns 3153 as the release year for Avelune Gazette 027.,22,28.701217651367188,1.3046008348464966,88,88,109,110,0.3147078544161107
v4-release_year-027,v4-release_year-027--B--answer-A--neutral,validation,release_year,T2,B,A,neutral,incorrect,contradicted,What release year does the registry give for Avelune Gazette 027?,"Record for Avelune Gazette 027 (invented). The entries specify separate fields:
Listed value 3152 belongs to field survey year.
Listed value 3153 belongs to field release year.",The registry assigns 3152 as the release year for Avelune Gazette 027.,22,27.613670349121094,1.2551668882369995,88,88,109,110,0.3749685558100373
v4-release_year-027,v4-release_year-027--B--answer-B--neutral,validation,release_year,T2,B,B,neutral,correct,supported,What release year does the registry give for Avelune Gazette 027?,"Record for Avelune Gazette 027 (invented). The entries specify separate fields:
Listed value 3152 belongs to field survey year.
Listed value 3153 belongs to field release year.",The registry assigns 3153 as the release year for Avelune Gazette 027.,22,20.427112579345703,0.9285051226615906,88,88,109,110,0.3319254074314839
v4-release_year-027,v4-release_year-027--omitted--answer-A--neutral,validation,release_year,T2,omitted,A,neutral,,absent,What release year does the registry give for Avelune Gazette 027?,"Record for Avelune Gazette 027 (invented). The entries specify separate fields:
Listed value 3152 belongs to field review year.
Listed value 3153 belongs to field design year.",The registry assigns 3152 as the release year for Avelune Gazette 027.,22,20.522302627563477,0.9328319430351257,88,88,109,110,0.41317739816093824
v4-release_year-027,v4-release_year-027--omitted--answer-B--neutral,validation,release_year,T2,omitted,B,neutral,,absent,What release year does the registry give for Avelune Gazette 027?,"Record for Avelune Gazette 027 (invented). The entries specify separate fields:
Listed value 3152 belongs to field review year.
Listed value 3153 belongs to field design year.",The registry assigns 3153 as the release year for Avelune Gazette 027.,22,22.333114624023438,1.0151416063308716,88,88,109,110,0.3186550629832042
v4-release_year-028,v4-release_year-028--A--answer-A--neutral,validation,release_year,T2,A,A,neutral,correct,supported,What release year does the registry give for Avelune Gazette 028?,"Record for Avelune Gazette 028 (invented). The entries specify separate fields:
Listed value 3155 belongs to field survey year.
Listed value 3154 belongs to field release year.",The registry assigns 3154 as the release year for Avelune Gazette 028.,22,20.158376693725586,0.9162898659706116,88,88,109,110,0.34240763952181397
v4-release_year-028,v4-release_year-028--A--answer-B--neutral,validation,release_year,T2,A,B,neutral,incorrect,contradicted,What release year does the registry give for Avelune Gazette 028?,"Record for Avelune Gazette 028 (invented). The entries specify separate fields:
Listed value 3155 belongs to field survey year.
Listed value 3154 belongs to field release year.",The registry assigns 3155 as the release year for Avelune Gazette 028.,22,24.584365844726562,1.1174712181091309,88,88,109,110,0.3690113673611198
v4-release_year-028,v4-release_year-028--B--answer-A--neutral,validation,release_year,T2,B,A,neutral,incorrect,contradicted,What release year does the registry give for Avelune Gazette 028?,"Record for Avelune Gazette 028 (invented). The entries specify separate fields:
Listed value 3155 belongs to field release year.
Listed value 3154 belongs to field survey year.",The registry assigns 3154 as the release year for Avelune Gazette 028.,22,25.7232666015625,1.1692394018173218,88,88,109,110,0.3443937380699052
v4-release_year-028,v4-release_year-028--B--answer-B--neutral,validation,release_year,T2,B,B,neutral,correct,supported,What release year does the registry give for Avelune Gazette 028?,"Record for Avelune Gazette 028 (invented). The entries specify separate fields:
Listed value 3155 belongs to field release year.
Listed value 3154 belongs to field survey year.",The registry assigns 3155 as the release year for Avelune Gazette 028.,22,18.66532325744629,0.8484237790107727,88,88,109,110,0.4297263779949178
v4-release_year-028,v4-release_year-028--omitted--answer-A--neutral,validation,release_year,T2,omitted,A,neutral,,absent,What release year does the registry give for Avelune Gazette 028?,"Record for Avelune Gazette 028 (invented). The entries specify separate fields:
Listed value 3155 belongs to field design year.
Listed value 3154 belongs to field review year.",The registry assigns 3154 as the release year for Avelune Gazette 028.,22,21.915990829467773,0.9961814284324646,88,88,109,110,0.3091642523186443
v4-release_year-028,v4-release_year-028--omitted--answer-B--neutral,validation,release_year,T2,omitted,B,neutral,,absent,What release year does the registry give for Avelune Gazette 028?,"Record for Avelune Gazette 028 (invented). The entries specify separate fields:
Listed value 3155 belongs to field design year.
Listed value 3154 belongs to field review year.",The registry assigns 3155 as the release year for Avelune Gazette 028.,22,20.306272506713867,0.923012375831604,88,88,109,110,0.3897823346713971
v4-release_year-029,v4-release_year-029--A--answer-A--neutral,validation,release_year,T2,A,A,neutral,correct,supported,What release year does the registry give for Avelune Gazette 029?,"Record for Avelune Gazette 029 (invented). The entries specify separate fields:
Listed value 3156 belongs to field release year.
Listed value 3157 belongs to field survey year.",The registry assigns 3156 as the release year for Avelune Gazette 029.,22,19.46694564819336,0.884861171245575,88,88,109,110,0.4605481116072842
v4-release_year-029,v4-release_year-029--A--answer-B--neutral,validation,release_year,T2,A,B,neutral,incorrect,contradicted,What release year does the registry give for Avelune Gazette 029?,"Record for Avelune Gazette 029 (invented). The entries specify separate fields:
Listed value 3156 belongs to field release year.
Listed value 3157 belongs to field survey year.",The registry assigns 3157 as the release year for Avelune Gazette 029.,22,28.260448455810547,1.284565806388855,88,88,109,110,0.37736590589009994
v4-release_year-029,v4-release_year-029--B--answer-A--neutral,validation,release_year,T2,B,A,neutral,incorrect,contradicted,What release year does the registry give for Avelune Gazette 029?,"Record for Avelune Gazette 029 (invented). The entries specify separate fields:
Listed value 3156 belongs to field survey year.
Listed value 3157 belongs to field release year.",The registry assigns 3156 as the release year for Avelune Gazette 029.,22,27.587902069091797,1.2539955377578735,88,88,109,110,0.4091015848405943
v4-release_year-029,v4-release_year-029--B--answer-B--neutral,validation,release_year,T2,B,B,neutral,correct,supported,What release year does the registry give for Avelune Gazette 029?,"Record for Avelune Gazette 029 (invented). The entries specify separate fields:
Listed value 3156 belongs to field survey year.
Listed value 3157 belongs to field release year.",The registry assigns 3157 as the release year for Avelune Gazette 029.,22,19.73175621032715,0.8968980312347412,88,88,109,110,0.40051501441559684
v4-release_year-029,v4-release_year-029--omitted--answer-A--neutral,validation,release_year,T2,omitted,A,neutral,,absent,What release year does the registry give for Avelune Gazette 029?,"Record for Avelune Gazette 029 (invented). The entries specify separate fields:
Listed value 3156 belongs to field review year.
Listed value 3157 belongs to field design year.",The registry assigns 3156 as the release year for Avelune Gazette 029.,22,20.2593994140625,0.9208818078041077,88,88,109,110,0.45050678269085
v4-release_year-029,v4-release_year-029--omitted--answer-B--neutral,validation,release_year,T2,omitted,B,neutral,,absent,What release year does the registry give for Avelune Gazette 029?,"Record for Avelune Gazette 029 (invented). The entries specify separate fields:
Listed value 3156 belongs to field review year.
Listed value 3157 belongs to field design year.",The registry assigns 3157 as the release year for Avelune Gazette 029.,22,23.165124893188477,1.0529602766036987,88,88,109,110,0.3739382952875121
v4-release_year-030,v4-release_year-030--A--answer-A--neutral,validation,release_year,T2,A,A,neutral,correct,supported,What release year does the registry give for Avelune Gazette 030?,"Record for Avelune Gazette 030 (invented). The entries specify separate fields:
Listed value 3159 belongs to field survey year.
Listed value 3158 belongs to field release year.",The registry assigns 3158 as the release year for Avelune Gazette 030.,22,22.095735549926758,1.0043516159057617,88,88,109,110,0.3189320567506602
v4-release_year-030,v4-release_year-030--A--answer-B--neutral,validation,release_year,T2,A,B,neutral,incorrect,contradicted,What release year does the registry give for Avelune Gazette 030?,"Record for Avelune Gazette 030 (invented). The entries specify separate fields:
Listed value 3159 belongs to field survey year.
Listed value 3158 belongs to field release year.",The registry assigns 3159 as the release year for Avelune Gazette 030.,22,23.24949073791504,1.0567950010299683,88,88,109,110,0.34376398790557083
v4-release_year-030,v4-release_year-030--B--answer-A--neutral,validation,release_year,T2,B,A,neutral,incorrect,contradicted,What release year does the registry give for Avelune Gazette 030?,"Record for Avelune Gazette 030 (invented). The entries specify separate fields:
Listed value 3159 belongs to field release year.
Listed value 3158 belongs to field survey year.",The registry assigns 3158 as the release year for Avelune Gazette 030.,22,31.224504470825195,1.4192956686019897,88,88,109,110,0.3512982130410528
v4-release_year-030,v4-release_year-030--B--answer-B--neutral,validation,release_year,T2,B,B,neutral,correct,supported,What release year does the registry give for Avelune Gazette 030?,"Record for Avelune Gazette 030 (invented). The entries specify separate fields:
Listed value 3159 belongs to field release year.
Listed value 3158 belongs to field survey year.",The registry assigns 3159 as the release year for Avelune Gazette 030.,22,19.717905044555664,0.8962684273719788,88,88,109,110,0.4074634630505641
v4-release_year-030,v4-release_year-030--omitted--answer-A--neutral,validation,release_year,T2,omitted,A,neutral,,absent,What release year does the registry give for Avelune Gazette 030?,"Record for Avelune Gazette 030 (invented). The entries specify separate fields:
Listed value 3159 belongs to field design year.
Listed value 3158 belongs to field review year.",The registry assigns 3158 as the release year for Avelune Gazette 030.,22,28.077045440673828,1.2762293815612793,88,88,109,110,0.30784807227191413
v4-release_year-030,v4-release_year-030--omitted--answer-B--neutral,validation,release_year,T2,omitted,B,neutral,,absent,What release year does the registry give for Avelune Gazette 030?,"Record for Avelune Gazette 030 (invented). The entries specify separate fields:
Listed value 3159 belongs to field design year.
Listed value 3158 belongs to field review year.",The registry assigns 3159 as the release year for Avelune Gazette 030.,22,20.467384338378906,0.9303356409072876,88,88,109,110,0.352144737103111
v4-release_year-031,v4-release_year-031--A--answer-A--neutral,test,release_year,T3,A,A,neutral,correct,supported,"According to this record, what is the release year for Avelune Gazette 031?","The following registry describes fictional Avelune Gazette 031. Each value has its own field:
3160 is listed under release year.
3161 is listed under survey year.","For Avelune Gazette 031, the release year is 3160.",20,15.269527435302734,0.7634763717651367,84,84,103,104,0.07483093858118138
v4-release_year-031,v4-release_year-031--A--answer-A--confident,test,release_year,T3,A,A,confident,correct,supported,"According to this record, what is the release year for Avelune Gazette 031?","The following registry describes fictional Avelune Gazette 031. Each value has its own field:
3160 is listed under release year.
3161 is listed under survey year.","I am certain about this answer. For Avelune Gazette 031, the release year is 3160.",27,54.0926513671875,2.003431558609009,84,84,110,111,0.008736406993923737
v4-release_year-031,v4-release_year-031--A--answer-A--hedged,test,release_year,T3,A,A,hedged,correct,supported,"According to this record, what is the release year for Avelune Gazette 031?","The following registry describes fictional Avelune Gazette 031. Each value has its own field:
3160 is listed under release year.
3161 is listed under survey year.","I am uncertain about this answer. For Avelune Gazette 031, the release year is 3160.",27,55.44560241699219,2.0535409450531006,84,84,110,111,-0.018211248693695725
v4-release_year-031,v4-release_year-031--A--answer-B--neutral,test,release_year,T3,A,B,neutral,incorrect,contradicted,"According to this record, what is the release year for Avelune Gazette 031?","The following registry describes fictional Avelune Gazette 031. Each value has its own field:
3160 is listed under release year.
3161 is listed under survey year.","For Avelune Gazette 031, the release year is 3161.",20,23.723325729370117,1.1861662864685059,84,84,103,104,0.09767328921316136
v4-release_year-031,v4-release_year-031--A--answer-B--confident,test,release_year,T3,A,B,confident,incorrect,contradicted,"According to this record, what is the release year for Avelune Gazette 031?","The following registry describes fictional Avelune Gazette 031. Each value has its own field:
3160 is listed under release year.
3161 is listed under survey year.","I am certain about this answer. For Avelune Gazette 031, the release year is 3161.",27,60.759864807128906,2.2503652572631836,84,84,110,111,0.01969348499782174
v4-release_year-031,v4-release_year-031--A--answer-B--hedged,test,release_year,T3,A,B,hedged,incorrect,contradicted,"According to this record, what is the release year for Avelune Gazette 031?","The following registry describes fictional Avelune Gazette 031. Each value has its own field:
3160 is listed under release year.
3161 is listed under survey year.","I am uncertain about this answer. For Avelune Gazette 031, the release year is 3161.",27,60.20288848876953,2.229736566543579,84,84,110,111,-0.0008060322520863916
v4-release_year-031,v4-release_year-031--B--answer-A--neutral,test,release_year,T3,B,A,neutral,incorrect,contradicted,"According to this record, what is the release year for Avelune Gazette 031?","The following registry describes fictional Avelune Gazette 031. Each value has its own field:
3160 is listed under survey year.
3161 is listed under release year.","For Avelune Gazette 031, the release year is 3160.",20,23.25531578063965,1.1627657413482666,84,84,103,104,0.0637123014547831
v4-release_year-031,v4-release_year-031--B--answer-A--confident,test,release_year,T3,B,A,confident,incorrect,contradicted,"According to this record, what is the release year for Avelune Gazette 031?","The following registry describes fictional Avelune Gazette 031. Each value has its own field:
3160 is listed under survey year.
3161 is listed under release year.","I am certain about this answer. For Avelune Gazette 031, the release year is 3160.",27,59.943145751953125,2.22011661529541,84,84,110,111,-0.009708292260329376
v4-release_year-031,v4-release_year-031--B--answer-A--hedged,test,release_year,T3,B,A,hedged,incorrect,contradicted,"According to this record, what is the release year for Avelune Gazette 031?","The following registry describes fictional Avelune Gazette 031. Each value has its own field:
3160 is listed under survey year.
3161 is listed under release year.","I am uncertain about this answer. For Avelune Gazette 031, the release year is 3160.",27,58.054962158203125,2.15018367767334,84,84,110,111,-0.02772550499431345
v4-release_year-031,v4-release_year-031--B--answer-B--neutral,test,release_year,T3,B,B,neutral,correct,supported,"According to this record, what is the release year for Avelune Gazette 031?","The following registry describes fictional Avelune Gazette 031. Each value has its own field:
3160 is listed under survey year.
3161 is listed under release year.","For Avelune Gazette 031, the release year is 3161.",20,15.76229476928711,0.7881147265434265,84,84,103,104,0.14069021015567407
v4-release_year-031,v4-release_year-031--B--answer-B--confident,test,release_year,T3,B,B,confident,correct,supported,"According to this record, what is the release year for Avelune Gazette 031?","The following registry describes fictional Avelune Gazette 031. Each value has its own field:
3160 is listed under survey year.
3161 is listed under release year.","I am certain about this answer. For Avelune Gazette 031, the release year is 3161.",27,55.034690856933594,2.0383219718933105,84,84,110,111,0.041008324214651545
v4-release_year-031,v4-release_year-031--B--answer-B--hedged,test,release_year,T3,B,B,hedged,correct,supported,"According to this record, what is the release year for Avelune Gazette 031?","The following registry describes fictional Avelune Gazette 031. Each value has its own field:
3160 is listed under survey year.
3161 is listed under release year.","I am uncertain about this answer. For Avelune Gazette 031, the release year is 3161.",27,54.92208480834961,2.034151315689087,84,84,110,111,0.03575455483072702
v4-release_year-031,v4-release_year-031--omitted--answer-A--neutral,test,release_year,T3,omitted,A,neutral,,absent,"According to this record, what is the release year for Avelune Gazette 031?","The following registry describes fictional Avelune Gazette 031. Each value has its own field:
3160 is listed under review year.
3161 is listed under design year.","For Avelune Gazette 031, the release year is 3160.",20,14.309591293334961,0.7154795527458191,84,84,103,104,0.04376632037467976
v4-release_year-031,v4-release_year-031--omitted--answer-A--confident,test,release_year,T3,omitted,A,confident,,absent,"According to this record, what is the release year for Avelune Gazette 031?","The following registry describes fictional Avelune Gazette 031. Each value has its own field:
3160 is listed under review year.
3161 is listed under design year.","I am certain about this answer. For Avelune Gazette 031, the release year is 3160.",27,53.69693374633789,1.988775372505188,84,84,110,111,-0.040428303876856364
v4-release_year-031,v4-release_year-031--omitted--answer-A--hedged,test,release_year,T3,omitted,A,hedged,,absent,"According to this record, what is the release year for Avelune Gazette 031?","The following registry describes fictional Avelune Gazette 031. Each value has its own field:
3160 is listed under review year.
3161 is listed under design year.","I am uncertain about this answer. For Avelune Gazette 031, the release year is 3160.",27,54.676422119140625,2.025052785873413,84,84,110,111,-0.05200353107836422
v4-release_year-031,v4-release_year-031--omitted--answer-B--neutral,test,release_year,T3,omitted,B,neutral,,absent,"According to this record, what is the release year for Avelune Gazette 031?","The following registry describes fictional Avelune Gazette 031. Each value has its own field:
3160 is listed under review year.
3161 is listed under design year.","For Avelune Gazette 031, the release year is 3161.",20,14.604143142700195,0.7302071452140808,84,84,103,104,0.07672468074510586
v4-release_year-031,v4-release_year-031--omitted--answer-B--confident,test,release_year,T3,omitted,B,confident,,absent,"According to this record, what is the release year for Avelune Gazette 031?","The following registry describes fictional Avelune Gazette 031. Each value has its own field:
3160 is listed under review year.
3161 is listed under design year.","I am certain about this answer. For Avelune Gazette 031, the release year is 3161.",27,53.97792053222656,1.9991822242736816,84,84,110,111,-0.01436719111964424
v4-release_year-031,v4-release_year-031--omitted--answer-B--hedged,test,release_year,T3,omitted,B,hedged,,absent,"According to this record, what is the release year for Avelune Gazette 031?","The following registry describes fictional Avelune Gazette 031. Each value has its own field:
3160 is listed under review year.
3161 is listed under design year.","I am uncertain about this answer. For Avelune Gazette 031, the release year is 3161.",27,54.88642501831055,2.0328304767608643,84,84,110,111,-0.013607963621876731
v4-release_year-032,v4-release_year-032--A--answer-A--neutral,test,release_year,T3,A,A,neutral,correct,supported,"According to this record, what is the release year for Avelune Gazette 032?","The following registry describes fictional Avelune Gazette 032. Each value has its own field:
3163 is listed under survey year.
3162 is listed under release year.","For Avelune Gazette 032, the release year is 3162.",20,16.329273223876953,0.8164636492729187,84,84,103,104,0.13047024224611073
v4-release_year-032,v4-release_year-032--A--answer-A--confident,test,release_year,T3,A,A,confident,correct,supported,"According to this record, what is the release year for Avelune Gazette 032?","The following registry describes fictional Avelune Gazette 032. Each value has its own field:
3163 is listed under survey year.
3162 is listed under release year.","I am certain about this answer. For Avelune Gazette 032, the release year is 3162.",27,55.422630310058594,2.052690029144287,84,84,110,111,0.035411254659919664
v4-release_year-032,v4-release_year-032--A--answer-A--hedged,test,release_year,T3,A,A,hedged,correct,supported,"According to this record, what is the release year for Avelune Gazette 032?","The following registry describes fictional Avelune Gazette 032. Each value has its own field:
3163 is listed under survey year.
3162 is listed under release year.","I am uncertain about this answer. For Avelune Gazette 032, the release year is 3162.",27,55.164146423339844,2.043116569519043,84,84,110,111,0.019412655360747294
v4-release_year-032,v4-release_year-032--A--answer-B--neutral,test,release_year,T3,A,B,neutral,incorrect,contradicted,"According to this record, what is the release year for Avelune Gazette 032?","The following registry describes fictional Avelune Gazette 032. Each value has its own field:
3163 is listed under survey year.
3162 is listed under release year.","For Avelune Gazette 032, the release year is 3163.",20,24.05868148803711,1.2029340267181396,84,84,103,104,0.11016475486590799
v4-release_year-032,v4-release_year-032--A--answer-B--confident,test,release_year,T3,A,B,confident,incorrect,contradicted,"According to this record, what is the release year for Avelune Gazette 032?","The following registry describes fictional Avelune Gazette 032. Each value has its own field:
3163 is listed under survey year.
3162 is listed under release year.","I am certain about this answer. For Avelune Gazette 032, the release year is 3163.",27,61.30802536010742,2.270667552947998,84,84,110,111,0.001923259379254083
v4-release_year-032,v4-release_year-032--A--answer-B--hedged,test,release_year,T3,A,B,hedged,incorrect,contradicted,"According to this record, what is the release year for Avelune Gazette 032?","The following registry describes fictional Avelune Gazette 032. Each value has its own field:
3163 is listed under survey year.
3162 is listed under release year.","I am uncertain about this answer. For Avelune Gazette 032, the release year is 3163.",27,58.804534912109375,2.177945852279663,84,84,110,111,-0.021125233391467872
v4-release_year-032,v4-release_year-032--B--answer-A--neutral,test,release_year,T3,B,A,neutral,incorrect,contradicted,"According to this record, what is the release year for Avelune Gazette 032?","The following registry describes fictional Avelune Gazette 032. Each value has its own field:
3163 is listed under release year.
3162 is listed under survey year.","For Avelune Gazette 032, the release year is 3162.",20,25.7592830657959,1.287964105606079,84,84,103,104,0.09022049420708829
v4-release_year-032,v4-release_year-032--B--answer-A--confident,test,release_year,T3,B,A,confident,incorrect,contradicted,"According to this record, what is the release year for Avelune Gazette 032?","The following registry describes fictional Avelune Gazette 032. Each value has its own field:
3163 is listed under release year.
3162 is listed under survey year.","I am certain about this answer. For Avelune Gazette 032, the release year is 3162.",27,62.86663055419922,2.3283936977386475,84,84,110,111,0.022110298643677306
v4-release_year-032,v4-release_year-032--B--answer-A--hedged,test,release_year,T3,B,A,hedged,incorrect,contradicted,"According to this record, what is the release year for Avelune Gazette 032?","The following registry describes fictional Avelune Gazette 032. Each value has its own field:
3163 is listed under release year.
3162 is listed under survey year.","I am uncertain about this answer. For Avelune Gazette 032, the release year is 3162.",27,61.940711975097656,2.294100522994995,84,84,110,111,-0.0006774242719379542
v4-release_year-032,v4-release_year-032--B--answer-B--neutral,test,release_year,T3,B,B,neutral,correct,supported,"According to this record, what is the release year for Avelune Gazette 032?","The following registry describes fictional Avelune Gazette 032. Each value has its own field:
3163 is listed under release year.
3162 is listed under survey year.","For Avelune Gazette 032, the release year is 3163.",20,16.490110397338867,0.8245055079460144,84,84,103,104,0.07667238009461196
v4-release_year-032,v4-release_year-032--B--answer-B--confident,test,release_year,T3,B,B,confident,correct,supported,"According to this record, what is the release year for Avelune Gazette 032?","The following registry describes fictional Avelune Gazette 032. Each value has its own field:
3163 is listed under release year.
3162 is listed under survey year.","I am certain about this answer. For Avelune Gazette 032, the release year is 3163.",27,55.11466979980469,2.0412840843200684,84,84,110,111,-0.0017706009289764207
v4-release_year-032,v4-release_year-032--B--answer-B--hedged,test,release_year,T3,B,B,hedged,correct,supported,"According to this record, what is the release year for Avelune Gazette 032?","The following registry describes fictional Avelune Gazette 032. Each value has its own field:
3163 is listed under release year.
3162 is listed under survey year.","I am uncertain about this answer. For Avelune Gazette 032, the release year is 3163.",27,56.01890182495117,2.0747740268707275,84,84,110,111,-0.03654829172368623
v4-release_year-032,v4-release_year-032--omitted--answer-A--neutral,test,release_year,T3,omitted,A,neutral,,absent,"According to this record, what is the release year for Avelune Gazette 032?","The following registry describes fictional Avelune Gazette 032. Each value has its own field:
3163 is listed under design year.
3162 is listed under review year.","For Avelune Gazette 032, the release year is 3162.",20,15.480585098266602,0.7740292549133301,84,84,103,104,0.06769319801015969
v4-release_year-032,v4-release_year-032--omitted--answer-A--confident,test,release_year,T3,omitted,A,confident,,absent,"According to this record, what is the release year for Avelune Gazette 032?","The following registry describes fictional Avelune Gazette 032. Each value has its own field:
3163 is listed under design year.
3162 is listed under review year.","I am certain about this answer. For Avelune Gazette 032, the release year is 3162.",27,53.78313446044922,1.9919679164886475,84,84,110,111,-0.006842636132146959
v4-release_year-032,v4-release_year-032--omitted--answer-A--hedged,test,release_year,T3,omitted,A,hedged,,absent,"According to this record, what is the release year for Avelune Gazette 032?","The following registry describes fictional Avelune Gazette 032. Each value has its own field:
3163 is listed under design year.
3162 is listed under review year.","I am uncertain about this answer. For Avelune Gazette 032, the release year is 3162.",27,53.9533576965332,1.9982725381851196,84,84,110,111,-0.018733120185493835
v4-release_year-032,v4-release_year-032--omitted--answer-B--neutral,test,release_year,T3,omitted,B,neutral,,absent,"According to this record, what is the release year for Avelune Gazette 032?","The following registry describes fictional Avelune Gazette 032. Each value has its own field:
3163 is listed under design year.
3162 is listed under review year.","For Avelune Gazette 032, the release year is 3163.",20,15.320762634277344,0.7660381197929382,84,84,103,104,0.06529091637317658
v4-release_year-032,v4-release_year-032--omitted--answer-B--confident,test,release_year,T3,omitted,B,confident,,absent,"According to this record, what is the release year for Avelune Gazette 032?","The following registry describes fictional Avelune Gazette 032. Each value has its own field:
3163 is listed under design year.
3162 is listed under review year.","I am certain about this answer. For Avelune Gazette 032, the release year is 3163.",27,53.62451171875,1.9860930442810059,84,84,110,111,-0.023342197216934146
v4-release_year-032,v4-release_year-032--omitted--answer-B--hedged,test,release_year,T3,omitted,B,hedged,,absent,"According to this record, what is the release year for Avelune Gazette 032?","The following registry describes fictional Avelune Gazette 032. Each value has its own field:
3163 is listed under design year.
3162 is listed under review year.","I am uncertain about this answer. For Avelune Gazette 032, the release year is 3163.",27,54.000213623046875,2.0000078678131104,84,84,110,111,-0.043046886927442476
v4-release_year-033,v4-release_year-033--A--answer-A--neutral,test,release_year,T3,A,A,neutral,correct,supported,"According to this record, what is the release year for Avelune Gazette 033?","The following registry describes fictional Avelune Gazette 033. Each value has its own field:
3164 is listed under release year.
3165 is listed under survey year.","For Avelune Gazette 033, the release year is 3164.",20,16.553930282592773,0.8276965022087097,84,84,103,104,0.17415255542278968
v4-release_year-033,v4-release_year-033--A--answer-A--confident,test,release_year,T3,A,A,confident,correct,supported,"According to this record, what is the release year for Avelune Gazette 033?","The following registry describes fictional Avelune Gazette 033. Each value has its own field:
3164 is listed under release year.
3165 is listed under survey year.","I am certain about this answer. For Avelune Gazette 033, the release year is 3164.",27,54.45053482055664,2.01668643951416,84,84,110,111,0.0789303537435005
v4-release_year-033,v4-release_year-033--A--answer-A--hedged,test,release_year,T3,A,A,hedged,correct,supported,"According to this record, what is the release year for Avelune Gazette 033?","The following registry describes fictional Avelune Gazette 033. Each value has its own field:
3164 is listed under release year.
3165 is listed under survey year.","I am uncertain about this answer. For Avelune Gazette 033, the release year is 3164.",27,55.69902038574219,2.062926769256592,84,84,110,111,0.051641284209105826
v4-release_year-033,v4-release_year-033--A--answer-B--neutral,test,release_year,T3,A,B,neutral,incorrect,contradicted,"According to this record, what is the release year for Avelune Gazette 033?","The following registry describes fictional Avelune Gazette 033. Each value has its own field:
3164 is listed under release year.
3165 is listed under survey year.","For Avelune Gazette 033, the release year is 3165.",20,25.16703987121582,1.2583520412445068,84,84,103,104,0.17243109609560656
v4-release_year-033,v4-release_year-033--A--answer-B--confident,test,release_year,T3,A,B,confident,incorrect,contradicted,"According to this record, what is the release year for Avelune Gazette 033?","The following registry describes fictional Avelune Gazette 033. Each value has its own field:
3164 is listed under release year.
3165 is listed under survey year.","I am certain about this answer. For Avelune Gazette 033, the release year is 3165.",27,61.46681213378906,2.2765486240386963,84,84,110,111,0.061855817876513855
v4-release_year-033,v4-release_year-033--A--answer-B--hedged,test,release_year,T3,A,B,hedged,incorrect,contradicted,"According to this record, what is the release year for Avelune Gazette 033?","The following registry describes fictional Avelune Gazette 033. Each value has its own field:
3164 is listed under release year.
3165 is listed under survey year.","I am uncertain about this answer. For Avelune Gazette 033, the release year is 3165.",27,60.9715690612793,2.258206367492676,84,84,110,111,0.03610746210298296
v4-release_year-033,v4-release_year-033--B--answer-A--neutral,test,release_year,T3,B,A,neutral,incorrect,contradicted,"According to this record, what is the release year for Avelune Gazette 033?","The following registry describes fictional Avelune Gazette 033. Each value has its own field:
3164 is listed under survey year.
3165 is listed under release year.","For Avelune Gazette 033, the release year is 3164.",20,26.040056228637695,1.3020027875900269,84,84,103,104,0.13412965283360262
v4-release_year-033,v4-release_year-033--B--answer-A--confident,test,release_year,T3,B,A,confident,incorrect,contradicted,"According to this record, what is the release year for Avelune Gazette 033?","The following registry describes fictional Avelune Gazette 033. Each value has its own field:
3164 is listed under survey year.
3165 is listed under release year.","I am certain about this answer. For Avelune Gazette 033, the release year is 3164.",27,62.79613494873047,2.3257827758789062,84,84,110,111,0.031038461096937975
v4-release_year-033,v4-release_year-033--B--answer-A--hedged,test,release_year,T3,B,A,hedged,incorrect,contradicted,"According to this record, what is the release year for Avelune Gazette 033?","The following registry describes fictional Avelune Gazette 033. Each value has its own field:
3164 is listed under survey year.
3165 is listed under release year.","I am uncertain about this answer. For Avelune Gazette 033, the release year is 3164.",27,59.65930938720703,2.209604024887085,84,84,110,111,0.014659327842544825
v4-release_year-033,v4-release_year-033--B--answer-B--neutral,test,release_year,T3,B,B,neutral,correct,supported,"According to this record, what is the release year for Avelune Gazette 033?","The following registry describes fictional Avelune Gazette 033. Each value has its own field:
3164 is listed under survey year.
3165 is listed under release year.","For Avelune Gazette 033, the release year is 3165.",20,16.641742706298828,0.8320871591567993,84,84,103,104,0.21715501246096253
v4-release_year-033,v4-release_year-033--B--answer-B--confident,test,release_year,T3,B,B,confident,correct,supported,"According to this record, what is the release year for Avelune Gazette 033?","The following registry describes fictional Avelune Gazette 033. Each value has its own field:
3164 is listed under survey year.
3165 is listed under release year.","I am certain about this answer. For Avelune Gazette 033, the release year is 3165.",27,55.987239837646484,2.073601484298706,84,84,110,111,0.08398959315247849
v4-release_year-033,v4-release_year-033--B--answer-B--hedged,test,release_year,T3,B,B,hedged,correct,supported,"According to this record, what is the release year for Avelune Gazette 033?","The following registry describes fictional Avelune Gazette 033. Each value has its own field:
3164 is listed under survey year.
3165 is listed under release year.","I am uncertain about this answer. For Avelune Gazette 033, the release year is 3165.",27,55.156192779541016,2.0428218841552734,84,84,110,111,0.07078478687418671
v4-release_year-033,v4-release_year-033--omitted--answer-A--neutral,test,release_year,T3,omitted,A,neutral,,absent,"According to this record, what is the release year for Avelune Gazette 033?","The following registry describes fictional Avelune Gazette 033. Each value has its own field:
3164 is listed under review year.
3165 is listed under design year.","For Avelune Gazette 033, the release year is 3164.",20,14.936166763305664,0.7468083500862122,84,84,103,104,0.11226229821116548
v4-release_year-033,v4-release_year-033--omitted--answer-A--confident,test,release_year,T3,omitted,A,confident,,absent,"According to this record, what is the release year for Avelune Gazette 033?","The following registry describes fictional Avelune Gazette 033. Each value has its own field:
3164 is listed under review year.
3165 is listed under design year.","I am certain about this answer. For Avelune Gazette 033, the release year is 3164.",27,54.5103874206543,2.0189032554626465,84,84,110,111,0.015470709966794158
v4-release_year-033,v4-release_year-033--omitted--answer-A--hedged,test,release_year,T3,omitted,A,hedged,,absent,"According to this record, what is the release year for Avelune Gazette 033?","The following registry describes fictional Avelune Gazette 033. Each value has its own field:
3164 is listed under review year.
3165 is listed under design year.","I am uncertain about this answer. For Avelune Gazette 033, the release year is 3164.",27,55.14189910888672,2.042292594909668,84,84,110,111,-0.0034500153119949445
v4-release_year-033,v4-release_year-033--omitted--answer-B--neutral,test,release_year,T3,omitted,B,neutral,,absent,"According to this record, what is the release year for Avelune Gazette 033?","The following registry describes fictional Avelune Gazette 033. Each value has its own field:
3164 is listed under review year.
3165 is listed under design year.","For Avelune Gazette 033, the release year is 3165.",20,14.823583602905273,0.7411791682243347,84,84,103,104,0.14321775237498321
v4-release_year-033,v4-release_year-033--omitted--answer-B--confident,test,release_year,T3,omitted,B,confident,,absent,"According to this record, what is the release year for Avelune Gazette 033?","The following registry describes fictional Avelune Gazette 033. Each value has its own field:
3164 is listed under review year.
3165 is listed under design year.","I am certain about this answer. For Avelune Gazette 033, the release year is 3165.",27,54.35082244873047,2.012993335723877,84,84,110,111,0.02851702225796479
v4-release_year-033,v4-release_year-033--omitted--answer-B--hedged,test,release_year,T3,omitted,B,hedged,,absent,"According to this record, what is the release year for Avelune Gazette 033?","The following registry describes fictional Avelune Gazette 033. Each value has its own field:
3164 is listed under review year.
3165 is listed under design year.","I am uncertain about this answer. For Avelune Gazette 033, the release year is 3165.",27,54.86772918701172,2.0321381092071533,84,84,110,111,0.016426437559499366
v4-release_year-034,v4-release_year-034--A--answer-A--neutral,test,release_year,T3,A,A,neutral,correct,supported,"According to this record, what is the release year for Avelune Gazette 034?","The following registry describes fictional Avelune Gazette 034. Each value has its own field:
3167 is listed under survey year.
3166 is listed under release year.","For Avelune Gazette 034, the release year is 3166.",20,15.51058578491211,0.7755292654037476,84,84,103,104,0.14161140464053498
v4-release_year-034,v4-release_year-034--A--answer-A--confident,test,release_year,T3,A,A,confident,correct,supported,"According to this record, what is the release year for Avelune Gazette 034?","The following registry describes fictional Avelune Gazette 034. Each value has its own field:
3167 is listed under survey year.
3166 is listed under release year.","I am certain about this answer. For Avelune Gazette 034, the release year is 3166.",27,54.619293212890625,2.0229368209838867,84,84,110,111,0.05379518828043176
v4-release_year-034,v4-release_year-034--A--answer-A--hedged,test,release_year,T3,A,A,hedged,correct,supported,"According to this record, what is the release year for Avelune Gazette 034?","The following registry describes fictional Avelune Gazette 034. Each value has its own field:
3167 is listed under survey year.
3166 is listed under release year.","I am uncertain about this answer. For Avelune Gazette 034, the release year is 3166.",27,54.88896179199219,2.0329244136810303,84,84,110,111,0.033859905018685965
v4-release_year-034,v4-release_year-034--A--answer-B--neutral,test,release_year,T3,A,B,neutral,incorrect,contradicted,"According to this record, what is the release year for Avelune Gazette 034?","The following registry describes fictional Avelune Gazette 034. Each value has its own field:
3167 is listed under survey year.
3166 is listed under release year.","For Avelune Gazette 034, the release year is 3167.",20,22.900333404541016,1.1450166702270508,84,84,103,104,0.11940631118327698
v4-release_year-034,v4-release_year-034--A--answer-B--confident,test,release_year,T3,A,B,confident,incorrect,contradicted,"According to this record, what is the release year for Avelune Gazette 034?","The following registry describes fictional Avelune Gazette 034. Each value has its own field:
3167 is listed under survey year.
3166 is listed under release year.","I am certain about this answer. For Avelune Gazette 034, the release year is 3167.",27,60.280540466308594,2.2326126098632812,84,84,110,111,0.0262414193134173
v4-release_year-034,v4-release_year-034--A--answer-B--hedged,test,release_year,T3,A,B,hedged,incorrect,contradicted,"According to this record, what is the release year for Avelune Gazette 034?","The following registry describes fictional Avelune Gazette 034. Each value has its own field:
3167 is listed under survey year.
3166 is listed under release year.","I am uncertain about this answer. For Avelune Gazette 034, the release year is 3167.",27,58.50122833251953,2.1667120456695557,84,84,110,111,0.0006384439966901564
v4-release_year-034,v4-release_year-034--B--answer-A--neutral,test,release_year,T3,B,A,neutral,incorrect,contradicted,"According to this record, what is the release year for Avelune Gazette 034?","The following registry describes fictional Avelune Gazette 034. Each value has its own field:
3167 is listed under release year.
3166 is listed under survey year.","For Avelune Gazette 034, the release year is 3166.",20,24.069339752197266,1.2034670114517212,84,84,103,104,0.10590000788007725
v4-release_year-034,v4-release_year-034--B--answer-A--confident,test,release_year,T3,B,A,confident,incorrect,contradicted,"According to this record, what is the release year for Avelune Gazette 034?","The following registry describes fictional Avelune Gazette 034. Each value has its own field:
3167 is listed under release year.
3166 is listed under survey year.","I am certain about this answer. For Avelune Gazette 034, the release year is 3166.",27,61.46794891357422,2.276590585708618,84,84,110,111,0.024611239428682798
v4-release_year-034,v4-release_year-034--B--answer-A--hedged,test,release_year,T3,B,A,hedged,incorrect,contradicted,"According to this record, what is the release year for Avelune Gazette 034?","The following registry describes fictional Avelune Gazette 034. Each value has its own field:
3167 is listed under release year.
3166 is listed under survey year.","I am uncertain about this answer. For Avelune Gazette 034, the release year is 3166.",27,60.957252502441406,2.257676124572754,84,84,110,111,-6.084438783630908e-06
v4-release_year-034,v4-release_year-034--B--answer-B--neutral,test,release_year,T3,B,B,neutral,correct,supported,"According to this record, what is the release year for Avelune Gazette 034?","The following registry describes fictional Avelune Gazette 034. Each value has its own field:
3167 is listed under release year.
3166 is listed under survey year.","For Avelune Gazette 034, the release year is 3167.",20,15.538246154785156,0.7769123315811157,84,84,103,104,0.12310728726433412
v4-release_year-034,v4-release_year-034--B--answer-B--confident,test,release_year,T3,B,B,confident,correct,supported,"According to this record, what is the release year for Avelune Gazette 034?","The following registry describes fictional Avelune Gazette 034. Each value has its own field:
3167 is listed under release year.
3166 is listed under survey year.","I am certain about this answer. For Avelune Gazette 034, the release year is 3167.",27,54.06352233886719,2.002352714538574,84,84,110,111,0.03467405337823701
v4-release_year-034,v4-release_year-034--B--answer-B--hedged,test,release_year,T3,B,B,hedged,correct,supported,"According to this record, what is the release year for Avelune Gazette 034?","The following registry describes fictional Avelune Gazette 034. Each value has its own field:
3167 is listed under release year.
3166 is listed under survey year.","I am uncertain about this answer. For Avelune Gazette 034, the release year is 3167.",27,55.420997619628906,2.0526294708251953,84,84,110,111,0.0063761845801083294
v4-release_year-034,v4-release_year-034--omitted--answer-A--neutral,test,release_year,T3,omitted,A,neutral,,absent,"According to this record, what is the release year for Avelune Gazette 034?","The following registry describes fictional Avelune Gazette 034. Each value has its own field:
3167 is listed under design year.
3166 is listed under review year.","For Avelune Gazette 034, the release year is 3166.",20,15.283477783203125,0.7641738653182983,84,84,103,104,0.07681422926068701
v4-release_year-034,v4-release_year-034--omitted--answer-A--confident,test,release_year,T3,omitted,A,confident,,absent,"According to this record, what is the release year for Avelune Gazette 034?","The following registry describes fictional Avelune Gazette 034. Each value has its own field:
3167 is listed under design year.
3166 is listed under review year.","I am certain about this answer. For Avelune Gazette 034, the release year is 3166.",27,53.02360916137695,1.9638373851776123,84,84,110,111,-0.00600840777562453
v4-release_year-034,v4-release_year-034--omitted--answer-A--hedged,test,release_year,T3,omitted,A,hedged,,absent,"According to this record, what is the release year for Avelune Gazette 034?","The following registry describes fictional Avelune Gazette 034. Each value has its own field:
3167 is listed under design year.
3166 is listed under review year.","I am uncertain about this answer. For Avelune Gazette 034, the release year is 3166.",27,53.71644592285156,1.9894980192184448,84,84,110,111,-0.024062986610141536
v4-release_year-034,v4-release_year-034--omitted--answer-B--neutral,test,release_year,T3,omitted,B,neutral,,absent,"According to this record, what is the release year for Avelune Gazette 034?","The following registry describes fictional Avelune Gazette 034. Each value has its own field:
3167 is listed under design year.
3166 is listed under review year.","For Avelune Gazette 034, the release year is 3167.",20,14.874931335449219,0.7437465786933899,84,84,103,104,0.08110155950868889
v4-release_year-034,v4-release_year-034--omitted--answer-B--confident,test,release_year,T3,omitted,B,confident,,absent,"According to this record, what is the release year for Avelune Gazette 034?","The following registry describes fictional Avelune Gazette 034. Each value has its own field:
3167 is listed under design year.
3166 is listed under review year.","I am certain about this answer. For Avelune Gazette 034, the release year is 3167.",27,52.67300033569336,1.9508519172668457,84,84,110,111,-0.006572143498715419
v4-release_year-034,v4-release_year-034--omitted--answer-B--hedged,test,release_year,T3,omitted,B,hedged,,absent,"According to this record, what is the release year for Avelune Gazette 034?","The following registry describes fictional Avelune Gazette 034. Each value has its own field:
3167 is listed under design year.
3166 is listed under review year.","I am uncertain about this answer. For Avelune Gazette 034, the release year is 3167.",27,53.568138122558594,1.984005093574524,84,84,110,111,-0.02900624512924297
v4-release_year-035,v4-release_year-035--A--answer-A--neutral,test,release_year,T3,A,A,neutral,correct,supported,"According to this record, what is the release year for Avelune Gazette 035?","The following registry describes fictional Avelune Gazette 035. Each value has its own field:
3168 is listed under release year.
3169 is listed under survey year.","For Avelune Gazette 035, the release year is 3168.",20,15.659891128540039,0.7829945683479309,84,84,103,104,0.12544056508126974
v4-release_year-035,v4-release_year-035--A--answer-A--confident,test,release_year,T3,A,A,confident,correct,supported,"According to this record, what is the release year for Avelune Gazette 035?","The following registry describes fictional Avelune Gazette 035. Each value has its own field:
3168 is listed under release year.
3169 is listed under survey year.","I am certain about this answer. For Avelune Gazette 035, the release year is 3168.",27,54.31623458862305,2.0117123126983643,84,84,110,111,0.027967091464804986
v4-release_year-035,v4-release_year-035--A--answer-A--hedged,test,release_year,T3,A,A,hedged,correct,supported,"According to this record, what is the release year for Avelune Gazette 035?","The following registry describes fictional Avelune Gazette 035. Each value has its own field:
3168 is listed under release year.
3169 is listed under survey year.","I am uncertain about this answer. For Avelune Gazette 035, the release year is 3168.",27,54.939231872558594,2.0347864627838135,84,84,110,111,0.007537868598024286
v4-release_year-035,v4-release_year-035--A--answer-B--neutral,test,release_year,T3,A,B,neutral,incorrect,contradicted,"According to this record, what is the release year for Avelune Gazette 035?","The following registry describes fictional Avelune Gazette 035. Each value has its own field:
3168 is listed under release year.
3169 is listed under survey year.","For Avelune Gazette 035, the release year is 3169.",20,23.64826011657715,1.1824129819869995,84,84,103,104,0.10275174148259267
v4-release_year-035,v4-release_year-035--A--answer-B--confident,test,release_year,T3,A,B,confident,incorrect,contradicted,"According to this record, what is the release year for Avelune Gazette 035?","The following registry describes fictional Avelune Gazette 035. Each value has its own field:
3168 is listed under release year.
3169 is listed under survey year.","I am certain about this answer. For Avelune Gazette 035, the release year is 3169.",27,60.718719482421875,2.2488415241241455,84,84,110,111,0.019753853360609072
v4-release_year-035,v4-release_year-035--A--answer-B--hedged,test,release_year,T3,A,B,hedged,incorrect,contradicted,"According to this record, what is the release year for Avelune Gazette 035?","The following registry describes fictional Avelune Gazette 035. Each value has its own field:
3168 is listed under release year.
3169 is listed under survey year.","I am uncertain about this answer. For Avelune Gazette 035, the release year is 3169.",27,59.79087829589844,2.214477062225342,84,84,110,111,-0.0019546351255075867
v4-release_year-035,v4-release_year-035--B--answer-A--neutral,test,release_year,T3,B,A,neutral,incorrect,contradicted,"According to this record, what is the release year for Avelune Gazette 035?","The following registry describes fictional Avelune Gazette 035. Each value has its own field:
3168 is listed under survey year.
3169 is listed under release year.","For Avelune Gazette 035, the release year is 3168.",20,25.676193237304688,1.2838096618652344,84,84,103,104,0.09179236405673509
v4-release_year-035,v4-release_year-035--B--answer-A--confident,test,release_year,T3,B,A,confident,incorrect,contradicted,"According to this record, what is the release year for Avelune Gazette 035?","The following registry describes fictional Avelune Gazette 035. Each value has its own field:
3168 is listed under survey year.
3169 is listed under release year.","I am certain about this answer. For Avelune Gazette 035, the release year is 3168.",27,62.366905212402344,2.309885263442993,84,84,110,111,0.008483284948132497
v4-release_year-035,v4-release_year-035--B--answer-A--hedged,test,release_year,T3,B,A,hedged,incorrect,contradicted,"According to this record, what is the release year for Avelune Gazette 035?","The following registry describes fictional Avelune Gazette 035. Each value has its own field:
3168 is listed under survey year.
3169 is listed under release year.","I am uncertain about this answer. For Avelune Gazette 035, the release year is 3168.",27,58.911922454833984,2.1819231510162354,84,84,110,111,-0.013223977564631215
v4-release_year-035,v4-release_year-035--B--answer-B--neutral,test,release_year,T3,B,B,neutral,correct,supported,"According to this record, what is the release year for Avelune Gazette 035?","The following registry describes fictional Avelune Gazette 035. Each value has its own field:
3168 is listed under survey year.
3169 is listed under release year.","For Avelune Gazette 035, the release year is 3169.",20,16.153648376464844,0.8076823949813843,84,84,103,104,0.13656581023157952
v4-release_year-035,v4-release_year-035--B--answer-B--confident,test,release_year,T3,B,B,confident,correct,supported,"According to this record, what is the release year for Avelune Gazette 035?","The following registry describes fictional Avelune Gazette 035. Each value has its own field:
3168 is listed under survey year.
3169 is listed under release year.","I am certain about this answer. For Avelune Gazette 035, the release year is 3169.",27,55.29862976074219,2.0480973720550537,84,84,110,111,0.03861565075888154
v4-release_year-035,v4-release_year-035--B--answer-B--hedged,test,release_year,T3,B,B,hedged,correct,supported,"According to this record, what is the release year for Avelune Gazette 035?","The following registry describes fictional Avelune Gazette 035. Each value has its own field:
3168 is listed under survey year.
3169 is listed under release year.","I am uncertain about this answer. For Avelune Gazette 035, the release year is 3169.",27,54.7054443359375,2.026127576828003,84,84,110,111,0.01995957290606583
v4-release_year-035,v4-release_year-035--omitted--answer-A--neutral,test,release_year,T3,omitted,A,neutral,,absent,"According to this record, what is the release year for Avelune Gazette 035?","The following registry describes fictional Avelune Gazette 035. Each value has its own field:
3168 is listed under review year.
3169 is listed under design year.","For Avelune Gazette 035, the release year is 3168.",20,14.99917221069336,0.7499586343765259,84,84,103,104,0.06928021532702257
v4-release_year-035,v4-release_year-035--omitted--answer-A--confident,test,release_year,T3,omitted,A,confident,,absent,"According to this record, what is the release year for Avelune Gazette 035?","The following registry describes fictional Avelune Gazette 035. Each value has its own field:
3168 is listed under review year.
3169 is listed under design year.","I am certain about this answer. For Avelune Gazette 035, the release year is 3168.",27,53.97917556762695,1.9992287158966064,84,84,110,111,-0.00980459548006607
v4-release_year-035,v4-release_year-035--omitted--answer-A--hedged,test,release_year,T3,omitted,A,hedged,,absent,"According to this record, what is the release year for Avelune Gazette 035?","The following registry describes fictional Avelune Gazette 035. Each value has its own field:
3168 is listed under review year.
3169 is listed under design year.","I am uncertain about this answer. For Avelune Gazette 035, the release year is 3168.",27,54.83035659790039,2.0307538509368896,84,84,110,111,-0.031163501358740395
v4-release_year-035,v4-release_year-035--omitted--answer-B--neutral,test,release_year,T3,omitted,B,neutral,,absent,"According to this record, what is the release year for Avelune Gazette 035?","The following registry describes fictional Avelune Gazette 035. Each value has its own field:
3168 is listed under review year.
3169 is listed under design year.","For Avelune Gazette 035, the release year is 3169.",20,14.41264533996582,0.7206322550773621,84,84,103,104,0.07471538670847812
v4-release_year-035,v4-release_year-035--omitted--answer-B--confident,test,release_year,T3,omitted,B,confident,,absent,"According to this record, what is the release year for Avelune Gazette 035?","The following registry describes fictional Avelune Gazette 035. Each value has its own field:
3168 is listed under review year.
3169 is listed under design year.","I am certain about this answer. For Avelune Gazette 035, the release year is 3169.",27,53.531654357910156,1.9826538562774658,84,84,110,111,-0.012662063288354453
v4-release_year-035,v4-release_year-035--omitted--answer-B--hedged,test,release_year,T3,omitted,B,hedged,,absent,"According to this record, what is the release year for Avelune Gazette 035?","The following registry describes fictional Avelune Gazette 035. Each value has its own field:
3168 is listed under review year.
3169 is listed under design year.","I am uncertain about this answer. For Avelune Gazette 035, the release year is 3169.",27,54.12067413330078,2.004469394683838,84,84,110,111,-0.02692998932911017
v4-release_year-036,v4-release_year-036--A--answer-A--neutral,test,release_year,T3,A,A,neutral,correct,supported,"According to this record, what is the release year for Avelune Gazette 036?","The following registry describes fictional Avelune Gazette 036. Each value has its own field:
3171 is listed under survey year.
3170 is listed under release year.","For Avelune Gazette 036, the release year is 3170.",20,15.669183731079102,0.7834591865539551,84,84,103,104,0.08569708720103025
v4-release_year-036,v4-release_year-036--A--answer-A--confident,test,release_year,T3,A,A,confident,correct,supported,"According to this record, what is the release year for Avelune Gazette 036?","The following registry describes fictional Avelune Gazette 036. Each value has its own field:
3171 is listed under survey year.
3170 is listed under release year.","I am certain about this answer. For Avelune Gazette 036, the release year is 3170.",27,54.574398040771484,2.0212740898132324,84,84,110,111,9.55410750073521e-05
v4-release_year-036,v4-release_year-036--A--answer-A--hedged,test,release_year,T3,A,A,hedged,correct,supported,"According to this record, what is the release year for Avelune Gazette 036?","The following registry describes fictional Avelune Gazette 036. Each value has its own field:
3171 is listed under survey year.
3170 is listed under release year.","I am uncertain about this answer. For Avelune Gazette 036, the release year is 3170.",27,54.74085235595703,2.0274388790130615,84,84,110,111,-0.0035240013819562294
v4-release_year-036,v4-release_year-036--A--answer-B--neutral,test,release_year,T3,A,B,neutral,incorrect,contradicted,"According to this record, what is the release year for Avelune Gazette 036?","The following registry describes fictional Avelune Gazette 036. Each value has its own field:
3171 is listed under survey year.
3170 is listed under release year.","For Avelune Gazette 036, the release year is 3171.",20,23.046295166015625,1.1523147821426392,84,84,103,104,0.10874004519325998
v4-release_year-036,v4-release_year-036--A--answer-B--confident,test,release_year,T3,A,B,confident,incorrect,contradicted,"According to this record, what is the release year for Avelune Gazette 036?","The following registry describes fictional Avelune Gazette 036. Each value has its own field:
3171 is listed under survey year.
3170 is listed under release year.","I am certain about this answer. For Avelune Gazette 036, the release year is 3171.",27,60.11912536621094,2.2266342639923096,84,84,110,111,0.00511716855336973
v4-release_year-036,v4-release_year-036--A--answer-B--hedged,test,release_year,T3,A,B,hedged,incorrect,contradicted,"According to this record, what is the release year for Avelune Gazette 036?","The following registry describes fictional Avelune Gazette 036. Each value has its own field:
3171 is listed under survey year.
3170 is listed under release year.","I am uncertain about this answer. For Avelune Gazette 036, the release year is 3171.",27,57.87834548950195,2.1436424255371094,84,84,110,111,-0.0077326956331029845
v4-release_year-036,v4-release_year-036--B--answer-A--neutral,test,release_year,T3,B,A,neutral,incorrect,contradicted,"According to this record, what is the release year for Avelune Gazette 036?","The following registry describes fictional Avelune Gazette 036. Each value has its own field:
3171 is listed under release year.
3170 is listed under survey year.","For Avelune Gazette 036, the release year is 3170.",20,25.30337905883789,1.2651689052581787,84,84,103,104,0.03826454320384412
v4-release_year-036,v4-release_year-036--B--answer-A--confident,test,release_year,T3,B,A,confident,incorrect,contradicted,"According to this record, what is the release year for Avelune Gazette 036?","The following registry describes fictional Avelune Gazette 036. Each value has its own field:
3171 is listed under release year.
3170 is listed under survey year.","I am certain about this answer. For Avelune Gazette 036, the release year is 3170.",27,62.01185607910156,2.2967355251312256,84,84,110,111,-0.02163750235696825
v4-release_year-036,v4-release_year-036--B--answer-A--hedged,test,release_year,T3,B,A,hedged,incorrect,contradicted,"According to this record, what is the release year for Avelune Gazette 036?","The following registry describes fictional Avelune Gazette 036. Each value has its own field:
3171 is listed under release year.
3170 is listed under survey year.","I am uncertain about this answer. For Avelune Gazette 036, the release year is 3170.",27,60.825035095214844,2.252779006958008,84,84,110,111,-0.037333492280593544
v4-release_year-036,v4-release_year-036--B--answer-B--neutral,test,release_year,T3,B,B,neutral,correct,supported,"According to this record, what is the release year for Avelune Gazette 036?","The following registry describes fictional Avelune Gazette 036. Each value has its own field:
3171 is listed under release year.
3170 is listed under survey year.","For Avelune Gazette 036, the release year is 3171.",20,15.904182434082031,0.7952091097831726,84,84,103,104,0.11249376943826711
v4-release_year-036,v4-release_year-036--B--answer-B--confident,test,release_year,T3,B,B,confident,correct,supported,"According to this record, what is the release year for Avelune Gazette 036?","The following registry describes fictional Avelune Gazette 036. Each value has its own field:
3171 is listed under release year.
3170 is listed under survey year.","I am certain about this answer. For Avelune Gazette 036, the release year is 3171.",27,54.253814697265625,2.0094006061553955,84,84,110,111,0.031790581327860765
v4-release_year-036,v4-release_year-036--B--answer-B--hedged,test,release_year,T3,B,B,hedged,correct,supported,"According to this record, what is the release year for Avelune Gazette 036?","The following registry describes fictional Avelune Gazette 036. Each value has its own field:
3171 is listed under release year.
3170 is listed under survey year.","I am uncertain about this answer. For Avelune Gazette 036, the release year is 3171.",27,55.41182327270508,2.0522897243499756,84,84,110,111,0.01133233148388893
v4-release_year-036,v4-release_year-036--omitted--answer-A--neutral,test,release_year,T3,omitted,A,neutral,,absent,"According to this record, what is the release year for Avelune Gazette 036?","The following registry describes fictional Avelune Gazette 036. Each value has its own field:
3171 is listed under design year.
3170 is listed under review year.","For Avelune Gazette 036, the release year is 3170.",20,14.994274139404297,0.7497137188911438,84,84,103,104,0.032287597183806666
v4-release_year-036,v4-release_year-036--omitted--answer-A--confident,test,release_year,T3,omitted,A,confident,,absent,"According to this record, what is the release year for Avelune Gazette 036?","The following registry describes fictional Avelune Gazette 036. Each value has its own field:
3171 is listed under design year.
3170 is listed under review year.","I am certain about this answer. For Avelune Gazette 036, the release year is 3170.",27,52.96742248535156,1.9617563486099243,84,84,110,111,-0.046281180559649
v4-release_year-036,v4-release_year-036--omitted--answer-A--hedged,test,release_year,T3,omitted,A,hedged,,absent,"According to this record, what is the release year for Avelune Gazette 036?","The following registry describes fictional Avelune Gazette 036. Each value has its own field:
3171 is listed under design year.
3170 is listed under review year.","I am uncertain about this answer. For Avelune Gazette 036, the release year is 3170.",27,53.54634094238281,1.983197808265686,84,84,110,111,-0.05526677263659842
v4-release_year-036,v4-release_year-036--omitted--answer-B--neutral,test,release_year,T3,omitted,B,neutral,,absent,"According to this record, what is the release year for Avelune Gazette 036?","The following registry describes fictional Avelune Gazette 036. Each value has its own field:
3171 is listed under design year.
3170 is listed under review year.","For Avelune Gazette 036, the release year is 3171.",20,15.34051513671875,0.7670257687568665,84,84,103,104,0.08148171741904263
v4-release_year-036,v4-release_year-036--omitted--answer-B--confident,test,release_year,T3,omitted,B,confident,,absent,"According to this record, what is the release year for Avelune Gazette 036?","The following registry describes fictional Avelune Gazette 036. Each value has its own field:
3171 is listed under design year.
3170 is listed under review year.","I am certain about this answer. For Avelune Gazette 036, the release year is 3171.",27,53.398563385009766,1.977724552154541,84,84,110,111,-0.013695644661618156
v4-release_year-036,v4-release_year-036--omitted--answer-B--hedged,test,release_year,T3,omitted,B,hedged,,absent,"According to this record, what is the release year for Avelune Gazette 036?","The following registry describes fictional Avelune Gazette 036. Each value has its own field:
3171 is listed under design year.
3170 is listed under review year.","I am uncertain about this answer. For Avelune Gazette 036, the release year is 3171.",27,54.03282928466797,2.001215934753418,84,84,110,111,-0.030386343706555935
v4-release_year-037,v4-release_year-037--A--answer-A--neutral,test,release_year,T4,A,A,neutral,correct,supported,Find the year of release for Avelune Gazette 037 in this registry.,"This entry concerns fictional Avelune Gazette 037. Values are assigned to distinct fields:
Value: 3172; field: release year.
Value: 3173; field: survey year.",3172 is the release year recorded for Avelune Gazette 037.,19,24.250789642333984,1.2763572931289673,87,87,105,106,0.28797009617568087
v4-release_year-037,v4-release_year-037--A--answer-A--confident,test,release_year,T4,A,A,confident,correct,supported,Find the year of release for Avelune Gazette 037 in this registry.,"This entry concerns fictional Avelune Gazette 037. Values are assigned to distinct fields:
Value: 3172; field: release year.
Value: 3173; field: survey year.",3172 is the release year recorded for Avelune Gazette 037. I can state this with confidence.,26,49.63578796386719,1.9090688228607178,87,87,112,113,0.29545017220420056
v4-release_year-037,v4-release_year-037--A--answer-A--hedged,test,release_year,T4,A,A,hedged,correct,supported,Find the year of release for Avelune Gazette 037 in this registry.,"This entry concerns fictional Avelune Gazette 037. Values are assigned to distinct fields:
Value: 3172; field: release year.
Value: 3173; field: survey year.",3172 is the release year recorded for Avelune Gazette 037. I can only suggest this tentatively.,27,72.13050842285156,2.6715002059936523,87,87,113,114,0.05079234925633043
v4-release_year-037,v4-release_year-037--A--answer-B--neutral,test,release_year,T4,A,B,neutral,incorrect,contradicted,Find the year of release for Avelune Gazette 037 in this registry.,"This entry concerns fictional Avelune Gazette 037. Values are assigned to distinct fields:
Value: 3172; field: release year.
Value: 3173; field: survey year.",3173 is the release year recorded for Avelune Gazette 037.,19,33.53618621826172,1.7650624513626099,87,87,105,106,0.20921390101987947
v4-release_year-037,v4-release_year-037--A--answer-B--confident,test,release_year,T4,A,B,confident,incorrect,contradicted,Find the year of release for Avelune Gazette 037 in this registry.,"This entry concerns fictional Avelune Gazette 037. Values are assigned to distinct fields:
Value: 3172; field: release year.
Value: 3173; field: survey year.",3173 is the release year recorded for Avelune Gazette 037. I can state this with confidence.,26,59.142417907714844,2.2747082710266113,87,87,112,113,0.24014617635988011
v4-release_year-037,v4-release_year-037--A--answer-B--hedged,test,release_year,T4,A,B,hedged,incorrect,contradicted,Find the year of release for Avelune Gazette 037 in this registry.,"This entry concerns fictional Avelune Gazette 037. Values are assigned to distinct fields:
Value: 3172; field: release year.
Value: 3173; field: survey year.",3173 is the release year recorded for Avelune Gazette 037. I can only suggest this tentatively.,27,81.41405487060547,3.0153353214263916,87,87,113,114,-0.008970435077702475
v4-release_year-037,v4-release_year-037--B--answer-A--neutral,test,release_year,T4,B,A,neutral,incorrect,contradicted,Find the year of release for Avelune Gazette 037 in this registry.,"This entry concerns fictional Avelune Gazette 037. Values are assigned to distinct fields:
Value: 3172; field: survey year.
Value: 3173; field: release year.",3172 is the release year recorded for Avelune Gazette 037.,19,35.54872512817383,1.870985507965088,87,87,105,106,0.18974416766804011
v4-release_year-037,v4-release_year-037--B--answer-A--confident,test,release_year,T4,B,A,confident,incorrect,contradicted,Find the year of release for Avelune Gazette 037 in this registry.,"This entry concerns fictional Avelune Gazette 037. Values are assigned to distinct fields:
Value: 3172; field: survey year.
Value: 3173; field: release year.",3172 is the release year recorded for Avelune Gazette 037. I can state this with confidence.,26,60.47064971923828,2.325794219970703,87,87,112,113,0.2194658017255692
v4-release_year-037,v4-release_year-037--B--answer-A--hedged,test,release_year,T4,B,A,hedged,incorrect,contradicted,Find the year of release for Avelune Gazette 037 in this registry.,"This entry concerns fictional Avelune Gazette 037. Values are assigned to distinct fields:
Value: 3172; field: survey year.
Value: 3173; field: release year.",3172 is the release year recorded for Avelune Gazette 037. I can only suggest this tentatively.,27,81.95850372314453,3.0355000495910645,87,87,113,114,-0.020652218383699062
v4-release_year-037,v4-release_year-037--B--answer-B--neutral,test,release_year,T4,B,B,neutral,correct,supported,Find the year of release for Avelune Gazette 037 in this registry.,"This entry concerns fictional Avelune Gazette 037. Values are assigned to distinct fields:
Value: 3172; field: survey year.
Value: 3173; field: release year.",3173 is the release year recorded for Avelune Gazette 037.,19,23.971755981445312,1.2616714239120483,87,87,105,106,0.21264392552335193
v4-release_year-037,v4-release_year-037--B--answer-B--confident,test,release_year,T4,B,B,confident,correct,supported,Find the year of release for Avelune Gazette 037 in this registry.,"This entry concerns fictional Avelune Gazette 037. Values are assigned to distinct fields:
Value: 3172; field: survey year.
Value: 3173; field: release year.",3173 is the release year recorded for Avelune Gazette 037. I can state this with confidence.,26,50.0955924987793,1.9267535209655762,87,87,112,113,0.23569000316175814
v4-release_year-037,v4-release_year-037--B--answer-B--hedged,test,release_year,T4,B,B,hedged,correct,supported,Find the year of release for Avelune Gazette 037 in this registry.,"This entry concerns fictional Avelune Gazette 037. Values are assigned to distinct fields:
Value: 3172; field: survey year.
Value: 3173; field: release year.",3173 is the release year recorded for Avelune Gazette 037. I can only suggest this tentatively.,27,71.96768951416016,2.6654698848724365,87,87,113,114,-0.006552104080316885
v4-release_year-037,v4-release_year-037--omitted--answer-A--neutral,test,release_year,T4,omitted,A,neutral,,absent,Find the year of release for Avelune Gazette 037 in this registry.,"This entry concerns fictional Avelune Gazette 037. Values are assigned to distinct fields:
Value: 3172; field: review year.
Value: 3173; field: design year.",3172 is the release year recorded for Avelune Gazette 037.,19,28.88811683654785,1.5204272270202637,87,87,105,106,0.2697615302580396
v4-release_year-037,v4-release_year-037--omitted--answer-A--confident,test,release_year,T4,omitted,A,confident,,absent,Find the year of release for Avelune Gazette 037 in this registry.,"This entry concerns fictional Avelune Gazette 037. Values are assigned to distinct fields:
Value: 3172; field: review year.
Value: 3173; field: design year.",3172 is the release year recorded for Avelune Gazette 037. I can state this with confidence.,26,53.021236419677734,2.039278268814087,87,87,112,113,0.273324490373468
v4-release_year-037,v4-release_year-037--omitted--answer-A--hedged,test,release_year,T4,omitted,A,hedged,,absent,Find the year of release for Avelune Gazette 037 in this registry.,"This entry concerns fictional Avelune Gazette 037. Values are assigned to distinct fields:
Value: 3172; field: review year.
Value: 3173; field: design year.",3172 is the release year recorded for Avelune Gazette 037. I can only suggest this tentatively.,27,73.99691009521484,2.740626335144043,87,87,113,114,0.031128942101162245
v4-release_year-037,v4-release_year-037--omitted--answer-B--neutral,test,release_year,T4,omitted,B,neutral,,absent,Find the year of release for Avelune Gazette 037 in this registry.,"This entry concerns fictional Avelune Gazette 037. Values are assigned to distinct fields:
Value: 3172; field: review year.
Value: 3173; field: design year.",3173 is the release year recorded for Avelune Gazette 037.,19,30.77188491821289,1.6195728778839111,87,87,105,106,0.23762058433302505
v4-release_year-037,v4-release_year-037--omitted--answer-B--confident,test,release_year,T4,omitted,B,confident,,absent,Find the year of release for Avelune Gazette 037 in this registry.,"This entry concerns fictional Avelune Gazette 037. Values are assigned to distinct fields:
Value: 3172; field: review year.
Value: 3173; field: design year.",3173 is the release year recorded for Avelune Gazette 037. I can state this with confidence.,26,55.411842346191406,2.1312246322631836,87,87,112,113,0.2495195789852621
v4-release_year-037,v4-release_year-037--omitted--answer-B--hedged,test,release_year,T4,omitted,B,hedged,,absent,Find the year of release for Avelune Gazette 037 in this registry.,"This entry concerns fictional Avelune Gazette 037. Values are assigned to distinct fields:
Value: 3172; field: review year.
Value: 3173; field: design year.",3173 is the release year recorded for Avelune Gazette 037. I can only suggest this tentatively.,27,76.32859802246094,2.8269851207733154,87,87,113,114,0.00474206281106427
v4-release_year-038,v4-release_year-038--A--answer-A--neutral,test,release_year,T4,A,A,neutral,correct,supported,Find the year of release for Avelune Gazette 038 in this registry.,"This entry concerns fictional Avelune Gazette 038. Values are assigned to distinct fields:
Value: 3175; field: survey year.
Value: 3174; field: release year.",3174 is the release year recorded for Avelune Gazette 038.,19,22.916988372802734,1.2061573266983032,87,87,105,106,0.2254335754440666
v4-release_year-038,v4-release_year-038--A--answer-A--confident,test,release_year,T4,A,A,confident,correct,supported,Find the year of release for Avelune Gazette 038 in this registry.,"This entry concerns fictional Avelune Gazette 038. Values are assigned to distinct fields:
Value: 3175; field: survey year.
Value: 3174; field: release year.",3174 is the release year recorded for Avelune Gazette 038. I can state this with confidence.,26,49.04411315917969,1.8863120079040527,87,87,112,113,0.24075110554080686
v4-release_year-038,v4-release_year-038--A--answer-A--hedged,test,release_year,T4,A,A,hedged,correct,supported,Find the year of release for Avelune Gazette 038 in this registry.,"This entry concerns fictional Avelune Gazette 038. Values are assigned to distinct fields:
Value: 3175; field: survey year.
Value: 3174; field: release year.",3174 is the release year recorded for Avelune Gazette 038. I can only suggest this tentatively.,27,70.97386169433594,2.628661632537842,87,87,113,114,0.005552719105305286
v4-release_year-038,v4-release_year-038--A--answer-B--neutral,test,release_year,T4,A,B,neutral,incorrect,contradicted,Find the year of release for Avelune Gazette 038 in this registry.,"This entry concerns fictional Avelune Gazette 038. Values are assigned to distinct fields:
Value: 3175; field: survey year.
Value: 3174; field: release year.",3175 is the release year recorded for Avelune Gazette 038.,19,33.814632415771484,1.7797174453735352,87,87,105,106,0.29975483380064005
v4-release_year-038,v4-release_year-038--A--answer-B--confident,test,release_year,T4,A,B,confident,incorrect,contradicted,Find the year of release for Avelune Gazette 038 in this registry.,"This entry concerns fictional Avelune Gazette 038. Values are assigned to distinct fields:
Value: 3175; field: survey year.
Value: 3174; field: release year.",3175 is the release year recorded for Avelune Gazette 038. I can state this with confidence.,26,59.371238708496094,2.2835092544555664,87,87,112,113,0.29403561755105895
v4-release_year-038,v4-release_year-038--A--answer-B--hedged,test,release_year,T4,A,B,hedged,incorrect,contradicted,Find the year of release for Avelune Gazette 038 in this registry.,"This entry concerns fictional Avelune Gazette 038. Values are assigned to distinct fields:
Value: 3175; field: survey year.
Value: 3174; field: release year.",3175 is the release year recorded for Avelune Gazette 038. I can only suggest this tentatively.,27,81.33467102050781,3.012395143508911,87,87,113,114,0.053396294262585645
v4-release_year-038,v4-release_year-038--B--answer-A--neutral,test,release_year,T4,B,A,neutral,incorrect,contradicted,Find the year of release for Avelune Gazette 038 in this registry.,"This entry concerns fictional Avelune Gazette 038. Values are assigned to distinct fields:
Value: 3175; field: release year.
Value: 3174; field: survey year.",3174 is the release year recorded for Avelune Gazette 038.,19,27.840993881225586,1.4653154611587524,87,87,105,106,0.22348699462057536
v4-release_year-038,v4-release_year-038--B--answer-A--confident,test,release_year,T4,B,A,confident,incorrect,contradicted,Find the year of release for Avelune Gazette 038 in this registry.,"This entry concerns fictional Avelune Gazette 038. Values are assigned to distinct fields:
Value: 3175; field: release year.
Value: 3174; field: survey year.",3174 is the release year recorded for Avelune Gazette 038. I can state this with confidence.,26,53.810977935791016,2.069653034210205,87,87,112,113,0.24722057438503936
v4-release_year-038,v4-release_year-038--B--answer-A--hedged,test,release_year,T4,B,A,hedged,incorrect,contradicted,Find the year of release for Avelune Gazette 038 in this registry.,"This entry concerns fictional Avelune Gazette 038. Values are assigned to distinct fields:
Value: 3175; field: release year.
Value: 3174; field: survey year.",3174 is the release year recorded for Avelune Gazette 038. I can only suggest this tentatively.,27,75.74137878417969,2.805236339569092,87,87,113,114,0.004903341164111714
v4-release_year-038,v4-release_year-038--B--answer-B--neutral,test,release_year,T4,B,B,neutral,correct,supported,Find the year of release for Avelune Gazette 038 in this registry.,"This entry concerns fictional Avelune Gazette 038. Values are assigned to distinct fields:
Value: 3175; field: release year.
Value: 3174; field: survey year.",3175 is the release year recorded for Avelune Gazette 038.,19,24.48472023010254,1.288669466972351,87,87,105,106,0.4040665067940591
v4-release_year-038,v4-release_year-038--B--answer-B--confident,test,release_year,T4,B,B,confident,correct,supported,Find the year of release for Avelune Gazette 038 in this registry.,"This entry concerns fictional Avelune Gazette 038. Values are assigned to distinct fields:
Value: 3175; field: release year.
Value: 3174; field: survey year.",3175 is the release year recorded for Avelune Gazette 038. I can state this with confidence.,26,50.02611541748047,1.9240813255310059,87,87,112,113,0.3734295140410112
v4-release_year-038,v4-release_year-038--B--answer-B--hedged,test,release_year,T4,B,B,hedged,correct,supported,Find the year of release for Avelune Gazette 038 in this registry.,"This entry concerns fictional Avelune Gazette 038. Values are assigned to distinct fields:
Value: 3175; field: release year.
Value: 3174; field: survey year.",3175 is the release year recorded for Avelune Gazette 038. I can only suggest this tentatively.,27,72.9976806640625,2.703617811203003,87,87,113,114,0.1291525292047534
v4-release_year-038,v4-release_year-038--omitted--answer-A--neutral,test,release_year,T4,omitted,A,neutral,,absent,Find the year of release for Avelune Gazette 038 in this registry.,"This entry concerns fictional Avelune Gazette 038. Values are assigned to distinct fields:
Value: 3175; field: design year.
Value: 3174; field: review year.",3174 is the release year recorded for Avelune Gazette 038.,19,29.218204498291016,1.5378001928329468,87,87,105,106,0.1932511351739266
v4-release_year-038,v4-release_year-038--omitted--answer-A--confident,test,release_year,T4,omitted,A,confident,,absent,Find the year of release for Avelune Gazette 038 in this registry.,"This entry concerns fictional Avelune Gazette 038. Values are assigned to distinct fields:
Value: 3175; field: design year.
Value: 3174; field: review year.",3174 is the release year recorded for Avelune Gazette 038. I can state this with confidence.,26,53.617191314697266,2.062199592590332,87,87,112,113,0.21628926011362748
v4-release_year-038,v4-release_year-038--omitted--answer-A--hedged,test,release_year,T4,omitted,A,hedged,,absent,Find the year of release for Avelune Gazette 038 in this registry.,"This entry concerns fictional Avelune Gazette 038. Values are assigned to distinct fields:
Value: 3175; field: design year.
Value: 3174; field: review year.",3174 is the release year recorded for Avelune Gazette 038. I can only suggest this tentatively.,27,74.22906494140625,2.7492246627807617,87,87,113,114,-0.02198769017598697
v4-release_year-038,v4-release_year-038--omitted--answer-B--neutral,test,release_year,T4,omitted,B,neutral,,absent,Find the year of release for Avelune Gazette 038 in this registry.,"This entry concerns fictional Avelune Gazette 038. Values are assigned to distinct fields:
Value: 3175; field: design year.
Value: 3174; field: review year.",3175 is the release year recorded for Avelune Gazette 038.,19,30.500112533569336,1.6052690744400024,87,87,105,106,0.3327425890817469
v4-release_year-038,v4-release_year-038--omitted--answer-B--confident,test,release_year,T4,omitted,B,confident,,absent,Find the year of release for Avelune Gazette 038 in this registry.,"This entry concerns fictional Avelune Gazette 038. Values are assigned to distinct fields:
Value: 3175; field: design year.
Value: 3174; field: review year.",3175 is the release year recorded for Avelune Gazette 038. I can state this with confidence.,26,54.61067199707031,2.1004104614257812,87,87,112,113,0.3148377565811399
v4-release_year-038,v4-release_year-038--omitted--answer-B--hedged,test,release_year,T4,omitted,B,hedged,,absent,Find the year of release for Avelune Gazette 038 in this registry.,"This entry concerns fictional Avelune Gazette 038. Values are assigned to distinct fields:
Value: 3175; field: design year.
Value: 3174; field: review year.",3175 is the release year recorded for Avelune Gazette 038. I can only suggest this tentatively.,27,75.65715026855469,2.802116632461548,87,87,113,114,0.07574405724127212
v4-release_year-039,v4-release_year-039--A--answer-A--neutral,test,release_year,T4,A,A,neutral,correct,supported,Find the year of release for Avelune Gazette 039 in this registry.,"This entry concerns fictional Avelune Gazette 039. Values are assigned to distinct fields:
Value: 3176; field: release year.
Value: 3177; field: survey year.",3176 is the release year recorded for Avelune Gazette 039.,19,25.197834014892578,1.3262017965316772,87,87,105,106,0.355378041206696
v4-release_year-039,v4-release_year-039--A--answer-A--confident,test,release_year,T4,A,A,confident,correct,supported,Find the year of release for Avelune Gazette 039 in this registry.,"This entry concerns fictional Avelune Gazette 039. Values are assigned to distinct fields:
Value: 3176; field: release year.
Value: 3177; field: survey year.",3176 is the release year recorded for Avelune Gazette 039. I can state this with confidence.,26,50.54249954223633,1.9439423084259033,87,87,112,113,0.34287183351436773
v4-release_year-039,v4-release_year-039--A--answer-A--hedged,test,release_year,T4,A,A,hedged,correct,supported,Find the year of release for Avelune Gazette 039 in this registry.,"This entry concerns fictional Avelune Gazette 039. Values are assigned to distinct fields:
Value: 3176; field: release year.
Value: 3177; field: survey year.",3176 is the release year recorded for Avelune Gazette 039. I can only suggest this tentatively.,27,72.65817260742188,2.6910433769226074,87,87,113,114,0.09646630233637338
v4-release_year-039,v4-release_year-039--A--answer-B--neutral,test,release_year,T4,A,B,neutral,incorrect,contradicted,Find the year of release for Avelune Gazette 039 in this registry.,"This entry concerns fictional Avelune Gazette 039. Values are assigned to distinct fields:
Value: 3176; field: release year.
Value: 3177; field: survey year.",3177 is the release year recorded for Avelune Gazette 039.,19,30.90765953063965,1.6267188787460327,87,87,105,106,0.24301650687046195
v4-release_year-039,v4-release_year-039--A--answer-B--confident,test,release_year,T4,A,B,confident,incorrect,contradicted,Find the year of release for Avelune Gazette 039 in this registry.,"This entry concerns fictional Avelune Gazette 039. Values are assigned to distinct fields:
Value: 3176; field: release year.
Value: 3177; field: survey year.",3177 is the release year recorded for Avelune Gazette 039. I can state this with confidence.,26,56.53899383544922,2.174576759338379,87,87,112,113,0.25977454458501004
v4-release_year-039,v4-release_year-039--A--answer-B--hedged,test,release_year,T4,A,B,hedged,incorrect,contradicted,Find the year of release for Avelune Gazette 039 in this registry.,"This entry concerns fictional Avelune Gazette 039. Values are assigned to distinct fields:
Value: 3176; field: release year.
Value: 3177; field: survey year.",3177 is the release year recorded for Avelune Gazette 039. I can only suggest this tentatively.,27,78.8216552734375,2.919320583343506,87,87,113,114,0.013550599160475161
v4-release_year-039,v4-release_year-039--B--answer-A--neutral,test,release_year,T4,B,A,neutral,incorrect,contradicted,Find the year of release for Avelune Gazette 039 in this registry.,"This entry concerns fictional Avelune Gazette 039. Values are assigned to distinct fields:
Value: 3176; field: survey year.
Value: 3177; field: release year.",3176 is the release year recorded for Avelune Gazette 039.,19,38.19477462768555,2.01025128364563,87,87,105,106,0.25240562595522725
v4-release_year-039,v4-release_year-039--B--answer-A--confident,test,release_year,T4,B,A,confident,incorrect,contradicted,Find the year of release for Avelune Gazette 039 in this registry.,"This entry concerns fictional Avelune Gazette 039. Values are assigned to distinct fields:
Value: 3176; field: survey year.
Value: 3177; field: release year.",3176 is the release year recorded for Avelune Gazette 039. I can state this with confidence.,26,63.319671630859375,2.4353718757629395,87,87,112,113,0.2644712266009897
v4-release_year-039,v4-release_year-039--B--answer-A--hedged,test,release_year,T4,B,A,hedged,incorrect,contradicted,Find the year of release for Avelune Gazette 039 in this registry.,"This entry concerns fictional Avelune Gazette 039. Values are assigned to distinct fields:
Value: 3176; field: survey year.
Value: 3177; field: release year.",3176 is the release year recorded for Avelune Gazette 039. I can only suggest this tentatively.,27,84.79621887207031,3.1406006813049316,87,87,113,114,0.025289300463283603
v4-release_year-039,v4-release_year-039--B--answer-B--neutral,test,release_year,T4,B,B,neutral,correct,supported,Find the year of release for Avelune Gazette 039 in this registry.,"This entry concerns fictional Avelune Gazette 039. Values are assigned to distinct fields:
Value: 3176; field: survey year.
Value: 3177; field: release year.",3177 is the release year recorded for Avelune Gazette 039.,19,22.20533561706543,1.1687018871307373,87,87,105,106,0.2327745105160981
v4-release_year-039,v4-release_year-039--B--answer-B--confident,test,release_year,T4,B,B,confident,correct,supported,Find the year of release for Avelune Gazette 039 in this registry.,"This entry concerns fictional Avelune Gazette 039. Values are assigned to distinct fields:
Value: 3176; field: survey year.
Value: 3177; field: release year.",3177 is the release year recorded for Avelune Gazette 039. I can state this with confidence.,26,48.10265350341797,1.8501020669937134,87,87,112,113,0.251390447724974
v4-release_year-039,v4-release_year-039--B--answer-B--hedged,test,release_year,T4,B,B,hedged,correct,supported,Find the year of release for Avelune Gazette 039 in this registry.,"This entry concerns fictional Avelune Gazette 039. Values are assigned to distinct fields:
Value: 3176; field: survey year.
Value: 3177; field: release year.",3177 is the release year recorded for Avelune Gazette 039. I can only suggest this tentatively.,27,69.85604095458984,2.5872607231140137,87,87,113,114,0.006920065601598177
v4-release_year-039,v4-release_year-039--omitted--answer-A--neutral,test,release_year,T4,omitted,A,neutral,,absent,Find the year of release for Avelune Gazette 039 in this registry.,"This entry concerns fictional Avelune Gazette 039. Values are assigned to distinct fields:
Value: 3176; field: review year.
Value: 3177; field: design year.",3176 is the release year recorded for Avelune Gazette 039.,19,30.32085609436035,1.595834493637085,87,87,105,106,0.33317708639822835
v4-release_year-039,v4-release_year-039--omitted--answer-A--confident,test,release_year,T4,omitted,A,confident,,absent,Find the year of release for Avelune Gazette 039 in this registry.,"This entry concerns fictional Avelune Gazette 039. Values are assigned to distinct fields:
Value: 3176; field: review year.
Value: 3177; field: design year.",3176 is the release year recorded for Avelune Gazette 039. I can state this with confidence.,26,54.304710388183594,2.0886425971984863,87,87,112,113,0.3218690336190634
v4-release_year-039,v4-release_year-039--omitted--answer-A--hedged,test,release_year,T4,omitted,A,hedged,,absent,Find the year of release for Avelune Gazette 039 in this registry.,"This entry concerns fictional Avelune Gazette 039. Values are assigned to distinct fields:
Value: 3176; field: review year.
Value: 3177; field: design year.",3176 is the release year recorded for Avelune Gazette 039. I can only suggest this tentatively.,27,74.74307250976562,2.7682619094848633,87,87,113,114,0.0762834126249284
v4-release_year-039,v4-release_year-039--omitted--answer-B--neutral,test,release_year,T4,omitted,B,neutral,,absent,Find the year of release for Avelune Gazette 039 in this registry.,"This entry concerns fictional Avelune Gazette 039. Values are assigned to distinct fields:
Value: 3176; field: review year.
Value: 3177; field: design year.",3177 is the release year recorded for Avelune Gazette 039.,19,30.10358428955078,1.5843992233276367,87,87,105,106,0.24881155483363976
v4-release_year-039,v4-release_year-039--omitted--answer-B--confident,test,release_year,T4,omitted,B,confident,,absent,Find the year of release for Avelune Gazette 039 in this registry.,"This entry concerns fictional Avelune Gazette 039. Values are assigned to distinct fields:
Value: 3176; field: review year.
Value: 3177; field: design year.",3177 is the release year recorded for Avelune Gazette 039. I can state this with confidence.,26,54.37139892578125,2.09120774269104,87,87,112,113,0.26126047160357363
v4-release_year-039,v4-release_year-039--omitted--answer-B--hedged,test,release_year,T4,omitted,B,hedged,,absent,Find the year of release for Avelune Gazette 039 in this registry.,"This entry concerns fictional Avelune Gazette 039. Values are assigned to distinct fields:
Value: 3176; field: review year.
Value: 3177; field: design year.",3177 is the release year recorded for Avelune Gazette 039. I can only suggest this tentatively.,27,75.27738952636719,2.7880513668060303,87,87,113,114,0.017789978207372253
v4-release_year-040,v4-release_year-040--A--answer-A--neutral,test,release_year,T4,A,A,neutral,correct,supported,Find the year of release for Avelune Gazette 040 in this registry.,"This entry concerns fictional Avelune Gazette 040. Values are assigned to distinct fields:
Value: 3179; field: survey year.
Value: 3178; field: release year.",3178 is the release year recorded for Avelune Gazette 040.,19,22.480012893676758,1.18315851688385,87,87,105,106,0.1731652293753679
v4-release_year-040,v4-release_year-040--A--answer-A--confident,test,release_year,T4,A,A,confident,correct,supported,Find the year of release for Avelune Gazette 040 in this registry.,"This entry concerns fictional Avelune Gazette 040. Values are assigned to distinct fields:
Value: 3179; field: survey year.
Value: 3178; field: release year.",3178 is the release year recorded for Avelune Gazette 040. I can state this with confidence.,26,48.95629119873047,1.882934331893921,87,87,112,113,0.22102160220146547
v4-release_year-040,v4-release_year-040--A--answer-A--hedged,test,release_year,T4,A,A,hedged,correct,supported,Find the year of release for Avelune Gazette 040 in this registry.,"This entry concerns fictional Avelune Gazette 040. Values are assigned to distinct fields:
Value: 3179; field: survey year.
Value: 3178; field: release year.",3178 is the release year recorded for Avelune Gazette 040. I can only suggest this tentatively.,27,71.10066986083984,2.6333582401275635,87,87,113,114,-0.028368682718838363
v4-release_year-040,v4-release_year-040--A--answer-B--neutral,test,release_year,T4,A,B,neutral,incorrect,contradicted,Find the year of release for Avelune Gazette 040 in this registry.,"This entry concerns fictional Avelune Gazette 040. Values are assigned to distinct fields:
Value: 3179; field: survey year.
Value: 3178; field: release year.",3179 is the release year recorded for Avelune Gazette 040.,19,33.13426971435547,1.7439088821411133,87,87,105,106,0.22966766318219609
v4-release_year-040,v4-release_year-040--A--answer-B--confident,test,release_year,T4,A,B,confident,incorrect,contradicted,Find the year of release for Avelune Gazette 040 in this registry.,"This entry concerns fictional Avelune Gazette 040. Values are assigned to distinct fields:
Value: 3179; field: survey year.
Value: 3178; field: release year.",3179 is the release year recorded for Avelune Gazette 040. I can state this with confidence.,26,58.99488067626953,2.269033908843994,87,87,112,113,0.25345267501487134
v4-release_year-040,v4-release_year-040--A--answer-B--hedged,test,release_year,T4,A,B,hedged,incorrect,contradicted,Find the year of release for Avelune Gazette 040 in this registry.,"This entry concerns fictional Avelune Gazette 040. Values are assigned to distinct fields:
Value: 3179; field: survey year.
Value: 3178; field: release year.",3179 is the release year recorded for Avelune Gazette 040. I can only suggest this tentatively.,27,81.42852783203125,3.015871286392212,87,87,113,114,0.00661533581171744
v4-release_year-040,v4-release_year-040--B--answer-A--neutral,test,release_year,T4,B,A,neutral,incorrect,contradicted,Find the year of release for Avelune Gazette 040 in this registry.,"This entry concerns fictional Avelune Gazette 040. Values are assigned to distinct fields:
Value: 3179; field: release year.
Value: 3178; field: survey year.",3178 is the release year recorded for Avelune Gazette 040.,19,30.488985061645508,1.6046833992004395,87,87,105,106,0.1832599359236846
v4-release_year-040,v4-release_year-040--B--answer-A--confident,test,release_year,T4,B,A,confident,incorrect,contradicted,Find the year of release for Avelune Gazette 040 in this registry.,"This entry concerns fictional Avelune Gazette 040. Values are assigned to distinct fields:
Value: 3179; field: release year.
Value: 3178; field: survey year.",3178 is the release year recorded for Avelune Gazette 040. I can state this with confidence.,26,56.1953010559082,2.1613576412200928,87,87,112,113,0.23240281861838905
v4-release_year-040,v4-release_year-040--B--answer-A--hedged,test,release_year,T4,B,A,hedged,incorrect,contradicted,Find the year of release for Avelune Gazette 040 in this registry.,"This entry concerns fictional Avelune Gazette 040. Values are assigned to distinct fields:
Value: 3179; field: release year.
Value: 3178; field: survey year.",3178 is the release year recorded for Avelune Gazette 040. I can only suggest this tentatively.,27,78.68325805664062,2.9141948223114014,87,87,113,114,-0.01935193060381787
v4-release_year-040,v4-release_year-040--B--answer-B--neutral,test,release_year,T4,B,B,neutral,correct,supported,Find the year of release for Avelune Gazette 040 in this registry.,"This entry concerns fictional Avelune Gazette 040. Values are assigned to distinct fields:
Value: 3179; field: release year.
Value: 3178; field: survey year.",3179 is the release year recorded for Avelune Gazette 040.,19,24.662065505981445,1.2980034351348877,87,87,105,106,0.32015534128833656
v4-release_year-040,v4-release_year-040--B--answer-B--confident,test,release_year,T4,B,B,confident,correct,supported,Find the year of release for Avelune Gazette 040 in this registry.,"This entry concerns fictional Avelune Gazette 040. Values are assigned to distinct fields:
Value: 3179; field: release year.
Value: 3178; field: survey year.",3179 is the release year recorded for Avelune Gazette 040. I can state this with confidence.,26,50.74029541015625,1.951549768447876,87,87,112,113,0.3251487094962837
v4-release_year-040,v4-release_year-040--B--answer-B--hedged,test,release_year,T4,B,B,hedged,correct,supported,Find the year of release for Avelune Gazette 040 in this registry.,"This entry concerns fictional Avelune Gazette 040. Values are assigned to distinct fields:
Value: 3179; field: release year.
Value: 3178; field: survey year.",3179 is the release year recorded for Avelune Gazette 040. I can only suggest this tentatively.,27,73.89884185791016,2.7369940280914307,87,87,113,114,0.07259269167482878
v4-release_year-040,v4-release_year-040--omitted--answer-A--neutral,test,release_year,T4,omitted,A,neutral,,absent,Find the year of release for Avelune Gazette 040 in this registry.,"This entry concerns fictional Avelune Gazette 040. Values are assigned to distinct fields:
Value: 3179; field: design year.
Value: 3178; field: review year.",3178 is the release year recorded for Avelune Gazette 040.,19,30.376018524169922,1.5987378358840942,87,87,105,106,0.1730665262703458
v4-release_year-040,v4-release_year-040--omitted--answer-A--confident,test,release_year,T4,omitted,A,confident,,absent,Find the year of release for Avelune Gazette 040 in this registry.,"This entry concerns fictional Avelune Gazette 040. Values are assigned to distinct fields:
Value: 3179; field: design year.
Value: 3178; field: review year.",3178 is the release year recorded for Avelune Gazette 040. I can state this with confidence.,26,54.30347442626953,2.088595151901245,87,87,112,113,0.21703788739775634
v4-release_year-040,v4-release_year-040--omitted--answer-A--hedged,test,release_year,T4,omitted,A,hedged,,absent,Find the year of release for Avelune Gazette 040 in this registry.,"This entry concerns fictional Avelune Gazette 040. Values are assigned to distinct fields:
Value: 3179; field: design year.
Value: 3178; field: review year.",3178 is the release year recorded for Avelune Gazette 040. I can only suggest this tentatively.,27,75.56684875488281,2.798772096633911,87,87,113,114,-0.0330986959280508
v4-release_year-040,v4-release_year-040--omitted--answer-B--neutral,test,release_year,T4,omitted,B,neutral,,absent,Find the year of release for Avelune Gazette 040 in this registry.,"This entry concerns fictional Avelune Gazette 040. Values are assigned to distinct fields:
Value: 3179; field: design year.
Value: 3178; field: review year.",3179 is the release year recorded for Avelune Gazette 040.,19,30.255184173583984,1.5923781394958496,87,87,105,106,0.2763000877544046
v4-release_year-040,v4-release_year-040--omitted--answer-B--confident,test,release_year,T4,omitted,B,confident,,absent,Find the year of release for Avelune Gazette 040 in this registry.,"This entry concerns fictional Avelune Gazette 040. Values are assigned to distinct fields:
Value: 3179; field: design year.
Value: 3178; field: review year.",3179 is the release year recorded for Avelune Gazette 040. I can state this with confidence.,26,54.73748016357422,2.105287790298462,87,87,112,113,0.2886991524374883
v4-release_year-040,v4-release_year-040--omitted--answer-B--hedged,test,release_year,T4,omitted,B,hedged,,absent,Find the year of release for Avelune Gazette 040 in this registry.,"This entry concerns fictional Avelune Gazette 040. Values are assigned to distinct fields:
Value: 3179; field: design year.
Value: 3178; field: review year.",3179 is the release year recorded for Avelune Gazette 040. I can only suggest this tentatively.,27,76.04647064208984,2.8165359497070312,87,87,113,114,0.038078347099051724
v4-release_year-041,v4-release_year-041--A--answer-A--neutral,test,release_year,T4,A,A,neutral,correct,supported,Find the year of release for Avelune Gazette 041 in this registry.,"This entry concerns fictional Avelune Gazette 041. Values are assigned to distinct fields:
Value: 3180; field: release year.
Value: 3181; field: survey year.",3180 is the release year recorded for Avelune Gazette 041.,19,23.974563598632812,1.2618191242218018,87,87,105,106,0.21051661303446356
v4-release_year-041,v4-release_year-041--A--answer-A--confident,test,release_year,T4,A,A,confident,correct,supported,Find the year of release for Avelune Gazette 041 in this registry.,"This entry concerns fictional Avelune Gazette 041. Values are assigned to distinct fields:
Value: 3180; field: release year.
Value: 3181; field: survey year.",3180 is the release year recorded for Avelune Gazette 041. I can state this with confidence.,26,50.38487243652344,1.9378796815872192,87,87,112,113,0.2476033248914391
v4-release_year-041,v4-release_year-041--A--answer-A--hedged,test,release_year,T4,A,A,hedged,correct,supported,Find the year of release for Avelune Gazette 041 in this registry.,"This entry concerns fictional Avelune Gazette 041. Values are assigned to distinct fields:
Value: 3180; field: release year.
Value: 3181; field: survey year.",3180 is the release year recorded for Avelune Gazette 041. I can only suggest this tentatively.,27,72.92897033691406,2.701072931289673,87,87,113,114,-0.0004351172138450862
v4-release_year-041,v4-release_year-041--A--answer-B--neutral,test,release_year,T4,A,B,neutral,incorrect,contradicted,Find the year of release for Avelune Gazette 041 in this registry.,"This entry concerns fictional Avelune Gazette 041. Values are assigned to distinct fields:
Value: 3180; field: release year.
Value: 3181; field: survey year.",3181 is the release year recorded for Avelune Gazette 041.,19,30.904499053955078,1.6265525817871094,87,87,105,106,0.22018118302619538
v4-release_year-041,v4-release_year-041--A--answer-B--confident,test,release_year,T4,A,B,confident,incorrect,contradicted,Find the year of release for Avelune Gazette 041 in this registry.,"This entry concerns fictional Avelune Gazette 041. Values are assigned to distinct fields:
Value: 3180; field: release year.
Value: 3181; field: survey year.",3181 is the release year recorded for Avelune Gazette 041. I can state this with confidence.,26,57.012001037597656,2.1927692890167236,87,87,112,113,0.2568804194275808
v4-release_year-041,v4-release_year-041--A--answer-B--hedged,test,release_year,T4,A,B,hedged,incorrect,contradicted,Find the year of release for Avelune Gazette 041 in this registry.,"This entry concerns fictional Avelune Gazette 041. Values are assigned to distinct fields:
Value: 3180; field: release year.
Value: 3181; field: survey year.",3181 is the release year recorded for Avelune Gazette 041. I can only suggest this tentatively.,27,79.73493957519531,2.953145980834961,87,87,113,114,0.0020225203338688214
v4-release_year-041,v4-release_year-041--B--answer-A--neutral,test,release_year,T4,B,A,neutral,incorrect,contradicted,Find the year of release for Avelune Gazette 041 in this registry.,"This entry concerns fictional Avelune Gazette 041. Values are assigned to distinct fields:
Value: 3180; field: survey year.
Value: 3181; field: release year.",3180 is the release year recorded for Avelune Gazette 041.,19,35.93535614013672,1.8913345336914062,87,87,105,106,0.11450995961825114
v4-release_year-041,v4-release_year-041--B--answer-A--confident,test,release_year,T4,B,A,confident,incorrect,contradicted,Find the year of release for Avelune Gazette 041 in this registry.,"This entry concerns fictional Avelune Gazette 041. Values are assigned to distinct fields:
Value: 3180; field: survey year.
Value: 3181; field: release year.",3180 is the release year recorded for Avelune Gazette 041. I can state this with confidence.,26,61.561981201171875,2.3677685260772705,87,87,112,113,0.17504530928325288
v4-release_year-041,v4-release_year-041--B--answer-A--hedged,test,release_year,T4,B,A,hedged,incorrect,contradicted,Find the year of release for Avelune Gazette 041 in this registry.,"This entry concerns fictional Avelune Gazette 041. Values are assigned to distinct fields:
Value: 3180; field: survey year.
Value: 3181; field: release year.",3180 is the release year recorded for Avelune Gazette 041. I can only suggest this tentatively.,27,83.81964111328125,3.10443115234375,87,87,113,114,-0.07075868650878965
v4-release_year-041,v4-release_year-041--B--answer-B--neutral,test,release_year,T4,B,B,neutral,correct,supported,Find the year of release for Avelune Gazette 041 in this registry.,"This entry concerns fictional Avelune Gazette 041. Values are assigned to distinct fields:
Value: 3180; field: survey year.
Value: 3181; field: release year.",3181 is the release year recorded for Avelune Gazette 041.,19,23.364927291870117,1.2297329902648926,87,87,105,106,0.20831012027203633
v4-release_year-041,v4-release_year-041--B--answer-B--confident,test,release_year,T4,B,B,confident,correct,supported,Find the year of release for Avelune Gazette 041 in this registry.,"This entry concerns fictional Avelune Gazette 041. Values are assigned to distinct fields:
Value: 3180; field: survey year.
Value: 3181; field: release year.",3181 is the release year recorded for Avelune Gazette 041. I can state this with confidence.,26,49.70231246948242,1.9116274118423462,87,87,112,113,0.24486336056384092
v4-release_year-041,v4-release_year-041--B--answer-B--hedged,test,release_year,T4,B,B,hedged,correct,supported,Find the year of release for Avelune Gazette 041 in this registry.,"This entry concerns fictional Avelune Gazette 041. Values are assigned to distinct fields:
Value: 3180; field: survey year.
Value: 3181; field: release year.",3181 is the release year recorded for Avelune Gazette 041. I can only suggest this tentatively.,27,72.18965148925781,2.6736907958984375,87,87,113,114,-0.0032865365826406437
v4-release_year-041,v4-release_year-041--omitted--answer-A--neutral,test,release_year,T4,omitted,A,neutral,,absent,Find the year of release for Avelune Gazette 041 in this registry.,"This entry concerns fictional Avelune Gazette 041. Values are assigned to distinct fields:
Value: 3180; field: review year.
Value: 3181; field: design year.",3180 is the release year recorded for Avelune Gazette 041.,19,31.539209365844727,1.6599583625793457,87,87,105,106,0.2034637129142402
v4-release_year-041,v4-release_year-041--omitted--answer-A--confident,test,release_year,T4,omitted,A,confident,,absent,Find the year of release for Avelune Gazette 041 in this registry.,"This entry concerns fictional Avelune Gazette 041. Values are assigned to distinct fields:
Value: 3180; field: review year.
Value: 3181; field: design year.",3180 is the release year recorded for Avelune Gazette 041. I can state this with confidence.,26,56.269325256347656,2.1642048358917236,87,87,112,113,0.23911675522514322
v4-release_year-041,v4-release_year-041--omitted--answer-A--hedged,test,release_year,T4,omitted,A,hedged,,absent,Find the year of release for Avelune Gazette 041 in this registry.,"This entry concerns fictional Avelune Gazette 041. Values are assigned to distinct fields:
Value: 3180; field: review year.
Value: 3181; field: design year.",3180 is the release year recorded for Avelune Gazette 041. I can only suggest this tentatively.,27,77.91427612304688,2.885713815689087,87,87,113,114,-0.010226687952607404
v4-release_year-041,v4-release_year-041--omitted--answer-B--neutral,test,release_year,T4,omitted,B,neutral,,absent,Find the year of release for Avelune Gazette 041 in this registry.,"This entry concerns fictional Avelune Gazette 041. Values are assigned to distinct fields:
Value: 3180; field: review year.
Value: 3181; field: design year.",3181 is the release year recorded for Avelune Gazette 041.,19,31.485872268676758,1.657151222229004,87,87,105,106,0.2542235403037321
v4-release_year-041,v4-release_year-041--omitted--answer-B--confident,test,release_year,T4,omitted,B,confident,,absent,Find the year of release for Avelune Gazette 041 in this registry.,"This entry concerns fictional Avelune Gazette 041. Values are assigned to distinct fields:
Value: 3180; field: review year.
Value: 3181; field: design year.",3181 is the release year recorded for Avelune Gazette 041. I can state this with confidence.,26,56.11583709716797,2.15830135345459,87,87,112,113,0.2762873648672747
v4-release_year-041,v4-release_year-041--omitted--answer-B--hedged,test,release_year,T4,omitted,B,hedged,,absent,Find the year of release for Avelune Gazette 041 in this registry.,"This entry concerns fictional Avelune Gazette 041. Values are assigned to distinct fields:
Value: 3180; field: review year.
Value: 3181; field: design year.",3181 is the release year recorded for Avelune Gazette 041. I can only suggest this tentatively.,27,77.71905517578125,2.878483533859253,87,87,113,114,0.025049152227956877
v4-release_year-042,v4-release_year-042--A--answer-A--neutral,test,release_year,T4,A,A,neutral,correct,supported,Find the year of release for Avelune Gazette 042 in this registry.,"This entry concerns fictional Avelune Gazette 042. Values are assigned to distinct fields:
Value: 3183; field: survey year.
Value: 3182; field: release year.",3182 is the release year recorded for Avelune Gazette 042.,19,23.40685272216797,1.231939673423767,87,87,105,106,0.052408579527389906
v4-release_year-042,v4-release_year-042--A--answer-A--confident,test,release_year,T4,A,A,confident,correct,supported,Find the year of release for Avelune Gazette 042 in this registry.,"This entry concerns fictional Avelune Gazette 042. Values are assigned to distinct fields:
Value: 3183; field: survey year.
Value: 3182; field: release year.",3182 is the release year recorded for Avelune Gazette 042. I can state this with confidence.,26,49.026649475097656,1.8856403827667236,87,87,112,113,0.12933749484547333
v4-release_year-042,v4-release_year-042--A--answer-A--hedged,test,release_year,T4,A,A,hedged,correct,supported,Find the year of release for Avelune Gazette 042 in this registry.,"This entry concerns fictional Avelune Gazette 042. Values are assigned to distinct fields:
Value: 3183; field: survey year.
Value: 3182; field: release year.",3182 is the release year recorded for Avelune Gazette 042. I can only suggest this tentatively.,27,71.32025146484375,2.6414906978607178,87,87,113,114,-0.11126584626738552
v4-release_year-042,v4-release_year-042--A--answer-B--neutral,test,release_year,T4,A,B,neutral,incorrect,contradicted,Find the year of release for Avelune Gazette 042 in this registry.,"This entry concerns fictional Avelune Gazette 042. Values are assigned to distinct fields:
Value: 3183; field: survey year.
Value: 3182; field: release year.",3183 is the release year recorded for Avelune Gazette 042.,19,33.73167419433594,1.7753512859344482,87,87,105,106,0.10102189759263538
v4-release_year-042,v4-release_year-042--A--answer-B--confident,test,release_year,T4,A,B,confident,incorrect,contradicted,Find the year of release for Avelune Gazette 042 in this registry.,"This entry concerns fictional Avelune Gazette 042. Values are assigned to distinct fields:
Value: 3183; field: survey year.
Value: 3182; field: release year.",3183 is the release year recorded for Avelune Gazette 042. I can state this with confidence.,26,58.84072494506836,2.2631049156188965,87,87,112,113,0.1596232144297487
v4-release_year-042,v4-release_year-042--A--answer-B--hedged,test,release_year,T4,A,B,hedged,incorrect,contradicted,Find the year of release for Avelune Gazette 042 in this registry.,"This entry concerns fictional Avelune Gazette 042. Values are assigned to distinct fields:
Value: 3183; field: survey year.
Value: 3182; field: release year.",3183 is the release year recorded for Avelune Gazette 042. I can only suggest this tentatively.,27,81.44068145751953,3.0163214206695557,87,87,113,114,-0.08035549421822077
v4-release_year-042,v4-release_year-042--B--answer-A--neutral,test,release_year,T4,B,A,neutral,incorrect,contradicted,Find the year of release for Avelune Gazette 042 in this registry.,"This entry concerns fictional Avelune Gazette 042. Values are assigned to distinct fields:
Value: 3183; field: release year.
Value: 3182; field: survey year.",3182 is the release year recorded for Avelune Gazette 042.,19,31.036855697631836,1.6335186958312988,87,87,105,106,0.08752660370143096
v4-release_year-042,v4-release_year-042--B--answer-A--confident,test,release_year,T4,B,A,confident,incorrect,contradicted,Find the year of release for Avelune Gazette 042 in this registry.,"This entry concerns fictional Avelune Gazette 042. Values are assigned to distinct fields:
Value: 3183; field: release year.
Value: 3182; field: survey year.",3182 is the release year recorded for Avelune Gazette 042. I can state this with confidence.,26,56.535301208496094,2.1744346618652344,87,87,112,113,0.1604461635409458
v4-release_year-042,v4-release_year-042--B--answer-A--hedged,test,release_year,T4,B,A,hedged,incorrect,contradicted,Find the year of release for Avelune Gazette 042 in this registry.,"This entry concerns fictional Avelune Gazette 042. Values are assigned to distinct fields:
Value: 3183; field: release year.
Value: 3182; field: survey year.",3182 is the release year recorded for Avelune Gazette 042. I can only suggest this tentatively.,27,79.31391143798828,2.9375522136688232,87,87,113,114,-0.08585789648619936
v4-release_year-042,v4-release_year-042--B--answer-B--neutral,test,release_year,T4,B,B,neutral,correct,supported,Find the year of release for Avelune Gazette 042 in this registry.,"This entry concerns fictional Avelune Gazette 042. Values are assigned to distinct fields:
Value: 3183; field: release year.
Value: 3182; field: survey year.",3183 is the release year recorded for Avelune Gazette 042.,19,23.266921997070312,1.2245748043060303,87,87,105,106,0.18275051845719553
v4-release_year-042,v4-release_year-042--B--answer-B--confident,test,release_year,T4,B,B,confident,correct,supported,Find the year of release for Avelune Gazette 042 in this registry.,"This entry concerns fictional Avelune Gazette 042. Values are assigned to distinct fields:
Value: 3183; field: release year.
Value: 3182; field: survey year.",3183 is the release year recorded for Avelune Gazette 042. I can state this with confidence.,26,48.75891876220703,1.8753430843353271,87,87,112,113,0.2245807380190246
v4-release_year-042,v4-release_year-042--B--answer-B--hedged,test,release_year,T4,B,B,hedged,correct,supported,Find the year of release for Avelune Gazette 042 in this registry.,"This entry concerns fictional Avelune Gazette 042. Values are assigned to distinct fields:
Value: 3183; field: release year.
Value: 3182; field: survey year.",3183 is the release year recorded for Avelune Gazette 042. I can only suggest this tentatively.,27,72.3548583984375,2.6798095703125,87,87,113,114,-0.022826868555729553
v4-release_year-042,v4-release_year-042--omitted--answer-A--neutral,test,release_year,T4,omitted,A,neutral,,absent,Find the year of release for Avelune Gazette 042 in this registry.,"This entry concerns fictional Avelune Gazette 042. Values are assigned to distinct fields:
Value: 3183; field: design year.
Value: 3182; field: review year.",3182 is the release year recorded for Avelune Gazette 042.,19,28.773788452148438,1.5144098997116089,87,87,105,106,0.0838332002901811
v4-release_year-042,v4-release_year-042--omitted--answer-A--confident,test,release_year,T4,omitted,A,confident,,absent,Find the year of release for Avelune Gazette 042 in this registry.,"This entry concerns fictional Avelune Gazette 042. Values are assigned to distinct fields:
Value: 3183; field: design year.
Value: 3182; field: review year.",3182 is the release year recorded for Avelune Gazette 042. I can state this with confidence.,26,52.78123474121094,2.0300474166870117,87,87,112,113,0.15047275810280536
v4-release_year-042,v4-release_year-042--omitted--answer-A--hedged,test,release_year,T4,omitted,A,hedged,,absent,Find the year of release for Avelune Gazette 042 in this registry.,"This entry concerns fictional Avelune Gazette 042. Values are assigned to distinct fields:
Value: 3183; field: design year.
Value: 3182; field: review year.",3182 is the release year recorded for Avelune Gazette 042. I can only suggest this tentatively.,27,74.27452850341797,2.750908374786377,87,87,113,114,-0.09140730854293214
v4-release_year-042,v4-release_year-042--omitted--answer-B--neutral,test,release_year,T4,omitted,B,neutral,,absent,Find the year of release for Avelune Gazette 042 in this registry.,"This entry concerns fictional Avelune Gazette 042. Values are assigned to distinct fields:
Value: 3183; field: design year.
Value: 3182; field: review year.",3183 is the release year recorded for Avelune Gazette 042.,19,32.292320251464844,1.6995958089828491,87,87,105,106,0.14246840462339316
v4-release_year-042,v4-release_year-042--omitted--answer-B--confident,test,release_year,T4,omitted,B,confident,,absent,Find the year of release for Avelune Gazette 042 in this registry.,"This entry concerns fictional Avelune Gazette 042. Values are assigned to distinct fields:
Value: 3183; field: design year.
Value: 3182; field: review year.",3183 is the release year recorded for Avelune Gazette 042. I can state this with confidence.,26,55.79950714111328,2.146134853363037,87,87,112,113,0.18577485438902214
v4-release_year-042,v4-release_year-042--omitted--answer-B--hedged,test,release_year,T4,omitted,B,hedged,,absent,Find the year of release for Avelune Gazette 042 in this registry.,"This entry concerns fictional Avelune Gazette 042. Values are assigned to distinct fields:
Value: 3183; field: design year.
Value: 3182; field: review year.",3183 is the release year recorded for Avelune Gazette 042. I can only suggest this tentatively.,27,77.49453735351562,2.8701679706573486,87,87,113,114,-0.0532074072508423
v4-material-001,v4-material-001--A--answer-A--neutral,train,material,T1,A,A,neutral,correct,supported,Which shell material is assigned to Avelune Beacon 001?,"Fictional registry for Avelune Beacon 001. Values and assigned fields:
ceramic mix 8200 | shell material
ceramic mix 8201 | stand material",The shell material for Avelune Beacon 001 is ceramic mix 8200.,21,8.097003936767578,0.3855716288089752,80,80,100,101,-0.11342176227987727
v4-material-001,v4-material-001--A--answer-B--neutral,train,material,T1,A,B,neutral,incorrect,contradicted,Which shell material is assigned to Avelune Beacon 001?,"Fictional registry for Avelune Beacon 001. Values and assigned fields:
ceramic mix 8200 | shell material
ceramic mix 8201 | stand material",The shell material for Avelune Beacon 001 is ceramic mix 8201.,21,5.3478546142578125,0.2546597421169281,80,80,100,101,-0.11176043429674601
v4-material-001,v4-material-001--B--answer-A--neutral,train,material,T1,B,A,neutral,incorrect,contradicted,Which shell material is assigned to Avelune Beacon 001?,"Fictional registry for Avelune Beacon 001. Values and assigned fields:
ceramic mix 8200 | stand material
ceramic mix 8201 | shell material",The shell material for Avelune Beacon 001 is ceramic mix 8200.,21,12.847440719604492,0.6117829084396362,80,80,100,101,-0.11585923101393111
v4-material-001,v4-material-001--B--answer-B--neutral,train,material,T1,B,B,neutral,correct,supported,Which shell material is assigned to Avelune Beacon 001?,"Fictional registry for Avelune Beacon 001. Values and assigned fields:
ceramic mix 8200 | stand material
ceramic mix 8201 | shell material",The shell material for Avelune Beacon 001 is ceramic mix 8201.,21,5.595914840698242,0.26647213101387024,80,80,100,101,-0.08471173901641704
v4-material-001,v4-material-001--omitted--answer-A--neutral,train,material,T1,omitted,A,neutral,,absent,Which shell material is assigned to Avelune Beacon 001?,"Fictional registry for Avelune Beacon 001. Values and assigned fields:
ceramic mix 8200 | cover material
ceramic mix 8201 | lining material",The shell material for Avelune Beacon 001 is ceramic mix 8200.,21,9.47446060180664,0.45116478204727173,80,80,100,101,-0.0999873041306849
v4-material-001,v4-material-001--omitted--answer-B--neutral,train,material,T1,omitted,B,neutral,,absent,Which shell material is assigned to Avelune Beacon 001?,"Fictional registry for Avelune Beacon 001. Values and assigned fields:
ceramic mix 8200 | cover material
ceramic mix 8201 | lining material",The shell material for Avelune Beacon 001 is ceramic mix 8201.,21,8.772676467895508,0.41774648427963257,80,80,100,101,-0.1072194622086905
v4-material-002,v4-material-002--A--answer-A--neutral,train,material,T1,A,A,neutral,correct,supported,Which shell material is assigned to Avelune Beacon 002?,"Fictional registry for Avelune Beacon 002. Values and assigned fields:
ceramic mix 8203 | stand material
ceramic mix 8202 | shell material",The shell material for Avelune Beacon 002 is ceramic mix 8202.,21,6.223581314086914,0.2963610291481018,80,80,100,101,-0.06505344539779447
v4-material-002,v4-material-002--A--answer-B--neutral,train,material,T1,A,B,neutral,incorrect,contradicted,Which shell material is assigned to Avelune Beacon 002?,"Fictional registry for Avelune Beacon 002. Values and assigned fields:
ceramic mix 8203 | stand material
ceramic mix 8202 | shell material",The shell material for Avelune Beacon 002 is ceramic mix 8203.,21,9.975841522216797,0.475040078163147,80,80,100,101,-0.07971982517045535
v4-material-002,v4-material-002--B--answer-A--neutral,train,material,T1,B,A,neutral,incorrect,contradicted,Which shell material is assigned to Avelune Beacon 002?,"Fictional registry for Avelune Beacon 002. Values and assigned fields:
ceramic mix 8203 | shell material
ceramic mix 8202 | stand material",The shell material for Avelune Beacon 002 is ceramic mix 8202.,21,6.668184280395508,0.31753259897232056,80,80,100,101,-0.08447677743779407
v4-material-002,v4-material-002--B--answer-B--neutral,train,material,T1,B,B,neutral,correct,supported,Which shell material is assigned to Avelune Beacon 002?,"Fictional registry for Avelune Beacon 002. Values and assigned fields:
ceramic mix 8203 | shell material
ceramic mix 8202 | stand material",The shell material for Avelune Beacon 002 is ceramic mix 8203.,21,7.045392990112305,0.33549490571022034,80,80,100,101,-0.07949531466077843
v4-material-002,v4-material-002--omitted--answer-A--neutral,train,material,T1,omitted,A,neutral,,absent,Which shell material is assigned to Avelune Beacon 002?,"Fictional registry for Avelune Beacon 002. Values and assigned fields:
ceramic mix 8203 | lining material
ceramic mix 8202 | cover material",The shell material for Avelune Beacon 002 is ceramic mix 8202.,21,9.165664672851562,0.4364602267742157,80,80,100,101,-0.11910785872413224
v4-material-002,v4-material-002--omitted--answer-B--neutral,train,material,T1,omitted,B,neutral,,absent,Which shell material is assigned to Avelune Beacon 002?,"Fictional registry for Avelune Beacon 002. Values and assigned fields:
ceramic mix 8203 | lining material
ceramic mix 8202 | cover material",The shell material for Avelune Beacon 002 is ceramic mix 8203.,21,8.860458374023438,0.4219265878200531,80,80,100,101,-0.11308909418879473
v4-material-003,v4-material-003--A--answer-A--neutral,train,material,T1,A,A,neutral,correct,supported,Which shell material is assigned to Avelune Beacon 003?,"Fictional registry for Avelune Beacon 003. Values and assigned fields:
ceramic mix 8204 | shell material
ceramic mix 8205 | stand material",The shell material for Avelune Beacon 003 is ceramic mix 8204.,21,7.863536834716797,0.374454140663147,80,80,100,101,-0.10199306595907259
v4-material-003,v4-material-003--A--answer-B--neutral,train,material,T1,A,B,neutral,incorrect,contradicted,Which shell material is assigned to Avelune Beacon 003?,"Fictional registry for Avelune Beacon 003. Values and assigned fields:
ceramic mix 8204 | shell material
ceramic mix 8205 | stand material",The shell material for Avelune Beacon 003 is ceramic mix 8205.,21,5.735954284667969,0.27314066886901855,80,80,100,101,-0.11748461564215519
v4-material-003,v4-material-003--B--answer-A--neutral,train,material,T1,B,A,neutral,incorrect,contradicted,Which shell material is assigned to Avelune Beacon 003?,"Fictional registry for Avelune Beacon 003. Values and assigned fields:
ceramic mix 8204 | stand material
ceramic mix 8205 | shell material",The shell material for Avelune Beacon 003 is ceramic mix 8204.,21,12.26430892944336,0.5840147137641907,80,80,100,101,-0.1359779125743224
v4-material-003,v4-material-003--B--answer-B--neutral,train,material,T1,B,B,neutral,correct,supported,Which shell material is assigned to Avelune Beacon 003?,"Fictional registry for Avelune Beacon 003. Values and assigned fields:
ceramic mix 8204 | stand material
ceramic mix 8205 | shell material",The shell material for Avelune Beacon 003 is ceramic mix 8205.,21,5.635663986206055,0.26836496591567993,80,80,100,101,-0.10463900993415612
v4-material-003,v4-material-003--omitted--answer-A--neutral,train,material,T1,omitted,A,neutral,,absent,Which shell material is assigned to Avelune Beacon 003?,"Fictional registry for Avelune Beacon 003. Values and assigned fields:
ceramic mix 8204 | cover material
ceramic mix 8205 | lining material",The shell material for Avelune Beacon 003 is ceramic mix 8204.,21,9.856805801391602,0.4693717062473297,80,80,100,101,-0.10427251257002029
v4-material-003,v4-material-003--omitted--answer-B--neutral,train,material,T1,omitted,B,neutral,,absent,Which shell material is assigned to Avelune Beacon 003?,"Fictional registry for Avelune Beacon 003. Values and assigned fields:
ceramic mix 8204 | cover material
ceramic mix 8205 | lining material",The shell material for Avelune Beacon 003 is ceramic mix 8205.,21,10.603376388549805,0.5049226880073547,80,80,100,101,-0.11378077461602534
v4-material-004,v4-material-004--A--answer-A--neutral,train,material,T1,A,A,neutral,correct,supported,Which shell material is assigned to Avelune Beacon 004?,"Fictional registry for Avelune Beacon 004. Values and assigned fields:
ceramic mix 8207 | stand material
ceramic mix 8206 | shell material",The shell material for Avelune Beacon 004 is ceramic mix 8206.,21,5.911956787109375,0.281521737575531,80,80,100,101,-0.11243804847890342
v4-material-004,v4-material-004--A--answer-B--neutral,train,material,T1,A,B,neutral,incorrect,contradicted,Which shell material is assigned to Avelune Beacon 004?,"Fictional registry for Avelune Beacon 004. Values and assigned fields:
ceramic mix 8207 | stand material
ceramic mix 8206 | shell material",The shell material for Avelune Beacon 004 is ceramic mix 8207.,21,9.913372039794922,0.4720653295516968,80,80,100,101,-0.11315850842331701
v4-material-004,v4-material-004--B--answer-A--neutral,train,material,T1,B,A,neutral,incorrect,contradicted,Which shell material is assigned to Avelune Beacon 004?,"Fictional registry for Avelune Beacon 004. Values and assigned fields:
ceramic mix 8207 | shell material
ceramic mix 8206 | stand material",The shell material for Avelune Beacon 004 is ceramic mix 8206.,21,6.236837387084961,0.2969922423362732,80,80,100,101,-0.12162762954430076
v4-material-004,v4-material-004--B--answer-B--neutral,train,material,T1,B,B,neutral,correct,supported,Which shell material is assigned to Avelune Beacon 004?,"Fictional registry for Avelune Beacon 004. Values and assigned fields:
ceramic mix 8207 | shell material
ceramic mix 8206 | stand material",The shell material for Avelune Beacon 004 is ceramic mix 8207.,21,7.488128662109375,0.3565775454044342,80,80,100,101,-0.1002032629274774
v4-material-004,v4-material-004--omitted--answer-A--neutral,train,material,T1,omitted,A,neutral,,absent,Which shell material is assigned to Avelune Beacon 004?,"Fictional registry for Avelune Beacon 004. Values and assigned fields:
ceramic mix 8207 | lining material
ceramic mix 8206 | cover material",The shell material for Avelune Beacon 004 is ceramic mix 8206.,21,8.654102325439453,0.4121001064777374,80,80,100,101,-0.150138290953592
v4-material-004,v4-material-004--omitted--answer-B--neutral,train,material,T1,omitted,B,neutral,,absent,Which shell material is assigned to Avelune Beacon 004?,"Fictional registry for Avelune Beacon 004. Values and assigned fields:
ceramic mix 8207 | lining material
ceramic mix 8206 | cover material",The shell material for Avelune Beacon 004 is ceramic mix 8207.,21,8.779998779296875,0.4180951714515686,80,80,100,101,-0.13329723239735486
v4-material-005,v4-material-005--A--answer-A--neutral,train,material,T1,A,A,neutral,correct,supported,Which shell material is assigned to Avelune Beacon 005?,"Fictional registry for Avelune Beacon 005. Values and assigned fields:
ceramic mix 8208 | shell material
ceramic mix 8209 | stand material",The shell material for Avelune Beacon 005 is ceramic mix 8208.,21,9.461160659790039,0.4505314528942108,80,80,100,101,-0.0774053093634168
v4-material-005,v4-material-005--A--answer-B--neutral,train,material,T1,A,B,neutral,incorrect,contradicted,Which shell material is assigned to Avelune Beacon 005?,"Fictional registry for Avelune Beacon 005. Values and assigned fields:
ceramic mix 8208 | shell material
ceramic mix 8209 | stand material",The shell material for Avelune Beacon 005 is ceramic mix 8209.,21,5.709745407104492,0.27189263701438904,80,80,100,101,-0.09019067594974572
v4-material-005,v4-material-005--B--answer-A--neutral,train,material,T1,B,A,neutral,incorrect,contradicted,Which shell material is assigned to Avelune Beacon 005?,"Fictional registry for Avelune Beacon 005. Values and assigned fields:
ceramic mix 8208 | stand material
ceramic mix 8209 | shell material",The shell material for Avelune Beacon 005 is ceramic mix 8208.,21,13.5152587890625,0.6435837745666504,80,80,100,101,-0.08147876260703033
v4-material-005,v4-material-005--B--answer-B--neutral,train,material,T1,B,B,neutral,correct,supported,Which shell material is assigned to Avelune Beacon 005?,"Fictional registry for Avelune Beacon 005. Values and assigned fields:
ceramic mix 8208 | stand material
ceramic mix 8209 | shell material",The shell material for Avelune Beacon 005 is ceramic mix 8209.,21,6.012992858886719,0.28633299469947815,80,80,100,101,-0.07461685771610872
v4-material-005,v4-material-005--omitted--answer-A--neutral,train,material,T1,omitted,A,neutral,,absent,Which shell material is assigned to Avelune Beacon 005?,"Fictional registry for Avelune Beacon 005. Values and assigned fields:
ceramic mix 8208 | cover material
ceramic mix 8209 | lining material",The shell material for Avelune Beacon 005 is ceramic mix 8208.,21,9.76424789428711,0.4649641811847687,80,80,100,101,-0.09080581133681549
v4-material-005,v4-material-005--omitted--answer-B--neutral,train,material,T1,omitted,B,neutral,,absent,Which shell material is assigned to Avelune Beacon 005?,"Fictional registry for Avelune Beacon 005. Values and assigned fields:
ceramic mix 8208 | cover material
ceramic mix 8209 | lining material",The shell material for Avelune Beacon 005 is ceramic mix 8209.,21,9.257556915283203,0.4408360421657562,80,80,100,101,-0.11341737040929717
v4-material-006,v4-material-006--A--answer-A--neutral,train,material,T1,A,A,neutral,correct,supported,Which shell material is assigned to Avelune Beacon 006?,"Fictional registry for Avelune Beacon 006. Values and assigned fields:
ceramic mix 8211 | stand material
ceramic mix 8210 | shell material",The shell material for Avelune Beacon 006 is ceramic mix 8210.,21,7.770519256591797,0.37002474069595337,80,80,100,101,-0.13154043763706588
v4-material-006,v4-material-006--A--answer-B--neutral,train,material,T1,A,B,neutral,incorrect,contradicted,Which shell material is assigned to Avelune Beacon 006?,"Fictional registry for Avelune Beacon 006. Values and assigned fields:
ceramic mix 8211 | stand material
ceramic mix 8210 | shell material",The shell material for Avelune Beacon 006 is ceramic mix 8211.,21,12.022039413452148,0.5724780559539795,80,80,100,101,-0.10005139484186645
v4-material-006,v4-material-006--B--answer-A--neutral,train,material,T1,B,A,neutral,incorrect,contradicted,Which shell material is assigned to Avelune Beacon 006?,"Fictional registry for Avelune Beacon 006. Values and assigned fields:
ceramic mix 8211 | shell material
ceramic mix 8210 | stand material",The shell material for Avelune Beacon 006 is ceramic mix 8210.,21,6.725606918334961,0.320266991853714,80,80,100,101,-0.14366267747977166
v4-material-006,v4-material-006--B--answer-B--neutral,train,material,T1,B,B,neutral,correct,supported,Which shell material is assigned to Avelune Beacon 006?,"Fictional registry for Avelune Beacon 006. Values and assigned fields:
ceramic mix 8211 | shell material
ceramic mix 8210 | stand material",The shell material for Avelune Beacon 006 is ceramic mix 8211.,21,8.722261428833008,0.41534578800201416,80,80,100,101,-0.0901647620075661
v4-material-006,v4-material-006--omitted--answer-A--neutral,train,material,T1,omitted,A,neutral,,absent,Which shell material is assigned to Avelune Beacon 006?,"Fictional registry for Avelune Beacon 006. Values and assigned fields:
ceramic mix 8211 | lining material
ceramic mix 8210 | cover material",The shell material for Avelune Beacon 006 is ceramic mix 8210.,21,8.932472229003906,0.42535582184791565,80,80,100,101,-0.1745983828095724
v4-material-006,v4-material-006--omitted--answer-B--neutral,train,material,T1,omitted,B,neutral,,absent,Which shell material is assigned to Avelune Beacon 006?,"Fictional registry for Avelune Beacon 006. Values and assigned fields:
ceramic mix 8211 | lining material
ceramic mix 8210 | cover material",The shell material for Avelune Beacon 006 is ceramic mix 8211.,21,9.408147811889648,0.4480070471763611,80,80,100,101,-0.1205007987985435
v4-material-007,v4-material-007--A--answer-A--neutral,train,material,T1,A,A,neutral,correct,supported,Which shell material is assigned to Avelune Beacon 007?,"Fictional registry for Avelune Beacon 007. Values and assigned fields:
ceramic mix 8212 | shell material
ceramic mix 8213 | stand material",The shell material for Avelune Beacon 007 is ceramic mix 8212.,21,7.198078155517578,0.3427656292915344,80,80,100,101,-0.13646774407243073
v4-material-007,v4-material-007--A--answer-B--neutral,train,material,T1,A,B,neutral,incorrect,contradicted,Which shell material is assigned to Avelune Beacon 007?,"Fictional registry for Avelune Beacon 007. Values and assigned fields:
ceramic mix 8212 | shell material
ceramic mix 8213 | stand material",The shell material for Avelune Beacon 007 is ceramic mix 8213.,21,6.19819450378418,0.29515212774276733,80,80,100,101,-0.17745216871702235
v4-material-007,v4-material-007--B--answer-A--neutral,train,material,T1,B,A,neutral,incorrect,contradicted,Which shell material is assigned to Avelune Beacon 007?,"Fictional registry for Avelune Beacon 007. Values and assigned fields:
ceramic mix 8212 | stand material
ceramic mix 8213 | shell material",The shell material for Avelune Beacon 007 is ceramic mix 8212.,21,13.206159591674805,0.6288647651672363,80,80,100,101,-0.1506511549637257
v4-material-007,v4-material-007--B--answer-B--neutral,train,material,T1,B,B,neutral,correct,supported,Which shell material is assigned to Avelune Beacon 007?,"Fictional registry for Avelune Beacon 007. Values and assigned fields:
ceramic mix 8212 | stand material
ceramic mix 8213 | shell material",The shell material for Avelune Beacon 007 is ceramic mix 8213.,21,6.704874038696289,0.3192797303199768,80,80,100,101,-0.1601819833506083
v4-material-007,v4-material-007--omitted--answer-A--neutral,train,material,T1,omitted,A,neutral,,absent,Which shell material is assigned to Avelune Beacon 007?,"Fictional registry for Avelune Beacon 007. Values and assigned fields:
ceramic mix 8212 | cover material
ceramic mix 8213 | lining material",The shell material for Avelune Beacon 007 is ceramic mix 8212.,21,9.274913787841797,0.4416625499725342,80,80,100,101,-0.12288293334948011
v4-material-007,v4-material-007--omitted--answer-B--neutral,train,material,T1,omitted,B,neutral,,absent,Which shell material is assigned to Avelune Beacon 007?,"Fictional registry for Avelune Beacon 007. Values and assigned fields:
ceramic mix 8212 | cover material
ceramic mix 8213 | lining material",The shell material for Avelune Beacon 007 is ceramic mix 8213.,21,9.44156265258789,0.4495982229709625,80,80,100,101,-0.16534330266588224
v4-material-008,v4-material-008--A--answer-A--neutral,train,material,T1,A,A,neutral,correct,supported,Which shell material is assigned to Avelune Beacon 008?,"Fictional registry for Avelune Beacon 008. Values and assigned fields:
ceramic mix 8215 | stand material
ceramic mix 8214 | shell material",The shell material for Avelune Beacon 008 is ceramic mix 8214.,21,5.2891082763671875,0.2518622875213623,80,80,100,101,-0.07547721037385972
v4-material-008,v4-material-008--A--answer-B--neutral,train,material,T1,A,B,neutral,incorrect,contradicted,Which shell material is assigned to Avelune Beacon 008?,"Fictional registry for Avelune Beacon 008. Values and assigned fields:
ceramic mix 8215 | stand material
ceramic mix 8214 | shell material",The shell material for Avelune Beacon 008 is ceramic mix 8215.,21,10.165655136108398,0.4840788245201111,80,80,100,101,-0.07155671545582497
v4-material-008,v4-material-008--B--answer-A--neutral,train,material,T1,B,A,neutral,incorrect,contradicted,Which shell material is assigned to Avelune Beacon 008?,"Fictional registry for Avelune Beacon 008. Values and assigned fields:
ceramic mix 8215 | shell material
ceramic mix 8214 | stand material",The shell material for Avelune Beacon 008 is ceramic mix 8214.,21,5.8458251953125,0.2783726155757904,80,80,100,101,-0.0825421200651305
v4-material-008,v4-material-008--B--answer-B--neutral,train,material,T1,B,B,neutral,correct,supported,Which shell material is assigned to Avelune Beacon 008?,"Fictional registry for Avelune Beacon 008. Values and assigned fields:
ceramic mix 8215 | shell material
ceramic mix 8214 | stand material",The shell material for Avelune Beacon 008 is ceramic mix 8215.,21,7.4720916748046875,0.3558138906955719,80,80,100,101,-0.059203998810106684
v4-material-008,v4-material-008--omitted--answer-A--neutral,train,material,T1,omitted,A,neutral,,absent,Which shell material is assigned to Avelune Beacon 008?,"Fictional registry for Avelune Beacon 008. Values and assigned fields:
ceramic mix 8215 | lining material
ceramic mix 8214 | cover material",The shell material for Avelune Beacon 008 is ceramic mix 8214.,21,8.853511810302734,0.42159581184387207,80,80,100,101,-0.10877429373730835
v4-material-008,v4-material-008--omitted--answer-B--neutral,train,material,T1,omitted,B,neutral,,absent,Which shell material is assigned to Avelune Beacon 008?,"Fictional registry for Avelune Beacon 008. Values and assigned fields:
ceramic mix 8215 | lining material
ceramic mix 8214 | cover material",The shell material for Avelune Beacon 008 is ceramic mix 8215.,21,10.53089714050293,0.5014712810516357,80,80,100,101,-0.081379031323539
v4-material-009,v4-material-009--A--answer-A--neutral,train,material,T1,A,A,neutral,correct,supported,Which shell material is assigned to Avelune Beacon 009?,"Fictional registry for Avelune Beacon 009. Values and assigned fields:
ceramic mix 8216 | shell material
ceramic mix 8217 | stand material",The shell material for Avelune Beacon 009 is ceramic mix 8216.,21,7.838949203491211,0.3732832968235016,80,80,100,101,-0.03972930758394351
v4-material-009,v4-material-009--A--answer-B--neutral,train,material,T1,A,B,neutral,incorrect,contradicted,Which shell material is assigned to Avelune Beacon 009?,"Fictional registry for Avelune Beacon 009. Values and assigned fields:
ceramic mix 8216 | shell material
ceramic mix 8217 | stand material",The shell material for Avelune Beacon 009 is ceramic mix 8217.,21,5.962251663208008,0.28391674160957336,80,80,100,101,-0.05770438236439415
v4-material-009,v4-material-009--B--answer-A--neutral,train,material,T1,B,A,neutral,incorrect,contradicted,Which shell material is assigned to Avelune Beacon 009?,"Fictional registry for Avelune Beacon 009. Values and assigned fields:
ceramic mix 8216 | stand material
ceramic mix 8217 | shell material",The shell material for Avelune Beacon 009 is ceramic mix 8216.,21,11.449605941772461,0.5452193021774292,80,80,100,101,-0.04867743448916324
v4-material-009,v4-material-009--B--answer-B--neutral,train,material,T1,B,B,neutral,correct,supported,Which shell material is assigned to Avelune Beacon 009?,"Fictional registry for Avelune Beacon 009. Values and assigned fields:
ceramic mix 8216 | stand material
ceramic mix 8217 | shell material",The shell material for Avelune Beacon 009 is ceramic mix 8217.,21,5.697149276733398,0.2712928354740143,80,80,100,101,-0.04447523444947746
v4-material-009,v4-material-009--omitted--answer-A--neutral,train,material,T1,omitted,A,neutral,,absent,Which shell material is assigned to Avelune Beacon 009?,"Fictional registry for Avelune Beacon 009. Values and assigned fields:
ceramic mix 8216 | cover material
ceramic mix 8217 | lining material",The shell material for Avelune Beacon 009 is ceramic mix 8216.,21,10.353277206420898,0.4930132031440735,80,80,100,101,-0.0394080211344551
v4-material-009,v4-material-009--omitted--answer-B--neutral,train,material,T1,omitted,B,neutral,,absent,Which shell material is assigned to Avelune Beacon 009?,"Fictional registry for Avelune Beacon 009. Values and assigned fields:
ceramic mix 8216 | cover material
ceramic mix 8217 | lining material",The shell material for Avelune Beacon 009 is ceramic mix 8217.,21,10.887617111206055,0.5184579491615295,80,80,100,101,-0.07524742495333374
v4-material-010,v4-material-010--A--answer-A--neutral,train,material,T1,A,A,neutral,correct,supported,Which shell material is assigned to Avelune Beacon 010?,"Fictional registry for Avelune Beacon 010. Values and assigned fields:
ceramic mix 8219 | stand material
ceramic mix 8218 | shell material",The shell material for Avelune Beacon 010 is ceramic mix 8218.,21,9.376272201538086,0.446489155292511,80,80,100,101,-0.057531676439014384
v4-material-010,v4-material-010--A--answer-B--neutral,train,material,T1,A,B,neutral,incorrect,contradicted,Which shell material is assigned to Avelune Beacon 010?,"Fictional registry for Avelune Beacon 010. Values and assigned fields:
ceramic mix 8219 | stand material
ceramic mix 8218 | shell material",The shell material for Avelune Beacon 010 is ceramic mix 8219.,21,6.1271209716796875,0.2917676568031311,80,80,100,101,-0.054106678676508674
v4-material-010,v4-material-010--B--answer-A--neutral,train,material,T1,B,A,neutral,incorrect,contradicted,Which shell material is assigned to Avelune Beacon 010?,"Fictional registry for Avelune Beacon 010. Values and assigned fields:
ceramic mix 8219 | shell material
ceramic mix 8218 | stand material",The shell material for Avelune Beacon 010 is ceramic mix 8218.,21,11.991250991821289,0.5710119605064392,80,80,100,101,-0.06492280726314087
v4-material-010,v4-material-010--B--answer-B--neutral,train,material,T1,B,B,neutral,correct,supported,Which shell material is assigned to Avelune Beacon 010?,"Fictional registry for Avelune Beacon 010. Values and assigned fields:
ceramic mix 8219 | shell material
ceramic mix 8218 | stand material",The shell material for Avelune Beacon 010 is ceramic mix 8219.,21,6.867116928100586,0.3270055651664734,80,80,100,101,-0.04300235576786543
v4-material-010,v4-material-010--omitted--answer-A--neutral,train,material,T1,omitted,A,neutral,,absent,Which shell material is assigned to Avelune Beacon 010?,"Fictional registry for Avelune Beacon 010. Values and assigned fields:
ceramic mix 8219 | lining material
ceramic mix 8218 | cover material",The shell material for Avelune Beacon 010 is ceramic mix 8218.,21,12.938608169555664,0.6161242127418518,80,80,100,101,-0.10012645528840922
v4-material-010,v4-material-010--omitted--answer-B--neutral,train,material,T1,omitted,B,neutral,,absent,Which shell material is assigned to Avelune Beacon 010?,"Fictional registry for Avelune Beacon 010. Values and assigned fields:
ceramic mix 8219 | lining material
ceramic mix 8218 | cover material",The shell material for Avelune Beacon 010 is ceramic mix 8219.,21,8.920965194702148,0.4248078763484955,80,80,100,101,-0.07639760267857229
v4-material-011,v4-material-011--A--answer-A--neutral,train,material,T1,A,A,neutral,correct,supported,Which shell material is assigned to Avelune Beacon 011?,"Fictional registry for Avelune Beacon 011. Values and assigned fields:
ceramic mix 8220 | shell material
ceramic mix 8221 | stand material",The shell material for Avelune Beacon 011 is ceramic mix 8220.,21,8.868904113769531,0.42232877016067505,80,80,100,101,-0.06892229613003004
v4-material-011,v4-material-011--A--answer-B--neutral,train,material,T1,A,B,neutral,incorrect,contradicted,Which shell material is assigned to Avelune Beacon 011?,"Fictional registry for Avelune Beacon 011. Values and assigned fields:
ceramic mix 8220 | shell material
ceramic mix 8221 | stand material",The shell material for Avelune Beacon 011 is ceramic mix 8221.,21,5.743349075317383,0.27349281311035156,80,80,100,101,-0.06235736133692191
v4-material-011,v4-material-011--B--answer-A--neutral,train,material,T1,B,A,neutral,incorrect,contradicted,Which shell material is assigned to Avelune Beacon 011?,"Fictional registry for Avelune Beacon 011. Values and assigned fields:
ceramic mix 8220 | stand material
ceramic mix 8221 | shell material",The shell material for Avelune Beacon 011 is ceramic mix 8220.,21,13.426767349243164,0.6393698453903198,80,80,100,101,-0.08637589083338032
v4-material-011,v4-material-011--B--answer-B--neutral,train,material,T1,B,B,neutral,correct,supported,Which shell material is assigned to Avelune Beacon 011?,"Fictional registry for Avelune Beacon 011. Values and assigned fields:
ceramic mix 8220 | stand material
ceramic mix 8221 | shell material",The shell material for Avelune Beacon 011 is ceramic mix 8221.,21,5.675392150878906,0.27025675773620605,80,80,100,101,-0.05962217180497989
v4-material-011,v4-material-011--omitted--answer-A--neutral,train,material,T1,omitted,A,neutral,,absent,Which shell material is assigned to Avelune Beacon 011?,"Fictional registry for Avelune Beacon 011. Values and assigned fields:
ceramic mix 8220 | cover material
ceramic mix 8221 | lining material",The shell material for Avelune Beacon 011 is ceramic mix 8220.,21,9.894901275634766,0.4711857736110687,80,80,100,101,-0.06187959204155108
v4-material-011,v4-material-011--omitted--answer-B--neutral,train,material,T1,omitted,B,neutral,,absent,Which shell material is assigned to Avelune Beacon 011?,"Fictional registry for Avelune Beacon 011. Values and assigned fields:
ceramic mix 8220 | cover material
ceramic mix 8221 | lining material",The shell material for Avelune Beacon 011 is ceramic mix 8221.,21,9.389663696289062,0.4471268355846405,80,80,100,101,-0.0622449489509076
v4-material-012,v4-material-012--A--answer-A--neutral,train,material,T1,A,A,neutral,correct,supported,Which shell material is assigned to Avelune Beacon 012?,"Fictional registry for Avelune Beacon 012. Values and assigned fields:
ceramic mix 8223 | stand material
ceramic mix 8222 | shell material",The shell material for Avelune Beacon 012 is ceramic mix 8222.,21,8.593795776367188,0.4092283844947815,80,80,100,101,-0.15206186054394671
v4-material-012,v4-material-012--A--answer-B--neutral,train,material,T1,A,B,neutral,incorrect,contradicted,Which shell material is assigned to Avelune Beacon 012?,"Fictional registry for Avelune Beacon 012. Values and assigned fields:
ceramic mix 8223 | stand material
ceramic mix 8222 | shell material",The shell material for Avelune Beacon 012 is ceramic mix 8223.,21,11.473539352416992,0.5463590025901794,80,80,100,101,-0.1299051979366401
v4-material-012,v4-material-012--B--answer-A--neutral,train,material,T1,B,A,neutral,incorrect,contradicted,Which shell material is assigned to Avelune Beacon 012?,"Fictional registry for Avelune Beacon 012. Values and assigned fields:
ceramic mix 8223 | shell material
ceramic mix 8222 | stand material",The shell material for Avelune Beacon 012 is ceramic mix 8222.,21,8.927249908447266,0.4251071512699127,80,80,100,101,-0.1540712751621316
v4-material-012,v4-material-012--B--answer-B--neutral,train,material,T1,B,B,neutral,correct,supported,Which shell material is assigned to Avelune Beacon 012?,"Fictional registry for Avelune Beacon 012. Values and assigned fields:
ceramic mix 8223 | shell material
ceramic mix 8222 | stand material",The shell material for Avelune Beacon 012 is ceramic mix 8223.,21,7.678524017333984,0.36564400792121887,80,80,100,101,-0.12065538316994193
v4-material-012,v4-material-012--omitted--answer-A--neutral,train,material,T1,omitted,A,neutral,,absent,Which shell material is assigned to Avelune Beacon 012?,"Fictional registry for Avelune Beacon 012. Values and assigned fields:
ceramic mix 8223 | lining material
ceramic mix 8222 | cover material",The shell material for Avelune Beacon 012 is ceramic mix 8222.,21,9.980060577392578,0.4752409756183624,80,80,100,101,-0.15349319989528085
v4-material-012,v4-material-012--omitted--answer-B--neutral,train,material,T1,omitted,B,neutral,,absent,Which shell material is assigned to Avelune Beacon 012?,"Fictional registry for Avelune Beacon 012. Values and assigned fields:
ceramic mix 8223 | lining material
ceramic mix 8222 | cover material",The shell material for Avelune Beacon 012 is ceramic mix 8223.,21,10.519536972045898,0.5009303092956543,80,80,100,101,-0.12157686252984412
v4-material-013,v4-material-013--A--answer-A--neutral,train,material,T1,A,A,neutral,correct,supported,Which shell material is assigned to Avelune Beacon 013?,"Fictional registry for Avelune Beacon 013. Values and assigned fields:
ceramic mix 8224 | shell material
ceramic mix 8225 | stand material",The shell material for Avelune Beacon 013 is ceramic mix 8224.,21,7.820362091064453,0.3723981976509094,80,80,100,101,-0.03449236307800432
v4-material-013,v4-material-013--A--answer-B--neutral,train,material,T1,A,B,neutral,incorrect,contradicted,Which shell material is assigned to Avelune Beacon 013?,"Fictional registry for Avelune Beacon 013. Values and assigned fields:
ceramic mix 8224 | shell material
ceramic mix 8225 | stand material",The shell material for Avelune Beacon 013 is ceramic mix 8225.,21,5.443355560302734,0.2592073976993561,80,80,100,101,-0.06591170303841828
v4-material-013,v4-material-013--B--answer-A--neutral,train,material,T1,B,A,neutral,incorrect,contradicted,Which shell material is assigned to Avelune Beacon 013?,"Fictional registry for Avelune Beacon 013. Values and assigned fields:
ceramic mix 8224 | stand material
ceramic mix 8225 | shell material",The shell material for Avelune Beacon 013 is ceramic mix 8224.,21,12.794851303100586,0.6092786192893982,80,80,100,101,-0.05481479474022061
v4-material-013,v4-material-013--B--answer-B--neutral,train,material,T1,B,B,neutral,correct,supported,Which shell material is assigned to Avelune Beacon 013?,"Fictional registry for Avelune Beacon 013. Values and assigned fields:
ceramic mix 8224 | stand material
ceramic mix 8225 | shell material",The shell material for Avelune Beacon 013 is ceramic mix 8225.,21,6.166507720947266,0.2936432361602783,80,80,100,101,-0.05800617518246673
v4-material-013,v4-material-013--omitted--answer-A--neutral,train,material,T1,omitted,A,neutral,,absent,Which shell material is assigned to Avelune Beacon 013?,"Fictional registry for Avelune Beacon 013. Values and assigned fields:
ceramic mix 8224 | cover material
ceramic mix 8225 | lining material",The shell material for Avelune Beacon 013 is ceramic mix 8224.,21,11.241235733032227,0.5352969169616699,80,80,100,101,-0.014270255229009404
v4-material-013,v4-material-013--omitted--answer-B--neutral,train,material,T1,omitted,B,neutral,,absent,Which shell material is assigned to Avelune Beacon 013?,"Fictional registry for Avelune Beacon 013. Values and assigned fields:
ceramic mix 8224 | cover material
ceramic mix 8225 | lining material",The shell material for Avelune Beacon 013 is ceramic mix 8225.,21,11.272783279418945,0.5367991924285889,80,80,100,101,-0.04456946541010738
v4-material-014,v4-material-014--A--answer-A--neutral,train,material,T1,A,A,neutral,correct,supported,Which shell material is assigned to Avelune Beacon 014?,"Fictional registry for Avelune Beacon 014. Values and assigned fields:
ceramic mix 8227 | stand material
ceramic mix 8226 | shell material",The shell material for Avelune Beacon 014 is ceramic mix 8226.,21,5.858795166015625,0.278990238904953,80,80,100,101,-0.04762845247634023
v4-material-014,v4-material-014--A--answer-B--neutral,train,material,T1,A,B,neutral,incorrect,contradicted,Which shell material is assigned to Avelune Beacon 014?,"Fictional registry for Avelune Beacon 014. Values and assigned fields:
ceramic mix 8227 | stand material
ceramic mix 8226 | shell material",The shell material for Avelune Beacon 014 is ceramic mix 8227.,21,10.361282348632812,0.4933944046497345,80,80,100,101,-0.04097176379616077
v4-material-014,v4-material-014--B--answer-A--neutral,train,material,T1,B,A,neutral,incorrect,contradicted,Which shell material is assigned to Avelune Beacon 014?,"Fictional registry for Avelune Beacon 014. Values and assigned fields:
ceramic mix 8227 | shell material
ceramic mix 8226 | stand material",The shell material for Avelune Beacon 014 is ceramic mix 8226.,21,6.675020217895508,0.31785809993743896,80,80,100,101,-0.0564501933444799
v4-material-014,v4-material-014--B--answer-B--neutral,train,material,T1,B,B,neutral,correct,supported,Which shell material is assigned to Avelune Beacon 014?,"Fictional registry for Avelune Beacon 014. Values and assigned fields:
ceramic mix 8227 | shell material
ceramic mix 8226 | stand material",The shell material for Avelune Beacon 014 is ceramic mix 8227.,21,8.176454544067383,0.38935497403144836,80,80,100,101,-0.03678795096101066
v4-material-014,v4-material-014--omitted--answer-A--neutral,train,material,T1,omitted,A,neutral,,absent,Which shell material is assigned to Avelune Beacon 014?,"Fictional registry for Avelune Beacon 014. Values and assigned fields:
ceramic mix 8227 | lining material
ceramic mix 8226 | cover material",The shell material for Avelune Beacon 014 is ceramic mix 8226.,21,9.842586517333984,0.4686945974826813,80,80,100,101,-0.06811481793102747
v4-material-014,v4-material-014--omitted--answer-B--neutral,train,material,T1,omitted,B,neutral,,absent,Which shell material is assigned to Avelune Beacon 014?,"Fictional registry for Avelune Beacon 014. Values and assigned fields:
ceramic mix 8227 | lining material
ceramic mix 8226 | cover material",The shell material for Avelune Beacon 014 is ceramic mix 8227.,21,9.816389083862305,0.46744710206985474,80,80,100,101,-0.046080266320036756
v4-material-015,v4-material-015--A--answer-A--neutral,train,material,T1,A,A,neutral,correct,supported,Which shell material is assigned to Avelune Beacon 015?,"Fictional registry for Avelune Beacon 015. Values and assigned fields:
ceramic mix 8228 | shell material
ceramic mix 8229 | stand material",The shell material for Avelune Beacon 015 is ceramic mix 8228.,21,12.153907775878906,0.5787575244903564,80,80,100,101,-0.023924359432456827
v4-material-015,v4-material-015--A--answer-B--neutral,train,material,T1,A,B,neutral,incorrect,contradicted,Which shell material is assigned to Avelune Beacon 015?,"Fictional registry for Avelune Beacon 015. Values and assigned fields:
ceramic mix 8228 | shell material
ceramic mix 8229 | stand material",The shell material for Avelune Beacon 015 is ceramic mix 8229.,21,7.152475357055664,0.3405940532684326,80,80,100,101,-0.03916036147495701
v4-material-015,v4-material-015--B--answer-A--neutral,train,material,T1,B,A,neutral,incorrect,contradicted,Which shell material is assigned to Avelune Beacon 015?,"Fictional registry for Avelune Beacon 015. Values and assigned fields:
ceramic mix 8228 | stand material
ceramic mix 8229 | shell material",The shell material for Avelune Beacon 015 is ceramic mix 8228.,21,16.806690216064453,0.8003185987472534,80,80,100,101,-0.039215701850493626
v4-material-015,v4-material-015--B--answer-B--neutral,train,material,T1,B,B,neutral,correct,supported,Which shell material is assigned to Avelune Beacon 015?,"Fictional registry for Avelune Beacon 015. Values and assigned fields:
ceramic mix 8228 | stand material
ceramic mix 8229 | shell material",The shell material for Avelune Beacon 015 is ceramic mix 8229.,21,7.5558013916015625,0.3598000705242157,80,80,100,101,-0.03379149064044594
v4-material-015,v4-material-015--omitted--answer-A--neutral,train,material,T1,omitted,A,neutral,,absent,Which shell material is assigned to Avelune Beacon 015?,"Fictional registry for Avelune Beacon 015. Values and assigned fields:
ceramic mix 8228 | cover material
ceramic mix 8229 | lining material",The shell material for Avelune Beacon 015 is ceramic mix 8228.,21,11.218269348144531,0.534203290939331,80,80,100,101,-0.015885666866625237
v4-material-015,v4-material-015--omitted--answer-B--neutral,train,material,T1,omitted,B,neutral,,absent,Which shell material is assigned to Avelune Beacon 015?,"Fictional registry for Avelune Beacon 015. Values and assigned fields:
ceramic mix 8228 | cover material
ceramic mix 8229 | lining material",The shell material for Avelune Beacon 015 is ceramic mix 8229.,21,9.124971389770508,0.43452244997024536,80,80,100,101,-0.03818727766795296
v4-material-016,v4-material-016--A--answer-A--neutral,train,material,T1,A,A,neutral,correct,supported,Which shell material is assigned to Avelune Beacon 016?,"Fictional registry for Avelune Beacon 016. Values and assigned fields:
ceramic mix 8231 | stand material
ceramic mix 8230 | shell material",The shell material for Avelune Beacon 016 is ceramic mix 8230.,21,6.8808746337890625,0.3276607096195221,80,80,100,101,-0.10951187085831379
v4-material-016,v4-material-016--A--answer-B--neutral,train,material,T1,A,B,neutral,incorrect,contradicted,Which shell material is assigned to Avelune Beacon 016?,"Fictional registry for Avelune Beacon 016. Values and assigned fields:
ceramic mix 8231 | stand material
ceramic mix 8230 | shell material",The shell material for Avelune Beacon 016 is ceramic mix 8231.,21,11.882303237915039,0.5658239722251892,80,80,100,101,-0.07795826419268972
v4-material-016,v4-material-016--B--answer-A--neutral,train,material,T1,B,A,neutral,incorrect,contradicted,Which shell material is assigned to Avelune Beacon 016?,"Fictional registry for Avelune Beacon 016. Values and assigned fields:
ceramic mix 8231 | shell material
ceramic mix 8230 | stand material",The shell material for Avelune Beacon 016 is ceramic mix 8230.,21,6.467859268188477,0.3079932928085327,80,80,100,101,-0.128499727196942
v4-material-016,v4-material-016--B--answer-B--neutral,train,material,T1,B,B,neutral,correct,supported,Which shell material is assigned to Avelune Beacon 016?,"Fictional registry for Avelune Beacon 016. Values and assigned fields:
ceramic mix 8231 | shell material
ceramic mix 8230 | stand material",The shell material for Avelune Beacon 016 is ceramic mix 8231.,21,8.71883773803711,0.4151827394962311,80,80,100,101,-0.06843382227077194
v4-material-016,v4-material-016--omitted--answer-A--neutral,train,material,T1,omitted,A,neutral,,absent,Which shell material is assigned to Avelune Beacon 016?,"Fictional registry for Avelune Beacon 016. Values and assigned fields:
ceramic mix 8231 | lining material
ceramic mix 8230 | cover material",The shell material for Avelune Beacon 016 is ceramic mix 8230.,21,9.493167877197266,0.45205560326576233,80,80,100,101,-0.1317065509533072
v4-material-016,v4-material-016--omitted--answer-B--neutral,train,material,T1,omitted,B,neutral,,absent,Which shell material is assigned to Avelune Beacon 016?,"Fictional registry for Avelune Beacon 016. Values and assigned fields:
ceramic mix 8231 | lining material
ceramic mix 8230 | cover material",The shell material for Avelune Beacon 016 is ceramic mix 8231.,21,10.735252380371094,0.5112025141716003,80,80,100,101,-0.07050681087734495
v4-material-017,v4-material-017--A--answer-A--neutral,train,material,T1,A,A,neutral,correct,supported,Which shell material is assigned to Avelune Beacon 017?,"Fictional registry for Avelune Beacon 017. Values and assigned fields:
ceramic mix 8232 | shell material
ceramic mix 8233 | stand material",The shell material for Avelune Beacon 017 is ceramic mix 8232.,21,9.333127975463867,0.44443467259407043,80,80,100,101,-0.11792149967205362
v4-material-017,v4-material-017--A--answer-B--neutral,train,material,T1,A,B,neutral,incorrect,contradicted,Which shell material is assigned to Avelune Beacon 017?,"Fictional registry for Avelune Beacon 017. Values and assigned fields:
ceramic mix 8232 | shell material
ceramic mix 8233 | stand material",The shell material for Avelune Beacon 017 is ceramic mix 8233.,21,6.832536697387695,0.32535889744758606,80,80,100,101,-0.16266700014752766
v4-material-017,v4-material-017--B--answer-A--neutral,train,material,T1,B,A,neutral,incorrect,contradicted,Which shell material is assigned to Avelune Beacon 017?,"Fictional registry for Avelune Beacon 017. Values and assigned fields:
ceramic mix 8232 | stand material
ceramic mix 8233 | shell material",The shell material for Avelune Beacon 017 is ceramic mix 8232.,21,18.616708755493164,0.8865099549293518,80,80,100,101,-0.12914002568031824
v4-material-017,v4-material-017--B--answer-B--neutral,train,material,T1,B,B,neutral,correct,supported,Which shell material is assigned to Avelune Beacon 017?,"Fictional registry for Avelune Beacon 017. Values and assigned fields:
ceramic mix 8232 | stand material
ceramic mix 8233 | shell material",The shell material for Avelune Beacon 017 is ceramic mix 8233.,21,9.612321853637695,0.45772960782051086,80,80,100,101,-0.14702286684182117
v4-material-017,v4-material-017--omitted--answer-A--neutral,train,material,T1,omitted,A,neutral,,absent,Which shell material is assigned to Avelune Beacon 017?,"Fictional registry for Avelune Beacon 017. Values and assigned fields:
ceramic mix 8232 | cover material
ceramic mix 8233 | lining material",The shell material for Avelune Beacon 017 is ceramic mix 8232.,21,10.636528015136719,0.506501317024231,80,80,100,101,-0.10618914885050681
v4-material-017,v4-material-017--omitted--answer-B--neutral,train,material,T1,omitted,B,neutral,,absent,Which shell material is assigned to Avelune Beacon 017?,"Fictional registry for Avelune Beacon 017. Values and assigned fields:
ceramic mix 8232 | cover material
ceramic mix 8233 | lining material",The shell material for Avelune Beacon 017 is ceramic mix 8233.,21,9.78271484375,0.4658435583114624,80,80,100,101,-0.14990739138225795
v4-material-018,v4-material-018--A--answer-A--neutral,train,material,T1,A,A,neutral,correct,supported,Which shell material is assigned to Avelune Beacon 018?,"Fictional registry for Avelune Beacon 018. Values and assigned fields:
ceramic mix 8235 | stand material
ceramic mix 8234 | shell material",The shell material for Avelune Beacon 018 is ceramic mix 8234.,21,5.914096832275391,0.2816236615180969,80,80,100,101,-0.1588279971502188
v4-material-018,v4-material-018--A--answer-B--neutral,train,material,T1,A,B,neutral,incorrect,contradicted,Which shell material is assigned to Avelune Beacon 018?,"Fictional registry for Avelune Beacon 018. Values and assigned fields:
ceramic mix 8235 | stand material
ceramic mix 8234 | shell material",The shell material for Avelune Beacon 018 is ceramic mix 8235.,21,13.292016983032227,0.6329531669616699,80,80,100,101,-0.12673071037011324
v4-material-018,v4-material-018--B--answer-A--neutral,train,material,T1,B,A,neutral,incorrect,contradicted,Which shell material is assigned to Avelune Beacon 018?,"Fictional registry for Avelune Beacon 018. Values and assigned fields:
ceramic mix 8235 | shell material
ceramic mix 8234 | stand material",The shell material for Avelune Beacon 018 is ceramic mix 8234.,21,5.707157135009766,0.27176937460899353,80,80,100,101,-0.15937221131823848
v4-material-018,v4-material-018--B--answer-B--neutral,train,material,T1,B,B,neutral,correct,supported,Which shell material is assigned to Avelune Beacon 018?,"Fictional registry for Avelune Beacon 018. Values and assigned fields:
ceramic mix 8235 | shell material
ceramic mix 8234 | stand material",The shell material for Avelune Beacon 018 is ceramic mix 8235.,21,8.083908081054688,0.3849480152130127,80,80,100,101,-0.11623087910129137
v4-material-018,v4-material-018--omitted--answer-A--neutral,train,material,T1,omitted,A,neutral,,absent,Which shell material is assigned to Avelune Beacon 018?,"Fictional registry for Avelune Beacon 018. Values and assigned fields:
ceramic mix 8235 | lining material
ceramic mix 8234 | cover material",The shell material for Avelune Beacon 018 is ceramic mix 8234.,21,8.74461555480957,0.41641026735305786,80,80,100,101,-0.16664512558475372
v4-material-018,v4-material-018--omitted--answer-B--neutral,train,material,T1,omitted,B,neutral,,absent,Which shell material is assigned to Avelune Beacon 018?,"Fictional registry for Avelune Beacon 018. Values and assigned fields:
ceramic mix 8235 | lining material
ceramic mix 8234 | cover material",The shell material for Avelune Beacon 018 is ceramic mix 8235.,21,11.097497940063477,0.5284522771835327,80,80,100,101,-0.11722252984756654
v4-material-019,v4-material-019--A--answer-A--neutral,train,material,T1,A,A,neutral,correct,supported,Which shell material is assigned to Avelune Beacon 019?,"Fictional registry for Avelune Beacon 019. Values and assigned fields:
ceramic mix 8236 | shell material
ceramic mix 8237 | stand material",The shell material for Avelune Beacon 019 is ceramic mix 8236.,21,8.28870964050293,0.39470046758651733,80,80,100,101,-0.06182989643563312
v4-material-019,v4-material-019--A--answer-B--neutral,train,material,T1,A,B,neutral,incorrect,contradicted,Which shell material is assigned to Avelune Beacon 019?,"Fictional registry for Avelune Beacon 019. Values and assigned fields:
ceramic mix 8236 | shell material
ceramic mix 8237 | stand material",The shell material for Avelune Beacon 019 is ceramic mix 8237.,21,6.160730361938477,0.2933681011199951,80,80,100,101,-0.10705537278668165
v4-material-019,v4-material-019--B--answer-A--neutral,train,material,T1,B,A,neutral,incorrect,contradicted,Which shell material is assigned to Avelune Beacon 019?,"Fictional registry for Avelune Beacon 019. Values and assigned fields:
ceramic mix 8236 | stand material
ceramic mix 8237 | shell material",The shell material for Avelune Beacon 019 is ceramic mix 8236.,21,11.656536102294922,0.5550731420516968,80,80,100,101,-0.07316859442512595
v4-material-019,v4-material-019--B--answer-B--neutral,train,material,T1,B,B,neutral,correct,supported,Which shell material is assigned to Avelune Beacon 019?,"Fictional registry for Avelune Beacon 019. Values and assigned fields:
ceramic mix 8236 | stand material
ceramic mix 8237 | shell material",The shell material for Avelune Beacon 019 is ceramic mix 8237.,21,5.903064727783203,0.28109830617904663,80,80,100,101,-0.09491688699089687
v4-material-019,v4-material-019--omitted--answer-A--neutral,train,material,T1,omitted,A,neutral,,absent,Which shell material is assigned to Avelune Beacon 019?,"Fictional registry for Avelune Beacon 019. Values and assigned fields:
ceramic mix 8236 | cover material
ceramic mix 8237 | lining material",The shell material for Avelune Beacon 019 is ceramic mix 8236.,21,10.941038131713867,0.5210018157958984,80,80,100,101,-0.07147773236004673
v4-material-019,v4-material-019--omitted--answer-B--neutral,train,material,T1,omitted,B,neutral,,absent,Which shell material is assigned to Avelune Beacon 019?,"Fictional registry for Avelune Beacon 019. Values and assigned fields:
ceramic mix 8236 | cover material
ceramic mix 8237 | lining material",The shell material for Avelune Beacon 019 is ceramic mix 8237.,21,11.51213264465332,0.5481967926025391,80,80,100,101,-0.12489719773004987
v4-material-020,v4-material-020--A--answer-A--neutral,train,material,T1,A,A,neutral,correct,supported,Which shell material is assigned to Avelune Beacon 020?,"Fictional registry for Avelune Beacon 020. Values and assigned fields:
ceramic mix 8239 | stand material
ceramic mix 8238 | shell material",The shell material for Avelune Beacon 020 is ceramic mix 8238.,21,10.068222045898438,0.4794391393661499,80,80,100,101,-0.11538831447903579
v4-material-020,v4-material-020--A--answer-B--neutral,train,material,T1,A,B,neutral,incorrect,contradicted,Which shell material is assigned to Avelune Beacon 020?,"Fictional registry for Avelune Beacon 020. Values and assigned fields:
ceramic mix 8239 | stand material
ceramic mix 8238 | shell material",The shell material for Avelune Beacon 020 is ceramic mix 8239.,21,5.567838668823242,0.26513516902923584,80,80,100,101,-0.10913997192327018
v4-material-020,v4-material-020--B--answer-A--neutral,train,material,T1,B,A,neutral,incorrect,contradicted,Which shell material is assigned to Avelune Beacon 020?,"Fictional registry for Avelune Beacon 020. Values and assigned fields:
ceramic mix 8239 | shell material
ceramic mix 8238 | stand material",The shell material for Avelune Beacon 020 is ceramic mix 8238.,21,12.470514297485352,0.5938340425491333,80,80,100,101,-0.12678317048281174
v4-material-020,v4-material-020--B--answer-B--neutral,train,material,T1,B,B,neutral,correct,supported,Which shell material is assigned to Avelune Beacon 020?,"Fictional registry for Avelune Beacon 020. Values and assigned fields:
ceramic mix 8239 | shell material
ceramic mix 8238 | stand material",The shell material for Avelune Beacon 020 is ceramic mix 8239.,21,6.469966888427734,0.3080936670303345,80,80,100,101,-0.11328628870900975
v4-material-020,v4-material-020--omitted--answer-A--neutral,train,material,T1,omitted,A,neutral,,absent,Which shell material is assigned to Avelune Beacon 020?,"Fictional registry for Avelune Beacon 020. Values and assigned fields:
ceramic mix 8239 | lining material
ceramic mix 8238 | cover material",The shell material for Avelune Beacon 020 is ceramic mix 8238.,21,14.80815315246582,0.7051501274108887,80,80,100,101,-0.16042300369470494
v4-material-020,v4-material-020--omitted--answer-B--neutral,train,material,T1,omitted,B,neutral,,absent,Which shell material is assigned to Avelune Beacon 020?,"Fictional registry for Avelune Beacon 020. Values and assigned fields:
ceramic mix 8239 | lining material
ceramic mix 8238 | cover material",The shell material for Avelune Beacon 020 is ceramic mix 8239.,21,9.579961776733398,0.4561886489391327,80,80,100,101,-0.14579042028388708
v4-material-021,v4-material-021--A--answer-A--neutral,train,material,T1,A,A,neutral,correct,supported,Which shell material is assigned to Avelune Beacon 021?,"Fictional registry for Avelune Beacon 021. Values and assigned fields:
ceramic mix 8240 | shell material
ceramic mix 8241 | stand material",The shell material for Avelune Beacon 021 is ceramic mix 8240.,21,8.432792663574219,0.40156155824661255,80,80,100,101,-0.05138630818559958
v4-material-021,v4-material-021--A--answer-B--neutral,train,material,T1,A,B,neutral,incorrect,contradicted,Which shell material is assigned to Avelune Beacon 021?,"Fictional registry for Avelune Beacon 021. Values and assigned fields:
ceramic mix 8240 | shell material
ceramic mix 8241 | stand material",The shell material for Avelune Beacon 021 is ceramic mix 8241.,21,5.932319641113281,0.28249141573905945,80,80,100,101,-0.044234780914269134
v4-material-021,v4-material-021--B--answer-A--neutral,train,material,T1,B,A,neutral,incorrect,contradicted,Which shell material is assigned to Avelune Beacon 021?,"Fictional registry for Avelune Beacon 021. Values and assigned fields:
ceramic mix 8240 | stand material
ceramic mix 8241 | shell material",The shell material for Avelune Beacon 021 is ceramic mix 8240.,21,11.998224258422852,0.5713440179824829,80,80,100,101,-0.0726249854706505
v4-material-021,v4-material-021--B--answer-B--neutral,train,material,T1,B,B,neutral,correct,supported,Which shell material is assigned to Avelune Beacon 021?,"Fictional registry for Avelune Beacon 021. Values and assigned fields:
ceramic mix 8240 | stand material
ceramic mix 8241 | shell material",The shell material for Avelune Beacon 021 is ceramic mix 8241.,21,5.245405197143555,0.24978120625019073,80,80,100,101,-0.03609955290456304
v4-material-021,v4-material-021--omitted--answer-A--neutral,train,material,T1,omitted,A,neutral,,absent,Which shell material is assigned to Avelune Beacon 021?,"Fictional registry for Avelune Beacon 021. Values and assigned fields:
ceramic mix 8240 | cover material
ceramic mix 8241 | lining material",The shell material for Avelune Beacon 021 is ceramic mix 8240.,21,10.373228073120117,0.49396324157714844,80,80,100,101,-0.07020703705408923
v4-material-021,v4-material-021--omitted--answer-B--neutral,train,material,T1,omitted,B,neutral,,absent,Which shell material is assigned to Avelune Beacon 021?,"Fictional registry for Avelune Beacon 021. Values and assigned fields:
ceramic mix 8240 | cover material
ceramic mix 8241 | lining material",The shell material for Avelune Beacon 021 is ceramic mix 8241.,21,10.313865661621094,0.49113646149635315,80,80,100,101,-0.07262209799557376
v4-material-022,v4-material-022--A--answer-A--neutral,train,material,T1,A,A,neutral,correct,supported,Which shell material is assigned to Avelune Beacon 022?,"Fictional registry for Avelune Beacon 022. Values and assigned fields:
ceramic mix 8243 | stand material
ceramic mix 8242 | shell material",The shell material for Avelune Beacon 022 is ceramic mix 8242.,21,6.340757369995117,0.30194082856178284,80,80,100,101,-0.027519214537672615
v4-material-022,v4-material-022--A--answer-B--neutral,train,material,T1,A,B,neutral,incorrect,contradicted,Which shell material is assigned to Avelune Beacon 022?,"Fictional registry for Avelune Beacon 022. Values and assigned fields:
ceramic mix 8243 | stand material
ceramic mix 8242 | shell material",The shell material for Avelune Beacon 022 is ceramic mix 8243.,21,8.344182968139648,0.3973420560359955,80,80,100,101,-0.04660638368396773
v4-material-022,v4-material-022--B--answer-A--neutral,train,material,T1,B,A,neutral,incorrect,contradicted,Which shell material is assigned to Avelune Beacon 022?,"Fictional registry for Avelune Beacon 022. Values and assigned fields:
ceramic mix 8243 | shell material
ceramic mix 8242 | stand material",The shell material for Avelune Beacon 022 is ceramic mix 8242.,21,8.070024490356445,0.38428688049316406,80,80,100,101,-0.03614632349259626
v4-material-022,v4-material-022--B--answer-B--neutral,train,material,T1,B,B,neutral,correct,supported,Which shell material is assigned to Avelune Beacon 022?,"Fictional registry for Avelune Beacon 022. Values and assigned fields:
ceramic mix 8243 | shell material
ceramic mix 8242 | stand material",The shell material for Avelune Beacon 022 is ceramic mix 8243.,21,6.947635650634766,0.33083978295326233,80,80,100,101,-0.03830341712420887
v4-material-022,v4-material-022--omitted--answer-A--neutral,train,material,T1,omitted,A,neutral,,absent,Which shell material is assigned to Avelune Beacon 022?,"Fictional registry for Avelune Beacon 022. Values and assigned fields:
ceramic mix 8243 | lining material
ceramic mix 8242 | cover material",The shell material for Avelune Beacon 022 is ceramic mix 8242.,21,10.508949279785156,0.500426173210144,80,80,100,101,-0.06839445137519629
v4-material-022,v4-material-022--omitted--answer-B--neutral,train,material,T1,omitted,B,neutral,,absent,Which shell material is assigned to Avelune Beacon 022?,"Fictional registry for Avelune Beacon 022. Values and assigned fields:
ceramic mix 8243 | lining material
ceramic mix 8242 | cover material",The shell material for Avelune Beacon 022 is ceramic mix 8243.,21,9.161523818969727,0.4362630248069763,80,80,100,101,-0.06854163066912339
v4-material-023,v4-material-023--A--answer-A--neutral,train,material,T1,A,A,neutral,correct,supported,Which shell material is assigned to Avelune Beacon 023?,"Fictional registry for Avelune Beacon 023. Values and assigned fields:
ceramic mix 8244 | shell material
ceramic mix 8245 | stand material",The shell material for Avelune Beacon 023 is ceramic mix 8244.,21,6.647914886474609,0.3165673613548279,80,80,100,101,-0.017524633752671714
v4-material-023,v4-material-023--A--answer-B--neutral,train,material,T1,A,B,neutral,incorrect,contradicted,Which shell material is assigned to Avelune Beacon 023?,"Fictional registry for Avelune Beacon 023. Values and assigned fields:
ceramic mix 8244 | shell material
ceramic mix 8245 | stand material",The shell material for Avelune Beacon 023 is ceramic mix 8245.,21,5.770784378051758,0.27479925751686096,80,80,100,101,-0.04470209500658945
v4-material-023,v4-material-023--B--answer-A--neutral,train,material,T1,B,A,neutral,incorrect,contradicted,Which shell material is assigned to Avelune Beacon 023?,"Fictional registry for Avelune Beacon 023. Values and assigned fields:
ceramic mix 8244 | stand material
ceramic mix 8245 | shell material",The shell material for Avelune Beacon 023 is ceramic mix 8244.,21,9.814611434936523,0.4673624634742737,80,80,100,101,-0.03149393715629763
v4-material-023,v4-material-023--B--answer-B--neutral,train,material,T1,B,B,neutral,correct,supported,Which shell material is assigned to Avelune Beacon 023?,"Fictional registry for Avelune Beacon 023. Values and assigned fields:
ceramic mix 8244 | stand material
ceramic mix 8245 | shell material",The shell material for Avelune Beacon 023 is ceramic mix 8245.,21,6.060947418212891,0.2886165380477905,80,80,100,101,-0.023436089112687686
v4-material-023,v4-material-023--omitted--answer-A--neutral,train,material,T1,omitted,A,neutral,,absent,Which shell material is assigned to Avelune Beacon 023?,"Fictional registry for Avelune Beacon 023. Values and assigned fields:
ceramic mix 8244 | cover material
ceramic mix 8245 | lining material",The shell material for Avelune Beacon 023 is ceramic mix 8244.,21,10.572698593139648,0.5034618377685547,80,80,100,101,-0.01646470525126295
v4-material-023,v4-material-023--omitted--answer-B--neutral,train,material,T1,omitted,B,neutral,,absent,Which shell material is assigned to Avelune Beacon 023?,"Fictional registry for Avelune Beacon 023. Values and assigned fields:
ceramic mix 8244 | cover material
ceramic mix 8245 | lining material",The shell material for Avelune Beacon 023 is ceramic mix 8245.,21,12.252201080322266,0.5834381580352783,80,80,100,101,-0.047495317413961305
v4-material-024,v4-material-024--A--answer-A--neutral,train,material,T1,A,A,neutral,correct,supported,Which shell material is assigned to Avelune Beacon 024?,"Fictional registry for Avelune Beacon 024. Values and assigned fields:
ceramic mix 8247 | stand material
ceramic mix 8246 | shell material",The shell material for Avelune Beacon 024 is ceramic mix 8246.,21,5.637300491333008,0.26844286918640137,80,80,100,101,-0.028118837446508324
v4-material-024,v4-material-024--A--answer-B--neutral,train,material,T1,A,B,neutral,incorrect,contradicted,Which shell material is assigned to Avelune Beacon 024?,"Fictional registry for Avelune Beacon 024. Values and assigned fields:
ceramic mix 8247 | stand material
ceramic mix 8246 | shell material",The shell material for Avelune Beacon 024 is ceramic mix 8247.,21,9.51407241821289,0.45305106043815613,80,80,100,101,-0.029789356033071937
v4-material-024,v4-material-024--B--answer-A--neutral,train,material,T1,B,A,neutral,incorrect,contradicted,Which shell material is assigned to Avelune Beacon 024?,"Fictional registry for Avelune Beacon 024. Values and assigned fields:
ceramic mix 8247 | shell material
ceramic mix 8246 | stand material",The shell material for Avelune Beacon 024 is ceramic mix 8246.,21,6.434309005737305,0.30639567971229553,80,80,100,101,-0.03584323840929758
v4-material-024,v4-material-024--B--answer-B--neutral,train,material,T1,B,B,neutral,correct,supported,Which shell material is assigned to Avelune Beacon 024?,"Fictional registry for Avelune Beacon 024. Values and assigned fields:
ceramic mix 8247 | shell material
ceramic mix 8246 | stand material",The shell material for Avelune Beacon 024 is ceramic mix 8247.,21,7.310979843139648,0.3481419086456299,80,80,100,101,-0.01984426091091411
v4-material-024,v4-material-024--omitted--answer-A--neutral,train,material,T1,omitted,A,neutral,,absent,Which shell material is assigned to Avelune Beacon 024?,"Fictional registry for Avelune Beacon 024. Values and assigned fields:
ceramic mix 8247 | lining material
ceramic mix 8246 | cover material",The shell material for Avelune Beacon 024 is ceramic mix 8246.,21,10.132774353027344,0.48251307010650635,80,80,100,101,-0.05622128019580473
v4-material-024,v4-material-024--omitted--answer-B--neutral,train,material,T1,omitted,B,neutral,,absent,Which shell material is assigned to Avelune Beacon 024?,"Fictional registry for Avelune Beacon 024. Values and assigned fields:
ceramic mix 8247 | lining material
ceramic mix 8246 | cover material",The shell material for Avelune Beacon 024 is ceramic mix 8247.,21,10.404090881347656,0.49543291330337524,80,80,100,101,-0.038741788045145914
v4-material-025,v4-material-025--A--answer-A--neutral,validation,material,T2,A,A,neutral,correct,supported,What shell material does the registry give for Avelune Beacon 025?,"Record for Avelune Beacon 025 (invented). The entries specify separate fields:
Listed value ceramic mix 8248 belongs to field shell material.
Listed value ceramic mix 8249 belongs to field stand material.",The registry assigns ceramic mix 8248 as the shell material for Avelune Beacon 025.,24,16.715578079223633,0.6964824199676514,92,92,115,116,0.1822122278085013
v4-material-025,v4-material-025--A--answer-B--neutral,validation,material,T2,A,B,neutral,incorrect,contradicted,What shell material does the registry give for Avelune Beacon 025?,"Record for Avelune Beacon 025 (invented). The entries specify separate fields:
Listed value ceramic mix 8248 belongs to field shell material.
Listed value ceramic mix 8249 belongs to field stand material.",The registry assigns ceramic mix 8249 as the shell material for Avelune Beacon 025.,24,19.29080581665039,0.8037835955619812,92,92,115,116,0.10616627440359223
v4-material-025,v4-material-025--B--answer-A--neutral,validation,material,T2,B,A,neutral,incorrect,contradicted,What shell material does the registry give for Avelune Beacon 025?,"Record for Avelune Beacon 025 (invented). The entries specify separate fields:
Listed value ceramic mix 8248 belongs to field stand material.
Listed value ceramic mix 8249 belongs to field shell material.",The registry assigns ceramic mix 8248 as the shell material for Avelune Beacon 025.,24,26.282625198364258,1.0951093435287476,92,92,115,116,0.1277975357725344
v4-material-025,v4-material-025--B--answer-B--neutral,validation,material,T2,B,B,neutral,correct,supported,What shell material does the registry give for Avelune Beacon 025?,"Record for Avelune Beacon 025 (invented). The entries specify separate fields:
Listed value ceramic mix 8248 belongs to field stand material.
Listed value ceramic mix 8249 belongs to field shell material.",The registry assigns ceramic mix 8249 as the shell material for Avelune Beacon 025.,24,16.870935440063477,0.7029556632041931,92,92,115,116,0.08475315251311971
v4-material-025,v4-material-025--omitted--answer-A--neutral,validation,material,T2,omitted,A,neutral,,absent,What shell material does the registry give for Avelune Beacon 025?,"Record for Avelune Beacon 025 (invented). The entries specify separate fields:
Listed value ceramic mix 8248 belongs to field cover material.
Listed value ceramic mix 8249 belongs to field lining material.",The registry assigns ceramic mix 8248 as the shell material for Avelune Beacon 025.,24,19.564424514770508,0.8151843547821045,92,92,115,116,0.1723907439646884
v4-material-025,v4-material-025--omitted--answer-B--neutral,validation,material,T2,omitted,B,neutral,,absent,What shell material does the registry give for Avelune Beacon 025?,"Record for Avelune Beacon 025 (invented). The entries specify separate fields:
Listed value ceramic mix 8248 belongs to field cover material.
Listed value ceramic mix 8249 belongs to field lining material.",The registry assigns ceramic mix 8249 as the shell material for Avelune Beacon 025.,24,18.918119430541992,0.788254976272583,92,92,115,116,0.09163833898801274
v4-material-026,v4-material-026--A--answer-A--neutral,validation,material,T2,A,A,neutral,correct,supported,What shell material does the registry give for Avelune Beacon 026?,"Record for Avelune Beacon 026 (invented). The entries specify separate fields:
Listed value ceramic mix 8251 belongs to field stand material.
Listed value ceramic mix 8250 belongs to field shell material.",The registry assigns ceramic mix 8250 as the shell material for Avelune Beacon 026.,24,17.093347549438477,0.7122228145599365,92,92,115,116,0.07255527206987433
v4-material-026,v4-material-026--A--answer-B--neutral,validation,material,T2,A,B,neutral,incorrect,contradicted,What shell material does the registry give for Avelune Beacon 026?,"Record for Avelune Beacon 026 (invented). The entries specify separate fields:
Listed value ceramic mix 8251 belongs to field stand material.
Listed value ceramic mix 8250 belongs to field shell material.",The registry assigns ceramic mix 8251 as the shell material for Avelune Beacon 026.,24,21.620635986328125,0.9008598327636719,92,92,115,116,0.108690284978221
v4-material-026,v4-material-026--B--answer-A--neutral,validation,material,T2,B,A,neutral,incorrect,contradicted,What shell material does the registry give for Avelune Beacon 026?,"Record for Avelune Beacon 026 (invented). The entries specify separate fields:
Listed value ceramic mix 8251 belongs to field shell material.
Listed value ceramic mix 8250 belongs to field stand material.",The registry assigns ceramic mix 8250 as the shell material for Avelune Beacon 026.,24,23.91918182373047,0.9966325759887695,92,92,115,116,0.08805165238733711
v4-material-026,v4-material-026--B--answer-B--neutral,validation,material,T2,B,B,neutral,correct,supported,What shell material does the registry give for Avelune Beacon 026?,"Record for Avelune Beacon 026 (invented). The entries specify separate fields:
Listed value ceramic mix 8251 belongs to field shell material.
Listed value ceramic mix 8250 belongs to field stand material.",The registry assigns ceramic mix 8251 as the shell material for Avelune Beacon 026.,24,16.83464813232422,0.7014436721801758,92,92,115,116,0.17969723052413777
v4-material-026,v4-material-026--omitted--answer-A--neutral,validation,material,T2,omitted,A,neutral,,absent,What shell material does the registry give for Avelune Beacon 026?,"Record for Avelune Beacon 026 (invented). The entries specify separate fields:
Listed value ceramic mix 8251 belongs to field lining material.
Listed value ceramic mix 8250 belongs to field cover material.",The registry assigns ceramic mix 8250 as the shell material for Avelune Beacon 026.,24,20.66055679321289,0.8608565330505371,92,92,115,116,0.09232252995783252
v4-material-026,v4-material-026--omitted--answer-B--neutral,validation,material,T2,omitted,B,neutral,,absent,What shell material does the registry give for Avelune Beacon 026?,"Record for Avelune Beacon 026 (invented). The entries specify separate fields:
Listed value ceramic mix 8251 belongs to field lining material.
Listed value ceramic mix 8250 belongs to field cover material.",The registry assigns ceramic mix 8251 as the shell material for Avelune Beacon 026.,24,18.689476013183594,0.778728187084198,92,92,115,116,0.17738455539900483
v4-material-027,v4-material-027--A--answer-A--neutral,validation,material,T2,A,A,neutral,correct,supported,What shell material does the registry give for Avelune Beacon 027?,"Record for Avelune Beacon 027 (invented). The entries specify separate fields:
Listed value ceramic mix 8252 belongs to field shell material.
Listed value ceramic mix 8253 belongs to field stand material.",The registry assigns ceramic mix 8252 as the shell material for Avelune Beacon 027.,24,16.71158218383789,0.6963159441947937,92,92,115,116,0.17483369970193194
v4-material-027,v4-material-027--A--answer-B--neutral,validation,material,T2,A,B,neutral,incorrect,contradicted,What shell material does the registry give for Avelune Beacon 027?,"Record for Avelune Beacon 027 (invented). The entries specify separate fields:
Listed value ceramic mix 8252 belongs to field shell material.
Listed value ceramic mix 8253 belongs to field stand material.",The registry assigns ceramic mix 8253 as the shell material for Avelune Beacon 027.,24,24.448162078857422,1.0186734199523926,92,92,115,116,0.06896668382331758
v4-material-027,v4-material-027--B--answer-A--neutral,validation,material,T2,B,A,neutral,incorrect,contradicted,What shell material does the registry give for Avelune Beacon 027?,"Record for Avelune Beacon 027 (invented). The entries specify separate fields:
Listed value ceramic mix 8252 belongs to field stand material.
Listed value ceramic mix 8253 belongs to field shell material.",The registry assigns ceramic mix 8252 as the shell material for Avelune Beacon 027.,24,22.986616134643555,0.9577756524085999,92,92,115,116,0.11390082714459387
v4-material-027,v4-material-027--B--answer-B--neutral,validation,material,T2,B,B,neutral,correct,supported,What shell material does the registry give for Avelune Beacon 027?,"Record for Avelune Beacon 027 (invented). The entries specify separate fields:
Listed value ceramic mix 8252 belongs to field stand material.
Listed value ceramic mix 8253 belongs to field shell material.",The registry assigns ceramic mix 8253 as the shell material for Avelune Beacon 027.,24,17.011051177978516,0.7087938189506531,92,92,115,116,0.04534882408978205
v4-material-027,v4-material-027--omitted--answer-A--neutral,validation,material,T2,omitted,A,neutral,,absent,What shell material does the registry give for Avelune Beacon 027?,"Record for Avelune Beacon 027 (invented). The entries specify separate fields:
Listed value ceramic mix 8252 belongs to field cover material.
Listed value ceramic mix 8253 belongs to field lining material.",The registry assigns ceramic mix 8252 as the shell material for Avelune Beacon 027.,24,19.080154418945312,0.7950064539909363,92,92,115,116,0.17765066805593488
v4-material-027,v4-material-027--omitted--answer-B--neutral,validation,material,T2,omitted,B,neutral,,absent,What shell material does the registry give for Avelune Beacon 027?,"Record for Avelune Beacon 027 (invented). The entries specify separate fields:
Listed value ceramic mix 8252 belongs to field cover material.
Listed value ceramic mix 8253 belongs to field lining material.",The registry assigns ceramic mix 8253 as the shell material for Avelune Beacon 027.,24,21.032974243164062,0.8763739466667175,92,92,115,116,0.05812529720126683
v4-material-028,v4-material-028--A--answer-A--neutral,validation,material,T2,A,A,neutral,correct,supported,What shell material does the registry give for Avelune Beacon 028?,"Record for Avelune Beacon 028 (invented). The entries specify separate fields:
Listed value ceramic mix 8255 belongs to field stand material.
Listed value ceramic mix 8254 belongs to field shell material.",The registry assigns ceramic mix 8254 as the shell material for Avelune Beacon 028.,24,16.941545486450195,0.7058977484703064,92,92,115,116,0.018453542811329354
v4-material-028,v4-material-028--A--answer-B--neutral,validation,material,T2,A,B,neutral,incorrect,contradicted,What shell material does the registry give for Avelune Beacon 028?,"Record for Avelune Beacon 028 (invented). The entries specify separate fields:
Listed value ceramic mix 8255 belongs to field stand material.
Listed value ceramic mix 8254 belongs to field shell material.",The registry assigns ceramic mix 8255 as the shell material for Avelune Beacon 028.,24,21.970550537109375,0.9154396057128906,92,92,115,116,0.06819821377809246
v4-material-028,v4-material-028--B--answer-A--neutral,validation,material,T2,B,A,neutral,incorrect,contradicted,What shell material does the registry give for Avelune Beacon 028?,"Record for Avelune Beacon 028 (invented). The entries specify separate fields:
Listed value ceramic mix 8255 belongs to field shell material.
Listed value ceramic mix 8254 belongs to field stand material.",The registry assigns ceramic mix 8254 as the shell material for Avelune Beacon 028.,24,23.54556655883789,0.9810652732849121,92,92,115,116,0.03386219704670099
v4-material-028,v4-material-028--B--answer-B--neutral,validation,material,T2,B,B,neutral,correct,supported,What shell material does the registry give for Avelune Beacon 028?,"Record for Avelune Beacon 028 (invented). The entries specify separate fields:
Listed value ceramic mix 8255 belongs to field shell material.
Listed value ceramic mix 8254 belongs to field stand material.",The registry assigns ceramic mix 8255 as the shell material for Avelune Beacon 028.,24,16.68724250793457,0.6953017711639404,92,92,115,116,0.11758395302938413
v4-material-028,v4-material-028--omitted--answer-A--neutral,validation,material,T2,omitted,A,neutral,,absent,What shell material does the registry give for Avelune Beacon 028?,"Record for Avelune Beacon 028 (invented). The entries specify separate fields:
Listed value ceramic mix 8255 belongs to field lining material.
Listed value ceramic mix 8254 belongs to field cover material.",The registry assigns ceramic mix 8254 as the shell material for Avelune Beacon 028.,24,20.561664581298828,0.8567360043525696,92,92,115,116,0.06007548421471365
v4-material-028,v4-material-028--omitted--answer-B--neutral,validation,material,T2,omitted,B,neutral,,absent,What shell material does the registry give for Avelune Beacon 028?,"Record for Avelune Beacon 028 (invented). The entries specify separate fields:
Listed value ceramic mix 8255 belongs to field lining material.
Listed value ceramic mix 8254 belongs to field cover material.",The registry assigns ceramic mix 8255 as the shell material for Avelune Beacon 028.,24,18.427846908569336,0.7678269743919373,92,92,115,116,0.13987438365892002
v4-material-029,v4-material-029--A--answer-A--neutral,validation,material,T2,A,A,neutral,correct,supported,What shell material does the registry give for Avelune Beacon 029?,"Record for Avelune Beacon 029 (invented). The entries specify separate fields:
Listed value ceramic mix 8256 belongs to field shell material.
Listed value ceramic mix 8257 belongs to field stand material.",The registry assigns ceramic mix 8256 as the shell material for Avelune Beacon 029.,24,15.551376342773438,0.6479740142822266,92,92,115,116,0.16883120348510966
v4-material-029,v4-material-029--A--answer-B--neutral,validation,material,T2,A,B,neutral,incorrect,contradicted,What shell material does the registry give for Avelune Beacon 029?,"Record for Avelune Beacon 029 (invented). The entries specify separate fields:
Listed value ceramic mix 8256 belongs to field shell material.
Listed value ceramic mix 8257 belongs to field stand material.",The registry assigns ceramic mix 8257 as the shell material for Avelune Beacon 029.,24,23.89908790588379,0.9957953095436096,92,92,115,116,0.06471211555114416
v4-material-029,v4-material-029--B--answer-A--neutral,validation,material,T2,B,A,neutral,incorrect,contradicted,What shell material does the registry give for Avelune Beacon 029?,"Record for Avelune Beacon 029 (invented). The entries specify separate fields:
Listed value ceramic mix 8256 belongs to field stand material.
Listed value ceramic mix 8257 belongs to field shell material.",The registry assigns ceramic mix 8256 as the shell material for Avelune Beacon 029.,24,22.04224395751953,0.9184268116950989,92,92,115,116,0.10365499467884196
v4-material-029,v4-material-029--B--answer-B--neutral,validation,material,T2,B,B,neutral,correct,supported,What shell material does the registry give for Avelune Beacon 029?,"Record for Avelune Beacon 029 (invented). The entries specify separate fields:
Listed value ceramic mix 8256 belongs to field stand material.
Listed value ceramic mix 8257 belongs to field shell material.",The registry assigns ceramic mix 8257 as the shell material for Avelune Beacon 029.,24,16.43181037902832,0.6846587657928467,92,92,115,116,0.04316300062606779
v4-material-029,v4-material-029--omitted--answer-A--neutral,validation,material,T2,omitted,A,neutral,,absent,What shell material does the registry give for Avelune Beacon 029?,"Record for Avelune Beacon 029 (invented). The entries specify separate fields:
Listed value ceramic mix 8256 belongs to field cover material.
Listed value ceramic mix 8257 belongs to field lining material.",The registry assigns ceramic mix 8256 as the shell material for Avelune Beacon 029.,24,18.671001434326172,0.7779583930969238,92,92,115,116,0.16517744591381692
v4-material-029,v4-material-029--omitted--answer-B--neutral,validation,material,T2,omitted,B,neutral,,absent,What shell material does the registry give for Avelune Beacon 029?,"Record for Avelune Beacon 029 (invented). The entries specify separate fields:
Listed value ceramic mix 8256 belongs to field cover material.
Listed value ceramic mix 8257 belongs to field lining material.",The registry assigns ceramic mix 8257 as the shell material for Avelune Beacon 029.,24,20.4931640625,0.8538818359375,92,92,115,116,0.058286969602630356
v4-material-030,v4-material-030--A--answer-A--neutral,validation,material,T2,A,A,neutral,correct,supported,What shell material does the registry give for Avelune Beacon 030?,"Record for Avelune Beacon 030 (invented). The entries specify separate fields:
Listed value ceramic mix 8259 belongs to field stand material.
Listed value ceramic mix 8258 belongs to field shell material.",The registry assigns ceramic mix 8258 as the shell material for Avelune Beacon 030.,24,20.22710609436035,0.8427960872650146,92,92,115,116,0.04657647721011196
v4-material-030,v4-material-030--A--answer-B--neutral,validation,material,T2,A,B,neutral,incorrect,contradicted,What shell material does the registry give for Avelune Beacon 030?,"Record for Avelune Beacon 030 (invented). The entries specify separate fields:
Listed value ceramic mix 8259 belongs to field stand material.
Listed value ceramic mix 8258 belongs to field shell material.",The registry assigns ceramic mix 8259 as the shell material for Avelune Beacon 030.,24,20.535484313964844,0.8556451797485352,92,92,115,116,0.0589270136131288
v4-material-030,v4-material-030--B--answer-A--neutral,validation,material,T2,B,A,neutral,incorrect,contradicted,What shell material does the registry give for Avelune Beacon 030?,"Record for Avelune Beacon 030 (invented). The entries specify separate fields:
Listed value ceramic mix 8259 belongs to field shell material.
Listed value ceramic mix 8258 belongs to field stand material.",The registry assigns ceramic mix 8258 as the shell material for Avelune Beacon 030.,24,25.20208168029785,1.0500867366790771,92,92,115,116,0.08673258457086097
v4-material-030,v4-material-030--B--answer-B--neutral,validation,material,T2,B,B,neutral,correct,supported,What shell material does the registry give for Avelune Beacon 030?,"Record for Avelune Beacon 030 (invented). The entries specify separate fields:
Listed value ceramic mix 8259 belongs to field shell material.
Listed value ceramic mix 8258 belongs to field stand material.",The registry assigns ceramic mix 8259 as the shell material for Avelune Beacon 030.,24,17.120529174804688,0.7133553624153137,92,92,115,116,0.12146228066037734
v4-material-030,v4-material-030--omitted--answer-A--neutral,validation,material,T2,omitted,A,neutral,,absent,What shell material does the registry give for Avelune Beacon 030?,"Record for Avelune Beacon 030 (invented). The entries specify separate fields:
Listed value ceramic mix 8259 belongs to field lining material.
Listed value ceramic mix 8258 belongs to field cover material.",The registry assigns ceramic mix 8258 as the shell material for Avelune Beacon 030.,24,23.897571563720703,0.9957321286201477,92,92,115,116,0.11533420238151026
v4-material-030,v4-material-030--omitted--answer-B--neutral,validation,material,T2,omitted,B,neutral,,absent,What shell material does the registry give for Avelune Beacon 030?,"Record for Avelune Beacon 030 (invented). The entries specify separate fields:
Listed value ceramic mix 8259 belongs to field lining material.
Listed value ceramic mix 8258 belongs to field cover material.",The registry assigns ceramic mix 8259 as the shell material for Avelune Beacon 030.,24,18.792156219482422,0.783006489276886,92,92,115,116,0.14049128678319261
v4-material-031,v4-material-031--A--answer-A--neutral,test,material,T3,A,A,neutral,correct,supported,"According to this record, what is the shell material for Avelune Beacon 031?","The following registry describes fictional Avelune Beacon 031. Each value has its own field:
ceramic mix 8260 is listed under shell material.
ceramic mix 8261 is listed under stand material.","For Avelune Beacon 031, the shell material is ceramic mix 8260.",22,10.77387809753418,0.48972174525260925,92,92,113,114,-0.08303796719840362
v4-material-031,v4-material-031--A--answer-A--confident,test,material,T3,A,A,confident,correct,supported,"According to this record, what is the shell material for Avelune Beacon 031?","The following registry describes fictional Avelune Beacon 031. Each value has its own field:
ceramic mix 8260 is listed under shell material.
ceramic mix 8261 is listed under stand material.","I am certain about this answer. For Avelune Beacon 031, the shell material is ceramic mix 8260.",29,52.35650634765625,1.8053967952728271,92,92,120,121,-0.11112086823168232
v4-material-031,v4-material-031--A--answer-A--hedged,test,material,T3,A,A,hedged,correct,supported,"According to this record, what is the shell material for Avelune Beacon 031?","The following registry describes fictional Avelune Beacon 031. Each value has its own field:
ceramic mix 8260 is listed under shell material.
ceramic mix 8261 is listed under stand material.","I am uncertain about this answer. For Avelune Beacon 031, the shell material is ceramic mix 8260.",29,54.08539581298828,1.865013599395752,92,92,120,121,-0.14323598944214372
v4-material-031,v4-material-031--A--answer-B--neutral,test,material,T3,A,B,neutral,incorrect,contradicted,"According to this record, what is the shell material for Avelune Beacon 031?","The following registry describes fictional Avelune Beacon 031. Each value has its own field:
ceramic mix 8260 is listed under shell material.
ceramic mix 8261 is listed under stand material.","For Avelune Beacon 031, the shell material is ceramic mix 8261.",22,17.758268356323242,0.8071939945220947,92,92,113,114,-0.11604029803874069
v4-material-031,v4-material-031--A--answer-B--confident,test,material,T3,A,B,confident,incorrect,contradicted,"According to this record, what is the shell material for Avelune Beacon 031?","The following registry describes fictional Avelune Beacon 031. Each value has its own field:
ceramic mix 8260 is listed under shell material.
ceramic mix 8261 is listed under stand material.","I am certain about this answer. For Avelune Beacon 031, the shell material is ceramic mix 8261.",29,58.41804504394531,2.0144152641296387,92,92,120,121,-0.12940508316789545
v4-material-031,v4-material-031--A--answer-B--hedged,test,material,T3,A,B,hedged,incorrect,contradicted,"According to this record, what is the shell material for Avelune Beacon 031?","The following registry describes fictional Avelune Beacon 031. Each value has its own field:
ceramic mix 8260 is listed under shell material.
ceramic mix 8261 is listed under stand material.","I am uncertain about this answer. For Avelune Beacon 031, the shell material is ceramic mix 8261.",29,57.1435661315918,1.9704678058624268,92,92,120,121,-0.16395212885920862
v4-material-031,v4-material-031--B--answer-A--neutral,test,material,T3,B,A,neutral,incorrect,contradicted,"According to this record, what is the shell material for Avelune Beacon 031?","The following registry describes fictional Avelune Beacon 031. Each value has its own field:
ceramic mix 8260 is listed under stand material.
ceramic mix 8261 is listed under shell material.","For Avelune Beacon 031, the shell material is ceramic mix 8260.",22,19.522382736206055,0.8873810172080994,92,92,113,114,-0.11554556765651115
v4-material-031,v4-material-031--B--answer-A--confident,test,material,T3,B,A,confident,incorrect,contradicted,"According to this record, what is the shell material for Avelune Beacon 031?","The following registry describes fictional Avelune Beacon 031. Each value has its own field:
ceramic mix 8260 is listed under stand material.
ceramic mix 8261 is listed under shell material.","I am certain about this answer. For Avelune Beacon 031, the shell material is ceramic mix 8260.",29,58.32549285888672,2.011223793029785,92,92,120,121,-0.12697793214863606
v4-material-031,v4-material-031--B--answer-A--hedged,test,material,T3,B,A,hedged,incorrect,contradicted,"According to this record, what is the shell material for Avelune Beacon 031?","The following registry describes fictional Avelune Beacon 031. Each value has its own field:
ceramic mix 8260 is listed under stand material.
ceramic mix 8261 is listed under shell material.","I am uncertain about this answer. For Avelune Beacon 031, the shell material is ceramic mix 8260.",29,58.569461822509766,2.019636631011963,92,92,120,121,-0.1710027932745303
v4-material-031,v4-material-031--B--answer-B--neutral,test,material,T3,B,B,neutral,correct,supported,"According to this record, what is the shell material for Avelune Beacon 031?","The following registry describes fictional Avelune Beacon 031. Each value has its own field:
ceramic mix 8260 is listed under stand material.
ceramic mix 8261 is listed under shell material.","For Avelune Beacon 031, the shell material is ceramic mix 8261.",22,13.258628845214844,0.6026649475097656,92,92,113,114,-0.09667715656713641
v4-material-031,v4-material-031--B--answer-B--confident,test,material,T3,B,B,confident,correct,supported,"According to this record, what is the shell material for Avelune Beacon 031?","The following registry describes fictional Avelune Beacon 031. Each value has its own field:
ceramic mix 8260 is listed under stand material.
ceramic mix 8261 is listed under shell material.","I am certain about this answer. For Avelune Beacon 031, the shell material is ceramic mix 8261.",29,52.76593017578125,1.8195148706436157,92,92,120,121,-0.10631856881608838
v4-material-031,v4-material-031--B--answer-B--hedged,test,material,T3,B,B,hedged,correct,supported,"According to this record, what is the shell material for Avelune Beacon 031?","The following registry describes fictional Avelune Beacon 031. Each value has its own field:
ceramic mix 8260 is listed under stand material.
ceramic mix 8261 is listed under shell material.","I am uncertain about this answer. For Avelune Beacon 031, the shell material is ceramic mix 8261.",29,54.73293685913086,1.8873426914215088,92,92,120,121,-0.15019092867045694
v4-material-031,v4-material-031--omitted--answer-A--neutral,test,material,T3,omitted,A,neutral,,absent,"According to this record, what is the shell material for Avelune Beacon 031?","The following registry describes fictional Avelune Beacon 031. Each value has its own field:
ceramic mix 8260 is listed under cover material.
ceramic mix 8261 is listed under lining material.","For Avelune Beacon 031, the shell material is ceramic mix 8260.",22,11.334293365478516,0.5151951313018799,92,92,113,114,-0.041446235794422595
v4-material-031,v4-material-031--omitted--answer-A--confident,test,material,T3,omitted,A,confident,,absent,"According to this record, what is the shell material for Avelune Beacon 031?","The following registry describes fictional Avelune Beacon 031. Each value has its own field:
ceramic mix 8260 is listed under cover material.
ceramic mix 8261 is listed under lining material.","I am certain about this answer. For Avelune Beacon 031, the shell material is ceramic mix 8260.",29,51.539520263671875,1.7772247791290283,92,92,120,121,-0.08790794143835919
v4-material-031,v4-material-031--omitted--answer-A--hedged,test,material,T3,omitted,A,hedged,,absent,"According to this record, what is the shell material for Avelune Beacon 031?","The following registry describes fictional Avelune Beacon 031. Each value has its own field:
ceramic mix 8260 is listed under cover material.
ceramic mix 8261 is listed under lining material.","I am uncertain about this answer. For Avelune Beacon 031, the shell material is ceramic mix 8260.",29,52.044761657714844,1.794646978378296,92,92,120,121,-0.11444560722306342
v4-material-031,v4-material-031--omitted--answer-B--neutral,test,material,T3,omitted,B,neutral,,absent,"According to this record, what is the shell material for Avelune Beacon 031?","The following registry describes fictional Avelune Beacon 031. Each value has its own field:
ceramic mix 8260 is listed under cover material.
ceramic mix 8261 is listed under lining material.","For Avelune Beacon 031, the shell material is ceramic mix 8261.",22,11.906265258789062,0.5411939024925232,92,92,113,114,-0.07333528257205688
v4-material-031,v4-material-031--omitted--answer-B--confident,test,material,T3,omitted,B,confident,,absent,"According to this record, what is the shell material for Avelune Beacon 031?","The following registry describes fictional Avelune Beacon 031. Each value has its own field:
ceramic mix 8260 is listed under cover material.
ceramic mix 8261 is listed under lining material.","I am certain about this answer. For Avelune Beacon 031, the shell material is ceramic mix 8261.",29,51.925453186035156,1.7905328273773193,92,92,120,121,-0.10460889748237569
v4-material-031,v4-material-031--omitted--answer-B--hedged,test,material,T3,omitted,B,hedged,,absent,"According to this record, what is the shell material for Avelune Beacon 031?","The following registry describes fictional Avelune Beacon 031. Each value has its own field:
ceramic mix 8260 is listed under cover material.
ceramic mix 8261 is listed under lining material.","I am uncertain about this answer. For Avelune Beacon 031, the shell material is ceramic mix 8261.",29,52.19779968261719,1.7999241352081299,92,92,120,121,-0.1358749923851178
v4-material-032,v4-material-032--A--answer-A--neutral,test,material,T3,A,A,neutral,correct,supported,"According to this record, what is the shell material for Avelune Beacon 032?","The following registry describes fictional Avelune Beacon 032. Each value has its own field:
ceramic mix 8263 is listed under stand material.
ceramic mix 8262 is listed under shell material.","For Avelune Beacon 032, the shell material is ceramic mix 8262.",22,13.374013900756836,0.6079097390174866,92,92,113,114,-0.10327949213399355
v4-material-032,v4-material-032--A--answer-A--confident,test,material,T3,A,A,confident,correct,supported,"According to this record, what is the shell material for Avelune Beacon 032?","The following registry describes fictional Avelune Beacon 032. Each value has its own field:
ceramic mix 8263 is listed under stand material.
ceramic mix 8262 is listed under shell material.","I am certain about this answer. For Avelune Beacon 032, the shell material is ceramic mix 8262.",29,52.81090545654297,1.8210656642913818,92,92,120,121,-0.09399229470053522
v4-material-032,v4-material-032--A--answer-A--hedged,test,material,T3,A,A,hedged,correct,supported,"According to this record, what is the shell material for Avelune Beacon 032?","The following registry describes fictional Avelune Beacon 032. Each value has its own field:
ceramic mix 8263 is listed under stand material.
ceramic mix 8262 is listed under shell material.","I am uncertain about this answer. For Avelune Beacon 032, the shell material is ceramic mix 8262.",29,55.15369415283203,1.9018515348434448,92,92,120,121,-0.14256201598430032
v4-material-032,v4-material-032--A--answer-B--neutral,test,material,T3,A,B,neutral,incorrect,contradicted,"According to this record, what is the shell material for Avelune Beacon 032?","The following registry describes fictional Avelune Beacon 032. Each value has its own field:
ceramic mix 8263 is listed under stand material.
ceramic mix 8262 is listed under shell material.","For Avelune Beacon 032, the shell material is ceramic mix 8263.",22,15.629714965820312,0.7104415893554688,92,92,113,114,-0.12049768862255981
v4-material-032,v4-material-032--A--answer-B--confident,test,material,T3,A,B,confident,incorrect,contradicted,"According to this record, what is the shell material for Avelune Beacon 032?","The following registry describes fictional Avelune Beacon 032. Each value has its own field:
ceramic mix 8263 is listed under stand material.
ceramic mix 8262 is listed under shell material.","I am certain about this answer. For Avelune Beacon 032, the shell material is ceramic mix 8263.",29,54.96219253540039,1.8952480554580688,92,92,120,121,-0.10800196254728203
v4-material-032,v4-material-032--A--answer-B--hedged,test,material,T3,A,B,hedged,incorrect,contradicted,"According to this record, what is the shell material for Avelune Beacon 032?","The following registry describes fictional Avelune Beacon 032. Each value has its own field:
ceramic mix 8263 is listed under stand material.
ceramic mix 8262 is listed under shell material.","I am uncertain about this answer. For Avelune Beacon 032, the shell material is ceramic mix 8263.",29,56.70055389404297,1.9551914930343628,92,92,120,121,-0.15785159800721843
v4-material-032,v4-material-032--B--answer-A--neutral,test,material,T3,B,A,neutral,incorrect,contradicted,"According to this record, what is the shell material for Avelune Beacon 032?","The following registry describes fictional Avelune Beacon 032. Each value has its own field:
ceramic mix 8263 is listed under shell material.
ceramic mix 8262 is listed under stand material.","For Avelune Beacon 032, the shell material is ceramic mix 8262.",22,18.02937889099121,0.819517195224762,92,92,113,114,-0.14137663352930518
v4-material-032,v4-material-032--B--answer-A--confident,test,material,T3,B,A,confident,incorrect,contradicted,"According to this record, what is the shell material for Avelune Beacon 032?","The following registry describes fictional Avelune Beacon 032. Each value has its own field:
ceramic mix 8263 is listed under shell material.
ceramic mix 8262 is listed under stand material.","I am certain about this answer. For Avelune Beacon 032, the shell material is ceramic mix 8262.",29,58.42179870605469,2.014544725418091,92,92,120,121,-0.14399303330252106
v4-material-032,v4-material-032--B--answer-A--hedged,test,material,T3,B,A,hedged,incorrect,contradicted,"According to this record, what is the shell material for Avelune Beacon 032?","The following registry describes fictional Avelune Beacon 032. Each value has its own field:
ceramic mix 8263 is listed under shell material.
ceramic mix 8262 is listed under stand material.","I am uncertain about this answer. For Avelune Beacon 032, the shell material is ceramic mix 8262.",29,57.90869903564453,1.9968516826629639,92,92,120,121,-0.18977680109774703
v4-material-032,v4-material-032--B--answer-B--neutral,test,material,T3,B,B,neutral,correct,supported,"According to this record, what is the shell material for Avelune Beacon 032?","The following registry describes fictional Avelune Beacon 032. Each value has its own field:
ceramic mix 8263 is listed under shell material.
ceramic mix 8262 is listed under stand material.","For Avelune Beacon 032, the shell material is ceramic mix 8263.",22,10.92196273803711,0.49645283818244934,92,92,113,114,-0.10816938751779628
v4-material-032,v4-material-032--B--answer-B--confident,test,material,T3,B,B,confident,correct,supported,"According to this record, what is the shell material for Avelune Beacon 032?","The following registry describes fictional Avelune Beacon 032. Each value has its own field:
ceramic mix 8263 is listed under shell material.
ceramic mix 8262 is listed under stand material.","I am certain about this answer. For Avelune Beacon 032, the shell material is ceramic mix 8263.",29,52.223899841308594,1.8008241653442383,92,92,120,121,-0.12094626005606061
v4-material-032,v4-material-032--B--answer-B--hedged,test,material,T3,B,B,hedged,correct,supported,"According to this record, what is the shell material for Avelune Beacon 032?","The following registry describes fictional Avelune Beacon 032. Each value has its own field:
ceramic mix 8263 is listed under shell material.
ceramic mix 8262 is listed under stand material.","I am uncertain about this answer. For Avelune Beacon 032, the shell material is ceramic mix 8263.",29,54.43587112426758,1.8770990371704102,92,92,120,121,-0.16151288783763965
v4-material-032,v4-material-032--omitted--answer-A--neutral,test,material,T3,omitted,A,neutral,,absent,"According to this record, what is the shell material for Avelune Beacon 032?","The following registry describes fictional Avelune Beacon 032. Each value has its own field:
ceramic mix 8263 is listed under lining material.
ceramic mix 8262 is listed under cover material.","For Avelune Beacon 032, the shell material is ceramic mix 8262.",22,12.586627960205078,0.5721194744110107,92,92,113,114,-0.10958699935826367
v4-material-032,v4-material-032--omitted--answer-A--confident,test,material,T3,omitted,A,confident,,absent,"According to this record, what is the shell material for Avelune Beacon 032?","The following registry describes fictional Avelune Beacon 032. Each value has its own field:
ceramic mix 8263 is listed under lining material.
ceramic mix 8262 is listed under cover material.","I am certain about this answer. For Avelune Beacon 032, the shell material is ceramic mix 8262.",29,51.236289978027344,1.7667685747146606,92,92,120,121,-0.1206847459150723
v4-material-032,v4-material-032--omitted--answer-A--hedged,test,material,T3,omitted,A,hedged,,absent,"According to this record, what is the shell material for Avelune Beacon 032?","The following registry describes fictional Avelune Beacon 032. Each value has its own field:
ceramic mix 8263 is listed under lining material.
ceramic mix 8262 is listed under cover material.","I am uncertain about this answer. For Avelune Beacon 032, the shell material is ceramic mix 8262.",29,51.8345947265625,1.7873997688293457,92,92,120,121,-0.16521347620199897
v4-material-032,v4-material-032--omitted--answer-B--neutral,test,material,T3,omitted,B,neutral,,absent,"According to this record, what is the shell material for Avelune Beacon 032?","The following registry describes fictional Avelune Beacon 032. Each value has its own field:
ceramic mix 8263 is listed under lining material.
ceramic mix 8262 is listed under cover material.","For Avelune Beacon 032, the shell material is ceramic mix 8263.",22,11.657449722290039,0.5298840999603271,92,92,113,114,-0.09082798490812292
v4-material-032,v4-material-032--omitted--answer-B--confident,test,material,T3,omitted,B,confident,,absent,"According to this record, what is the shell material for Avelune Beacon 032?","The following registry describes fictional Avelune Beacon 032. Each value has its own field:
ceramic mix 8263 is listed under lining material.
ceramic mix 8262 is listed under cover material.","I am certain about this answer. For Avelune Beacon 032, the shell material is ceramic mix 8263.",29,50.42084503173828,1.738649845123291,92,92,120,121,-0.10547591041859349
v4-material-032,v4-material-032--omitted--answer-B--hedged,test,material,T3,omitted,B,hedged,,absent,"According to this record, what is the shell material for Avelune Beacon 032?","The following registry describes fictional Avelune Beacon 032. Each value has its own field:
ceramic mix 8263 is listed under lining material.
ceramic mix 8262 is listed under cover material.","I am uncertain about this answer. For Avelune Beacon 032, the shell material is ceramic mix 8263.",29,51.09639358520508,1.7619446516036987,92,92,120,121,-0.1482064621427452
v4-material-033,v4-material-033--A--answer-A--neutral,test,material,T3,A,A,neutral,correct,supported,"According to this record, what is the shell material for Avelune Beacon 033?","The following registry describes fictional Avelune Beacon 033. Each value has its own field:
ceramic mix 8264 is listed under shell material.
ceramic mix 8265 is listed under stand material.","For Avelune Beacon 033, the shell material is ceramic mix 8264.",22,10.794754028320312,0.49067065119743347,92,92,113,114,-0.06913503967794747
v4-material-033,v4-material-033--A--answer-A--confident,test,material,T3,A,A,confident,correct,supported,"According to this record, what is the shell material for Avelune Beacon 033?","The following registry describes fictional Avelune Beacon 033. Each value has its own field:
ceramic mix 8264 is listed under shell material.
ceramic mix 8265 is listed under stand material.","I am certain about this answer. For Avelune Beacon 033, the shell material is ceramic mix 8264.",29,52.51237106323242,1.8107714653015137,92,92,120,121,-0.09533498650858657
v4-material-033,v4-material-033--A--answer-A--hedged,test,material,T3,A,A,hedged,correct,supported,"According to this record, what is the shell material for Avelune Beacon 033?","The following registry describes fictional Avelune Beacon 033. Each value has its own field:
ceramic mix 8264 is listed under shell material.
ceramic mix 8265 is listed under stand material.","I am uncertain about this answer. For Avelune Beacon 033, the shell material is ceramic mix 8264.",29,53.9886474609375,1.8616775274276733,92,92,120,121,-0.1375359683157539
v4-material-033,v4-material-033--A--answer-B--neutral,test,material,T3,A,B,neutral,incorrect,contradicted,"According to this record, what is the shell material for Avelune Beacon 033?","The following registry describes fictional Avelune Beacon 033. Each value has its own field:
ceramic mix 8264 is listed under shell material.
ceramic mix 8265 is listed under stand material.","For Avelune Beacon 033, the shell material is ceramic mix 8265.",22,17.02039337158203,0.7736542224884033,92,92,113,114,-0.09683757439997497
v4-material-033,v4-material-033--A--answer-B--confident,test,material,T3,A,B,confident,incorrect,contradicted,"According to this record, what is the shell material for Avelune Beacon 033?","The following registry describes fictional Avelune Beacon 033. Each value has its own field:
ceramic mix 8264 is listed under shell material.
ceramic mix 8265 is listed under stand material.","I am certain about this answer. For Avelune Beacon 033, the shell material is ceramic mix 8265.",29,58.17798614501953,2.0061373710632324,92,92,120,121,-0.1274698784238598
v4-material-033,v4-material-033--A--answer-B--hedged,test,material,T3,A,B,hedged,incorrect,contradicted,"According to this record, what is the shell material for Avelune Beacon 033?","The following registry describes fictional Avelune Beacon 033. Each value has its own field:
ceramic mix 8264 is listed under shell material.
ceramic mix 8265 is listed under stand material.","I am uncertain about this answer. For Avelune Beacon 033, the shell material is ceramic mix 8265.",29,56.302303314208984,1.9414587020874023,92,92,120,121,-0.17458760904688903
v4-material-033,v4-material-033--B--answer-A--neutral,test,material,T3,B,A,neutral,incorrect,contradicted,"According to this record, what is the shell material for Avelune Beacon 033?","The following registry describes fictional Avelune Beacon 033. Each value has its own field:
ceramic mix 8264 is listed under stand material.
ceramic mix 8265 is listed under shell material.","For Avelune Beacon 033, the shell material is ceramic mix 8264.",22,19.47849464416504,0.8853861093521118,92,92,113,114,-0.10319073618623577
v4-material-033,v4-material-033--B--answer-A--confident,test,material,T3,B,A,confident,incorrect,contradicted,"According to this record, what is the shell material for Avelune Beacon 033?","The following registry describes fictional Avelune Beacon 033. Each value has its own field:
ceramic mix 8264 is listed under stand material.
ceramic mix 8265 is listed under shell material.","I am certain about this answer. For Avelune Beacon 033, the shell material is ceramic mix 8264.",29,57.77558898925781,1.9922616481781006,92,92,120,121,-0.09823912057895677
v4-material-033,v4-material-033--B--answer-A--hedged,test,material,T3,B,A,hedged,incorrect,contradicted,"According to this record, what is the shell material for Avelune Beacon 033?","The following registry describes fictional Avelune Beacon 033. Each value has its own field:
ceramic mix 8264 is listed under stand material.
ceramic mix 8265 is listed under shell material.","I am uncertain about this answer. For Avelune Beacon 033, the shell material is ceramic mix 8264.",29,58.3853759765625,2.013288736343384,92,92,120,121,-0.15602474942606465
v4-material-033,v4-material-033--B--answer-B--neutral,test,material,T3,B,B,neutral,correct,supported,"According to this record, what is the shell material for Avelune Beacon 033?","The following registry describes fictional Avelune Beacon 033. Each value has its own field:
ceramic mix 8264 is listed under stand material.
ceramic mix 8265 is listed under shell material.","For Avelune Beacon 033, the shell material is ceramic mix 8265.",22,13.960159301757812,0.6345527172088623,92,92,113,114,-0.08450478501125637
v4-material-033,v4-material-033--B--answer-B--confident,test,material,T3,B,B,confident,correct,supported,"According to this record, what is the shell material for Avelune Beacon 033?","The following registry describes fictional Avelune Beacon 033. Each value has its own field:
ceramic mix 8264 is listed under stand material.
ceramic mix 8265 is listed under shell material.","I am certain about this answer. For Avelune Beacon 033, the shell material is ceramic mix 8265.",29,52.85027313232422,1.8224232196807861,92,92,120,121,-0.09379466671062524
v4-material-033,v4-material-033--B--answer-B--hedged,test,material,T3,B,B,hedged,correct,supported,"According to this record, what is the shell material for Avelune Beacon 033?","The following registry describes fictional Avelune Beacon 033. Each value has its own field:
ceramic mix 8264 is listed under stand material.
ceramic mix 8265 is listed under shell material.","I am uncertain about this answer. For Avelune Beacon 033, the shell material is ceramic mix 8265.",29,54.929866790771484,1.8941333293914795,92,92,120,121,-0.15014982741523042
v4-material-033,v4-material-033--omitted--answer-A--neutral,test,material,T3,omitted,A,neutral,,absent,"According to this record, what is the shell material for Avelune Beacon 033?","The following registry describes fictional Avelune Beacon 033. Each value has its own field:
ceramic mix 8264 is listed under cover material.
ceramic mix 8265 is listed under lining material.","For Avelune Beacon 033, the shell material is ceramic mix 8264.",22,11.700769424438477,0.5318531394004822,92,92,113,114,-0.02717233355897017
v4-material-033,v4-material-033--omitted--answer-A--confident,test,material,T3,omitted,A,confident,,absent,"According to this record, what is the shell material for Avelune Beacon 033?","The following registry describes fictional Avelune Beacon 033. Each value has its own field:
ceramic mix 8264 is listed under cover material.
ceramic mix 8265 is listed under lining material.","I am certain about this answer. For Avelune Beacon 033, the shell material is ceramic mix 8264.",29,51.95079803466797,1.7914068698883057,92,92,120,121,-0.054676514162727424
v4-material-033,v4-material-033--omitted--answer-A--hedged,test,material,T3,omitted,A,hedged,,absent,"According to this record, what is the shell material for Avelune Beacon 033?","The following registry describes fictional Avelune Beacon 033. Each value has its own field:
ceramic mix 8264 is listed under cover material.
ceramic mix 8265 is listed under lining material.","I am uncertain about this answer. For Avelune Beacon 033, the shell material is ceramic mix 8264.",29,52.33783721923828,1.804753065109253,92,92,120,121,-0.09735453230032372
v4-material-033,v4-material-033--omitted--answer-B--neutral,test,material,T3,omitted,B,neutral,,absent,"According to this record, what is the shell material for Avelune Beacon 033?","The following registry describes fictional Avelune Beacon 033. Each value has its own field:
ceramic mix 8264 is listed under cover material.
ceramic mix 8265 is listed under lining material.","For Avelune Beacon 033, the shell material is ceramic mix 8265.",22,12.300321578979492,0.5591055154800415,92,92,113,114,-0.05649186436399957
v4-material-033,v4-material-033--omitted--answer-B--confident,test,material,T3,omitted,B,confident,,absent,"According to this record, what is the shell material for Avelune Beacon 033?","The following registry describes fictional Avelune Beacon 033. Each value has its own field:
ceramic mix 8264 is listed under cover material.
ceramic mix 8265 is listed under lining material.","I am certain about this answer. For Avelune Beacon 033, the shell material is ceramic mix 8265.",29,52.41758346557617,1.8075028657913208,92,92,120,121,-0.0879705788945192
v4-material-033,v4-material-033--omitted--answer-B--hedged,test,material,T3,omitted,B,hedged,,absent,"According to this record, what is the shell material for Avelune Beacon 033?","The following registry describes fictional Avelune Beacon 033. Each value has its own field:
ceramic mix 8264 is listed under cover material.
ceramic mix 8265 is listed under lining material.","I am uncertain about this answer. For Avelune Beacon 033, the shell material is ceramic mix 8265.",29,52.572200775146484,1.8128345012664795,92,92,120,121,-0.13035490717864162
v4-material-034,v4-material-034--A--answer-A--neutral,test,material,T3,A,A,neutral,correct,supported,"According to this record, what is the shell material for Avelune Beacon 034?","The following registry describes fictional Avelune Beacon 034. Each value has its own field:
ceramic mix 8267 is listed under stand material.
ceramic mix 8266 is listed under shell material.","For Avelune Beacon 034, the shell material is ceramic mix 8266.",22,13.210456848144531,0.6004753112792969,92,92,113,114,-0.12015425379715568
v4-material-034,v4-material-034--A--answer-A--confident,test,material,T3,A,A,confident,correct,supported,"According to this record, what is the shell material for Avelune Beacon 034?","The following registry describes fictional Avelune Beacon 034. Each value has its own field:
ceramic mix 8267 is listed under stand material.
ceramic mix 8266 is listed under shell material.","I am certain about this answer. For Avelune Beacon 034, the shell material is ceramic mix 8266.",29,53.23335266113281,1.8356328010559082,92,92,120,121,-0.1275455152460674
v4-material-034,v4-material-034--A--answer-A--hedged,test,material,T3,A,A,hedged,correct,supported,"According to this record, what is the shell material for Avelune Beacon 034?","The following registry describes fictional Avelune Beacon 034. Each value has its own field:
ceramic mix 8267 is listed under stand material.
ceramic mix 8266 is listed under shell material.","I am uncertain about this answer. For Avelune Beacon 034, the shell material is ceramic mix 8266.",29,54.86965560913086,1.8920570611953735,92,92,120,121,-0.16845227833883786
v4-material-034,v4-material-034--A--answer-B--neutral,test,material,T3,A,B,neutral,incorrect,contradicted,"According to this record, what is the shell material for Avelune Beacon 034?","The following registry describes fictional Avelune Beacon 034. Each value has its own field:
ceramic mix 8267 is listed under stand material.
ceramic mix 8266 is listed under shell material.","For Avelune Beacon 034, the shell material is ceramic mix 8267.",22,16.71748924255371,0.759885847568512,92,92,113,114,-0.14871874479481248
v4-material-034,v4-material-034--A--answer-B--confident,test,material,T3,A,B,confident,incorrect,contradicted,"According to this record, what is the shell material for Avelune Beacon 034?","The following registry describes fictional Avelune Beacon 034. Each value has its own field:
ceramic mix 8267 is listed under stand material.
ceramic mix 8266 is listed under shell material.","I am certain about this answer. For Avelune Beacon 034, the shell material is ceramic mix 8267.",29,56.12665557861328,1.9354019165039062,92,92,120,121,-0.1501761202925953
v4-material-034,v4-material-034--A--answer-B--hedged,test,material,T3,A,B,hedged,incorrect,contradicted,"According to this record, what is the shell material for Avelune Beacon 034?","The following registry describes fictional Avelune Beacon 034. Each value has its own field:
ceramic mix 8267 is listed under stand material.
ceramic mix 8266 is listed under shell material.","I am uncertain about this answer. For Avelune Beacon 034, the shell material is ceramic mix 8267.",29,57.27050018310547,1.9748448133468628,92,92,120,121,-0.19321920595816616
v4-material-034,v4-material-034--B--answer-A--neutral,test,material,T3,B,A,neutral,incorrect,contradicted,"According to this record, what is the shell material for Avelune Beacon 034?","The following registry describes fictional Avelune Beacon 034. Each value has its own field:
ceramic mix 8267 is listed under shell material.
ceramic mix 8266 is listed under stand material.","For Avelune Beacon 034, the shell material is ceramic mix 8266.",22,16.312274932861328,0.7414670586585999,92,92,113,114,-0.14931310717450152
v4-material-034,v4-material-034--B--answer-A--confident,test,material,T3,B,A,confident,incorrect,contradicted,"According to this record, what is the shell material for Avelune Beacon 034?","The following registry describes fictional Avelune Beacon 034. Each value has its own field:
ceramic mix 8267 is listed under shell material.
ceramic mix 8266 is listed under stand material.","I am certain about this answer. For Avelune Beacon 034, the shell material is ceramic mix 8266.",29,56.79322814941406,1.9583871364593506,92,92,120,121,-0.1567631826901758
v4-material-034,v4-material-034--B--answer-A--hedged,test,material,T3,B,A,hedged,incorrect,contradicted,"According to this record, what is the shell material for Avelune Beacon 034?","The following registry describes fictional Avelune Beacon 034. Each value has its own field:
ceramic mix 8267 is listed under shell material.
ceramic mix 8266 is listed under stand material.","I am uncertain about this answer. For Avelune Beacon 034, the shell material is ceramic mix 8266.",29,56.00020980834961,1.9310417175292969,92,92,120,121,-0.20791223400170505
v4-material-034,v4-material-034--B--answer-B--neutral,test,material,T3,B,B,neutral,correct,supported,"According to this record, what is the shell material for Avelune Beacon 034?","The following registry describes fictional Avelune Beacon 034. Each value has its own field:
ceramic mix 8267 is listed under shell material.
ceramic mix 8266 is listed under stand material.","For Avelune Beacon 034, the shell material is ceramic mix 8267.",22,11.197721481323242,0.5089873671531677,92,92,113,114,-0.12476239471292407
v4-material-034,v4-material-034--B--answer-B--confident,test,material,T3,B,B,confident,correct,supported,"According to this record, what is the shell material for Avelune Beacon 034?","The following registry describes fictional Avelune Beacon 034. Each value has its own field:
ceramic mix 8267 is listed under shell material.
ceramic mix 8266 is listed under stand material.","I am certain about this answer. For Avelune Beacon 034, the shell material is ceramic mix 8267.",29,52.570228576660156,1.8127665519714355,92,92,120,121,-0.14129392340224484
v4-material-034,v4-material-034--B--answer-B--hedged,test,material,T3,B,B,hedged,correct,supported,"According to this record, what is the shell material for Avelune Beacon 034?","The following registry describes fictional Avelune Beacon 034. Each value has its own field:
ceramic mix 8267 is listed under shell material.
ceramic mix 8266 is listed under stand material.","I am uncertain about this answer. For Avelune Beacon 034, the shell material is ceramic mix 8267.",29,54.63639831542969,1.8840137720108032,92,92,120,121,-0.1864231138428244
v4-material-034,v4-material-034--omitted--answer-A--neutral,test,material,T3,omitted,A,neutral,,absent,"According to this record, what is the shell material for Avelune Beacon 034?","The following registry describes fictional Avelune Beacon 034. Each value has its own field:
ceramic mix 8267 is listed under lining material.
ceramic mix 8266 is listed under cover material.","For Avelune Beacon 034, the shell material is ceramic mix 8266.",22,12.264753341674805,0.5574887990951538,92,92,113,114,-0.12563449778551303
v4-material-034,v4-material-034--omitted--answer-A--confident,test,material,T3,omitted,A,confident,,absent,"According to this record, what is the shell material for Avelune Beacon 034?","The following registry describes fictional Avelune Beacon 034. Each value has its own field:
ceramic mix 8267 is listed under lining material.
ceramic mix 8266 is listed under cover material.","I am certain about this answer. For Avelune Beacon 034, the shell material is ceramic mix 8266.",29,50.66600036621094,1.7471034526824951,92,92,120,121,-0.14077047325531986
v4-material-034,v4-material-034--omitted--answer-A--hedged,test,material,T3,omitted,A,hedged,,absent,"According to this record, what is the shell material for Avelune Beacon 034?","The following registry describes fictional Avelune Beacon 034. Each value has its own field:
ceramic mix 8267 is listed under lining material.
ceramic mix 8266 is listed under cover material.","I am uncertain about this answer. For Avelune Beacon 034, the shell material is ceramic mix 8266.",29,51.80391311645508,1.7863417863845825,92,92,120,121,-0.18204191169138417
v4-material-034,v4-material-034--omitted--answer-B--neutral,test,material,T3,omitted,B,neutral,,absent,"According to this record, what is the shell material for Avelune Beacon 034?","The following registry describes fictional Avelune Beacon 034. Each value has its own field:
ceramic mix 8267 is listed under lining material.
ceramic mix 8266 is listed under cover material.","For Avelune Beacon 034, the shell material is ceramic mix 8267.",22,12.228092193603516,0.5558223724365234,92,92,113,114,-0.11266424882870822
v4-material-034,v4-material-034--omitted--answer-B--confident,test,material,T3,omitted,B,confident,,absent,"According to this record, what is the shell material for Avelune Beacon 034?","The following registry describes fictional Avelune Beacon 034. Each value has its own field:
ceramic mix 8267 is listed under lining material.
ceramic mix 8266 is listed under cover material.","I am certain about this answer. For Avelune Beacon 034, the shell material is ceramic mix 8267.",29,50.708168029785156,1.7485575675964355,92,92,120,121,-0.13463585249515164
v4-material-034,v4-material-034--omitted--answer-B--hedged,test,material,T3,omitted,B,hedged,,absent,"According to this record, what is the shell material for Avelune Beacon 034?","The following registry describes fictional Avelune Beacon 034. Each value has its own field:
ceramic mix 8267 is listed under lining material.
ceramic mix 8266 is listed under cover material.","I am uncertain about this answer. For Avelune Beacon 034, the shell material is ceramic mix 8267.",29,51.5876579284668,1.778884768486023,92,92,120,121,-0.17210843684981214
v4-material-035,v4-material-035--A--answer-A--neutral,test,material,T3,A,A,neutral,correct,supported,"According to this record, what is the shell material for Avelune Beacon 035?","The following registry describes fictional Avelune Beacon 035. Each value has its own field:
ceramic mix 8268 is listed under shell material.
ceramic mix 8269 is listed under stand material.","For Avelune Beacon 035, the shell material is ceramic mix 8268.",22,10.83462905883789,0.49248313903808594,92,92,113,114,-0.09089422616369862
v4-material-035,v4-material-035--A--answer-A--confident,test,material,T3,A,A,confident,correct,supported,"According to this record, what is the shell material for Avelune Beacon 035?","The following registry describes fictional Avelune Beacon 035. Each value has its own field:
ceramic mix 8268 is listed under shell material.
ceramic mix 8269 is listed under stand material.","I am certain about this answer. For Avelune Beacon 035, the shell material is ceramic mix 8268.",29,52.40218734741211,1.8069720268249512,92,92,120,121,-0.11571014312325084
v4-material-035,v4-material-035--A--answer-A--hedged,test,material,T3,A,A,hedged,correct,supported,"According to this record, what is the shell material for Avelune Beacon 035?","The following registry describes fictional Avelune Beacon 035. Each value has its own field:
ceramic mix 8268 is listed under shell material.
ceramic mix 8269 is listed under stand material.","I am uncertain about this answer. For Avelune Beacon 035, the shell material is ceramic mix 8268.",29,54.15931701660156,1.8675626516342163,92,92,120,121,-0.153923822779381
v4-material-035,v4-material-035--A--answer-B--neutral,test,material,T3,A,B,neutral,incorrect,contradicted,"According to this record, what is the shell material for Avelune Beacon 035?","The following registry describes fictional Avelune Beacon 035. Each value has its own field:
ceramic mix 8268 is listed under shell material.
ceramic mix 8269 is listed under stand material.","For Avelune Beacon 035, the shell material is ceramic mix 8269.",22,16.69139862060547,0.7586999535560608,92,92,113,114,-0.09879853640089623
v4-material-035,v4-material-035--A--answer-B--confident,test,material,T3,A,B,confident,incorrect,contradicted,"According to this record, what is the shell material for Avelune Beacon 035?","The following registry describes fictional Avelune Beacon 035. Each value has its own field:
ceramic mix 8268 is listed under shell material.
ceramic mix 8269 is listed under stand material.","I am certain about this answer. For Avelune Beacon 035, the shell material is ceramic mix 8269.",29,57.35462188720703,1.977745532989502,92,92,120,121,-0.1286451573811063
v4-material-035,v4-material-035--A--answer-B--hedged,test,material,T3,A,B,hedged,incorrect,contradicted,"According to this record, what is the shell material for Avelune Beacon 035?","The following registry describes fictional Avelune Beacon 035. Each value has its own field:
ceramic mix 8268 is listed under shell material.
ceramic mix 8269 is listed under stand material.","I am uncertain about this answer. For Avelune Beacon 035, the shell material is ceramic mix 8269.",29,56.98447036743164,1.9649817943572998,92,92,120,121,-0.16742493197515979
v4-material-035,v4-material-035--B--answer-A--neutral,test,material,T3,B,A,neutral,incorrect,contradicted,"According to this record, what is the shell material for Avelune Beacon 035?","The following registry describes fictional Avelune Beacon 035. Each value has its own field:
ceramic mix 8268 is listed under stand material.
ceramic mix 8269 is listed under shell material.","For Avelune Beacon 035, the shell material is ceramic mix 8268.",22,20.616483688354492,0.9371128678321838,92,92,113,114,-0.11102262870077823
v4-material-035,v4-material-035--B--answer-A--confident,test,material,T3,B,A,confident,incorrect,contradicted,"According to this record, what is the shell material for Avelune Beacon 035?","The following registry describes fictional Avelune Beacon 035. Each value has its own field:
ceramic mix 8268 is listed under stand material.
ceramic mix 8269 is listed under shell material.","I am certain about this answer. For Avelune Beacon 035, the shell material is ceramic mix 8268.",29,59.5920524597168,2.054898262023926,92,92,120,121,-0.12110697284229593
v4-material-035,v4-material-035--B--answer-A--hedged,test,material,T3,B,A,hedged,incorrect,contradicted,"According to this record, what is the shell material for Avelune Beacon 035?","The following registry describes fictional Avelune Beacon 035. Each value has its own field:
ceramic mix 8268 is listed under stand material.
ceramic mix 8269 is listed under shell material.","I am uncertain about this answer. For Avelune Beacon 035, the shell material is ceramic mix 8268.",29,59.24913024902344,2.0430734157562256,92,92,120,121,-0.17487640804668347
v4-material-035,v4-material-035--B--answer-B--neutral,test,material,T3,B,B,neutral,correct,supported,"According to this record, what is the shell material for Avelune Beacon 035?","The following registry describes fictional Avelune Beacon 035. Each value has its own field:
ceramic mix 8268 is listed under stand material.
ceramic mix 8269 is listed under shell material.","For Avelune Beacon 035, the shell material is ceramic mix 8269.",22,13.222871780395508,0.6010396480560303,92,92,113,114,-0.1055425066541579
v4-material-035,v4-material-035--B--answer-B--confident,test,material,T3,B,B,confident,correct,supported,"According to this record, what is the shell material for Avelune Beacon 035?","The following registry describes fictional Avelune Beacon 035. Each value has its own field:
ceramic mix 8268 is listed under stand material.
ceramic mix 8269 is listed under shell material.","I am certain about this answer. For Avelune Beacon 035, the shell material is ceramic mix 8269.",29,53.049285888671875,1.829285740852356,92,92,120,121,-0.11268978740249153
v4-material-035,v4-material-035--B--answer-B--hedged,test,material,T3,B,B,hedged,correct,supported,"According to this record, what is the shell material for Avelune Beacon 035?","The following registry describes fictional Avelune Beacon 035. Each value has its own field:
ceramic mix 8268 is listed under stand material.
ceramic mix 8269 is listed under shell material.","I am uncertain about this answer. For Avelune Beacon 035, the shell material is ceramic mix 8269.",29,54.90465545654297,1.8932639360427856,92,92,120,121,-0.16259980952605946
v4-material-035,v4-material-035--omitted--answer-A--neutral,test,material,T3,omitted,A,neutral,,absent,"According to this record, what is the shell material for Avelune Beacon 035?","The following registry describes fictional Avelune Beacon 035. Each value has its own field:
ceramic mix 8268 is listed under cover material.
ceramic mix 8269 is listed under lining material.","For Avelune Beacon 035, the shell material is ceramic mix 8268.",22,11.706785202026367,0.5321266055107117,92,92,113,114,-0.03351892952240072
v4-material-035,v4-material-035--omitted--answer-A--confident,test,material,T3,omitted,A,confident,,absent,"According to this record, what is the shell material for Avelune Beacon 035?","The following registry describes fictional Avelune Beacon 035. Each value has its own field:
ceramic mix 8268 is listed under cover material.
ceramic mix 8269 is listed under lining material.","I am certain about this answer. For Avelune Beacon 035, the shell material is ceramic mix 8268.",29,51.704742431640625,1.7829221487045288,92,92,120,121,-0.0627644474390072
v4-material-035,v4-material-035--omitted--answer-A--hedged,test,material,T3,omitted,A,hedged,,absent,"According to this record, what is the shell material for Avelune Beacon 035?","The following registry describes fictional Avelune Beacon 035. Each value has its own field:
ceramic mix 8268 is listed under cover material.
ceramic mix 8269 is listed under lining material.","I am uncertain about this answer. For Avelune Beacon 035, the shell material is ceramic mix 8268.",29,52.46413803100586,1.8091082572937012,92,92,120,121,-0.10406273275551255
v4-material-035,v4-material-035--omitted--answer-B--neutral,test,material,T3,omitted,B,neutral,,absent,"According to this record, what is the shell material for Avelune Beacon 035?","The following registry describes fictional Avelune Beacon 035. Each value has its own field:
ceramic mix 8268 is listed under cover material.
ceramic mix 8269 is listed under lining material.","For Avelune Beacon 035, the shell material is ceramic mix 8269.",22,11.928192138671875,0.5421905517578125,92,92,113,114,-0.045657959774519294
v4-material-035,v4-material-035--omitted--answer-B--confident,test,material,T3,omitted,B,confident,,absent,"According to this record, what is the shell material for Avelune Beacon 035?","The following registry describes fictional Avelune Beacon 035. Each value has its own field:
ceramic mix 8268 is listed under cover material.
ceramic mix 8269 is listed under lining material.","I am certain about this answer. For Avelune Beacon 035, the shell material is ceramic mix 8269.",29,51.80680847167969,1.786441683769226,92,92,120,121,-0.07823512548987761
v4-material-035,v4-material-035--omitted--answer-B--hedged,test,material,T3,omitted,B,hedged,,absent,"According to this record, what is the shell material for Avelune Beacon 035?","The following registry describes fictional Avelune Beacon 035. Each value has its own field:
ceramic mix 8268 is listed under cover material.
ceramic mix 8269 is listed under lining material.","I am uncertain about this answer. For Avelune Beacon 035, the shell material is ceramic mix 8269.",29,52.46375274658203,1.8090949058532715,92,92,120,121,-0.12008308113300366
v4-material-036,v4-material-036--A--answer-A--neutral,test,material,T3,A,A,neutral,correct,supported,"According to this record, what is the shell material for Avelune Beacon 036?","The following registry describes fictional Avelune Beacon 036. Each value has its own field:
ceramic mix 8271 is listed under stand material.
ceramic mix 8270 is listed under shell material.","For Avelune Beacon 036, the shell material is ceramic mix 8270.",22,13.70321273803711,0.6228733062744141,92,92,113,114,-0.15136208924966027
v4-material-036,v4-material-036--A--answer-A--confident,test,material,T3,A,A,confident,correct,supported,"According to this record, what is the shell material for Avelune Beacon 036?","The following registry describes fictional Avelune Beacon 036. Each value has its own field:
ceramic mix 8271 is listed under stand material.
ceramic mix 8270 is listed under shell material.","I am certain about this answer. For Avelune Beacon 036, the shell material is ceramic mix 8270.",29,53.44685363769531,1.8429949283599854,92,92,120,121,-0.14776856546223638
v4-material-036,v4-material-036--A--answer-A--hedged,test,material,T3,A,A,hedged,correct,supported,"According to this record, what is the shell material for Avelune Beacon 036?","The following registry describes fictional Avelune Beacon 036. Each value has its own field:
ceramic mix 8271 is listed under stand material.
ceramic mix 8270 is listed under shell material.","I am uncertain about this answer. For Avelune Beacon 036, the shell material is ceramic mix 8270.",29,55.721031188964844,1.921414852142334,92,92,120,121,-0.1864603085301252
v4-material-036,v4-material-036--A--answer-B--neutral,test,material,T3,A,B,neutral,incorrect,contradicted,"According to this record, what is the shell material for Avelune Beacon 036?","The following registry describes fictional Avelune Beacon 036. Each value has its own field:
ceramic mix 8271 is listed under stand material.
ceramic mix 8270 is listed under shell material.","For Avelune Beacon 036, the shell material is ceramic mix 8271.",22,14.084413528442383,0.6402006149291992,92,92,113,114,-0.16377690430151867
v4-material-036,v4-material-036--A--answer-B--confident,test,material,T3,A,B,confident,incorrect,contradicted,"According to this record, what is the shell material for Avelune Beacon 036?","The following registry describes fictional Avelune Beacon 036. Each value has its own field:
ceramic mix 8271 is listed under stand material.
ceramic mix 8270 is listed under shell material.","I am certain about this answer. For Avelune Beacon 036, the shell material is ceramic mix 8271.",29,53.59265899658203,1.848022699356079,92,92,120,121,-0.1545228087197855
v4-material-036,v4-material-036--A--answer-B--hedged,test,material,T3,A,B,hedged,incorrect,contradicted,"According to this record, what is the shell material for Avelune Beacon 036?","The following registry describes fictional Avelune Beacon 036. Each value has its own field:
ceramic mix 8271 is listed under stand material.
ceramic mix 8270 is listed under shell material.","I am uncertain about this answer. For Avelune Beacon 036, the shell material is ceramic mix 8271.",29,55.988075256347656,1.9306232929229736,92,92,120,121,-0.19818664787903495
v4-material-036,v4-material-036--B--answer-A--neutral,test,material,T3,B,A,neutral,incorrect,contradicted,"According to this record, what is the shell material for Avelune Beacon 036?","The following registry describes fictional Avelune Beacon 036. Each value has its own field:
ceramic mix 8271 is listed under shell material.
ceramic mix 8270 is listed under stand material.","For Avelune Beacon 036, the shell material is ceramic mix 8270.",22,19.317516326904297,0.8780689239501953,92,92,113,114,-0.1646592318369149
v4-material-036,v4-material-036--B--answer-A--confident,test,material,T3,B,A,confident,incorrect,contradicted,"According to this record, what is the shell material for Avelune Beacon 036?","The following registry describes fictional Avelune Beacon 036. Each value has its own field:
ceramic mix 8271 is listed under shell material.
ceramic mix 8270 is listed under stand material.","I am certain about this answer. For Avelune Beacon 036, the shell material is ceramic mix 8270.",29,59.56975555419922,2.0541296005249023,92,92,120,121,-0.1775214833108105
v4-material-036,v4-material-036--B--answer-A--hedged,test,material,T3,B,A,hedged,incorrect,contradicted,"According to this record, what is the shell material for Avelune Beacon 036?","The following registry describes fictional Avelune Beacon 036. Each value has its own field:
ceramic mix 8271 is listed under shell material.
ceramic mix 8270 is listed under stand material.","I am uncertain about this answer. For Avelune Beacon 036, the shell material is ceramic mix 8270.",29,58.60450744628906,2.0208451747894287,92,92,120,121,-0.21210867264132505
v4-material-036,v4-material-036--B--answer-B--neutral,test,material,T3,B,B,neutral,correct,supported,"According to this record, what is the shell material for Avelune Beacon 036?","The following registry describes fictional Avelune Beacon 036. Each value has its own field:
ceramic mix 8271 is listed under shell material.
ceramic mix 8270 is listed under stand material.","For Avelune Beacon 036, the shell material is ceramic mix 8271.",22,11.080541610717773,0.5036609768867493,92,92,113,114,-0.13469597303443606
v4-material-036,v4-material-036--B--answer-B--confident,test,material,T3,B,B,confident,correct,supported,"According to this record, what is the shell material for Avelune Beacon 036?","The following registry describes fictional Avelune Beacon 036. Each value has its own field:
ceramic mix 8271 is listed under shell material.
ceramic mix 8270 is listed under stand material.","I am certain about this answer. For Avelune Beacon 036, the shell material is ceramic mix 8271.",29,52.34394073486328,1.80496346950531,92,92,120,121,-0.146851622374278
v4-material-036,v4-material-036--B--answer-B--hedged,test,material,T3,B,B,hedged,correct,supported,"According to this record, what is the shell material for Avelune Beacon 036?","The following registry describes fictional Avelune Beacon 036. Each value has its own field:
ceramic mix 8271 is listed under shell material.
ceramic mix 8270 is listed under stand material.","I am uncertain about this answer. For Avelune Beacon 036, the shell material is ceramic mix 8271.",29,54.17393112182617,1.8680665493011475,92,92,120,121,-0.18217505776410964
v4-material-036,v4-material-036--omitted--answer-A--neutral,test,material,T3,omitted,A,neutral,,absent,"According to this record, what is the shell material for Avelune Beacon 036?","The following registry describes fictional Avelune Beacon 036. Each value has its own field:
ceramic mix 8271 is listed under lining material.
ceramic mix 8270 is listed under cover material.","For Avelune Beacon 036, the shell material is ceramic mix 8270.",22,13.334693908691406,0.6061224341392517,92,92,113,114,-0.15732455195071415
v4-material-036,v4-material-036--omitted--answer-A--confident,test,material,T3,omitted,A,confident,,absent,"According to this record, what is the shell material for Avelune Beacon 036?","The following registry describes fictional Avelune Beacon 036. Each value has its own field:
ceramic mix 8271 is listed under lining material.
ceramic mix 8270 is listed under cover material.","I am certain about this answer. For Avelune Beacon 036, the shell material is ceramic mix 8270.",29,51.649696350097656,1.7810239791870117,92,92,120,121,-0.1640652779153339
v4-material-036,v4-material-036--omitted--answer-A--hedged,test,material,T3,omitted,A,hedged,,absent,"According to this record, what is the shell material for Avelune Beacon 036?","The following registry describes fictional Avelune Beacon 036. Each value has its own field:
ceramic mix 8271 is listed under lining material.
ceramic mix 8270 is listed under cover material.","I am uncertain about this answer. For Avelune Beacon 036, the shell material is ceramic mix 8270.",29,52.5515022277832,1.812120795249939,92,92,120,121,-0.20408620514775394
v4-material-036,v4-material-036--omitted--answer-B--neutral,test,material,T3,omitted,B,neutral,,absent,"According to this record, what is the shell material for Avelune Beacon 036?","The following registry describes fictional Avelune Beacon 036. Each value has its own field:
ceramic mix 8271 is listed under lining material.
ceramic mix 8270 is listed under cover material.","For Avelune Beacon 036, the shell material is ceramic mix 8271.",22,11.754453659057617,0.5342933535575867,92,92,113,114,-0.12466019345074218
v4-material-036,v4-material-036--omitted--answer-B--confident,test,material,T3,omitted,B,confident,,absent,"According to this record, what is the shell material for Avelune Beacon 036?","The following registry describes fictional Avelune Beacon 036. Each value has its own field:
ceramic mix 8271 is listed under lining material.
ceramic mix 8270 is listed under cover material.","I am certain about this answer. For Avelune Beacon 036, the shell material is ceramic mix 8271.",29,50.31206512451172,1.7348988056182861,92,92,120,121,-0.13571775652678225
v4-material-036,v4-material-036--omitted--answer-B--hedged,test,material,T3,omitted,B,hedged,,absent,"According to this record, what is the shell material for Avelune Beacon 036?","The following registry describes fictional Avelune Beacon 036. Each value has its own field:
ceramic mix 8271 is listed under lining material.
ceramic mix 8270 is listed under cover material.","I am uncertain about this answer. For Avelune Beacon 036, the shell material is ceramic mix 8271.",29,51.29111099243164,1.768658995628357,92,92,120,121,-0.17563739344312368
v4-material-037,v4-material-037--A--answer-A--neutral,test,material,T4,A,A,neutral,correct,supported,Find the material for the shell of Avelune Beacon 037 in this registry.,"This entry concerns fictional Avelune Beacon 037. Values are assigned to distinct fields:
Value: ceramic mix 8272; field: shell material.
Value: ceramic mix 8273; field: stand material.",ceramic mix 8272 is the shell material recorded for Avelune Beacon 037.,23,36.36646270751953,1.5811505317687988,92,92,114,115,-0.3352172787588352
v4-material-037,v4-material-037--A--answer-A--confident,test,material,T4,A,A,confident,correct,supported,Find the material for the shell of Avelune Beacon 037 in this registry.,"This entry concerns fictional Avelune Beacon 037. Values are assigned to distinct fields:
Value: ceramic mix 8272; field: shell material.
Value: ceramic mix 8273; field: stand material.",ceramic mix 8272 is the shell material recorded for Avelune Beacon 037. I can state this with confidence.,30,61.582420349121094,2.0527472496032715,92,92,121,122,-0.20015746663008827
v4-material-037,v4-material-037--A--answer-A--hedged,test,material,T4,A,A,hedged,correct,supported,Find the material for the shell of Avelune Beacon 037 in this registry.,"This entry concerns fictional Avelune Beacon 037. Values are assigned to distinct fields:
Value: ceramic mix 8272; field: shell material.
Value: ceramic mix 8273; field: stand material.",ceramic mix 8272 is the shell material recorded for Avelune Beacon 037. I can only suggest this tentatively.,31,81.35455322265625,2.624340534210205,92,92,122,123,-0.39317482847322704
v4-material-037,v4-material-037--A--answer-B--neutral,test,material,T4,A,B,neutral,incorrect,contradicted,Find the material for the shell of Avelune Beacon 037 in this registry.,"This entry concerns fictional Avelune Beacon 037. Values are assigned to distinct fields:
Value: ceramic mix 8272; field: shell material.
Value: ceramic mix 8273; field: stand material.",ceramic mix 8273 is the shell material recorded for Avelune Beacon 037.,23,47.54981994628906,2.0673835277557373,92,92,114,115,-0.4083069541332718
v4-material-037,v4-material-037--A--answer-B--confident,test,material,T4,A,B,confident,incorrect,contradicted,Find the material for the shell of Avelune Beacon 037 in this registry.,"This entry concerns fictional Avelune Beacon 037. Values are assigned to distinct fields:
Value: ceramic mix 8272; field: shell material.
Value: ceramic mix 8273; field: stand material.",ceramic mix 8273 is the shell material recorded for Avelune Beacon 037. I can state this with confidence.,30,73.91423797607422,2.4638078212738037,92,92,121,122,-0.2580074917329855
v4-material-037,v4-material-037--A--answer-B--hedged,test,material,T4,A,B,hedged,incorrect,contradicted,Find the material for the shell of Avelune Beacon 037 in this registry.,"This entry concerns fictional Avelune Beacon 037. Values are assigned to distinct fields:
Value: ceramic mix 8272; field: shell material.
Value: ceramic mix 8273; field: stand material.",ceramic mix 8273 is the shell material recorded for Avelune Beacon 037. I can only suggest this tentatively.,31,93.35414123535156,3.0114238262176514,92,92,122,123,-0.45379971627637283
v4-material-037,v4-material-037--B--answer-A--neutral,test,material,T4,B,A,neutral,incorrect,contradicted,Find the material for the shell of Avelune Beacon 037 in this registry.,"This entry concerns fictional Avelune Beacon 037. Values are assigned to distinct fields:
Value: ceramic mix 8272; field: stand material.
Value: ceramic mix 8273; field: shell material.",ceramic mix 8272 is the shell material recorded for Avelune Beacon 037.,23,41.684959411621094,1.8123894929885864,92,92,114,115,-0.38533515633375803
v4-material-037,v4-material-037--B--answer-A--confident,test,material,T4,B,A,confident,incorrect,contradicted,Find the material for the shell of Avelune Beacon 037 in this registry.,"This entry concerns fictional Avelune Beacon 037. Values are assigned to distinct fields:
Value: ceramic mix 8272; field: stand material.
Value: ceramic mix 8273; field: shell material.",ceramic mix 8272 is the shell material recorded for Avelune Beacon 037. I can state this with confidence.,30,66.62162780761719,2.2207210063934326,92,92,121,122,-0.2347036560187477
v4-material-037,v4-material-037--B--answer-A--hedged,test,material,T4,B,A,hedged,incorrect,contradicted,Find the material for the shell of Avelune Beacon 037 in this registry.,"This entry concerns fictional Avelune Beacon 037. Values are assigned to distinct fields:
Value: ceramic mix 8272; field: stand material.
Value: ceramic mix 8273; field: shell material.",ceramic mix 8272 is the shell material recorded for Avelune Beacon 037. I can only suggest this tentatively.,31,86.28431701660156,2.78336501121521,92,92,122,123,-0.4273798208774442
v4-material-037,v4-material-037--B--answer-B--neutral,test,material,T4,B,B,neutral,correct,supported,Find the material for the shell of Avelune Beacon 037 in this registry.,"This entry concerns fictional Avelune Beacon 037. Values are assigned to distinct fields:
Value: ceramic mix 8272; field: stand material.
Value: ceramic mix 8273; field: shell material.",ceramic mix 8273 is the shell material recorded for Avelune Beacon 037.,23,37.452667236328125,1.628376841545105,92,92,114,115,-0.4224122651210471
v4-material-037,v4-material-037--B--answer-B--confident,test,material,T4,B,B,confident,correct,supported,Find the material for the shell of Avelune Beacon 037 in this registry.,"This entry concerns fictional Avelune Beacon 037. Values are assigned to distinct fields:
Value: ceramic mix 8272; field: stand material.
Value: ceramic mix 8273; field: shell material.",ceramic mix 8273 is the shell material recorded for Avelune Beacon 037. I can state this with confidence.,30,64.26824951171875,2.142275094985962,92,92,121,122,-0.2663227893845884
v4-material-037,v4-material-037--B--answer-B--hedged,test,material,T4,B,B,hedged,correct,supported,Find the material for the shell of Avelune Beacon 037 in this registry.,"This entry concerns fictional Avelune Beacon 037. Values are assigned to distinct fields:
Value: ceramic mix 8272; field: stand material.
Value: ceramic mix 8273; field: shell material.",ceramic mix 8273 is the shell material recorded for Avelune Beacon 037. I can only suggest this tentatively.,31,84.20608520507812,2.716325283050537,92,92,122,123,-0.45940558840405543
v4-material-037,v4-material-037--omitted--answer-A--neutral,test,material,T4,omitted,A,neutral,,absent,Find the material for the shell of Avelune Beacon 037 in this registry.,"This entry concerns fictional Avelune Beacon 037. Values are assigned to distinct fields:
Value: ceramic mix 8272; field: cover material.
Value: ceramic mix 8273; field: lining material.",ceramic mix 8272 is the shell material recorded for Avelune Beacon 037.,23,36.74266815185547,1.597507357597351,92,92,114,115,-0.29253834823202995
v4-material-037,v4-material-037--omitted--answer-A--confident,test,material,T4,omitted,A,confident,,absent,Find the material for the shell of Avelune Beacon 037 in this registry.,"This entry concerns fictional Avelune Beacon 037. Values are assigned to distinct fields:
Value: ceramic mix 8272; field: cover material.
Value: ceramic mix 8273; field: lining material.",ceramic mix 8272 is the shell material recorded for Avelune Beacon 037. I can state this with confidence.,30,60.66554260253906,2.0221848487854004,92,92,121,122,-0.16091659153260546
v4-material-037,v4-material-037--omitted--answer-A--hedged,test,material,T4,omitted,A,hedged,,absent,Find the material for the shell of Avelune Beacon 037 in this registry.,"This entry concerns fictional Avelune Beacon 037. Values are assigned to distinct fields:
Value: ceramic mix 8272; field: cover material.
Value: ceramic mix 8273; field: lining material.",ceramic mix 8272 is the shell material recorded for Avelune Beacon 037. I can only suggest this tentatively.,31,79.06755065917969,2.5505661964416504,92,92,122,123,-0.3580026483796285
v4-material-037,v4-material-037--omitted--answer-B--neutral,test,material,T4,omitted,B,neutral,,absent,Find the material for the shell of Avelune Beacon 037 in this registry.,"This entry concerns fictional Avelune Beacon 037. Values are assigned to distinct fields:
Value: ceramic mix 8272; field: cover material.
Value: ceramic mix 8273; field: lining material.",ceramic mix 8273 is the shell material recorded for Avelune Beacon 037.,23,41.449363708496094,1.8021461963653564,92,92,114,115,-0.3811748712004205
v4-material-037,v4-material-037--omitted--answer-B--confident,test,material,T4,omitted,B,confident,,absent,Find the material for the shell of Avelune Beacon 037 in this registry.,"This entry concerns fictional Avelune Beacon 037. Values are assigned to distinct fields:
Value: ceramic mix 8272; field: cover material.
Value: ceramic mix 8273; field: lining material.",ceramic mix 8273 is the shell material recorded for Avelune Beacon 037. I can state this with confidence.,30,66.45757293701172,2.21525239944458,92,92,121,122,-0.23164318219362623
v4-material-037,v4-material-037--omitted--answer-B--hedged,test,material,T4,omitted,B,hedged,,absent,Find the material for the shell of Avelune Beacon 037 in this registry.,"This entry concerns fictional Avelune Beacon 037. Values are assigned to distinct fields:
Value: ceramic mix 8272; field: cover material.
Value: ceramic mix 8273; field: lining material.",ceramic mix 8273 is the shell material recorded for Avelune Beacon 037. I can only suggest this tentatively.,31,85.06983947753906,2.7441883087158203,92,92,122,123,-0.430480732744825
v4-material-038,v4-material-038--A--answer-A--neutral,test,material,T4,A,A,neutral,correct,supported,Find the material for the shell of Avelune Beacon 038 in this registry.,"This entry concerns fictional Avelune Beacon 038. Values are assigned to distinct fields:
Value: ceramic mix 8275; field: stand material.
Value: ceramic mix 8274; field: shell material.",ceramic mix 8274 is the shell material recorded for Avelune Beacon 038.,23,36.964168548583984,1.6071377992630005,92,92,114,115,-0.44583160715995185
v4-material-038,v4-material-038--A--answer-A--confident,test,material,T4,A,A,confident,correct,supported,Find the material for the shell of Avelune Beacon 038 in this registry.,"This entry concerns fictional Avelune Beacon 038. Values are assigned to distinct fields:
Value: ceramic mix 8275; field: stand material.
Value: ceramic mix 8274; field: shell material.",ceramic mix 8274 is the shell material recorded for Avelune Beacon 038. I can state this with confidence.,30,64.20088195800781,2.1400294303894043,92,92,121,122,-0.2818968737747933
v4-material-038,v4-material-038--A--answer-A--hedged,test,material,T4,A,A,hedged,correct,supported,Find the material for the shell of Avelune Beacon 038 in this registry.,"This entry concerns fictional Avelune Beacon 038. Values are assigned to distinct fields:
Value: ceramic mix 8275; field: stand material.
Value: ceramic mix 8274; field: shell material.",ceramic mix 8274 is the shell material recorded for Avelune Beacon 038. I can only suggest this tentatively.,31,84.56146240234375,2.7277891635894775,92,92,122,123,-0.4762124896007683
v4-material-038,v4-material-038--A--answer-B--neutral,test,material,T4,A,B,neutral,incorrect,contradicted,Find the material for the shell of Avelune Beacon 038 in this registry.,"This entry concerns fictional Avelune Beacon 038. Values are assigned to distinct fields:
Value: ceramic mix 8275; field: stand material.
Value: ceramic mix 8274; field: shell material.",ceramic mix 8275 is the shell material recorded for Avelune Beacon 038.,23,40.8321533203125,1.77531099319458,92,92,114,115,-0.4133392351396007
v4-material-038,v4-material-038--A--answer-B--confident,test,material,T4,A,B,confident,incorrect,contradicted,Find the material for the shell of Avelune Beacon 038 in this registry.,"This entry concerns fictional Avelune Beacon 038. Values are assigned to distinct fields:
Value: ceramic mix 8275; field: stand material.
Value: ceramic mix 8274; field: shell material.",ceramic mix 8275 is the shell material recorded for Avelune Beacon 038. I can state this with confidence.,30,65.95712280273438,2.198570728302002,92,92,121,122,-0.26194710623602746
v4-material-038,v4-material-038--A--answer-B--hedged,test,material,T4,A,B,hedged,incorrect,contradicted,Find the material for the shell of Avelune Beacon 038 in this registry.,"This entry concerns fictional Avelune Beacon 038. Values are assigned to distinct fields:
Value: ceramic mix 8275; field: stand material.
Value: ceramic mix 8274; field: shell material.",ceramic mix 8275 is the shell material recorded for Avelune Beacon 038. I can only suggest this tentatively.,31,86.51881408691406,2.7909295558929443,92,92,122,123,-0.45148997349214576
v4-material-038,v4-material-038--B--answer-A--neutral,test,material,T4,B,A,neutral,incorrect,contradicted,Find the material for the shell of Avelune Beacon 038 in this registry.,"This entry concerns fictional Avelune Beacon 038. Values are assigned to distinct fields:
Value: ceramic mix 8275; field: shell material.
Value: ceramic mix 8274; field: stand material.",ceramic mix 8274 is the shell material recorded for Avelune Beacon 038.,23,45.333473205566406,1.9710205793380737,92,92,114,115,-0.4387974544016376
v4-material-038,v4-material-038--B--answer-A--confident,test,material,T4,B,A,confident,incorrect,contradicted,Find the material for the shell of Avelune Beacon 038 in this registry.,"This entry concerns fictional Avelune Beacon 038. Values are assigned to distinct fields:
Value: ceramic mix 8275; field: shell material.
Value: ceramic mix 8274; field: stand material.",ceramic mix 8274 is the shell material recorded for Avelune Beacon 038. I can state this with confidence.,30,72.58062744140625,2.419354200363159,92,92,121,122,-0.28259738902494025
v4-material-038,v4-material-038--B--answer-A--hedged,test,material,T4,B,A,hedged,incorrect,contradicted,Find the material for the shell of Avelune Beacon 038 in this registry.,"This entry concerns fictional Avelune Beacon 038. Values are assigned to distinct fields:
Value: ceramic mix 8275; field: shell material.
Value: ceramic mix 8274; field: stand material.",ceramic mix 8274 is the shell material recorded for Avelune Beacon 038. I can only suggest this tentatively.,31,92.40028381347656,2.980654239654541,92,92,122,123,-0.4761408190099555
v4-material-038,v4-material-038--B--answer-B--neutral,test,material,T4,B,B,neutral,correct,supported,Find the material for the shell of Avelune Beacon 038 in this registry.,"This entry concerns fictional Avelune Beacon 038. Values are assigned to distinct fields:
Value: ceramic mix 8275; field: shell material.
Value: ceramic mix 8274; field: stand material.",ceramic mix 8275 is the shell material recorded for Avelune Beacon 038.,23,37.356964111328125,1.624215841293335,92,92,114,115,-0.37959435103471684
v4-material-038,v4-material-038--B--answer-B--confident,test,material,T4,B,B,confident,correct,supported,Find the material for the shell of Avelune Beacon 038 in this registry.,"This entry concerns fictional Avelune Beacon 038. Values are assigned to distinct fields:
Value: ceramic mix 8275; field: shell material.
Value: ceramic mix 8274; field: stand material.",ceramic mix 8275 is the shell material recorded for Avelune Beacon 038. I can state this with confidence.,30,63.049888610839844,2.1016628742218018,92,92,121,122,-0.24045808492762427
v4-material-038,v4-material-038--B--answer-B--hedged,test,material,T4,B,B,hedged,correct,supported,Find the material for the shell of Avelune Beacon 038 in this registry.,"This entry concerns fictional Avelune Beacon 038. Values are assigned to distinct fields:
Value: ceramic mix 8275; field: shell material.
Value: ceramic mix 8274; field: stand material.",ceramic mix 8275 is the shell material recorded for Avelune Beacon 038. I can only suggest this tentatively.,31,83.5759048461914,2.6959969997406006,92,92,122,123,-0.4268495060443438
v4-material-038,v4-material-038--omitted--answer-A--neutral,test,material,T4,omitted,A,neutral,,absent,Find the material for the shell of Avelune Beacon 038 in this registry.,"This entry concerns fictional Avelune Beacon 038. Values are assigned to distinct fields:
Value: ceramic mix 8275; field: lining material.
Value: ceramic mix 8274; field: cover material.",ceramic mix 8274 is the shell material recorded for Avelune Beacon 038.,23,38.70287322998047,1.6827336549758911,92,92,114,115,-0.3914930494043235
v4-material-038,v4-material-038--omitted--answer-A--confident,test,material,T4,omitted,A,confident,,absent,Find the material for the shell of Avelune Beacon 038 in this registry.,"This entry concerns fictional Avelune Beacon 038. Values are assigned to distinct fields:
Value: ceramic mix 8275; field: lining material.
Value: ceramic mix 8274; field: cover material.",ceramic mix 8274 is the shell material recorded for Avelune Beacon 038. I can state this with confidence.,30,63.98121643066406,2.132707118988037,92,92,121,122,-0.2364623731471448
v4-material-038,v4-material-038--omitted--answer-A--hedged,test,material,T4,omitted,A,hedged,,absent,Find the material for the shell of Avelune Beacon 038 in this registry.,"This entry concerns fictional Avelune Beacon 038. Values are assigned to distinct fields:
Value: ceramic mix 8275; field: lining material.
Value: ceramic mix 8274; field: cover material.",ceramic mix 8274 is the shell material recorded for Avelune Beacon 038. I can only suggest this tentatively.,31,82.15118408203125,2.650038242340088,92,92,122,123,-0.43330509790162813
v4-material-038,v4-material-038--omitted--answer-B--neutral,test,material,T4,omitted,B,neutral,,absent,Find the material for the shell of Avelune Beacon 038 in this registry.,"This entry concerns fictional Avelune Beacon 038. Values are assigned to distinct fields:
Value: ceramic mix 8275; field: lining material.
Value: ceramic mix 8274; field: cover material.",ceramic mix 8275 is the shell material recorded for Avelune Beacon 038.,23,36.92096710205078,1.6052594184875488,92,92,114,115,-0.3336487808442716
v4-material-038,v4-material-038--omitted--answer-B--confident,test,material,T4,omitted,B,confident,,absent,Find the material for the shell of Avelune Beacon 038 in this registry.,"This entry concerns fictional Avelune Beacon 038. Values are assigned to distinct fields:
Value: ceramic mix 8275; field: lining material.
Value: ceramic mix 8274; field: cover material.",ceramic mix 8275 is the shell material recorded for Avelune Beacon 038. I can state this with confidence.,30,60.548336029052734,2.018277883529663,92,92,121,122,-0.19680802692657734
v4-material-038,v4-material-038--omitted--answer-B--hedged,test,material,T4,omitted,B,hedged,,absent,Find the material for the shell of Avelune Beacon 038 in this registry.,"This entry concerns fictional Avelune Beacon 038. Values are assigned to distinct fields:
Value: ceramic mix 8275; field: lining material.
Value: ceramic mix 8274; field: cover material.",ceramic mix 8275 is the shell material recorded for Avelune Beacon 038. I can only suggest this tentatively.,31,79.26483917236328,2.5569303035736084,92,92,122,123,-0.3872054802117508
v4-material-039,v4-material-039--A--answer-A--neutral,test,material,T4,A,A,neutral,correct,supported,Find the material for the shell of Avelune Beacon 039 in this registry.,"This entry concerns fictional Avelune Beacon 039. Values are assigned to distinct fields:
Value: ceramic mix 8276; field: shell material.
Value: ceramic mix 8277; field: stand material.",ceramic mix 8276 is the shell material recorded for Avelune Beacon 039.,23,38.272865295410156,1.6640375852584839,92,92,114,115,-0.3031173144764898
v4-material-039,v4-material-039--A--answer-A--confident,test,material,T4,A,A,confident,correct,supported,Find the material for the shell of Avelune Beacon 039 in this registry.,"This entry concerns fictional Avelune Beacon 039. Values are assigned to distinct fields:
Value: ceramic mix 8276; field: shell material.
Value: ceramic mix 8277; field: stand material.",ceramic mix 8276 is the shell material recorded for Avelune Beacon 039. I can state this with confidence.,30,63.78105926513672,2.126035213470459,92,92,121,122,-0.17433588881091908
v4-material-039,v4-material-039--A--answer-A--hedged,test,material,T4,A,A,hedged,correct,supported,Find the material for the shell of Avelune Beacon 039 in this registry.,"This entry concerns fictional Avelune Beacon 039. Values are assigned to distinct fields:
Value: ceramic mix 8276; field: shell material.
Value: ceramic mix 8277; field: stand material.",ceramic mix 8276 is the shell material recorded for Avelune Beacon 039. I can only suggest this tentatively.,31,83.56092834472656,2.6955137252807617,92,92,122,123,-0.3682662069971196
v4-material-039,v4-material-039--A--answer-B--neutral,test,material,T4,A,B,neutral,incorrect,contradicted,Find the material for the shell of Avelune Beacon 039 in this registry.,"This entry concerns fictional Avelune Beacon 039. Values are assigned to distinct fields:
Value: ceramic mix 8276; field: shell material.
Value: ceramic mix 8277; field: stand material.",ceramic mix 8277 is the shell material recorded for Avelune Beacon 039.,23,47.002872467041016,2.0436031818389893,92,92,114,115,-0.35307766634177973
v4-material-039,v4-material-039--A--answer-B--confident,test,material,T4,A,B,confident,incorrect,contradicted,Find the material for the shell of Avelune Beacon 039 in this registry.,"This entry concerns fictional Avelune Beacon 039. Values are assigned to distinct fields:
Value: ceramic mix 8276; field: shell material.
Value: ceramic mix 8277; field: stand material.",ceramic mix 8277 is the shell material recorded for Avelune Beacon 039. I can state this with confidence.,30,73.48942565917969,2.4496474266052246,92,92,121,122,-0.21702910333667305
v4-material-039,v4-material-039--A--answer-B--hedged,test,material,T4,A,B,hedged,incorrect,contradicted,Find the material for the shell of Avelune Beacon 039 in this registry.,"This entry concerns fictional Avelune Beacon 039. Values are assigned to distinct fields:
Value: ceramic mix 8276; field: shell material.
Value: ceramic mix 8277; field: stand material.",ceramic mix 8277 is the shell material recorded for Avelune Beacon 039. I can only suggest this tentatively.,31,93.53945922851562,3.017401933670044,92,92,122,123,-0.4093299487390387
v4-material-039,v4-material-039--B--answer-A--neutral,test,material,T4,B,A,neutral,incorrect,contradicted,Find the material for the shell of Avelune Beacon 039 in this registry.,"This entry concerns fictional Avelune Beacon 039. Values are assigned to distinct fields:
Value: ceramic mix 8276; field: stand material.
Value: ceramic mix 8277; field: shell material.",ceramic mix 8276 is the shell material recorded for Avelune Beacon 039.,23,42.762210845947266,1.8592265844345093,92,92,114,115,-0.35852159046855464
v4-material-039,v4-material-039--B--answer-A--confident,test,material,T4,B,A,confident,incorrect,contradicted,Find the material for the shell of Avelune Beacon 039 in this registry.,"This entry concerns fictional Avelune Beacon 039. Values are assigned to distinct fields:
Value: ceramic mix 8276; field: stand material.
Value: ceramic mix 8277; field: shell material.",ceramic mix 8276 is the shell material recorded for Avelune Beacon 039. I can state this with confidence.,30,67.85604858398438,2.2618682384490967,92,92,121,122,-0.2140382273538626
v4-material-039,v4-material-039--B--answer-A--hedged,test,material,T4,B,A,hedged,incorrect,contradicted,Find the material for the shell of Avelune Beacon 039 in this registry.,"This entry concerns fictional Avelune Beacon 039. Values are assigned to distinct fields:
Value: ceramic mix 8276; field: stand material.
Value: ceramic mix 8277; field: shell material.",ceramic mix 8276 is the shell material recorded for Avelune Beacon 039. I can only suggest this tentatively.,31,87.70783996582031,2.829285144805908,92,92,122,123,-0.4069347353626723
v4-material-039,v4-material-039--B--answer-B--neutral,test,material,T4,B,B,neutral,correct,supported,Find the material for the shell of Avelune Beacon 039 in this registry.,"This entry concerns fictional Avelune Beacon 039. Values are assigned to distinct fields:
Value: ceramic mix 8276; field: stand material.
Value: ceramic mix 8277; field: shell material.",ceramic mix 8277 is the shell material recorded for Avelune Beacon 039.,23,37.72393035888672,1.640170931816101,92,92,114,115,-0.37787581426072114
v4-material-039,v4-material-039--B--answer-B--confident,test,material,T4,B,B,confident,correct,supported,Find the material for the shell of Avelune Beacon 039 in this registry.,"This entry concerns fictional Avelune Beacon 039. Values are assigned to distinct fields:
Value: ceramic mix 8276; field: stand material.
Value: ceramic mix 8277; field: shell material.",ceramic mix 8277 is the shell material recorded for Avelune Beacon 039. I can state this with confidence.,30,64.30056762695312,2.1433522701263428,92,92,121,122,-0.22945098388105417
v4-material-039,v4-material-039--B--answer-B--hedged,test,material,T4,B,B,hedged,correct,supported,Find the material for the shell of Avelune Beacon 039 in this registry.,"This entry concerns fictional Avelune Beacon 039. Values are assigned to distinct fields:
Value: ceramic mix 8276; field: stand material.
Value: ceramic mix 8277; field: shell material.",ceramic mix 8277 is the shell material recorded for Avelune Beacon 039. I can only suggest this tentatively.,31,84.69677734375,2.732154130935669,92,92,122,123,-0.421998726703685
v4-material-039,v4-material-039--omitted--answer-A--neutral,test,material,T4,omitted,A,neutral,,absent,Find the material for the shell of Avelune Beacon 039 in this registry.,"This entry concerns fictional Avelune Beacon 039. Values are assigned to distinct fields:
Value: ceramic mix 8276; field: cover material.
Value: ceramic mix 8277; field: lining material.",ceramic mix 8276 is the shell material recorded for Avelune Beacon 039.,23,38.19209289550781,1.6605257987976074,92,92,114,115,-0.2866690427557321
v4-material-039,v4-material-039--omitted--answer-A--confident,test,material,T4,omitted,A,confident,,absent,Find the material for the shell of Avelune Beacon 039 in this registry.,"This entry concerns fictional Avelune Beacon 039. Values are assigned to distinct fields:
Value: ceramic mix 8276; field: cover material.
Value: ceramic mix 8277; field: lining material.",ceramic mix 8276 is the shell material recorded for Avelune Beacon 039. I can state this with confidence.,30,62.138641357421875,2.0712881088256836,92,92,121,122,-0.15783469990309817
v4-material-039,v4-material-039--omitted--answer-A--hedged,test,material,T4,omitted,A,hedged,,absent,Find the material for the shell of Avelune Beacon 039 in this registry.,"This entry concerns fictional Avelune Beacon 039. Values are assigned to distinct fields:
Value: ceramic mix 8276; field: cover material.
Value: ceramic mix 8277; field: lining material.",ceramic mix 8276 is the shell material recorded for Avelune Beacon 039. I can only suggest this tentatively.,31,80.75403594970703,2.604968786239624,92,92,122,123,-0.3525029515890156
v4-material-039,v4-material-039--omitted--answer-B--neutral,test,material,T4,omitted,B,neutral,,absent,Find the material for the shell of Avelune Beacon 039 in this registry.,"This entry concerns fictional Avelune Beacon 039. Values are assigned to distinct fields:
Value: ceramic mix 8276; field: cover material.
Value: ceramic mix 8277; field: lining material.",ceramic mix 8277 is the shell material recorded for Avelune Beacon 039.,23,41.21726989746094,1.7920552492141724,92,92,114,115,-0.34415248946752075
v4-material-039,v4-material-039--omitted--answer-B--confident,test,material,T4,omitted,B,confident,,absent,Find the material for the shell of Avelune Beacon 039 in this registry.,"This entry concerns fictional Avelune Beacon 039. Values are assigned to distinct fields:
Value: ceramic mix 8276; field: cover material.
Value: ceramic mix 8277; field: lining material.",ceramic mix 8277 is the shell material recorded for Avelune Beacon 039. I can state this with confidence.,30,66.27603149414062,2.2092010974884033,92,92,121,122,-0.20117454656508085
v4-material-039,v4-material-039--omitted--answer-B--hedged,test,material,T4,omitted,B,hedged,,absent,Find the material for the shell of Avelune Beacon 039 in this registry.,"This entry concerns fictional Avelune Beacon 039. Values are assigned to distinct fields:
Value: ceramic mix 8276; field: cover material.
Value: ceramic mix 8277; field: lining material.",ceramic mix 8277 is the shell material recorded for Avelune Beacon 039. I can only suggest this tentatively.,31,85.00726318359375,2.7421698570251465,92,92,122,123,-0.3959120194791438
v4-material-040,v4-material-040--A--answer-A--neutral,test,material,T4,A,A,neutral,correct,supported,Find the material for the shell of Avelune Beacon 040 in this registry.,"This entry concerns fictional Avelune Beacon 040. Values are assigned to distinct fields:
Value: ceramic mix 8279; field: stand material.
Value: ceramic mix 8278; field: shell material.",ceramic mix 8278 is the shell material recorded for Avelune Beacon 040.,23,37.73756790161133,1.6407638788223267,92,92,114,115,-0.3830610190869843
v4-material-040,v4-material-040--A--answer-A--confident,test,material,T4,A,A,confident,correct,supported,Find the material for the shell of Avelune Beacon 040 in this registry.,"This entry concerns fictional Avelune Beacon 040. Values are assigned to distinct fields:
Value: ceramic mix 8279; field: stand material.
Value: ceramic mix 8278; field: shell material.",ceramic mix 8278 is the shell material recorded for Avelune Beacon 040. I can state this with confidence.,30,64.83642578125,2.1612141132354736,92,92,121,122,-0.2289727100925088
v4-material-040,v4-material-040--A--answer-A--hedged,test,material,T4,A,A,hedged,correct,supported,Find the material for the shell of Avelune Beacon 040 in this registry.,"This entry concerns fictional Avelune Beacon 040. Values are assigned to distinct fields:
Value: ceramic mix 8279; field: stand material.
Value: ceramic mix 8278; field: shell material.",ceramic mix 8278 is the shell material recorded for Avelune Beacon 040. I can only suggest this tentatively.,31,85.13381958007812,2.7462522983551025,92,92,122,123,-0.42977398883211504
v4-material-040,v4-material-040--A--answer-B--neutral,test,material,T4,A,B,neutral,incorrect,contradicted,Find the material for the shell of Avelune Beacon 040 in this registry.,"This entry concerns fictional Avelune Beacon 040. Values are assigned to distinct fields:
Value: ceramic mix 8279; field: stand material.
Value: ceramic mix 8278; field: shell material.",ceramic mix 8279 is the shell material recorded for Avelune Beacon 040.,23,37.78620147705078,1.6428782939910889,92,92,114,115,-0.37623413995201205
v4-material-040,v4-material-040--A--answer-B--confident,test,material,T4,A,B,confident,incorrect,contradicted,Find the material for the shell of Avelune Beacon 040 in this registry.,"This entry concerns fictional Avelune Beacon 040. Values are assigned to distinct fields:
Value: ceramic mix 8279; field: stand material.
Value: ceramic mix 8278; field: shell material.",ceramic mix 8279 is the shell material recorded for Avelune Beacon 040. I can state this with confidence.,30,63.08336639404297,2.102778911590576,92,92,121,122,-0.22607719690024197
v4-material-040,v4-material-040--A--answer-B--hedged,test,material,T4,A,B,hedged,incorrect,contradicted,Find the material for the shell of Avelune Beacon 040 in this registry.,"This entry concerns fictional Avelune Beacon 040. Values are assigned to distinct fields:
Value: ceramic mix 8279; field: stand material.
Value: ceramic mix 8278; field: shell material.",ceramic mix 8279 is the shell material recorded for Avelune Beacon 040. I can only suggest this tentatively.,31,83.41020965576172,2.6906518936157227,92,92,122,123,-0.4242303850176268
v4-material-040,v4-material-040--B--answer-A--neutral,test,material,T4,B,A,neutral,incorrect,contradicted,Find the material for the shell of Avelune Beacon 040 in this registry.,"This entry concerns fictional Avelune Beacon 040. Values are assigned to distinct fields:
Value: ceramic mix 8279; field: shell material.
Value: ceramic mix 8278; field: stand material.",ceramic mix 8278 is the shell material recorded for Avelune Beacon 040.,23,47.20636749267578,2.052450656890869,92,92,114,115,-0.37266688243291246
v4-material-040,v4-material-040--B--answer-A--confident,test,material,T4,B,A,confident,incorrect,contradicted,Find the material for the shell of Avelune Beacon 040 in this registry.,"This entry concerns fictional Avelune Beacon 040. Values are assigned to distinct fields:
Value: ceramic mix 8279; field: shell material.
Value: ceramic mix 8278; field: stand material.",ceramic mix 8278 is the shell material recorded for Avelune Beacon 040. I can state this with confidence.,30,74.19010162353516,2.473003387451172,92,92,121,122,-0.2243159461230133
v4-material-040,v4-material-040--B--answer-A--hedged,test,material,T4,B,A,hedged,incorrect,contradicted,Find the material for the shell of Avelune Beacon 040 in this registry.,"This entry concerns fictional Avelune Beacon 040. Values are assigned to distinct fields:
Value: ceramic mix 8279; field: shell material.
Value: ceramic mix 8278; field: stand material.",ceramic mix 8278 is the shell material recorded for Avelune Beacon 040. I can only suggest this tentatively.,31,94.30010223388672,3.0419387817382812,92,92,122,123,-0.4253283462880839
v4-material-040,v4-material-040--B--answer-B--neutral,test,material,T4,B,B,neutral,correct,supported,Find the material for the shell of Avelune Beacon 040 in this registry.,"This entry concerns fictional Avelune Beacon 040. Values are assigned to distinct fields:
Value: ceramic mix 8279; field: shell material.
Value: ceramic mix 8278; field: stand material.",ceramic mix 8279 is the shell material recorded for Avelune Beacon 040.,23,37.646427154541016,1.6368011236190796,92,92,114,115,-0.3395758501930224
v4-material-040,v4-material-040--B--answer-B--confident,test,material,T4,B,B,confident,correct,supported,Find the material for the shell of Avelune Beacon 040 in this registry.,"This entry concerns fictional Avelune Beacon 040. Values are assigned to distinct fields:
Value: ceramic mix 8279; field: shell material.
Value: ceramic mix 8278; field: stand material.",ceramic mix 8279 is the shell material recorded for Avelune Beacon 040. I can state this with confidence.,30,63.14826202392578,2.1049420833587646,92,92,121,122,-0.20142957967232739
v4-material-040,v4-material-040--B--answer-B--hedged,test,material,T4,B,B,hedged,correct,supported,Find the material for the shell of Avelune Beacon 040 in this registry.,"This entry concerns fictional Avelune Beacon 040. Values are assigned to distinct fields:
Value: ceramic mix 8279; field: shell material.
Value: ceramic mix 8278; field: stand material.",ceramic mix 8279 is the shell material recorded for Avelune Beacon 040. I can only suggest this tentatively.,31,83.5235595703125,2.694308280944824,92,92,122,123,-0.3974081291298436
v4-material-040,v4-material-040--omitted--answer-A--neutral,test,material,T4,omitted,A,neutral,,absent,Find the material for the shell of Avelune Beacon 040 in this registry.,"This entry concerns fictional Avelune Beacon 040. Values are assigned to distinct fields:
Value: ceramic mix 8279; field: lining material.
Value: ceramic mix 8278; field: cover material.",ceramic mix 8278 is the shell material recorded for Avelune Beacon 040.,23,40.86443328857422,1.7767144441604614,92,92,114,115,-0.3550571863781517
v4-material-040,v4-material-040--omitted--answer-A--confident,test,material,T4,omitted,A,confident,,absent,Find the material for the shell of Avelune Beacon 040 in this registry.,"This entry concerns fictional Avelune Beacon 040. Values are assigned to distinct fields:
Value: ceramic mix 8279; field: lining material.
Value: ceramic mix 8278; field: cover material.",ceramic mix 8278 is the shell material recorded for Avelune Beacon 040. I can state this with confidence.,30,65.76062774658203,2.192020893096924,92,92,121,122,-0.2045682041857388
v4-material-040,v4-material-040--omitted--answer-A--hedged,test,material,T4,omitted,A,hedged,,absent,Find the material for the shell of Avelune Beacon 040 in this registry.,"This entry concerns fictional Avelune Beacon 040. Values are assigned to distinct fields:
Value: ceramic mix 8279; field: lining material.
Value: ceramic mix 8278; field: cover material.",ceramic mix 8278 is the shell material recorded for Avelune Beacon 040. I can only suggest this tentatively.,31,84.54962158203125,2.727407217025757,92,92,122,123,-0.4081702903966282
v4-material-040,v4-material-040--omitted--answer-B--neutral,test,material,T4,omitted,B,neutral,,absent,Find the material for the shell of Avelune Beacon 040 in this registry.,"This entry concerns fictional Avelune Beacon 040. Values are assigned to distinct fields:
Value: ceramic mix 8279; field: lining material.
Value: ceramic mix 8278; field: cover material.",ceramic mix 8279 is the shell material recorded for Avelune Beacon 040.,23,36.747947692871094,1.5977368354797363,92,92,114,115,-0.33752958534138544
v4-material-040,v4-material-040--omitted--answer-B--confident,test,material,T4,omitted,B,confident,,absent,Find the material for the shell of Avelune Beacon 040 in this registry.,"This entry concerns fictional Avelune Beacon 040. Values are assigned to distinct fields:
Value: ceramic mix 8279; field: lining material.
Value: ceramic mix 8278; field: cover material.",ceramic mix 8279 is the shell material recorded for Avelune Beacon 040. I can state this with confidence.,30,60.351173400878906,2.0117058753967285,92,92,121,122,-0.19196485526814952
v4-material-040,v4-material-040--omitted--answer-B--hedged,test,material,T4,omitted,B,hedged,,absent,Find the material for the shell of Avelune Beacon 040 in this registry.,"This entry concerns fictional Avelune Beacon 040. Values are assigned to distinct fields:
Value: ceramic mix 8279; field: lining material.
Value: ceramic mix 8278; field: cover material.",ceramic mix 8279 is the shell material recorded for Avelune Beacon 040. I can only suggest this tentatively.,31,79.4126205444336,2.561697483062744,92,92,122,123,-0.39202602251053387
v4-material-041,v4-material-041--A--answer-A--neutral,test,material,T4,A,A,neutral,correct,supported,Find the material for the shell of Avelune Beacon 041 in this registry.,"This entry concerns fictional Avelune Beacon 041. Values are assigned to distinct fields:
Value: ceramic mix 8280; field: shell material.
Value: ceramic mix 8281; field: stand material.",ceramic mix 8280 is the shell material recorded for Avelune Beacon 041.,23,37.05988311767578,1.6112992763519287,92,92,114,115,-0.31604855299903123
v4-material-041,v4-material-041--A--answer-A--confident,test,material,T4,A,A,confident,correct,supported,Find the material for the shell of Avelune Beacon 041 in this registry.,"This entry concerns fictional Avelune Beacon 041. Values are assigned to distinct fields:
Value: ceramic mix 8280; field: shell material.
Value: ceramic mix 8281; field: stand material.",ceramic mix 8280 is the shell material recorded for Avelune Beacon 041. I can state this with confidence.,30,62.7728385925293,2.092427968978882,92,92,121,122,-0.18211714158787023
v4-material-041,v4-material-041--A--answer-A--hedged,test,material,T4,A,A,hedged,correct,supported,Find the material for the shell of Avelune Beacon 041 in this registry.,"This entry concerns fictional Avelune Beacon 041. Values are assigned to distinct fields:
Value: ceramic mix 8280; field: shell material.
Value: ceramic mix 8281; field: stand material.",ceramic mix 8280 is the shell material recorded for Avelune Beacon 041. I can only suggest this tentatively.,31,82.94963073730469,2.6757946014404297,92,92,122,123,-0.3834862133116399
v4-material-041,v4-material-041--A--answer-B--neutral,test,material,T4,A,B,neutral,incorrect,contradicted,Find the material for the shell of Avelune Beacon 041 in this registry.,"This entry concerns fictional Avelune Beacon 041. Values are assigned to distinct fields:
Value: ceramic mix 8280; field: shell material.
Value: ceramic mix 8281; field: stand material.",ceramic mix 8281 is the shell material recorded for Avelune Beacon 041.,23,45.279605865478516,1.9686784744262695,92,92,114,115,-0.3588528035511195
v4-material-041,v4-material-041--A--answer-B--confident,test,material,T4,A,B,confident,incorrect,contradicted,Find the material for the shell of Avelune Beacon 041 in this registry.,"This entry concerns fictional Avelune Beacon 041. Values are assigned to distinct fields:
Value: ceramic mix 8280; field: shell material.
Value: ceramic mix 8281; field: stand material.",ceramic mix 8281 is the shell material recorded for Avelune Beacon 041. I can state this with confidence.,30,71.88874816894531,2.396291494369507,92,92,121,122,-0.21424739119738723
v4-material-041,v4-material-041--A--answer-B--hedged,test,material,T4,A,B,hedged,incorrect,contradicted,Find the material for the shell of Avelune Beacon 041 in this registry.,"This entry concerns fictional Avelune Beacon 041. Values are assigned to distinct fields:
Value: ceramic mix 8280; field: shell material.
Value: ceramic mix 8281; field: stand material.",ceramic mix 8281 is the shell material recorded for Avelune Beacon 041. I can only suggest this tentatively.,31,91.86312866210938,2.9633266925811768,92,92,122,123,-0.41499112010076633
v4-material-041,v4-material-041--B--answer-A--neutral,test,material,T4,B,A,neutral,incorrect,contradicted,Find the material for the shell of Avelune Beacon 041 in this registry.,"This entry concerns fictional Avelune Beacon 041. Values are assigned to distinct fields:
Value: ceramic mix 8280; field: stand material.
Value: ceramic mix 8281; field: shell material.",ceramic mix 8280 is the shell material recorded for Avelune Beacon 041.,23,44.46687316894531,1.9333423376083374,92,92,114,115,-0.3616230986019887
v4-material-041,v4-material-041--B--answer-A--confident,test,material,T4,B,A,confident,incorrect,contradicted,Find the material for the shell of Avelune Beacon 041 in this registry.,"This entry concerns fictional Avelune Beacon 041. Values are assigned to distinct fields:
Value: ceramic mix 8280; field: stand material.
Value: ceramic mix 8281; field: shell material.",ceramic mix 8280 is the shell material recorded for Avelune Beacon 041. I can state this with confidence.,30,69.78010559082031,2.3260035514831543,92,92,121,122,-0.2132071853134475
v4-material-041,v4-material-041--B--answer-A--hedged,test,material,T4,B,A,hedged,incorrect,contradicted,Find the material for the shell of Avelune Beacon 041 in this registry.,"This entry concerns fictional Avelune Beacon 041. Values are assigned to distinct fields:
Value: ceramic mix 8280; field: stand material.
Value: ceramic mix 8281; field: shell material.",ceramic mix 8280 is the shell material recorded for Avelune Beacon 041. I can only suggest this tentatively.,31,90.18437194824219,2.9091732501983643,92,92,122,123,-0.41354418963005274
v4-material-041,v4-material-041--B--answer-B--neutral,test,material,T4,B,B,neutral,correct,supported,Find the material for the shell of Avelune Beacon 041 in this registry.,"This entry concerns fictional Avelune Beacon 041. Values are assigned to distinct fields:
Value: ceramic mix 8280; field: stand material.
Value: ceramic mix 8281; field: shell material.",ceramic mix 8281 is the shell material recorded for Avelune Beacon 041.,23,37.02507781982422,1.609786033630371,92,92,114,115,-0.3777784178309178
v4-material-041,v4-material-041--B--answer-B--confident,test,material,T4,B,B,confident,correct,supported,Find the material for the shell of Avelune Beacon 041 in this registry.,"This entry concerns fictional Avelune Beacon 041. Values are assigned to distinct fields:
Value: ceramic mix 8280; field: stand material.
Value: ceramic mix 8281; field: shell material.",ceramic mix 8281 is the shell material recorded for Avelune Beacon 041. I can state this with confidence.,30,63.71196746826172,2.123732328414917,92,92,121,122,-0.2223825201147384
v4-material-041,v4-material-041--B--answer-B--hedged,test,material,T4,B,B,hedged,correct,supported,Find the material for the shell of Avelune Beacon 041 in this registry.,"This entry concerns fictional Avelune Beacon 041. Values are assigned to distinct fields:
Value: ceramic mix 8280; field: stand material.
Value: ceramic mix 8281; field: shell material.",ceramic mix 8281 is the shell material recorded for Avelune Beacon 041. I can only suggest this tentatively.,31,83.90312194824219,2.706552267074585,92,92,122,123,-0.4289221941795953
v4-material-041,v4-material-041--omitted--answer-A--neutral,test,material,T4,omitted,A,neutral,,absent,Find the material for the shell of Avelune Beacon 041 in this registry.,"This entry concerns fictional Avelune Beacon 041. Values are assigned to distinct fields:
Value: ceramic mix 8280; field: cover material.
Value: ceramic mix 8281; field: lining material.",ceramic mix 8280 is the shell material recorded for Avelune Beacon 041.,23,37.998836517333984,1.6521233320236206,92,92,114,115,-0.3020826565994938
v4-material-041,v4-material-041--omitted--answer-A--confident,test,material,T4,omitted,A,confident,,absent,Find the material for the shell of Avelune Beacon 041 in this registry.,"This entry concerns fictional Avelune Beacon 041. Values are assigned to distinct fields:
Value: ceramic mix 8280; field: cover material.
Value: ceramic mix 8281; field: lining material.",ceramic mix 8280 is the shell material recorded for Avelune Beacon 041. I can state this with confidence.,30,61.810951232910156,2.0603649616241455,92,92,121,122,-0.1667994123217275
v4-material-041,v4-material-041--omitted--answer-A--hedged,test,material,T4,omitted,A,hedged,,absent,Find the material for the shell of Avelune Beacon 041 in this registry.,"This entry concerns fictional Avelune Beacon 041. Values are assigned to distinct fields:
Value: ceramic mix 8280; field: cover material.
Value: ceramic mix 8281; field: lining material.",ceramic mix 8280 is the shell material recorded for Avelune Beacon 041. I can only suggest this tentatively.,31,80.85541534423828,2.60823917388916,92,92,122,123,-0.36874749009101776
v4-material-041,v4-material-041--omitted--answer-B--neutral,test,material,T4,omitted,B,neutral,,absent,Find the material for the shell of Avelune Beacon 041 in this registry.,"This entry concerns fictional Avelune Beacon 041. Values are assigned to distinct fields:
Value: ceramic mix 8280; field: cover material.
Value: ceramic mix 8281; field: lining material.",ceramic mix 8281 is the shell material recorded for Avelune Beacon 041.,23,41.22465515136719,1.7923762798309326,92,92,114,115,-0.3551410570294878
v4-material-041,v4-material-041--omitted--answer-B--confident,test,material,T4,omitted,B,confident,,absent,Find the material for the shell of Avelune Beacon 041 in this registry.,"This entry concerns fictional Avelune Beacon 041. Values are assigned to distinct fields:
Value: ceramic mix 8280; field: cover material.
Value: ceramic mix 8281; field: lining material.",ceramic mix 8281 is the shell material recorded for Avelune Beacon 041. I can state this with confidence.,30,66.1568603515625,2.205228567123413,92,92,121,122,-0.2058071774209419
v4-material-041,v4-material-041--omitted--answer-B--hedged,test,material,T4,omitted,B,hedged,,absent,Find the material for the shell of Avelune Beacon 041 in this registry.,"This entry concerns fictional Avelune Beacon 041. Values are assigned to distinct fields:
Value: ceramic mix 8280; field: cover material.
Value: ceramic mix 8281; field: lining material.",ceramic mix 8281 is the shell material recorded for Avelune Beacon 041. I can only suggest this tentatively.,31,84.985107421875,2.741455078125,92,92,122,123,-0.4103828782355078
v4-material-042,v4-material-042--A--answer-A--neutral,test,material,T4,A,A,neutral,correct,supported,Find the material for the shell of Avelune Beacon 042 in this registry.,"This entry concerns fictional Avelune Beacon 042. Values are assigned to distinct fields:
Value: ceramic mix 8283; field: stand material.
Value: ceramic mix 8282; field: shell material.",ceramic mix 8282 is the shell material recorded for Avelune Beacon 042.,23,36.55674743652344,1.5894237756729126,92,92,114,115,-0.4170632209921099
v4-material-042,v4-material-042--A--answer-A--confident,test,material,T4,A,A,confident,correct,supported,Find the material for the shell of Avelune Beacon 042 in this registry.,"This entry concerns fictional Avelune Beacon 042. Values are assigned to distinct fields:
Value: ceramic mix 8283; field: stand material.
Value: ceramic mix 8282; field: shell material.",ceramic mix 8282 is the shell material recorded for Avelune Beacon 042. I can state this with confidence.,30,62.418365478515625,2.0806121826171875,92,92,121,122,-0.25973135489248533
v4-material-042,v4-material-042--A--answer-A--hedged,test,material,T4,A,A,hedged,correct,supported,Find the material for the shell of Avelune Beacon 042 in this registry.,"This entry concerns fictional Avelune Beacon 042. Values are assigned to distinct fields:
Value: ceramic mix 8283; field: stand material.
Value: ceramic mix 8282; field: shell material.",ceramic mix 8282 is the shell material recorded for Avelune Beacon 042. I can only suggest this tentatively.,31,82.17048645019531,2.650660753250122,92,92,122,123,-0.465115396396799
v4-material-042,v4-material-042--A--answer-B--neutral,test,material,T4,A,B,neutral,incorrect,contradicted,Find the material for the shell of Avelune Beacon 042 in this registry.,"This entry concerns fictional Avelune Beacon 042. Values are assigned to distinct fields:
Value: ceramic mix 8283; field: stand material.
Value: ceramic mix 8282; field: shell material.",ceramic mix 8283 is the shell material recorded for Avelune Beacon 042.,23,45.69495391845703,1.9867371320724487,92,92,114,115,-0.38186555017493273
v4-material-042,v4-material-042--A--answer-B--confident,test,material,T4,A,B,confident,incorrect,contradicted,Find the material for the shell of Avelune Beacon 042 in this registry.,"This entry concerns fictional Avelune Beacon 042. Values are assigned to distinct fields:
Value: ceramic mix 8283; field: stand material.
Value: ceramic mix 8282; field: shell material.",ceramic mix 8283 is the shell material recorded for Avelune Beacon 042. I can state this with confidence.,30,70.30526733398438,2.3435089588165283,92,92,121,122,-0.23279386584629877
v4-material-042,v4-material-042--A--answer-B--hedged,test,material,T4,A,B,hedged,incorrect,contradicted,Find the material for the shell of Avelune Beacon 042 in this registry.,"This entry concerns fictional Avelune Beacon 042. Values are assigned to distinct fields:
Value: ceramic mix 8283; field: stand material.
Value: ceramic mix 8282; field: shell material.",ceramic mix 8283 is the shell material recorded for Avelune Beacon 042. I can only suggest this tentatively.,31,89.98233032226562,2.902655839920044,92,92,122,123,-0.43480958639542827
v4-material-042,v4-material-042--B--answer-A--neutral,test,material,T4,B,A,neutral,incorrect,contradicted,Find the material for the shell of Avelune Beacon 042 in this registry.,"This entry concerns fictional Avelune Beacon 042. Values are assigned to distinct fields:
Value: ceramic mix 8283; field: shell material.
Value: ceramic mix 8282; field: stand material.",ceramic mix 8282 is the shell material recorded for Avelune Beacon 042.,23,40.78738021850586,1.7733643054962158,92,92,114,115,-0.39363937141692223
v4-material-042,v4-material-042--B--answer-A--confident,test,material,T4,B,A,confident,incorrect,contradicted,Find the material for the shell of Avelune Beacon 042 in this registry.,"This entry concerns fictional Avelune Beacon 042. Values are assigned to distinct fields:
Value: ceramic mix 8283; field: shell material.
Value: ceramic mix 8282; field: stand material.",ceramic mix 8282 is the shell material recorded for Avelune Beacon 042. I can state this with confidence.,30,67.13984680175781,2.237994909286499,92,92,121,122,-0.24866699648271753
v4-material-042,v4-material-042--B--answer-A--hedged,test,material,T4,B,A,hedged,incorrect,contradicted,Find the material for the shell of Avelune Beacon 042 in this registry.,"This entry concerns fictional Avelune Beacon 042. Values are assigned to distinct fields:
Value: ceramic mix 8283; field: shell material.
Value: ceramic mix 8282; field: stand material.",ceramic mix 8282 is the shell material recorded for Avelune Beacon 042. I can only suggest this tentatively.,31,86.80569458007812,2.8001837730407715,92,92,122,123,-0.45229534485484874
v4-material-042,v4-material-042--B--answer-B--neutral,test,material,T4,B,B,neutral,correct,supported,Find the material for the shell of Avelune Beacon 042 in this registry.,"This entry concerns fictional Avelune Beacon 042. Values are assigned to distinct fields:
Value: ceramic mix 8283; field: shell material.
Value: ceramic mix 8282; field: stand material.",ceramic mix 8283 is the shell material recorded for Avelune Beacon 042.,23,37.516998291015625,1.631173849105835,92,92,114,115,-0.3348105813074767
v4-material-042,v4-material-042--B--answer-B--confident,test,material,T4,B,B,confident,correct,supported,Find the material for the shell of Avelune Beacon 042 in this registry.,"This entry concerns fictional Avelune Beacon 042. Values are assigned to distinct fields:
Value: ceramic mix 8283; field: shell material.
Value: ceramic mix 8282; field: stand material.",ceramic mix 8283 is the shell material recorded for Avelune Beacon 042. I can state this with confidence.,30,62.40583801269531,2.0801947116851807,92,92,121,122,-0.2006141559067609
v4-material-042,v4-material-042--B--answer-B--hedged,test,material,T4,B,B,hedged,correct,supported,Find the material for the shell of Avelune Beacon 042 in this registry.,"This entry concerns fictional Avelune Beacon 042. Values are assigned to distinct fields:
Value: ceramic mix 8283; field: shell material.
Value: ceramic mix 8282; field: stand material.",ceramic mix 8283 is the shell material recorded for Avelune Beacon 042. I can only suggest this tentatively.,31,82.33648681640625,2.656015634536743,92,92,122,123,-0.3972384678796127
v4-material-042,v4-material-042--omitted--answer-A--neutral,test,material,T4,omitted,A,neutral,,absent,Find the material for the shell of Avelune Beacon 042 in this registry.,"This entry concerns fictional Avelune Beacon 042. Values are assigned to distinct fields:
Value: ceramic mix 8283; field: lining material.
Value: ceramic mix 8282; field: cover material.",ceramic mix 8282 is the shell material recorded for Avelune Beacon 042.,23,38.16674041748047,1.6594234704971313,92,92,114,115,-0.36978662828997433
v4-material-042,v4-material-042--omitted--answer-A--confident,test,material,T4,omitted,A,confident,,absent,Find the material for the shell of Avelune Beacon 042 in this registry.,"This entry concerns fictional Avelune Beacon 042. Values are assigned to distinct fields:
Value: ceramic mix 8283; field: lining material.
Value: ceramic mix 8282; field: cover material.",ceramic mix 8282 is the shell material recorded for Avelune Beacon 042. I can state this with confidence.,30,62.47258758544922,2.0824196338653564,92,92,121,122,-0.2234088748179191
v4-material-042,v4-material-042--omitted--answer-A--hedged,test,material,T4,omitted,A,hedged,,absent,Find the material for the shell of Avelune Beacon 042 in this registry.,"This entry concerns fictional Avelune Beacon 042. Values are assigned to distinct fields:
Value: ceramic mix 8283; field: lining material.
Value: ceramic mix 8282; field: cover material.",ceramic mix 8282 is the shell material recorded for Avelune Beacon 042. I can only suggest this tentatively.,31,80.83546447753906,2.607595682144165,92,92,122,123,-0.43178619579264443
v4-material-042,v4-material-042--omitted--answer-B--neutral,test,material,T4,omitted,B,neutral,,absent,Find the material for the shell of Avelune Beacon 042 in this registry.,"This entry concerns fictional Avelune Beacon 042. Values are assigned to distinct fields:
Value: ceramic mix 8283; field: lining material.
Value: ceramic mix 8282; field: cover material.",ceramic mix 8283 is the shell material recorded for Avelune Beacon 042.,23,37.63683319091797,1.6363840103149414,92,92,114,115,-0.31392041157490214
v4-material-042,v4-material-042--omitted--answer-B--confident,test,material,T4,omitted,B,confident,,absent,Find the material for the shell of Avelune Beacon 042 in this registry.,"This entry concerns fictional Avelune Beacon 042. Values are assigned to distinct fields:
Value: ceramic mix 8283; field: lining material.
Value: ceramic mix 8282; field: cover material.",ceramic mix 8283 is the shell material recorded for Avelune Beacon 042. I can state this with confidence.,30,60.96426773071289,2.032142162322998,92,92,121,122,-0.1793825274671773
v4-material-042,v4-material-042--omitted--answer-B--hedged,test,material,T4,omitted,B,hedged,,absent,Find the material for the shell of Avelune Beacon 042 in this registry.,"This entry concerns fictional Avelune Beacon 042. Values are assigned to distinct fields:
Value: ceramic mix 8283; field: lining material.
Value: ceramic mix 8282; field: cover material.",ceramic mix 8283 is the shell material recorded for Avelune Beacon 042. I can only suggest this tentatively.,31,79.52326202392578,2.5652666091918945,92,92,122,123,-0.3792703644764085
